{"type":"FeatureCollection","features":[{"type":"Feature","properties":{"title":"แยกพัฒนาการ (ถนนพัฒนาการ - ถนนศรีนครินทร์)","info":["ปี: 2566","เขต: สวนหลวง","สาเหตุ: 1) อุบัติเหตุจากการวิ่งตัด Lane จราจร 2) ความสว่างบริเวณใต้สะพาน มีปริมาณที่น้อย 3) อุปกรณ์ความปลอดภัย เป็นรูปแบบชั่วคราว","แนวทางแก้ไข: 1) ติดตั้งกรวย หรือ Plastic barrier ชั่วคราวเพื่อป้องกันการเกิดอุบัติเหตุจากการวิ่งตัด Lane จราจร 2) ตรวจสอบความสว่างบริเวณใต้สะพาน เนื่องจากอยู่ระหว่างการก่อสร้างรถไฟฟ้าสายสีเหลืองเส้นจราจร/ป้าย อาจเกิดการชำรุดจากการก่อสร้าง เพราะฉะนั้นความสว่างในช่วงกลางคืนจึงจำเป็นต้องมีเพียงพอต่อการจราจร 3) เนื่องจากอยู่ในการก่อสร้างรถไฟฟ้าสายสีส้ม การติดตั้งอุปกรณ์ความปลอดภัยจึงอยู่ในรูปแบบชั่วคราว"],"district":"สวนหลวง"},"geometry":{"type":"Point","coordinates":[100.64114,13.73524]}},{"type":"Feature","properties":{"title":"ถนนประชาธิปก (ใกล้วงเวียนใหญ่)","info":["ปี: 2566","เขต: คลองสาน","สาเหตุ: 1) แสงสว่างจากป้ายโฆษณามีการรบกวนทัศนวิสัยการขับขี่ของผู้ขับขี่ 2) การฝ่าฝืนเครื่องหมายจราจรบนพื้นทางและขอบทาง เช่น การจอดในที่ห้ามจอด 3) การใช้ความเร็วไม่เหมาะสมกับสภาพข้างทางในเขตเมืองและเขตชุมชน 4) ระยะความกว้างของช่องจราจรจากวงเวียนเข้าสู่ถนนประชาธิปกแคบลง เสี่ยงให้เกิดการเฉี่ยวชน","แนวทางแก้ไข: 1) ประสานงานกับเจ้าหน้าที่ตำรวจจราจรในพื้นที่กวดขันวินัยจราจรกับผู้ฝ่าฝืน 2) ปรับความสว่างของป้ายโฆษณา เพื่อลดการรบกวนผู้ขับขี่ 3) ติดตั้งป้ายเตือนจำกัดความเร็ว 4) ปรับสัญญาณไฟจราจรแบบโครงข่ายทางแยกต่อเนื่อง เพื่อลดปัญหาการจราจรติดขัดสะสม"],"district":"ธนบุรี"},"geometry":{"type":"Point","coordinates":[100.49302,13.72695]}},{"type":"Feature","properties":{"title":"แยกวงศ์สว่าง (ถนนวงศ์สว่าง ตัดถนนกรุงเทพ-นนทบุรี)","info":["ปี: 2566","เขต: บางซื่อ","สาเหตุ: บริเวณทางแยก พบว่า Intersection sight distance, ISD ถูกบดบังจากเสาไฟฟ้า ป้อมจราจร ป้ายโฆษณา ทำให้รถที่จะเลี้ยวซ้ายมองไม่เห็นคนข้ามถนนบนทางข้ามที่อยู่บริเวณแยก ถึงแม้ว่าตามทางแยกจะติดป้าย “หยุดให้ทางก่อนผ่าน”และ “เลี้ยวซ้ายผ่านตลอด” แต่มีขนาดเล็กผู้ขับขี่อาจไม่ทันสังเกต เพราะธรรมชาติผู้ชับขี่เมื่อจะเลี้ยวซ้ายจะมองรถทางขวาเป็นหลัก","แนวทางแก้ไข: 1) ติดตั้งป้ายเตือน “เลี้ยวซ้ายระวังทางข้าม” เพิ่มเติม โดยให้มีขนาดที่ผู้ขับขี่มองเห็นได้ชัดเจนก่อนเลี้ยวซ้าย"],"district":"บางซื่อ"},"geometry":{"type":"Point","coordinates":[100.52834,13.82847]}},{"type":"Feature","properties":{"title":"แยกมไหสวรรค์ (ถนนพระรามที่ 3 ตัดถนนสมเด็จพระเจ้าตากสิน)","info":["ปี: 2566","เขต: ธนบุรี","สาเหตุ: 1) มีการฝ่าฝืนเครื่องหมายจราจรบนพื้นทาง โดยรถจักรยานยนต์มักจะเข้าไปจอดหลบแดดบริเวณทางแยก ทำให้รถที่วิ่งมาจากฝั่งตรงข้ามมีโอกาสเฉี่ยวชนได้ 2) บริเวณทางแยกมีแสงสว่างไม่เพียงพอ ทำให้ทัศนวิสัยของผู้ขับขี่ลดลง","แนวทางแก้ไข: 1) ตีช่องจอดรถจักรยานยนต์ฝั่งถนนสมเด็จพระเจ้าตากสิน 2) ปรับปรุงระบบไฟส่องสว่างในพื้นที่ทางแยก 3) ตีเส้นแนวช่องเดินรถผ่านทางแยก เพื่อให้ผู้ขับขี่ไม่สับสนระหว่างช่องเดินรถ"],"district":"ธนบุรี"},"geometry":{"type":"Point","coordinates":[100.48554,13.70466]}},{"type":"Feature","properties":{"title":"ถนนเจริญนคร บริเวณซอย 39 - 47","info":["ปี: 2566","เขต: คลองสาน","สาเหตุ: คาดว่ามีรถจอดชิดขอบทางบริเวณจุดห้ามจอด (เส้นขาว-แดง) ทำให้บดบังทัศนวิสัยและการมองเห็นของรถทางหลักไม่เห็นรถออกเลี้ยวออกจากซอย รวมทั้งรถที่ออกจากซอย เลี้ยวตัดกระแสรถจากทางตรง","แนวทางแก้ไข: 1) ประสาน สน.ท้องที่ บังคับใช้กฎหมาย กวดขันการจอดรถชิดขอบทางในจุดห้ามจอด 2) ปรับปรุงเส้นจราจร และเกาะสีสมมุติ บนพื้นทาง 3) ติดตั้งหมุดสะท้อนแสง (Road Stud) ใหม่ หรือเทปเส้นจราจรสะท้อนแสง ตามแนวเกาะสีสมมุติ ถ.เจริญนคร"],"district":"คลองสาน"},"geometry":{"type":"Point","coordinates":[100.4995,13.71127]}},{"type":"Feature","properties":{"title":"สะพานสมเด็จพระเจ้าตากสิน","info":["ปี: 2566","เขต: คลองสาน","สาเหตุ: 1) คาดว่าไหล่ทางแคบ ทำให้รถจักรยานยนต์ออกมาวิ่งร่วมกับรถยนต์ และเบี่ยงตัดช่องจราจรไป-มา 2) คาดว่ารถยนต์เบียดเบี่ยงตัดเข้าช่องจราจรกระทันหัน จนเกิดการเฉี่ยวชนกัน 3) กายภาพของถนนมีลักษณะเป็นทางตรงยาว อาจทำให้ผู้ขับขี่ใช้ความเร็วเกินกำหนด 4) บริเวณพื้นที่ข้างทางมีป้ายโฆษณาและอาคารริมน้ำเป็นจุดดึงดูดสายตาผู้ขับขี่ อาจทำให้ขาดสมาธิในการขับรถ","แนวทางแก้ไข: 1) ปรับปรุงเส้นจราจรบนพื้นทางให้มีความชัดเจน 2) เพิ่มเครื่องหมายเตือนบนพื้นทาง อาทิเช่น เส้นชะลอความเร็ว (RUMBLE STRIPS) 3) ติดตั้งป้ายจำกัดความเร็ว ป้ายเตือนแนวโค้ง (CHEVRON) ชนิดพลังงานแสงอาทิตย์ เพื่อทัศนวิสัยในการมองเห็นทางโค้งและเตือนผู้ขับขี่ให้มองเห็นแนวโค้งจากระยะไกล"],"district":"สาทร"},"geometry":{"type":"Point","coordinates":[100.517,13.71798]}},{"type":"Feature","properties":{"title":"แยกท่าพระ (ถนนรัชดาภิเษก ตัดถนนจรัญสนิทวงศ์ ตัดถนนเพชรเกษม)","info":["ปี: 2566","เขต: บางกอกใหญ่","สาเหตุ: 1) จักรยานยนต์มีการฝ่าฝืนจราจร (จอดทับเส้นทางม้าลาย, จอดล้ำเข้ามาในบริเวณแยก) 2) รถที่ลงอุโมงค์มีการใช้ความเร็วที่เกิดกำหนดและถนนลื่นเมื่อฝนตก 3) แสงสว่างบริเวณแยกไม่เพียงพอ อาจเป็นสาเหตุให้ทัศนวิสัยในการขับขี่ลดลง 4) ผู้ขับขี่มีการฝ่าฝืนสัญญาณไฟจราจร 5) ไม่มีป้ายเตือนทางข้ามบริเวณทางม้าลายที่ตรงกับช่องจราจรซ้ายสุด อาจทำให้ผู้ใช้รถไม่ทันระวัง","แนวทางแก้ไข: 1) ประสานงานกับเจ้าหน้าที่ตำรวจกวดขันวินัยจราจร 2) ติดตั้งป้ายเตือนจำกัดความเร็วในบริเวณอุโมงค์ 3) ติดตั้งอุปกรณ์อำนวยความปลอดภัยภายในอุโมงค์ เช่น หมุดสะท้อนแสง, การฉาบสีกันลื่นพื้นผิวทาง 4) ปรับปรุงแสงสว่างภายในบริเวณแยกและภายในอุโมงค์ 5) ติดตั้งป้ายเตือนทางข้าม"],"district":"บางกอกใหญ่"},"geometry":{"type":"Point","coordinates":[100.47446,13.72924]}},{"type":"Feature","properties":{"title":"แยกถนนสมเด็จพระเจ้าตากสิน ตัดถนนราชพฤกษ์","info":["ปี: 2566","เขต: ธนบุรี","สาเหตุ: 1) กายภาพของแยกเป็นแยกที่มีขนาดใหญ่ มีการใช้ความเร็วในการแล่นผ่านแยก 2) จักรยานยนต์ลักลอบกลับรถในช่องทางม้าลาย 3) ปัญหารถฝ่าฝืนสัญญาณไฟจราจร 4) ปัญหารถจอดริมทาง ทำให้รถที่มาจากแยกต้องเบี่ยงขวาเพื่อหลบรถที่จอด","แนวทางแก้ไข: 1) ประสานงานกับเจ้าหน้าที่ตำรวจจราจรเพื่อกวดขันวินัยจราจร และควบคุมไม่ให้รถจอดริมถนน 2) ติดตั้งป้ายเตือนจำกัดความเร็วเพื่อความปลอดภัยและความเหมาะสมกับยานพาหนะ 3) ตีเส้นทางม้าลายสีแดง เพื่อให้ผู้ขับขี่สามารถมองเห็นทางข้ามได้ชัดเจนขึ้น"],"district":"ธนบุรี"},"geometry":{"type":"Point","coordinates":[100.49122,13.72061]}},{"type":"Feature","properties":{"title":"แยกประชาธรรม (รามคำแหง 39) ถนนประดิษฐ์มนูธรรม","info":["ปี: 2566","เขต: วังทองหลาง","สาเหตุ: 1) แยกดังกล่าวมีการจัดการจราจรโดยห้ามรถที่มาจากถนนประชาอุทิศ เลี้ยวขวามุ่งไปแยกพระราม 9 และในฝั่งตรงข้ามบางช่วงเวลา (มีการจัดการจราจรโดยใช้กรวยจราจร) ห้ามรถที่มาจากซอยรามคำแหง 39 เลี้ยวขวาหรือตรงไป ถ.ประชาอุทิศ (มีการจัดการจราจรโดยใช้แบบริเออร์คอนกรีต) 2) อุบัติเหตุมักเกิดขึ้นจากการฝ่าฝืนการจัดการจราจรดังกล่าว โดยเฉพาะรถจักรยานยนต์ที่มักฝ่าฝืนเลี้ยวขวาจาก ถ.ประชาอุทิศ , ซ.รามคำแหง 39 เลี้ยวขวาตัดกระแสจราจรกับรถที่มาจากถนนประดิษฐ์มนูธรรมซึ่งเป็นทิศทางหลัก จึงทำให้เสี่ยงต่อการเกิดอุบัติเหตุ","แนวทางแก้ไข: ประสานตำรวจจราจรเพื่อกวดขันวินัยจราจร"],"district":"วังทองหลาง"},"geometry":{"type":"Point","coordinates":[100.60199,13.76705]}},{"type":"Feature","properties":{"title":"ถนนรัชดาภิเษก (บริเวณซอยรัชดาภิเษก 32 หน้าศาลอาญา)","info":["ปี: 2566","เขต: จตุจักร","สาเหตุ: 1) ทางโค้งรัชดา มีลักษณะเป็นโค้งหลังหัก (broken back curve) คือ เป็นทางโค้งที่มีสองโค้งและเชื่อมด้วยเส้นตรงทำให้ผู้ขับขี่เมื่อเข้าโค้งแรกแล้วไม่ทราบว่าจะเจออีกทางโค้ง จึงไม่ได้เตรียมบังคับรถให้เข้าทางโค้งที่สอง 2) ถนนไม่มีการยกโค้ง (SUPERELEVATION) เพื่อป้องกันการลื่นไถลของแรงหนีศูนย์กลางของรถในขณะเข้าโค้ง 3) คราบสกปรกต่าง ๆ ที่เคลือบผิวจราจร ทำให้เกิดชั้นแผ่นฟิล์มบางๆระหว่างผิวยางล้อรถกับผิวจราจร เมื่อถนนเปียกจะทำให้แรงเสียดทานระหว่างผิวยางกับผิวจราจรลดลง ทำให้เกิดการลื่นไถล 4) การใช้ความเร็ว/ความประมาทของผู้ขับขี่ มีสถานบันเทิงจำนวนมากโดยรอบ ผู้ขับขี่ที่มีแอล์กอฮอล์เกินกว่าที่กฎหมายกำหนดจะมีประสิทธิภาพในการขับขี่และการตัดสินใจที่ลดลง 5) สาธารณูปโภค เช่น เสาไฟฟ้าที่อยู่ติดกับขอบทางเท้า ทำให้การทำงานของราวป้องกันอันตราย (Guard Rail) ไม่มีระยะโก่งตัวที่เพียงพอเมื่อถูกชน ทำให้ประสิทธิภาพในการป้องกันอันตรายลดลง","แนวทางแก้ไข: ข้อ 1 และ 2 ต้องมีการศึกษาหาวิธีการแก้ไขกายภาพและความเหมาะสมในการยกโค้ง เนื่องจากต้องพิจารณาปัจจัยอื่นประกอบด้วย เช่น การระบายน้ำเมื่อมีการโยกโค้ง รวมถึงงบประมาณในการดำเนินการ (สนย.) 3) จัดให้มีการฉีดล้างทำความสะอาดผิวทางขจัดคราบยางสะสมบนผิวถนนและเพิ่มความเสียดทาน โดยใช้ระบบฉีดน้ำด้วยแรงดันสูงพิเศษ (Ultra-High Water Pressure) 4) การกวดขันวินัยจราจร เช่น การตั้งด่านตรวจวัดแอลกอฮอล์ การตรวจจับความเร็ว (สน.พหลโยธิน) 5) ประสาน กฟน. รื้อย้ายเสาไฟฟ้า/นำเสาไฟฟ้าลงดิน (สจส. ดำเนินการแล้ว) 6) จัดทำเครื่องหมายจราจรและติดตั้งอุปกรณ์ความปลอดภัยเพื่อเพิ่มความปลอดภัยในการขับขี่"],"district":"จตุจักร"},"geometry":{"type":"Point","coordinates":[100.57538,13.81597]}},{"type":"Feature","properties":{"title":"แยกอโศกมนตรี (ถนนสุขุมวิท ตัดถนนอโศกมนตรี)","info":["ปี: 2566","เขต: คลองเตย","สาเหตุ: 1) รถทางขวา ซ้าย มีการวิ่งตัดกัน 2) มีการกลับรถที่ตัดกระแสจราจร 3) รถวิ่งข้าม Lane","แนวทางแก้ไข: 1) ติดตั้งป้ายระวังรถทางขวา - ซ้าย 2) ติดตั้งหลักล้มลุกพร้อม Lane Block เพื่อป้องกันการกลับรถ 3) ติดตั้งหมุดสะท้อนแสงหรือเทปสะท้อนแสง (Reflective sheeting) และ หลักล้มลุก เพื่อป้องกันรถวิ่งข้าม Lane"],"district":"คลองเตย"},"geometry":{"type":"Point","coordinates":[100.56129,13.73639]}},{"type":"Feature","properties":{"title":"สะพานข้ามแยกรัชดา-ลาดพร้าว","info":["ปี: 2566","เขต: จตุจักร","สาเหตุ: 1) บริเวณดังกล่าวอยู่ระหว่างโครงการก่อสร้างรถไฟฟ้า บางช่วงมีการบีบช่องจราจร ทำให้เกิดการเฉี่ยวชนกันทั้งบนสะพานและทางแยก 2) สะพานข้ามแยกรัชดา-ลาดพร้าว มีข้อบังคับเจ้าพนักงานจราจรห้ามรถจักยานยนต์ขึ้นสะพานดังกล่าว แต่มักมีรถจักรยานยนต์ฝ่าฝืน จึงทำให้เกิดอุบัติเหตุ","แนวทางแก้ไข: ประสานตำรวจจราจรเพื่อกวดขันวินัยจราจร"],"district":"จตุจักร"},"geometry":{"type":"Point","coordinates":[100.57493,13.8054]}},{"type":"Feature","properties":{"title":"ถนนเพชรเกษม บริเวณเพชรเกษม ซอย 68 ถึงเพชรเกษม ซอย 74","info":["ปี: 2566","เขต: บางแค","สาเหตุ: 1) คาดว่ารถที่ออกจากซอยเพชรเกษม 70 พุ่งตรงไปจุดกลับรถเพื่อเลี้ยวขวา ทำให้เกิดการตัดกระแสรถทางตรงที่ขับมาด้วยความเร็ว","แนวทางแก้ไข: 1) ปิดจุดกลับรถ โดยให้รถที่ออกจากซอยเพชรเกษม 70 เลี้ยวซ้ายไปกลับรถที่สามแยกบางแค ซึ่งเป็นจุดที่เจ้าพนักงานจราจรอนุญาตให้กลับรถได้ ห่างจากจุดเดิมประมาณ 500 ม."],"district":"บางแค"},"geometry":{"type":"Point","coordinates":[100.41536,13.71145]}},{"type":"Feature","properties":{"title":"แยกเกษมราษฎร์ (ถนนพระราม 4 ตัดถนนเกษมราษฎร์) ใกล้โลตัสพระราม 4","info":["ปี: 2566","เขต: คลองเตย","สาเหตุ: 1) มีการฝ่าฝืนวินัยจราจรในจุดที่มีป้ายห้าม 2) รถที่ออกจากซอย และทางตรง ตัดกระแสจราจรกัน 3) รถวิ่งเร็วเกินกำหนด 4) รถเปลี่ยนทิศทางจราจรกระทันหัน 5) มีการกลับรถหรือเลี้ยวก่อนถึงจุดที่กำหนด","แนวทางแก้ไข: 1) ประสาน สน.ที่เกี่ยวข้องกวดขันเรื่องการฝ่าฝืนวินัยจราจรในจุดที่มีป้ายห้าม 2) ติดตั้งป้ายระวังรถทางขวา - ซ้าย เพื่อให้รถที่ออกจากซอย หรือทางตรงรับรู้ 3) ติดตั้งป้ายลดความเร็ว 4) ทำเส้นบอกทิศทางจราจร 5) ติดตั้งหลักล้มลุก และ Lane Block เพื่อป้องกันการกลับรถหรือเลี้ยวก่อนถึงจุดที่กำหนด 6) ติดตั้งหมุดสะท้อนแสงหรือเทปสะท้อนแสง (Reflective sheeting)"],"district":"คลองเตย"},"geometry":{"type":"Point","coordinates":[100.56873,13.71827]}},{"type":"Feature","properties":{"title":"ถนนพุทธบูชา ตัดถนนประชาอุทิศ(ใกล้มจธ.)","info":["ปี: 2566","เขต: ทุ่งครุ","สาเหตุ: 1) คาดว่ารถที่ออกจากซอยประชาอุทิศ 44 เลี้ยวออกตัดกระแสรถจากทางตรง และตู้ควบคุมการจราจรบดบังทัศนวิสัยและการมองเห็นของรถจากทางตรงบนถนนประชาอุทิศ 2) คาดว่าผู้ใช้ถนนประชาอุทิศมุ่งหน้าพุทธบูชา มักเข้าใจว่าบริเวณแยกนาหลวงเป็นสามแยก และสามารถชิดซ้ายเพื่อตรงผ่านไปได้","แนวทางแก้ไข: 1) เพิ่มสัญญาณไฟและป้ายบังคับ เลี้ยวซ้ายรอสัญญาณไฟ บริเวณปากซอยประชาอุทิศ 44 2) ติดตั้งป้ายเตือนระวังทางแยก (สี่แยก) บริเวณถนนประชาอุทิศมุ่งหน้าพุทธบูชา 3) ปรับปรุงเส้นจราจร และทางข้ามบนพื้นทางให้ชัดเจน 4) ตรวจสอบและปรับปรุง การปล่อยสัญญาณไฟจราจร"],"district":"ทุ่งครุ"},"geometry":{"type":"Point","coordinates":[100.49565,13.64711]}},{"type":"Feature","properties":{"title":"ประชาราษฎร์สาย1 หน้าซอยวัดบางโพโอมาวาส","info":["ปี: 2566","เขต: บางซื่อ","สาเหตุ: ถนนประชาราษฎร์สาย1 เป็นถนน 6 ช่องจราจร แบ่งเป็น 3 ช่องจราจรต่อทิศทาง ไม่มีเกาะกลาง ลักษณะการเกิดอุบัติเหตุเป็นการตัดกระแสการจราจร จากถนนซอยเข้าถนนสายหลัก และจากถนนสายหลักเข้าถนนซอย","แนวทางแก้ไข: ในการประชุม ศปถ.เขตบางซื่อ เมื่อวันที่ 18 สิงหาคม 2565 สถานีตำรวจนครบาลบางโพ ได้เสนอรูปแบบการทำเกาะกลางถนน ตั้งแต่ โค้งตลาดศรีเขมาถึงสะพานพิบูลย์สงคราม"],"district":"บางซื่อ"},"geometry":{"type":"Point","coordinates":[100.52175,13.80916]}},{"type":"Feature","properties":{"title":"ถนนสุคนธสวัสดิ์ (โค้งหักศอกบริเวณเสนานิเวศน์ ซอย 120)","info":["ปี: 2566","เขต: ลาดพร้าว","สาเหตุ: 1) ด้านกายภาพ บริเวณดังกล่าวมีลักษณะเป็นโค้งหักศอก หากรถใช้ความเร็วจะทำให้เกิดอุบัติเหตุได้ 2) บริเวณโค้งมีทางเข้าออกซอยขนาดเล็ก (เข้าออกได้เฉพาะรถจักรยานยนต์) ผู้ขับขี่มักฝ่าฝืนเครื่องหมายจราจรเลี้ยวตัดกระแสตามเส้นประสีแดง ทำให้เฉี่ยวชนกับรถที่มาในทางหลักได้","แนวทางแก้ไข: 1) ประสาน สน.โชคชัย กวดขันวินัยจราจร 2) จัดทำเครื่องหมายจราจรให้ชัดเจน 3) ซ่อมแซมป้ายเตือนทางโค้ง และติดตั้งสติกเกอร์สะท้อนแสงบริเวณการ์ดเรล ช่วยการมองเห็นโดยเฉพาะในตอนกลางคืน"],"district":"ลาดพร้าว"},"geometry":{"type":"Point","coordinates":[100.60871,13.82419]}},{"type":"Feature","properties":{"title":"แยกอนุสาวรีย์ประชาธิปไตย (ถนนราชดำเนินกลาง ตัดถนนดินสอ)","info":["ปี: 2566","เขต: พระนคร","สาเหตุ: 1) มีการฝ่าฝืนวินัยจราจร 2) เส้นทางจราจรไม่ชัดเจนในเวลากลางคืน","แนวทางแก้ไข: 1) ประสาน สน.ที่เกี่ยวข้องกวดขันเรื่องการฝ่าฝืนวินัยจราจร 2) ทำเครื่องหมายบอกทิศทางจราจร 3) ติดตั้งหมุดสะท้อนแสงหรือเทปสะท้อนแสง (Reflective sheeting)เพื่อให้มองเห็นเส้นทางจราจรได้ชัดเจนในเวลากลางคืน"],"district":"พระนคร"},"geometry":{"type":"Point","coordinates":[100.50218,13.75654]}},{"type":"Feature","properties":{"title":"ถนนสุขสวัสดิ์ บริเวณซอย 27","info":["ปี: 2566","เขต: ราษฎร์บูรณะ","สาเหตุ: 1) จักรยานยนต์จอดล้ำเส้นแนวหยุดรถ อาจเกิดการเฉี่ยวชนได้ 2) จักรยานยนต์ฝ่าฝืนกลับรถในที่ห้ามกลับ 3) รถขับขี่ด้วยความเร็วเกินกว่าที่กฎหมายกำหนด และรถจักรยานยนต์เฉี่ยวชนกับรถบรรทุก","แนวทางแก้ไข: 1) จัดทำช่องหยุดรถสำหรับรถจักรยานยนต์ (Bike Box) 2) ติดตั้งป้ายเตือนจำกัดความเร็วในเส้นทางเป็นระยะ เพื่อย้ำเตือนไม่ให้ผู้ขับขี่ใช้ความเร็วเกินกำหนด 3) ประสานสำนักงานเขตเพื่อตัดแต่งกิ่งไม้ไม่ให้บดบังสัญญาณจราจร 4) ประสานแขวงการทางสมุทรปราการซึ่งเป็นเจ้าของพื้นที่"],"district":"ราษฎร์บูรณะ"},"geometry":{"type":"Point","coordinates":[100.5023,13.6757]}},{"type":"Feature","properties":{"title":"ถนนจรัญสนิทวงศ์ บริเวณซอย 28","info":["ปี: 2566","เขต: บางกอกน้อย","สาเหตุ: 1) คาดว่าระยะมองเห็นปลอดภัยที่ทางแยก (Intersection Sight Distance, ISD) ไม่เพียงพอถูกเสาตอม่อรถไฟฟ้าบดบังทัศนวิสัยและการมองเห็น ทำให้รถที่จะเลี้ยวซ้ายออกจากซอยจรัญสนิทวงศ์ 28 มองไม่เห็นรถจากเส้นทางตรงบนถนนจรัญสนิทวงศ์ 2) คาดว่ารถที่ออกจากซอยจรัญสนิทวงศ์ 29 เบี่ยงตัดกระแสรถทางตรงเข้าช่องขวาสุดเพื่อกลับรถ","แนวทางแก้ไข: 1) ติดตั้งกระจกโค้งจราจร บริเวณปากซอยจรัญสนิทวงศ์ 28 2) ปิดจุดกลับรถ โดยให้ไปกลับรถบริเวณจุดกลับรถบริเวณแยกไฟฉายห่างจากจุดเดิมประมาณ 400 เมตร 3) ติดตั้งอุปกรณ์ป้ายกระพริบเตือนสามแยก บริเวณก่อนถึงปากซอยจรัญสนิทวงศ์ 28 4) เพิ่มเครื่องหมายบนพื้นทางเตือนให้ผู้ขับขี่ชะลอความเร็ว เช่น เส้นชะลอความเร็ว"],"district":"บางกอกน้อย"},"geometry":{"type":"Point","coordinates":[100.46988,13.75081]}},{"type":"Feature","properties":{"title":"แยกถนนเชื่อมต่อพัฒนาการ ตัดถนนเฉลิมพระเกียรติ ร.9","info":["ปี: 2566","เขต: ประเวศ","สาเหตุ: 1) มีรถออกมาจากซอยบริเวณทางโค้งที่ตัดกระแสจราจร 2) มีการขับรถข้าม Lane จราจร 3) หมุดสะท้อนแสงเสื่อมสภาพ/ชำรุด","แนวทางแก้ไข: 1) ติดตั้งป้ายระวังรถทางขวา - ซ้าย เนื่องจากมีรถออกมาจากซอยบริเวณทางโค้ง 2) ติดตั้งหลักล้มลุกเพื่อป้องกันการขับรถข้าม Lane จราจร 3) ติดตั้งหมุดสะท้อนแสงหรือเทปสะท้อนแสง (Reflective sheeting) และปรับเปลี่ยนในจุดที่เกิดความเสียหาย"],"district":"ประเวศ"},"geometry":{"type":"Point","coordinates":[100.67548,13.69997]}},{"type":"Feature","properties":{"title":"แยกรัชวิภา (ถนนรัชดาภิเษก - ถนนวิภาวดีรังสิต)","info":["ปี: 2566","เขต: จตุจักร","สาเหตุ: 1) กายภาพทางแยกของสะพาน มีลักษณะเป็น Gore Area 2) ทางลงจากสะพาน มีลักษณะเป็นโค้งก้นหอย 3) คราบสกปรกต่างๆ ที่เคลือบผิวจราจร เมื่อถนนเปียกจะทำให้แรงเสียดทานระหว่างผิวยางกับผิวจราจรลดลง 4) การใช้ความเร็ว และความประมาทของผู้ขับขี่","แนวทางแก้ไข: 1) ติดตั้งอุปกรณ์กันกระแทก บริเวณ Gore Area 2) จัดทำเกาะสีสมมุติ ติดตั้งหลักล้มลุก บริเวณ Gore Area 3) ติดตั้งวัสดุอุปกรณ์ลดความรุนแรงของอุบัติเหตุบริเวณโค้งก้นหอย 4) ทาสีแบริเออร์สะพานรัชวิภา ติดตั้งเป้าสะท้อนแสง 5) กวดขันวินัยจราจร เช่น การตรวจจับความเร็ว 6) ฉีดน้ำทำความสะอาดถนนอยู่เสมอ 7) ติดตั้งไฟกระพริบเตือนหัวเกาะ 8) ติดตั้งป้ายเตือนทางโค้งแบบไฟกระพริบ"],"district":"จตุจักร"},"geometry":{"type":"Point","coordinates":[100.55729,13.83064]}},{"type":"Feature","properties":{"title":"ถนนหัวหมาก (ซอยรามคำแหง 24)","info":["ปี: 2566","เขต: บางกะปิ","สาเหตุ: 1) ถนนกับทางเท้ามีความต่างระดับ ปัจจุบันสำนักการโยธาได้นำแบริเออร์คอนกรีตมาวางเป็นแนวเพื่อแก้ปัญหาชั่วคราว แต่บางจุดมีแบริเออร์ล้ม และสีของแบริเออร์เลือนราง 2) บริเวณแบริเออร์กั้นคลอง มีการทาสีขาวดำให้มองเห็นได้ชัดเจนแล้ว มีไฟฟ้าส่องสว่าง แต่พบว่ามีอุบัติเหตุเกิดขึ้น เช่น รถกระบะเสียหลักตกคูน้ำ 3) การไม่เคารพกฎจราจร เนื่องจากช่วงซอยรามคำแหง 20 – 21 มีจุดกลับรถตรงกับทางแยก ทำให้มีลักษณะกลายภาพเป็นสี่แยก โดยสน.หัวหมาก นำแบริเออร์มาปิดช่องทางดังกล่าวเพื่อป้องกันการตัดกระแสจราจรระหว่างซอย 20 -21 แต่ยังคงการกลับรถได้ แต่พบว่าแบริเออร์วางไม่เป็นระเบียบเนื่องจากถูกเฉี่ยวชน","แนวทางแก้ไข: 1) กรณีที่ 1 ประสาน สนย. พิจารณาปรับปรุงกายภาพ 2) ติดตั้งเป้าสะท้อนแสง เพื่อเพิ่มทัศนวิสัยการมองเห็นขอบแบริเออร์ 3) จัดเรียงแบริเออร์ให้เป็นระเบียบ 4) ติดตั้งป้ายเตือนหัวเกาะ หน้า ม.อัสสัมชัญฯทดแทนของเดิมที่ชำรุด"],"district":"บางกะปิ"},"geometry":{"type":"Point","coordinates":[100.62998,13.75473]}},{"type":"Feature","properties":{"title":"ถนนทองหล่อ บริเวณซอย 18 (โพธิบุตร)","info":["ปี: 2566","เขต: วัฒนา","สาเหตุ: 1) มีการฝ่าฝืนกฎหมายจราจร 2) มีรถทางตรง และรถที่ออกจากซอยตัดกระแสจราจร 3) มีการกลับรถบริเวณเกาะกลางสี 4) หมุดสะท้อนแสงเสื่อมสภาพ/ชำรุด 5) Barrier พลาสติกและรั้วเหล็กกั้นชั่วคราว เสื่อมสภาพ/ชำรุด","แนวทางแก้ไข: 1) ประสาน สน.ที่เกี่ยวข้องกวดขันเรื่องการฝ่าฝืนกฎหมายป้ายจราจร 2) ติดตั้งป้ายระวังรถทางขวา - ซ้าย เพื่อแจ้งเตือนรถทางตรง และรถที่ออกจากซอย 3) ติดตั้งหลักล้มลุกเพื่อป้องกันการกลับรถบริเวณเกาะกลางสี 4) ติดตั้งหมุดสะท้อนแสงหรือเทปสะท้อนแสง (Reflective sheeting) และปรับเปลี่ยนในจุดที่เกิดความเสียหาย 5) ปรับปรุงแก้ไขในส่วนของ Barrier พลาสติก และรั้วเหล็กกั้นชั่วคราว"],"district":"วัฒนา"},"geometry":{"type":"Point","coordinates":[100.58305,13.73531]}},{"type":"Feature","properties":{"title":"ถนนพุทธบูชา ซอย 36 - ซอย 37/1","info":["ปี: 2566","เขต: ทุ่งครุ","สาเหตุ: 1) กายภาพของแยกกำนันธารทิพย์ มีลักษณะเป็นสี่แยกที่ไม่ตั้งฉากกับถนนพุทธบูชา จึงทำให้รถที่เลี้ยวซ้ายออกจากซอยพุทธบูชา 36 และซอยพุทธบูชา 39 ต้องตีวงเลี้ยวกว้างทำให้เกิดอุบัติเหตุเฉี่ยวชนกับรถแถวคอยที่ติดไฟแดงในเส้นทางตรง 2) ปัญหาจักรยานยนต์ จอดรอสัญญาณไฟในช่องทางขวา เสี่ยงต่อการเฉี่ยวชนกับรถที่มาจากทิศจราจรฝั่งตรงข้ามและรถที่เลี้ยวซ้ายออกจากซอย 3) การก่อสร้างขยายถนนในซอยพุทธบูชา 36 4) ปัญหาการจอดรถริมทาง","แนวทางแก้ไข: 1) พิจารณาปรับปรุงทางแยกให้มีความเหมาะสมในการสัญจร การตัดมุมทางแยกเพื่อให้รถเลี้ยวได้สะดวก 2) ประสานตำรวจจราจรกวดขันวินัยจราจร การจอดรถริมทาง การขับรถย้อนศร การฝ่าฝืนสัญญาณไฟ 3) ปรับปรุงเครื่องหมายจราจรบนพื้นทางให้มีความชัดเจน 4) ประสานงานสำนักงานเขตทุ่งครุ, สำนักการโยธา จัดระเบียบพื้นที่ก่อสร้างเพื่อลดผลกระทบกับผู้ใช้ทาง"],"district":"ทุ่งครุ"},"geometry":{"type":"Point","coordinates":[100.47911,13.65078]}},{"type":"Feature","properties":{"title":"แยกประชาสงเคราะห์ (ถนนดินแดง ตัดถนนประชาสงเคราะห์)","info":["ปี: 2566","เขต: ดินแดง","สาเหตุ: - แยกประชาสงเคราะห์ จากถนนดินแดงมุ่งไปสามเหลี่ยมดินแดง มีป้ายจราจรบังคับห้ามเลี้ยวขวาเข้าถนนประชาสงเคราะห์ เนื่องจากจะตัดกระแสกับรถที่มาจากสามเหลี่ยมดินแดงมุ่งไปพระราม 9 จึงมีโอกาสเกิดอุบัติเหตุจากจุดตัดดังกล่าวได้ แต่ผู้ขับขี่มักฝ่าฝืนเนื่องจากไม่ต้องการไปกลับรถในจุดที่ไกลขึ้น - นอกจากนั้นจากการสำรวจพบว่าแยกประชาสงเคราะห์มีการฝ่าฝืนในรูปแบบต่าง ๆ และพบว่าส่วมมากเป็นผู้ใช้รถจักรยานยนต์ ดังนี้ 1. จักรยานยนต์จอดล้ำเส้นจราจรเส้นแนวหยุด (Stop Line) 2. ประชาชนไม่ใช้สะพานลอยในการข้ามถนน 3. จักรยานยนต์ฝ่าไฟแดง 4. ฝ่าผืนป้ายบังคับห้ามเลี้ยว","แนวทางแก้ไข: ประสานสถานีตำรวจนครบาลดินแดงในการกวดขันวินัยจราจร จับ ปรับ ผู้ฝ่าฝืน"],"district":"ดินแดง"},"geometry":{"type":"Point","coordinates":[100.55489,13.7605]}},{"type":"Feature","properties":{"title":"ถนนบางขุนเทียน-ชายทะเล บริเวณข้ามคลองบางหญ้า (ระหว่างเทียนทะเล 26-28)","info":["ปี: 2566","เขต: บางขุนเทียน","สาเหตุ: 1) คาดว่ารถที่ออกจากซอยเทียนทะเล 26 เลี้ยวขวาพุ่งตัดกระแสจราจรกับรถทิศทางหลัก ซึ่งขับขี่มาด้วยความเร็ว 2) รถจากทิศทางหลัก (มุ่งหน้าชายทะเล) เลี้ยวขวาเข้าซอยเทียนทะเล 26 ตัดกระแสจราจรกับรถหลัก (มุ่งหน้าถนนพระรามที่ 2) 3) รถประจำทางและแท็กซี่ มักจะจอดริมถนน บริเวณจุดห้ามจอดหน้าปากซอยเทียนทะเล 26 ทำให้บดบังทัศนวิสัยและการมองเห็น ของรถที่จะออกจากซอยเทียนทะเล 26 และรถจากทิศทางหลัก","แนวทางแก้ไข: 1) ปิดจุดเลี้ยวขวา บังคับให้รถที่ออกจากซอยเทียนทะเล 26 เลี้ยวซ้าย และตรงไปกลับรถบริเวณซอยเทียนทะเล 24 ซึ่งห่างออกไปประมาณ 900 เมตร 2) ติดตั้งหลักล้มลุก จัดทิศทางการจราจร สำหรับรถจากทิศทางหลักที่ต้องการเลี้ยวขวาเข้าซอยเทียนทะเล 26 (โดยให้รถทางตรงไปก่อน) และป้องกันไม่ให้ใช้บริเวณหัวเกาะเป็นจุดลักกลับรถ 3) ประสาน สน.ท้องที่ ขอความร่วมมือรถประจำทาง หรือแท็กซี่ ไม่ให้จอดรถบริเวณจุดห้ามจอดหน้าปากซอยเทียนทะเล 26"],"district":"บางขุนเทียน"},"geometry":{"type":"Point","coordinates":[100.43482,13.60528]}},{"type":"Feature","properties":{"title":"ถนนลาซาล (สุขุมวิท 105) ตัดถนนลาซาล 21 และถนนลาซาล 23","info":["ปี: 2566","เขต: บางนา","สาเหตุ: 1) มีรถทางขวา - ซ้าย ตัดกระแสจราจร 2) มีรถวิ่งด้วยความเร็วเกินกำหนด","แนวทางแก้ไข: 1) ติดตั้งป้ายระวังรถทางขวา - ซ้าย 2) ติดตั้งป้ายจำกัดความเร็ว"],"district":"บางนา"},"geometry":{"type":"Point","coordinates":[100.61321,13.66385]}},{"type":"Feature","properties":{"title":"ถนนประชาธิปก หน้าโรงเรียนศึกษานารี (ถนนอรุณอัมรินทร์ ตัดถนนสมเด็จเจ้าพระยาตัดถนนประชาธิปก)","info":["ปี: 2566","เขต: ธนบุรี","สาเหตุ: 1) คาดว่ารถเลี้ยวซ้ายออกจากถนนอรุณอมรินทร์ และรถผู้ปกครองรับ-ส่งนักเรียนบริเวณหน้าโรงเรียนศึกษานารี เบี่ยงตัดกระแสรถทางตรงเข้าช่องทางขวาสุด เพื่อมุ่งหน้าไปสะพานพุทธยอดฟ้าจุฬาโลกมหาราช หรือไปกลับรถใต้สะพานฯ","แนวทางแก้ไข: 1) ติดตั้งหลักล้มลุก บริเวณถนนประชาธิปก มุ่งหน้าไปสะพานพุทธยอดฟ้าจุฬาโลกมหาราช"],"district":"ธนบุรี"},"geometry":{"type":"Point","coordinates":[100.49573,13.73427]}},{"type":"Feature","properties":{"title":"ถนนบางบอน 1 ซอย 9 ถึง ซอย 12","info":["ปี: 2566","เขต: บางบอน","สาเหตุ: 1) ถนนบางบอน 1 เป็นถนนขนาด 4 ช่องจราจร กระแสการจราจรหนาแน่น มีการจอดรถริมทาง ทำให้รถที่วิ่งมาต้องเบี่ยงทิศทางจราจรหลบ รวมทั้งบดบังการมองเห็นด้านซ้าย ทำให้มองไม่เห็นรถเลี้ยวออกจากซอย 2) ผู้ใช้รถ ใช้ความเร็วไม่เหมาะสมกับการใช้งานถนน และมีรถเข้า-ออกซอยตลอดเส้นทาง 3) รถที่เลี้ยวออกจากซอย พุ่งตัดกระแสจราจรทิศทางหลัก (ปากซอย 9 เกิดอุบัติเหตุบ่อยที่สุด เนื่องจากภายในซอยมีผู้อยู่อาศัยหนาแน่น มีรถเข้า-ออกซอยตลอดเวลา)","แนวทางแก้ไข: 1) กวดขันและควบคุมการจอดรถริมถนน กีดขวางการจราจร (รถยนต์ส่วนตัว, รถแท็กซี่, รถจักรยานยนต์)เพื่อลดปัญหาจราจรติดขัด การเบี่ยงทิศทางการจราจร และอุบัติเหตุรถเฉี่ยวชนท้าย (ปัจจุบันมีการกำหนดช่วงเวลาการจอดรถ) 2) ติดตั้งป้ายจำกัดความเร็วในเขตเมือง ให้อยู่ในช่วง 50-60 กม./ชม. เพื่อให้เกิดความระมัดระวังและใช้ความเร็วให้เหมาะสม ป้องกันอุบัติเหตุรถเฉี่ยวชนกันระหว่างทางตรงกับรถที่เลี้ยวออกจากซอยต่างๆ 3) ติดตั้งป้าย “หยุด” และ “ระวังรถทางขวา” บริเวณปากซอยต่างๆ เพื่อให้ผู้ใช้รถเกิดความระมัดระวัง และลดอุบัติเหตุรถเฉี่ยวชนกับรถทิศทางหลัก"],"district":"บางบอน"},"geometry":{"type":"Point","coordinates":[100.42417,13.67932]}},{"type":"Feature","properties":{"title":"ถนนประชาอุทิศ ซอย 61 ตลาดทุ่งครุ","info":["ปี: 2566","เขต: ทุ่งครุ","สาเหตุ: 1) ถนนประชาอุทิศ เป็นถนนขนาด 4 ช่อง เกาะกลางเป็นเกาะสีสมมุติ สองข้างทางเป็นย่านธุรกิจและที่พักอาศัยหนาแน่น มีรถเข้า-ออกซอยตลอดเส้นทาง 2) บริเวณซอยประชาอุทิศ 61 มีลักษณะเป็นสี่แยก เป็นที่ตั้งของตลาดใหม่ทุ่งครุ มีการจัดช่วงเวลาการจอดรถริมทาง สามารถใช้เป็นทางลัดเข้าสู่ซอยประชาอุทิศ 33 ได้ ทำให้มีรถเข้า-ออกซอยตลอดเวลา และรถที่ออกจากซอย พุ่งตัดกระแสจราจรของรถทิศทางหลัก","แนวทางแก้ไข: 1) พิจารณาติดตั้งหมุดสะท้อนแสงหรือเทปเส้นจราจรสะท้อนแสง บริเวณเกาะสีสมมุติ บนถนนประชาอุทิศ เพื่อให้ผู้ใช้รถมองเห็นในเวลากลางคืน 2) เพิ่มป้ายจำกัดความเร็ว ให้ผู้ใช้รถเกิดความระมัดระวังและใช้ความเร็วให้เหมาะสมกับประเภทถนนในเขตชุมชน ป้องกันอุบัติเหตุรถเฉี่ยวชนกันระหว่างทางตรงกับรถที่เลี้ยวออกจากซอย 3) ติดตั้งป้ายเตือนทางแยกและระวังอุบัติเหตุ บริเวณก่อนถึงปากซอย 4) ตรวจสอบไฟฟ้าส่องสว่าง/ตัดแต่งกิ่งไม้ที่บังแสง บริเวณทางแยกหน้าปากซอย ให้มีความสว่างเพียงพอเพื่อเพิ่มการมองเห็น 5) ทาสีขาว-แดง ขอบทางให้มองเห็นได้ชัด บริเวณปากซอย 6) ติดตั้งป้ายหยุด และระวังรถทางขวา บริเวณปากซอยต่างๆ 7) ตีเส้นหยุดรถ, ปรับปรุงเครื่องหมายบนพื้นทาง, เส้นชะลอความเร็ว (Rumble Strips) และติดตั้งหมุดลูกแก้วสะท้อนแสงหรือเทปเส้นจราจรสะท้อนแสง บริเวณภายในซอยประชาอุทิศ 61 ก่อนถึงปากซอย เพื่อให้ผู้ใช้รถเกิดความระมัดระวัง และลดอุบัติเหตุรถเฉี่ยวชนกับรถทิศทางหลัก 8) กวดขันและควบคุมการจอดรถริมถนน (นอกช่วงเวลาอนุญาต) กีดขวางการจราจร (รถยนต์ส่วนตัว, รถแท็กซี่, รถจักรยานยนต์) เพื่อลดปัญหาจราจรติดขัด การเบี่ยงทิศทางการจราจร และอุบัติเหตุรถเฉี่ยวชนท้าย"],"district":"ทุ่งครุ"},"geometry":{"type":"Point","coordinates":[100.49899,13.64459]}},{"type":"Feature","properties":{"title":"ถนนเอกชัย ซอย 50 – ซอย 64","info":["ปี: 2566","เขต: บางบอน","สาเหตุ: 1) การใช้ความเร็วเกินกำหนด เนื่องจากลักษณะทางกายภาพของถนนเอกชัยเป็นทางตรงยาว 2) การไม่หยุดรถให้ผู้ใช้ทางม้าลาย ทำให้เกิดอุบัติเหตุบ่อยครั้ง 3) การไม่ข้ามถนนในจุดที่กำหนดให้เป็นทางข้าม 4) ปัญหาแสงสว่างบริเวณถนนไม่เพียงพอ","แนวทางแก้ไข: 1) ประสานงานเจ้าหน้าที่ตำรวจจราจรในท้องที่เพื่อกวดขันวินัยจราจร มีการตรวจจับความเร็ว 2) พิจารณาเพิ่มไฟส่องสว่างในพื้นที่ถนนเอกชัย 3) พิจารณาเพิ่มเติมเครื่องหมายจราจรบนพื้นทางบริเวณทางม้าลาย เพื่อเตือนให้รถชะลอความเร็วก่อนถึงทางข้าม 4) ติดตั้งป้ายเตือนจำกัดความเร็ว"],"district":"บางบอน"},"geometry":{"type":"Point","coordinates":[100.43689,13.68019]}},{"type":"Feature","properties":{"title":"แยกประชาอุทิศ (ถนนเทียมร่วมมิตรตัดถนนประชาอุทิศ)","info":["ปี: 2566","เขต: ห้วยขวาง","สาเหตุ: 1) ไฟฟ้าส่องสว่างไม่เพียงพอ มีต้นไม้บังแสงสว่าง 2) เส้นจราจรและเส้นขอบทางเลือนราง 3) ลูกแก้วสะท้อนแสงแบ่งทิศทางการจราจรชำรุดจำนวนมาก 4) การฝ่าฝืนเครื่องหมายจราจร 5) คราบสกปรกต่างๆ ที่เคลือบผิวจราจร เมื่อถนนเปียกจะทำให้แรงเสียดทานระหว่างผิวยางกับผิวจราจรลดลง 6) การใช้ความเร็วและความประมาทของผู้ขับขี่","แนวทางแก้ไข: 1) ดูแลปรับปรุงไฟฟ้าส่องสว่างอยู่เสมอ 2) ดูแลปรับปรุงสัญญาณไฟจราจรอยู่เสมอ 3) ทาสีเส้นจราจร สีขอบทางให้ชัดเจน 4) ติดตั้ง Road Stud บริเวณเส้นจราจร 5) ฉีดน้ำทำความสะอาดถนนอยู่เสมอ 6) กวดขันวินัยจราจรอยู่เสมอ"],"district":"ห้วยขวาง"},"geometry":{"type":"Point","coordinates":[100.5865,13.76977]}},{"type":"Feature","properties":{"title":"ถนนเอกชัย ซอย 66/6 - 76","info":["ปี: 2566","เขต: บางบอน","สาเหตุ: 1) จักรยานยนต์เสียหลักล้มเอง 2) รถชนคนข้ามถนน 3) อุบัติเหตุส่วนใหญ่เกิดในช่วงเวลากลางคืน อาจะเกิดจากสาเหตุแสงสว่างบริเวณถนนไม่เพียงพอ 4) การใช้ความเร็วเกินกำหนด เนื่องจากลักษณะทางกายภาพของถนนเอกชัยเป็นทางตรงยาว","แนวทางแก้ไข: 1) ประสานเจ้าหน้าที่ตำรวจจราจรในท้องที่กวดขันวินัยจราจร มีการตรวจจับความเร็ว 2) พิจารณาเพิ่มไฟส่องสว่างในพื้นที่ถนนเอกชัย 3) พิจารณาเพิ่มเติมเครื่องหมายจราจรบนพื้นทางบริเวณทางม้าลาย เพื่อเตือนให้รถชะลอความเร็วก่อนถึงทางข้าม 4) ติดตั้งป้ายเตือนจำกัดความเร็ว"],"district":"บางบอน"},"geometry":{"type":"Point","coordinates":[100.41622,13.66885]}},{"type":"Feature","properties":{"title":"ถนนประชาอุทิศ ซอย 1 ถึงประชาอุทิศ ซอย 17","info":["ปี: 2566","เขต: ราษฎร์บูรณะ","สาเหตุ: 1) ถนนประชาอุทิศเป็นถนนที่เชื่อมโยงเข้าสู่ชุมชน มีทางเชื่อมเข้าสู่หมู่บ้านต่างๆ มีร้านค้า ร้านอาหาร สถานศึกษา สถานที่ราชการ ตลอดเส้นทาง ซึ่งทำให้การจราจรต้องมีการหยุด รอ เลี้ยว มีการตัดกระแสจราจรเพื่อเข้าสู่ซอย หรือสถานที่ต่างๆ อาจเป็นสาเหตุให้เกิดอุบัติเหตุได้ 2) บริเวณสองฝั่งถนนมีการปลูกต้นไม้เพื่อให้ร่มเงา แต่อาจจะบดบังป้าย หรือสัญญาณจราจร 3) การใช้ความเร็วในการขับขี่ไม่เหมาะสม อาจเป็นสาเหตุของการเฉี่ยว ชน หรืออุบัติเหตุอื่นๆได้ 4) การขับรถล้ำเกาะสีสมมุติ หรือขับขี่คร่อมบริเวณเกาะสีสมมุติ","แนวทางแก้ไข: 1) ประสานสำนักงานเขตตัดแต่งกิ่งไม้ไม่ให้บดบังป้ายจราจร 2) ติดตั้งอุปกรณ์แบ่งช่องจราจรบริเวณเกาะกลาง ป้องกันรถเลี้ยวตัดเกาะสีสมมุติ 3) จัดระเบียบการจอดรถริมทาง โดยกำหนดช่วงเวลาที่สามารถจอดได้ 4) จัดระเบียบผู้ค้าริมทาง เพื่อไม่ให้ร้านบดบังระยะมองเห็นปลอดภัยบริเวณแยก"],"district":"ราษฎร์บูรณะ"},"geometry":{"type":"Point","coordinates":[100.50416,13.66627]}},{"type":"Feature","properties":{"title":"ถนนสะแกงาม ปากซอยสะแกงาม 32 - 52","info":["ปี: 2566","เขต: บางขุนเทียน","สาเหตุ: 1) ถนนสะแกงามเป็นถนนที่เชื่อมโยงเข้าสู่ชุมชน มีทางเชื่อมเข้าสู่หมู่บ้านต่างๆ มีร้านค้า ร้านอาหาร โรงงานอุตสาหกรรม คลังสินค้า ตลอดเส้นทาง ซึ่งทำให้การจราจรต้องมีการหยุด รอ เลี้ยว มีการตัดกระแสจราจรเพื่อเข้าสู่ซอย หรือสถานที่ต่างๆ อาจเป็นสาเหตุให้เกิดอุบัติเหตุได้ 2) การขับรถล้ำเกาะสีสมมุติ หรือขับขี่คร่อมบริเวณเกาะสีสมมุติ 3) การตั้งร้านค้าริมทาง บริเวณปากซอย ทำให้บดบังการมองเห็นของรถที่ออกจากซอย 4) การเลี้ยวเข้าออกจากซอย เกิดการตัดกระแสจราจรกับเส้นทางตรง 5) การจอดรถริมทาง","แนวทางแก้ไข: 1) ติดตั้งอุปกรณ์แบ่งช่องจราจรบริเวณเกาะกลาง ป้องกันรถเลี้ยวตัดเกาะสีสมมุติ 2) จัดระเบียบการจอดรถริมทาง โดยกำหนดช่วงเวลาที่สามารถจอดได้ 3) จัดระเบียบผู้ค้าริมทาง เพื่อไม่ให้ร้านบดบังระยะมองเห็นปลอดภัยบริเวณแยก 4) พิจารณาติดตั้งเส้นชะลอความเร็ว (Rumble Strips) ควบคู่กับป้ายเตือนจำกัดความเร็ว"],"district":"บางขุนเทียน"},"geometry":{"type":"Point","coordinates":[100.42535,13.63386]}},{"type":"Feature","properties":{"title":"ถนนอิสรภาพ บริเวณหน้ากองบัญชาการกองทัพเรือ","info":["ปี: 2566","เขต: บางกอกน้อย","สาเหตุ: 1) ถนนอิสรภาพ มีจำนวน 4 ช่องจราจร เกาะกลางเป็นเกาะสีสมมุติ บริเวณหน้ากองบัญชาการกองทัพเรือ มีรถสัญจรจำนวนมาก และมีทางเข้าออกจำนวน 3 จุด จึงทำให้มีจุดตัดจำนวนมาก 2) ยังไม่มีเครื่องหมายบนพื้นทางบอกทิศทางจราจรเนื่องจากมีการปูผิวจราจรใหม่ 3) บริเวณดังกล่าวมีสัญญาณไฟจราจรแต่ไม่ได้เปิดใช้งาน","แนวทางแก้ไข: 1) พิจารณาติดตั้งหมุดสะท้อนแสงหรือเทปเส้นจราจรสะท้อนแสง บริเวณเกาะกลาง เพื่อให้ผู้ใช้รถมองเห็นในเวลากลางคืน 2) จัดทำเครื่องหมายบนพื้นทางบอกทิศทางจราจร 3) เปิดใช้สัญญาณไฟจราจร เพื่อให้รถที่สัญจรปฏิบัติตามกฎจราจร 4) ติดตั้งป้ายจำกัดความเร็ว"],"district":"บางกอกน้อย"},"geometry":{"type":"Point","coordinates":[100.47918,13.74853]}},{"type":"Feature","properties":{"title":"แยกรัชดา-ราชพฤกษ์","info":["ปี: 2566","เขต: ธนบุรี","สาเหตุ: 1) อุบัติเหตุรถเฉี่ยวชนกันบริเวณทางแยก (จุดขัดแย้ง) เนื่องจากมีการปิดการจราจร ระหว่างช่วงที่มีการก่อสร้างเกิดการบีบช่องจราจรแคบ 2) ปัญหาจากผู้ใช้รถจักรยานยนต์ ฝ่าฝืนสัญญาณไฟจราจร และพุ่งตัดกระแสรถ 3) รถที่จะเลี้ยวขวา ถูกบดบังระยะการมองเห็น (Sight distance) ด้านขวา จากแผงกั้นผ้าใบ 4) ผู้ใช้รถ มักกลับรถในที่ห้าม ทำให้เกิดการเบียดแทรกเลน (Merging) จนเกิดกระแสการจราจรฝืด","แนวทางแก้ไข: 1) จัดทำเส้นนำทางชั่วคราว เช่น ทาสี หรือติดตั้งเทปตีเส้นจราจร บริเวณแยกเพื่อลดความสับสนของผู้ขับขี่เพื่อเข้าให้ถูกช่องทางจราจร (แนวทางการแก้ไขเบื้องต้น ระหว่างดำเนินการก่อสร้าง) 2) ประสานแจ้งผู้รับจ้าง ทดลองเปิดแผงกั้นผ้าใบ เพื่อเพิ่มระยะการมองเห็นด้านขวา กรณีมีรถฝ่าฝืนสัญญาณไฟจราจรพุ่งตัดกระแสรถ ให้รถที่เลี้ยวขวามีระยะที่สามารถตัดสินใจและหยุดรถได้ทัน (Decision sight distance, DSD) (แนวทางการแก้ไขเบื้องต้น ระหว่างดำเนินการก่อสร้าง) 3) กวดขันวินัยจราจร โดยเฉพาะกลุ่มผู้ขับขี่รถจักรยานยนต์ เรื่องการฝ่าฝืนสัญญาณไฟจราจร การขับขี่ย้อนศร การกลับรถในที่ห้าม เป็นต้น 4) ติดตั้งหลักล้มลุกพลาสติกสะท้อนแสง และติดตั้งอุปกรณ์กันชนเพื่อซับแรง เมื่อเกิดการชนบริเวณหัวเกาะ/เชิงสะพาน 5) เนื่องจากกายภาพมีการเปลี่ยนแปลงจากการก่อสร้างโครงการ จึงต้องมีการประเมินหลังจากมีการเปิดใช้แยกดังกล่าวอีกครั้ง"],"district":"ธนบุรี"},"geometry":{"type":"Point","coordinates":[100.47838,13.71528]}},{"type":"Feature","properties":{"title":"ถนนพหลโยธิน ตัดซอยพหลโยธิน7 (ซอยอารีย์)","info":["ปี: 2566","เขต: พญาไท","สาเหตุ: บริเวณจุดกลับรถ ซอยพหลโยธิน7 มีลักษณะเป็นสี่แยก จึงทำให้เกิดการตัดกระแสการจราจรขึ้น","แนวทางแก้ไข: ปิดจุดกลับรถบริเวณซอยพหลโยธิน7 เพื่อไม่ให้เกิดการตัดกระแสการจราจร หากมีความจำเป็นต้องใช้จุดดังกล่าวระบายปริมาณการจราจร ให้เปิดใช้ได้ในเวลาเร่งด่วนหรือเวลามีเหตุจำเป็น แต่ต้องมีเจ้าพนักงานจราจรควบคุมตลอดเวลาการใช้งาน"],"district":"พญาไท"},"geometry":{"type":"Point","coordinates":[100.54499,13.78087]}},{"type":"Feature","properties":{"title":"ซอยสุขสวัสดิ์ 26 ตัดซอยสุขสวัสดิ์ 30","info":["ปี: 2566","เขต: ราษฎร์บูรณะ","สาเหตุ: 1) ภายในซอยสุขสวัสดิ์ 26 มีลักษณะเป็นซอยแคบ มีการสัญจรหลากหลายรูปแบบ ทั้งคนเดินเท้า จักรยาน จักรยานยนต์ รถยนต์ อาจทำให้เกิดอุบัติเหตุได้ง่าย 2) การขับขี่ยานพาหนะด้วยความเร็วสูง ภายในซอยมีจุดตัด มีทางแยกจำนวนมากอาจเป็นสาเหตุให้เกิดอุบัติเหตุได้","แนวทางแก้ไข: 1) พิจารณาสำรวจและติดตั้งคันชะลอความเร็วภายในบริเวณดังกล่าว 2) ประสานสำนักงานเขตให้ติดตั้งกระจกโค้งบริเวณทางแยก"],"district":"ราษฎร์บูรณะ"},"geometry":{"type":"Point","coordinates":[100.49305,13.67619]}},{"type":"Feature","properties":{"title":"ถนนประชาอุทิศ บริเวณประชาอุทิศ ซอย 72","info":["ปี: 2566","เขต: ทุ่งครุ","สาเหตุ: 1) ถนนประชาอุทิศ เป็นถนนขนาด 4 ช่อง เกาะกลางเป็นเกาะสีสมมุติ สองข้างทางเป็นย่านธุรกิจและที่พักอาศัยหนาแน่น มีรถเข้า-ออกซอยตลอดเส้นทาง 2) บริเวณซอยประชาอุทิศ 72 มีลักษณะเป็นสามแยก มีการจัดช่วงเวลาการจอดรถริมทาง เป็นที่ตั้งของแหล่งที่พักอาศัย มีประชาชนอาศัยอยู่หนาแน่น ทำให้มีรถเข้า-ออกซอยตลอดเวลา และรถที่เลี้ยวออกจากซอย พุ่งตัดกระแสจราจรของรถทิศทางหลัก","แนวทางแก้ไข: 1) พิจารณาติดตั้งหมุดสะท้อนแสงหรือเทปเส้นจราจรสะท้อนแสง บริเวณเกาะสีสมมุติ บนถนนประชาอุทิศ เพื่อให้ผู้ใช้รถมองเห็นในเวลากลางคืน 2) เพิ่มป้ายจำกัดความเร็ว ให้ผู้ใช้รถเกิดความระมัดระวังและใช้ความเร็วให้เหมาะสมกับประเภทถนนในเขตชุมชน ป้องกันอุบัติเหตุรถเฉี่ยวชนกันระหว่างทางตรงกับรถที่เลี้ยวออกจากซอย 3) ติดตั้งป้ายเตือนทางแยกและระวังอุบัติเหตุ บริเวณก่อนถึงปากซอย 4) ตรวจสอบไฟฟ้าส่องสว่าง/ตัดแต่งกิ่งไม้ที่บังแสง บริเวณทางแยกหน้าปากซอย ให้มีความสว่างเพียงพอเพื่อเพิ่มการมองเห็น 5) ติดตั้งป้ายหยุด และระวังรถทางขวา บริเวณปากซอยต่างๆ 6) ตีเส้นหยุดรถ, ปรับปรุงเครื่องหมายบนพื้นทาง, เส้นชะลอความเร็ว (Rumble Strips) ภายในซอยประชาอุทิศ 72 ก่อนถึงปากซอย เพื่อให้ผู้ใช้รถเกิดความระมัดระวัง และลดอุบัติเหตุรถเฉี่ยวชนกับรถทิศทางหลัก 7) กวดขันและควบคุมการจอดรถริมถนน (นอกช่วงเวลาอนุญาต) กีดขวางการจราจร (รถยนต์ส่วนตัว, รถแท็กซี่, รถจักรยานยนต์) เพื่อลดปัญหาจราจรติดขัด การเบี่ยงทิศทางการจราจร และอุบัติเหตุรถเฉี่ยวชนท้าย"],"district":"ทุ่งครุ"},"geometry":{"type":"Point","coordinates":[100.504,13.63038]}},{"type":"Feature","properties":{"title":"ถนนนวลจันทร์ บริเวณถนนนวลจันทร์ซอย 26 - 44","info":["ปี: 2566","เขต: บึงกุ่ม","สาเหตุ: ถนนนวลจันทร์เป็นถนน 4 ช่องจราจร แบ่งเป็นทิศทางละ 2 ช่องจราจร การเลี้ยวขวาออกจากซอยจะเป็นการตัดกระแสจราจรกับรถทางตรงซึ่งอาจใช้ความเร็ว ดังนั้นทัศนวิสัยในการมองเห็นของรถที่จะเลี้ยวขวาออกจากซอยเป็นสิ่งสำคัญ เพื่อมองเห็นรถทางขวาและซ้ายก่อนตัดสินใจเลี้ยว แต่จากการตรวจสอบพบว่าบริเวณปากซอยต่างๆ มักมีรถจอดในระยะที่บดบังการมองเห็นของรถที่ออกจากซอย","แนวทางแก้ไข: 1.) ประสาน สน.โคกคราม เพื่อกวดขันวินัยจราจรในการจอกดรถบริเวณปากซอย"],"district":"บึงกุ่ม"},"geometry":{"type":"Point","coordinates":[100.64062,13.82647]}},{"type":"Feature","properties":{"title":"แยกถนนเจ้าคุณทหาร ตัดถนนฉลองกรุง","info":["ปี: 2566","เขต: ลาดกระบัง","สาเหตุ: 1) มีการขับรถข้าม Lane จราจร และบริเวณกลางทางเท้าเกาะกลาง มีรถจักรยานยนต์กลับรถ 2) หมุดสะท้อนแสงเสื่อมสภาพ/ชำรุด 3) Barrier พลาสติก และ กรวยพลาสติกเสื่อมสภาพ/ชำรุด 4) กรวยพลาสติกและยางรถยนต์ เสื่อมสภาพ/ชำรุด 5) เส้นจราจรและทางม้าลาย เสื่อมสภาพ/ชำรุด","แนวทางแก้ไข: 1) ติดตั้งหลักล้มลุกเพื่อป้องกันการขับรถข้าม Lane จราจร และติดตั้งไว้ 1 ตัว บริเวณกลางทางเท้าเกาะกลาง เพื่อป้องกันรถจักรยานยนต์กลับรถและก่อให้เกิดอุบัติเหตุ 2) ติดตั้งหมุดสะท้อนแสงหรือเทปสะท้อนแสง (Reflective sheeting) และปรับเปลี่ยนในจุดที่เกิดความเสียหาย 3) ปรับปรุงแก้ไขในส่วนของ Barrier พลาสติก และ กรวยพลาสติก เป็น Cushion Tank 4) ปรับเปลี่ยนกรวยพลาสติกและยางรถยนต์เป็นหลักล้มลุก 5) ปรับปรุงเส้นจราจรและทางม้าลาย"],"district":"ลาดกระบัง"},"geometry":{"type":"Point","coordinates":[100.79435,13.75051]}},{"type":"Feature","properties":{"title":"ประชาอุทิศ 90 (ถนนประชาอุทิศ)","info":["ปี: 2566","เขต: ทุ่งครุ","สาเหตุ: 1) บริเวณซอยประชาอุทิศ 90 มีลักษณะเป็นสามแยก ถนนขนาด 4 ช่อง มีสัญญาณไฟควบคุมช่องทางเดินรถ ในช่วงเวลาเร่งด่วน ตร.จร. จะเปิดสัญญาณไฟจัดแบ่งช่องจราจร (เปิดเลนพิเศษ) ทำให้รถที่เลี้ยวเข้ามาในซอยไม่ทันสังเกต ทำให้เกิดอุบัติเหตุเฉี่ยวชนกัน 2) เนื่องจากไฟแดงแยกประชาอุทิศ 90 มุ่งหน้าสมุทรปราการ เปิดให้เลนซ้ายผ่านตลอด 1 ช่องจราจร ผู้ใช้รถขับขี่ด้วยความเร็ว รถที่เลี้ยวขวาออกจากซอยประชาอุทิศ 90 พุ่งตัดกระแส ทำให้เกิดอุบัติเหตุเฉี่ยวชนกัน 3) ผิวถนนไม่เสมอกัน มีลักษณะเป็นเนินกลางแยก ผิวถนนมีความลื่น เสี่ยงต่อการเกิดอุบัติเหตุ 4) สีทางม้าลาย สีเส้นจราจร และเครื่องหมายบนพื้นทาง ซีดจาง 5) ผิวถนน บริเวณภายในซอยประชาอุทิศ 90 ชำรุด 6) สีขอบทางหลุดลอก 7) รถที่ออกจากทางออกกลุ่มอาคารพานิชย์ บริเวณใกล้แยกประชาอุทิศ 90 มักเลี้ยวขวาตัดกระแสรถที่เลี้ยวเข้าซอยซึ่งเลี้ยวมาด้วยความเร็ว","แนวทางแก้ไข: 1) เพิ่มป้ายประชาสัมพันธ์เวลาเปิด-ปิดสัญญาณไฟจัดแบ่งช่องจราจร (เปิดเลนพิเศษ) หรือใช้กรวยจราจรช่วยจัดระเบียบการเบี่ยงช่องจราจร ป้องกันอุบัติเหตุรถเฉี่ยวชนท้าย 2) ติดตั้งป้ายเตือนทางแยกและลดความเร็ว บริเวณก่อนถึงทางแยก 3) ปรับปรุงผิวถนนที่ชำรุด บริเวณถนนภายในซอยประชาอุทิศ 90 และบริเวณกลางแยก 4) ปรับปรุงสีเส้นจราจร ทางม้าลาย และเครื่องหมายบนพื้นทาง ที่ซีดจาง 5) ทาสีขอบทางใหม่ให้มองเห็นได้ชัด 6) ติดตั้งหลักล้มลุก บริเวณหน้าทางออกกลุ่มอาคารพานิชย์ บริเวณใกล้แยกประชาอุทิศ 90 เพื่อไม่ให้รถที่ออกมา เลี้ยวขวาตัดกระแสรถที่เลี้ยวเข้าซอย ป้องกันอุบัติเหตุรถเฉี่ยวชนกัน"],"district":"ทุ่งครุ"},"geometry":{"type":"Point","coordinates":[100.51066,13.61129]}},{"type":"Feature","properties":{"title":"ถนนเพชรเกษม 73/2 - เพชรเกษม 77","info":["ปี: 2566","เขต: หนองแขม","สาเหตุ: 1) สภาพผิวจราจรถนนเพชรเกษม ขรุขระ ไม่เรียบ ชำรุดเสียหาย 2) จักรยานยนต์ขับรถในช่องทางขวา ซึ่งเป็นช่องทางที่รถใช้ความเร็วสูง 3) การขับขี่ยานพาหนะด้วยความเร็วสูง","แนวทางแก้ไข: 1) ปรับปรุงพื้นผิวจราจรให้มีสภาพสมบูรณ์ 2) ประสานงานเจ้าหน้าที่ตำรวจจราจรในพื้นที่กวดขันวินัยจราจร 3) พิจารณาติดตั้งเส้นชะลอความเร็วพร้อมกับป้ายเตือนลดความเร็ว"],"district":"หนองแขม"},"geometry":{"type":"Point","coordinates":[100.36153,13.70694]}},{"type":"Feature","properties":{"title":"ถนนเอกชัย ตัดถนนกำนันแม้น (แยกวัดสิงห์)","info":["ปี: 2566","เขต: จอมทอง","สาเหตุ: 1) แยกวัดสิงห์ มีลักษณะเป็นทางแยกเยื้องกัน มีสัญญาณไฟจราจรแต่ไม่ได้เปิดใช้งานตลอดเวลา ทำให้ผู้ใช้รถต้องหาจังหวะในการเลี้ยว หรือตรงไป เกิดเป็นจุดขัดแย้ง 2) ผู้ใช้รถบนถนนเอกชัย (มุ่งหน้าสมุทรสาคร) ถูกเสาไฟฟ้าบดบังการมองเห็นด้านซ้ายทำให้ไม่เห็นรถที่ออกจากซอยเอกชัย 43 3) รถที่ออกจากซอยเอกชัย 43 (โดยเฉพาะ จยย.) ฝ่าฝืนป้ายห้ามเลี้ยวขวา ทำการเลี้ยวขวาออกจากซอย ทำให้เกิดการตัดกระแสรถทิศทางหลัก และถูกบดบังการมองเห็นด้านขวา 4) รถที่ออกจากที่ทำการไปรษณีย์ ฝ่าฝืนป้ายห้ามเลี้ยวขวา ทำการเลี้ยวขวาออกจากประตู ทำให้เกิดการตัดกระแสรถทิศทางหลัก","แนวทางแก้ไข: 1) พิจารณาเปิดใช้ไฟสัญญาณจราจร ในช่วงไม่มีเจ้าหน้าที่จัดการจราจร เพื่อจัดระเบียบการจราจร และลดจุดขัดแย้ง 2) ปรับปรุง ติดตั้งป้ายเตือนทางแยก/ป้ายระวังอุบัติเหตุ บนถนนเอกชัย และถนนกำนันแม้น 3) ปรับปรุง ติดตั้งป้ายห้ามเลี้ยวขวา บริเวณหน้าปากซอยเอกชัย 43 (หน้าทางออกที่ทำการไปรษณีย์)"],"district":"จอมทอง"},"geometry":{"type":"Point","coordinates":[100.44546,13.685]}},{"type":"Feature","properties":{"title":"ถนนประชาอุทิศ 33 และประชาอุทิศ 37","info":["ปี: 2566","เขต: ราษฎร์บูรณะ","สาเหตุ: 1) ถนนประชาอุทิศ เป็นถนนขนาด 4 ช่อง เกาะกลางเป็นเกาะสีสมมุติ สองข้างทางเป็นย่านธุรกิจและที่พักอาศัยหนาแน่น มีรถเข้า-ออกซอยตลอดเส้นทาง 2) บริเวณซอยประชาอุทิศ 33 มีลักษณะเป็นสามแยก มีการจัดช่วงเวลาการจอดรถริมทาง ซอยดังกล่าวสามารถใช้เป็นทางลัดออกไปสู่ซอยสุขสวัสดิ์ 64 และซอยประชาอุทิศ 61 ได้ ทำให้มีรถเข้า-ออกซอย","แนวทางแก้ไข: 1) พิจารณาติดตั้งหมุดสะท้อนแสงหรือเทปเส้นจราจรสะท้อนแสง บริเวณเกาะสีสมมุติ บนถนนประชาอุทิศ เพื่อให้ผู้ใช้รถมองเห็นในเวลากลางคืน และช่วยเตือนผู้ขับขี่ระมัดระวัง 2) เพิ่มป้ายจำกัดความเร็ว ให้ผู้ใช้รถเกิดความระมัดระวังและใช้ความเร็วให้เหมาะสมกับประเภทถนนในเขตชุมชน ป้องกันอุบัติเหตุรถเฉี่ยวชนกันระหว่างทางตรงกับรถที่เลี้ยวออกจากซอย 3) ติดตั้งป้ายเตือนทางแยกและระวังอุบัติเหตุ บริเวณก่อนถึงปากซอย 4) ทาสีขอบทางให้มองเห็นได้ชัด บริเวณปากซอย, ปรับปรุงสีเส้นจราจรที่ซีดจาง 5) ติดตั้งป้ายหยุด และระวังรถทางขวา บริเวณปากซอย 6) ปรับปรุงผิวจราจรภายในซอยประชาอุทิศ 33 7) ตีเส้นหยุดรถ, เครื่องหมายบนพื้นทาง และเส้นชะลอความเร็ว (Rumble Strips) บริเวณภายในซอยประชาอุทิศ 33 ก่อนถึงปากซอย เพื่อให้ผู้ใช้รถเกิดความระมัดระวัง และลดอุบัติเหตุรถเฉี่ยวชนกับรถทิศทางหลัก 8) กวดขันและควบคุมการจอดรถริมถนน (นอกช่วงเวลาอนุญาต) กีดขวางการจราจร (รถยนต์ส่วนตัว, รถแท็กซี่, รถจักรยานยนต์) เพื่อลดปัญหาจราจรติดขัด การเบี่ยงทิศทางการจราจร และอุบัติเหตุรถเฉี่ยวชนท้าย"],"district":"ราษฎร์บูรณะ"},"geometry":{"type":"Point","coordinates":[100.49942,13.65695]}},{"type":"Feature","properties":{"title":"บริเวณสะพานข้าม คลองทวีวัฒนาหลังโรงเรียนคลองทวีวัฒนา ถนนทวีวัฒนา","info":["ปี: 2566","เขต: ทวีวัฒนา","สาเหตุ: 1) รถจักรยานยนต์ขับขี่ใช้ทางสัญจรบนสะพานร่วมกับประชาชนเดินเท้าและสะพานมีลักษณะแคบทำให้หลีกเลี่ยงได้ยาก 2) รถที่ลงจากสะพานข้ามคลองทวีวัฒนาเลี้ยวขวาตัดกระแสจราจรทางตรง","แนวทางแก้ไข: 1) ติดตั้งเสาล้มลุกบริเวณเส้นเหลืองแบ่งช่องการจราจรถนนทวีวัฒนา 2) ตัดแต่งกิ่งไม้บริเวณข้างทางเพื่อไม่ให้บดบังระยะการมองเห็นของรถทั้งทางตรงและรถที่ลงจากสะพาน 3) ตีเส้นทีบแบ่งช่องจราจรบริเวณสะพานข้ามคลองทวีวัฒนา"],"district":"ทวีวัฒนา"},"geometry":{"type":"Point","coordinates":[100.3509,13.7551]}},{"type":"Feature","properties":{"title":"แยกซอยบางกระดี่ 35 แยก 1","info":["ปี: 2566","เขต: บางขุนเทียน","สาเหตุ: 1) แยกซอยบางกระดี่ 35 แยก 1 มีจำนวน 2 ช่องจราจร บริเวณนี้มีที่พักอาศัยหนาแน่น บ่อตกกุ้ง และมีโกดังสินค้าทำให้มีรถผ่านแยกดังกล่าวจำนวนมาก 2) ตอนกลางคืนบริเวณดังกล่าวมืด แสงสว่างไม่เพียงพอ 3) รถส่งสินค้าขับรถด้วยความเร็ว","แนวทางแก้ไข: 1) ติดตั้งไฟส่องสว่างบริเวณทางแยก เพื่อให้ผู้ใช้รถมองเห็นในเวลากลางคืน 2) ติดตั้งไฟกะพริบเตือนทางแยก 3) ติดตั้งกระจกโค้ง บริเวณทางแยก 4) จัดทำคันชะลอความเร็วเพื่อชะลอความเร็วรถที่สัญจรในซอย"],"district":"บางขุนเทียน"},"geometry":{"type":"Point","coordinates":[100.40569,13.61388]}},{"type":"Feature","properties":{"title":"สี่แยกรัชโยธิน (ถนนรัชดาภิเษก - ถนนพหลโยธิน)","info":["ปี: 2566","เขต: จตุจักร","สาเหตุ: บริเวณสี่แยกรัชโยธินมีรถที่มาจากซอยพหลโยธิน28 เชื่อมต่อบริเวณสี่แยกรัชโยธินพอดี เมื่อรถจากสี่แยกรัชโยธินเคลื่อนตัวตามสัญญาณไฟจราจร ถนนที่มาจากซอยพหลโยธิน28 ได้สัญจรมาเพื่อใช้ช่องจราจรทิศทางตรง(มุ่งหน้าถนนพหลโยธิน) หรือช่องจราจรทิศเลี้ยวขวา(มุ่งหน้าถนนรัชดาภิเษก) จึงทำให้เกิดการตัดกระแสจราจรกับรถเลี้ยวซ้ายมาจากสี่แยกรัชดาภิเษก จึงเกิดการชนขึ้น","แนวทางแก้ไข: 1) ติดตั้งสัญญาณไฟจราจร เพื่อควบคุมรถที่มาจากซอยพหลโยธิน28 ไม่ให้ตัดกระแสจราจรบริเวณสี่แยก 2) จัดทำเครื่องหมายจราจรบอกทิศทางบริเวณแยกรัชโยธินให้ชัดเจน"],"district":"จตุจักร"},"geometry":{"type":"Point","coordinates":[100.5681,13.82706]}},{"type":"Feature","properties":{"title":"ถนนเฉลิมพระเกียรติ ร.9 (หน้าสวนหลวง ร.9)","info":["ปี: 2566","เขต: ประเวศ","สาเหตุ: 1) ป้ายจราจรยังมีความชัดเจนไม่เพียงพอ 2) สีบริเวณไหล่ทางเดินเท้าเสื่อมสภาพ/ชำรุด 3) ไม่มีเส้นจราจรบอกทิศทางรถที่ชัดเจน 4) รั้วเหล็กมองเห็นไม่ชัดเจนในช่วงเวลากลางคืน 5) หมุดสะท้อนแสงเสื่อมสภาพ/ชำรุด","แนวทางแก้ไข: 1) แก้ไขและปรับปรุงป้ายจราจรให้เกิดความชัดเจน 2) ปรับปรุงสีบริเวณไหล่ทางเดินเท้า 3) ทำเส้นบอกทิศทาง และเส้นแบ่งช่องจราจร 4) ปรับเปลี่ยนรั้วเหล็กให้มองเห็นชัดเจนขึ้นในช่วงเวลากลางคืน หรือ เปลี่ยนไปเป็นการติดตั้ง Guard rail 5) ติดตั้งเทปสะท้อนแสง (Reflective sheeting)"],"district":"ประเวศ"},"geometry":{"type":"Point","coordinates":[100.65798,13.68815]}},{"type":"Feature","properties":{"title":"แยกห้วยขวาง (ถนนรัชดาภิเษก-ถนนประชาราษฎร์บำเพ็ญ)","info":["ปี: 2566","เขต: ดินแดง","สาเหตุ: การปล่อยสัญญาณไฟจราจรให้รถทางตรงในทิศ ตรง+เลี้ยวขวาในทิศมุ่งเหนือ (เส้นสีแดง) พร้อมกับ ทางตรง+เลี้ยวขวาในทิศมุ่งใต้ (เส้นสีเหลือง) ทำให้เกิดจุดตัดทิศทางการจราจรในการเดินรถเฟสเดียวกัน","แนวทางแก้ไข: ประสานตำรวจจราจรเพื่อปรับเฟสสัญญาณไฟจราจรให้สอดคล้องกับทิศทางการเดินรถที่เหมาะสม"],"district":"ดินแดง"},"geometry":{"type":"Point","coordinates":[100.5735,13.77843]}},{"type":"Feature","properties":{"title":"แยกจอมทอง ถนนจอมทองตัดถนนวุฒากาศ","info":["ปี: 2566","เขต: จอมทอง","สาเหตุ: 1) แยกจอมทอง ถนนจอมทองตัดถนนวุฒากาศ มีลักษณะเป็นสามแยก มีช่องจราจรฝั่งละ 4 ช่องจราจร การจัดการเดินรถแบบสวนทางกัน มีรถสัญจรจำนวนมากตลอดทั้งวัน 2) มีรถจักรยานยนต์จอดล้ำเส้นเข้ามาในพื้นที่ปลอดภัยทางแยก ทำให้รถที่เลี้ยวเข้าถนนวุฒากาศ และรถที่ออกจากถนนวุฒากาศไปถนนจอมทอง ชนกับรถจักรยานยนต์ที่จอดรออยู่ได้ 3) เส้นจราจรเริ่มเลือนลาง","แนวทางแก้ไข: 1) พิจารณาติดตั้งหมุดสะท้อนแสงหรือเทปเส้นจราจรสะท้อนแสง บริเวณเส้นแบ่งทิศทางจราจร เพื่อให้ผู้ใช้รถมองเห็นในเวลากลางคืน 2) กวดขันวินัยจราจรไม่ให้มีการจอดรถจักรยานยนต์ล้ำเส้นเข้ามาในพื้นที่ปลอดภัยทางแยก 3) ตีเส้นจราจรที่ลบเลือน"],"district":"จอมทอง"},"geometry":{"type":"Point","coordinates":[100.46727,13.69908]}},{"type":"Feature","properties":{"title":"พระราม 3 ซอย 64 - ใกล้โรงเรียนนนทรีวิทยา","info":["ปี: 2566","เขต: ยานนาวา","สาเหตุ: 1) มีการจอดรถขวางเส้นทางจราจร ในวลา 05.00-22.00 น. 2) จุดกลับรถสังเกตได้ยาก 3) มีรถวิ่งข้าม Lane จราจร","แนวทางแก้ไข: 1) ประสาน สน.ที่เกี่ยวข้องกวดขันเรื่องการจอดรถขวางเส้นทางจราจร เนื่องจากมีป้ายห้ามจอด เวลา 5.00-22.00 ติดตั้งไว้แล้ว 2) ติดตั้งป้ายบอกจุดกลับรถ 3) ติดตั้งหลักล้มลุกเพื่อป้องกันรถวิ่งข้าม Lane จราจร 4) ติดตั้งและปรับเปลี่ยนหมุดสะท้อนแสงหรือเทปสะท้อนแสง (Reflective sheeting) ที่มีความเสียหาย"],"district":"ยานนาวา"},"geometry":{"type":"Point","coordinates":[100.5457,13.70089]}},{"type":"Feature","properties":{"title":"แยกถนนนวมินทร์-รามอินทรา ตัดถนนนวมินทร์","info":["ปี: 2566","เขต: บึงกุ่ม","สาเหตุ: 1) ทางเข้าออกห้าง MaxValu อยู่ใกล้กับจุดกลับรถบริเวณทางแยก ทำให้รถที่ใช้ช่องทางดังกล่าวเลี้ยวเข้าห้างตัดกระแสจราจรกับรถที่เลี้ยวซ้ายจากฝั่งที่มาจากถนนกาญจนาภิเษก 2) การไม่เคารพกฎจราจร เนื่องจากแยกดังกล่าวหากมาจากด้านถนนกาญจนาภิเษกเพื่อจะเลี้ยวขวาไปยังถนนนวมินทร์ฝั่งมุ่งรามอินทรา จะต้องเลี้ยวซ้ายหรือข้ามสะพานเพื่อไปกลับรถ ผู้ขับขี่รถจักรยานยนต์จึงเลือกใช้การขับขี่ย้อนศร/ฝ่าฝืนสัญญาณไฟจราจร","แนวทางแก้ไข: 1) ประสานห้าง MaxValu ขอความร่วมมือปิดทางเข้าออกในช่องทางที่ใกล้กับจุดกลับรถ หรือปรับเปลี่ยนเป็นช่องทางออกแทน เพื่อลดการตัดกระแสในระยะกระชั้นชิด 2) ประสาน สน.โคกคราม กวดขันวินัยจราจร"],"district":"บึงกุ่ม"},"geometry":{"type":"Point","coordinates":[100.65422,13.81922]}},{"type":"Feature","properties":{"title":"ถนนประชาอุทิศ บริเวณประชาอุทิศ ซอย 79","info":["ปี: 2566","เขต: ทุ่งครุ","สาเหตุ: 1) ถนนประชาอุทิศ เป็นถนนขนาด 4 ช่อง เกาะกลางเป็นเกาะสีสมมุติ สองข้างทางเป็นย่านธุรกิจและที่พักอาศัยหนาแน่น มีรถเข้า-ออกซอยตลอดเส้นทาง 2) บริเวณซอยประชาอุทิศ 79 มีลักษณะเป็นสามแยก มีการจัดช่วงเวลาการจอดรถริมทาง ซอยดังกล่าวสามารถใช้เป็นทางลัดเข้าสู่ถนนสุขสวัสดิ์ได้ ทำให้มีรถเข้า-ออกซอยตลอดเวลา และรถที่ออกจากซอย พุ่งตัดกระแสจราจรของรถทิศทางหลัก","แนวทางแก้ไข: 1) พิจารณาติดตั้งหมุดสะท้อนแสงหรือเทปเส้นจราจรสะท้อนแสง บริเวณเกาะสีสมมุติ บนถนนประชาอุทิศ เพื่อให้ผู้ใช้รถมองเห็นในเวลากลางคืน 2) เพิ่มป้ายจำกัดความเร็ว ให้ผู้ใช้รถเกิดความระมัดระวังและใช้ความเร็วให้เหมาะสมกับประเภทถนนในเขตชุมชน ป้องกันอุบัติเหตุรถเฉี่ยวชนกันระหว่างทางตรงกับรถที่เลี้ยวออกจากซอย 3) ติดตั้งป้ายเตือนทางแยกและระวังอุบัติเหตุ บริเวณก่อนถึงปากซอย 4) ตรวจสอบไฟฟ้าส่องสว่าง/ตัดแต่งกิ่งไม้ที่บังแสง บริเวณทางแยกหน้าปากซอย ให้มีความสว่างเพียงพอเพื่อเพิ่มการมองเห็น 5) ทาสีขอบทางให้มองเห็นได้ชัด บริเวณปากซอย, ปรับปรุงสีเส้นจราจรที่ซีดจาง 6) ติดตั้งป้ายหยุด และระวังรถทางขวา บริเวณปากซอยต่างๆ 7) ปรับปรุงผิวจราจรภายในซอยประชาอุทิศ 79 8) ตีเส้นหยุดรถ, เครื่องหมายบนพื้นทาง, เส้นชะลอความเร็ว (Rumble Strips) และติดตั้งหมุดลูกแก้วสะท้อนแสง บริเวณภายในซอยประชาอุทิศ 79 ก่อนถึงปากซอย เพื่อให้ผู้ใช้รถเกิดความระมัดระวัง และลดอุบัติเหตุรถเฉี่ยวชนกับรถทิศทางหลัก 9) กวดขันและควบคุมการจอดรถริมถนน (นอกช่วงเวลาอนุญาต) กีดขวางการจราจร (รถยนต์ส่วนตัว, รถแท็กซี่, รถจักรยานยนต์) เพื่อลดปัญหาจราจรติดขัด การเบี่ยงทิศทางการจราจร และอุบัติเหตุรถเฉี่ยวชนท้าย"],"district":"ทุ่งครุ"},"geometry":{"type":"Point","coordinates":[100.5028,13.63416]}},{"type":"Feature","properties":{"title":"ซอยท่านหญิงพวงรัตน์ประไพ (สุขุมวิท 26)","info":["ปี: 2566","เขต: คลองเตย","สาเหตุ: 1) ติดตั้งป้ายระวังรถทางขวา - ซ้าย เพื่อให้รถที่ออกจากซอย หรือทางตรงรับรู้ 2) ติดตั้งกระจกเพื่อให้รถที่เข้า-ออกซอย และทางโค้ง เพื่อให้ผู้ใช้รถใช้ถนนได้รับรู้ในจุดที่มองเห็นไม่ได้ 3) ติดตั้งป้ายลดความเร็ว/จำกัดความเร็ว 4) ติดตั้งและปรับเปลี่ยนหมุดสะท้อนแสงที่มีความเสียหาย","แนวทางแก้ไข: 1) ติดตั้งป้ายระวังรถทางขวา - ซ้าย เพื่อให้รถที่ออกจากซอย หรือทางตรงรับรู้ 2) ติดตั้งกระจกเพื่อให้รถที่เข้า-ออกซอย และทางโค้ง เพื่อให้ผู้ใช้รถใช้ถนนได้รับรู้ในจุดที่มองเห็นไม่ได้ 3) ติดตั้งป้ายลดความเร็ว/จำกัดความเร็ว 4) ติดตั้งและปรับเปลี่ยนหมุดสะท้อนแสงหรือเทปสะท้อนแสง (Reflective sheeting) ที่มีความเสียหาย"],"district":"คลองเตย"},"geometry":{"type":"Point","coordinates":[100.57132,13.72497]}},{"type":"Feature","properties":{"title":"ถนนกำนันแม้น (กำนันแม้น ซอย 2 - กำนันแม้น ซอย 24)","info":["ปี: 2566","เขต: จอมทอง","สาเหตุ: 1) ถนนกำนันแม้น เป็นถนนขนาด 2 ช่องจราจร มีผู้อยู่อาศัยหนาแน่น ทำให้มีการจราจรหนาแน่น 2) ผู้ใช้รถ ใช้ความเร็วไม่เหมาะสมกับการใช้งานถนน และมีรถเข้า-ออกซอยตลอดเส้นทาง ทำให้เกิดอุบัติเหตุรถเฉี่ยวชนกัน บริเวณหน้าปากซอย 3) ระยะมองเห็นถูกบดบัง เนื่องจากซอยต่างๆ ส่วนใหญ่มีลักษณะเป็นซอยแคบ รถที่เลี้ยวออกจากซอย พุ่งตัดกระแสจราจรทิศทางหลัก","แนวทางแก้ไข: 1) ติดตั้งป้าย “หยุด” และ “ระวังรถทางขวา” บริเวณปากซอยต่างๆ เพื่อให้ผู้ใช้รถเกิดความระมัดระวัง และลดอุบัติเหตุรถเฉี่ยวชนกับรถทิศทางหลัก 2) ติดตั้งป้ายเตือนทางแยก บริเวณซอยกำนันแม้น 3 (จุดที่เกิดอุบัติเหตุบ่อย)"],"district":"จอมทอง"},"geometry":{"type":"Point","coordinates":[100.44381,13.68736]}},{"type":"Feature","properties":{"title":"ถนนบางบอน 3 (บางบอน 3 ซอย 3 - บางบอน 3 ซอย 5)","info":["ปี: 2566","เขต: บางบอน","สาเหตุ: 1) ถนนบางบอน 3 เป็นถนนขนาด 4 ช่องจราจร มีลักษณะเป็นทางตรงยาว เป็นเส้นทางเชื่อมระหว่างถนนเพชรเกษมกับถนนเอกชัย รถสัญจรบนถนนใช้ความเร็วสูง และถนนบางบอน 3 ซอย 5 เป็นเส้นทางที่สามารถเชื่อมไปสู่ถนนบางบอน 4 ได้ ทำให้มีรถสัญจรเข้า-ออก ตลอดเวลา 2) ปากทางถนนบางบอน 3 ซอย 5 ถูกบดบังการมองเห็นจากกำแพงบริเวณปากซอย ทำให้รถที่มุ่งหน้าถนนเอกชัยด้วยความเร็ว มองไม่เห็นรถที่กำลังออกจากซอย ทำให้มีความเสี่ยงเกิดอุบัติเหตุลักษณะชนท้าย 3) รถที่เลี้ยวขวาออกจากซอย 5 พุ่งตัดกระแสการจราจรทิศทางหลัก ทำให้มีความเสี่ยงเกิดอุบัติเหตุลักษณะชนด้านข้าง และชนท้าย 4) รถที่เลี้ยวซ้ายออกจากซอย 5 ต้องตีวงเลี้ยวกว้างถึงช่องจราจรด้านใน จึงมีการตัดกระแสการจราจรทิศทางหลัก ทำให้มีความเสี่ยงเกิดอุบัติเหตุลักษณะชนท้าย","แนวทางแก้ไข: 1) ติดตั้งป้ายจำกัดความเร็ว เพื่อให้ผู้ใช้รถชะลอความเร็วก่อนถึงทางแยก และเพื่อให้เหมาะสมกับการใช้ความเร็วในเขตเมือง 2) พิจารณาติดตั้งสัญญาณไฟจราจร บริเวณแยกถนนบางบอน 3 ซอย 5 เพื่อควบคุมจังหวะการจราจรบริเวณทางแยก"],"district":"บางบอน"},"geometry":{"type":"Point","coordinates":[100.38496,13.66775]}},{"type":"Feature","properties":{"title":"ถนนสาธุประดิษฐ์ 57","info":["ปี: 2566","เขต: ยานนาวา","สาเหตุ: 1) มีการจอดรถขวางเส้นทางจราจร เนื่องจากมีการจอดรถบริเวณทางโค้งไฟแดง ทำให้ช่องจราจรเหลือใช้งานเพียง 1 ช่อง 2) มีการจอดรถขวางเส้นทางจราจร เนื่องจากมีการจอดรถบริเวณทางโค้งไฟแดงและเป็นเส้นทึบทำให้รถที่ใช้ถนนต้องฝ่าฝืนวิ่งตัด Lane ทำให้เกิดอุบัติเหตุได้ 3) มีรถทางขวา - ซ้าย ไม่ระมัดระวัง 4) มีรถวิ่งข้าม Lane จราจร มีการจอดรถบริเวณเส้นทึบ 5) ความสว่างของแสงไฟใต้สะพานไม่เพียงพอ","แนวทางแก้ไข: 1) ประสาน สน.ที่เกี่ยวข้องกวดขันเรื่องการจอดรถขวางเส้นทางจราจร เนื่องจากมีการจอดรถบริเวณทางโค้งไฟแดง ทำให้ช่องจราจรเหลือใช้งานเพียง 1 ช่อง 2) ประสาน สน.ที่เกี่ยวข้องกวดขันเรื่องการจอดรถขวางเส้นทางจราจร เนื่องจากมีการจอดรถบริเวณทางโค้งไฟแดงและเป็นเส้นทึบทำให้รถที่ใช้ถนนต้องฝ่าฝืนวิ่งตัด Lane ทำให้เกิดอุบัติเหตุได้ 3) ติดตั้งป้ายระวังรถทางขวา - ซ้าย 4) ติดตั้งหลักล้มลุกเพื่อป้องกันรถวิ่งข้าม Lane จราจรา และเป็นการบังคับไม่ให้มีการจอดบริเวณเส้นทึบ 5) ตรวจสอบ/ปรับปรุงความสว่างของแสงไฟใต้สะพาน เนื่องจากมีเส้นทางเดินรถอยู่บริเวณกลางใต้สะพาน 6) ติดตั้งหมุดสะท้อนแสง (Road Stud) หรือเทปสะท้อนแสง (Reflective sheeting)"],"district":"ยานนาวา"},"geometry":{"type":"Point","coordinates":[100.5304,13.68053]}},{"type":"Feature","properties":{"title":"แยกถนนเพชรเกษม ตัดถนนเพชรเกษม 69","info":["ปี: 2566","เขต: หนองแขม","สาเหตุ: 1) แยกถนนเพชรเกษม เป็นถนนขนาด 8 ช่องจราจร ตัดกับถนนเพชรเกษม 69 มีลักษณะเป็นสามแยก (T- Intersection) มีรถสัญจรบนถนนเพชรเกษมเป็นจำนวนมาก และเข้า-ออกถนนเพชรเกษม 69 ตลอดเวลา เนื่องจากเป็นเส้นทางที่สามารถเชื่อมไปสู่ถนนเอกชัยได้ มีการควบคุมการจราจรบริเวณทางแยกด้วยสัญญาณไฟจราจร 2) ทางเข้าถนนเพชรเกษม 69 มีลักษณะเป็นคอขวด (ช่องขาเข้ามีเพียง 2 ช่องจราจร) ทำให้รถที่เลี้ยวซ้าย และเลี้ยวขวา จากถนนเพชรเกษม (สามารถเลี้ยวได้ 2 ช่องจราจร) มีการเบียดแทรกเข้าช่องจราจร (Merging) ทำให้เกิดการชะลอตัวของรถ และอุบัติเหตุเฉี่ยวชนกัน 3) ไม่มีเส้นนำทาง สำหรับเลี้ยวขวาจากถนนเพชรเกษม (มุ่งหน้าบางแค) เข้าถนนเพชรเกษม 69 สร้างความสับสนให้กับผู้ใช้รถ ทำให้มีปัญหาการชะลอความเร็วบริเวณทางเข้า 4) รถจักรยานยนต์ ฝ่าฝืนวินัยจราจร ฝ่าสัญญาณไฟจราจร เพื่อเลี้ยวขวา","แนวทางแก้ไข: 1) ติดตั้งป้าย เลี้ยวซ้ายเมื่อปลอดภัย บริเวณก่อนเลี้ยวซ้ายเข้าถนนเพชรเกษม 69 เพื่อให้รถชะลอความเร็วก่อนเลี้ยวซ้าย และลดการเบียดแทรกเข้าช่องจราจร บริเวณปากทางเข้าถนนเพชรเกษม 69 ซึ่งเป็นจุดคอขวด 2) ตีเส้นนำทาง สำหรับเลี้ยวขวาจากถนนเพชรเกษม (มุ่งหน้าบางแค) เข้าถนนเพชรเกษม 69 เพื่อช่วยลดความสับสนให้กับผู้ใช้รถ และช่วยให้ผู้ใช้รถเลี้ยวเข้าถูกช่องจราจร ลดปัญหาการเปลี่ยนช่องจราจรในระยะกระชั้นชิด และการเบียดแทรกเข้าช่องจราจร 3) กวดขันวินัยจราจร การฝ่าฝืนสัญญาณไฟ"],"district":"บางแค"},"geometry":{"type":"Point","coordinates":[100.37383,13.70787]}},{"type":"Feature","properties":{"title":"ถนนคู้บอน ปากซอยคู้บอน 28","info":["ปี: 2566","เขต: คันนายาว","สาเหตุ: 1) ลักษณะทางกายภาพบริเวณจุดที่มีผู้เสียชีวิต เนื่องจากปากซอยคู้บอน 28 อยู่บริเวณเชิงลาดสะพานข้ามคลองคู้บอน ซึ่งสะพานดังกล่าวมีลักษณะเป็นทางโค้ง และมีความลาดชันมาก ส่งผลให้รถที่ออกจากซอยดังกล่าวมองไม่เห็นรถที่ลงจากสะพาน เนื่องจากมีระยะมองเห็นไม่เพียงพอ ในขณะเดียวกันรถที่ลงจากสะพานก็มองไม่เห็นรถที่เตรียมจะออกจากซอยคู้บอน 28 เนื่องจากบริเวณปากซอยดังกล่าวมีการปลูกต้นไม้ ติดป้ายโฆษณา และผ้าใบกันแดดของร้านค้า ทำให้บดบังทัศนวิสัย และผู้ขับขี่มาจากถนนคู้บอนมักจะฝ่าฝืนกฎจราจร เลี้ยวขาวตัดกระแสจราจรบริเวณเชิงลาดสะพานเพื่อเข้าซอยคู้บอน 28 และผู้ขับขี่ที่ออกจากซอยดังกล่าวมักจะลักลอบเลี้ยวขวาตัดกระแสจราจรเพื่อข้ามสะพาน ด้วยความลาดชันของสะพานส่งผลให้มีระยะมองเห็นไม่เพียงพอ รถที่ลงจากสะพานจึงไม่ทันระวังรถที่ตัดกระจราจรเป็นสาเหตุให้เกิดอุบัติเหตุรถเชี่ยวชน 2) บริเวณทางแยกปากซอยคู้บอน 27 ผู้ขับขี่จักรยานยนต์จอดนอกพื้นที่รอหยุดรถสำหรับจักรยานและจักรยานยนต์บริเวณทางแยกขณะรอไฟสัญญาณและรออกตัวจากทางแยก","แนวทางแก้ไข: 1) ติดตั้งแบริเออเป็นแนวกั้นรถไม่ให้ตัดกระแส บริเวณเกาะสีสมมุติเชิงลาดสะพาน 2) จัดทำเส้นชะลอความเร็วทางลงสะพานข้ามคลองคู้บอน 3) ติดตั้งป้ายลดความเร็วและป้ายเตือนทางแยก บริเวณทางลงสะพานข้ามคลองคูบอนก่อนถึงแยกซอยคู้บอน 28 4) ติดตั้งหลักล้มลุกพลาสติกสะท้อนแสง บริเวณทางแยกปากซอยคู้บอน 27 5) ขอความร่วมมือสถานีตำรวจท้องที่ (สน.คันนายาว) กวดขันวินัยจราจรบริเวณทางแยกปากซอยคู้บอน 27"],"district":"คันนายาว"},"geometry":{"type":"Point","coordinates":[100.67026,13.8523]}},{"type":"Feature","properties":{"title":"แยกพระโขนง (ถนนสุขุมวิท ตัดถนนพระรามที่ 4)","info":["ปี: 2566","เขต: คลองเตย","สาเหตุ: 1) มีการจอดรถบริเวณทางม้าลายและเกาะกลางสี 2) รถทางขวา - ซ้าย ตัดกระแสจราจร 3) รถวิ่งด้วยความเร็วเกินกำหนด 4) มีคนเดินข้ามถนนจากซอยอยู่บ่อยครั้ง 5) มีการจอดรถบริเวณเกาะกลางสี","แนวทางแก้ไข: 1) ประสาน สน.ที่เกี่ยวข้องกวดขันเรื่องการจอดรถบริเวณทางม้าลายและเกาะกลางสี 2) ติดตั้งป้ายระวังรถทางขวา - ซ้าย 3) ติดตั้งป้ายลดความเร็ว 4) ทำทางม้าลายสำหรับเดินข้าม และยังทำให้รถในซอยชะลอความเร็วเมื่อเห็นก่อนออกจากซอย 5) ติดตั้งหลักล้มลุกเพื่อป้องกันการจอดรถบริเวณเกาะกลางสี 6) ติดตั้งหมุดสะท้อนแสง (Road Stud) หรือเทปสะท้อนแสง (Reflective sheeting)"],"district":"คลองเตย"},"geometry":{"type":"Point","coordinates":[100.59261,13.71427]}},{"type":"Feature","properties":{"title":"ถนนสรงประภา ตัดสรงประภาซอย5","info":["ปี: 2566","เขต: ดอนเมือง","สาเหตุ: จุดกลับรถบนถนนสรงประภาตรงกับทางเชื่อมทั้ง 2 ฝั่ง คือ ซอยสรงประภา5 และซอยสรงประภา10 ทำให้บริเวณดังกล่าวมีลักษณะเป็นสี่แยกที่ไม่มีสัญญาณไฟจราจรคอยควบคุม โดยปกติจุดกลับรถเป็นจุดเสี่ยงที่มักเกิดอุบัติเหตุทางถนนอยู่บ่อยครั้ง เนื่องจากความประมาทของผู้ขับขี่ ที่มักจะไม่หยุดรถรอในจุดที่กำหนดและเลื่อนรถไปกีดขวางช่องจราจรทางตรง หรือประเมินระยะทางกับความเร็วของการออกรถกับรถที่วิ่งตรงผิดพลาด จึงเป็นสาเหตุให้เกิดอุบัติเหตุรถชนขึ้นได้ ประกอบกับรถจักรยานยนต์จำนวนมากที่ใช้จุดกลับรถดังกล่าว มักจะมีพฤติกรรมลักลอบตัดกระแสจราจรรถทางตรงเพื่อเข้า-ออกซอยสรงประภา 5 และซอยสรงประภา10 เป็นประจำ จึงเกิดอุบัติเหตุรถเฉี่ยวชนที่จุดกลับรถดังกล่าวบ่อยครั้ง","แนวทางแก้ไข: 1) ติดตั้งแบริเออร์บริเวณจุดกลับรถเพื่อกั้นมิให้ผู้ขับขี่ลักลอบใช้จุดกลับรถดังกล่าวตัดกระแสจราจรรถทางตรง เพื่อเข้า-ออกซอยสรงประภา5 และซอยสรงประภา10 2) ติดตั้งป้ายห้ามเลี้ยวขวาที่ปากซอยสรงประภา5 และซอยสรงประภา10 3) กวดขันวินัยจราจร เช่น การตรวจจับปรับผู้ที่ฝ่าฝืนกฎจราจรขับขี่ย้อนศร จอดบริเวณพื้นที่ห้ามจอด (สน.ดอนเมือง)"],"district":"ดอนเมือง"},"geometry":{"type":"Point","coordinates":[100.59231,13.92543]}},{"type":"Feature","properties":{"title":"ถนนเพชรเกษมตัดถนนมาเจริญ (ซอยเพชรเกษม81)","info":["ปี: 2566","เขต: หนองแขม","สาเหตุ: 1) ถนนเพชรเกษม เป็นถนนขนาด 6 ช่องจราจร ตัดกับมาเจริญ (ซอยเพชรเกษม81) มีลักษณะเป็นสามแยก (T- Intersection) มีรถสัญจรบนถนนเพชรเกษมเป็นจำนวนมาก และเข้า-ออกถนนมาเจริญตลอดเวลา เนื่องจากเป็นเส้นทางที่สามารถเชื่อมไปสู่ถนนเอกชัยได้ มีการควบคุมการจราจรบริเวณทางแยกด้วยสัญญาณไฟจราจร 2) รถที่ออกจากถนนมาเจริญ ฝ่าผืนวินัยจราจร เลี้ยวขวาเข้าสู่ถนนเพชรเกษม ตัดกระแสรถจากทิศทางหลัก (บนถนนเพชรเกษม) ที่ขับขี่มาด้วยความเร็ว ทำให้มีการเกิดอุบัติเหตุเฉี่ยวชนกันลักษณะชนด้านข้าง และชนท้าย 3) เครื่องหมายจราจรบนพื้นทาง และทางม้าลายซีดจาง สร้างความสับสนให้กับผู้ใช้รถ","แนวทางแก้ไข: 1) ติดตั้งป้ายห้ามเลี้ยวขวา บริเวณปากทางถนนมาเจริญ (ซอยเพชรเกษม81) 2) สนับสนุนกรวยจราจร มอบให้ สน.ท้องที่ เพื่อใช้ในการจัดการจราจร บริเวณปากซอยเพชรเกษม81 3) ปรับปรุงทางข้ามม้าลาย และเครื่องหมายบนพื้นทางให้ชัดเจน เพื่อช่วยลดความสับสน และช่วยในการตัดสินใจของผู้ขับขี่ ลดปัญหาการชะลอความเร็วบริเวณใกล้แยก หรือการเปลี่ยนช่องจราจรในระยะกระชั้นชิด 4) กวดขันวินัยจราจร การฝ่าฝืนสัญญาณไฟ และการฝ่าฝืนป้ายห้ามเลี้ยวขวา"],"district":"หนองแขม"},"geometry":{"type":"Point","coordinates":[100.34326,13.70543]}},{"type":"Feature","properties":{"title":"แยกบางพลัด และอุโมงค์บางพลัด","info":["ปี: 2566","เขต: บางพลัด","สาเหตุ: 1) ผู้ใช้รถมีการกลับรถบริเวณปากทางขึ้น-ลงอุโมงค์ทางลอดแยกบางพลัด ทำให้มีการตัดกระแสรถทิศทางหลัก และเสี่ยงอันตรายต่อผู้ใช้รถสัญจรภายในอุโมงค์ เสี่ยงเกิดอุบัติเหตุลักษณะชนด้านข้าง และชนท้าย 2) ผู้ใช้รถเบี่ยง เปลี่ยนช่องจราจรในระยะกระชั้นชิด บริเวณทางลงอุโมงค์ทางลอดแยกบางพลัด ทำให้มีการตัดกระแสรถทิศทางหลัก เสี่ยงเกิดอุบัติเหตุลักษณะชนท้าย 3) การใช้ความเร็วสูงของผู้ใช้รถภายในอุโมงค์ มีการเบียดแซง และเบี่ยงหลบ เสี่ยงต่อการเกิดอุบัติเหตุเฉี่ยวชนกันภายในอุโมงค์","แนวทางแก้ไข: 1) ติดตั้งหลักล้มลุก บริเวณทางลงอุโมงค์ทางลอดแยกบางพลัด เพื่อลดปัญหาการเปลี่ยนช่องจราจรในระยะกระชั้นชิด และการกลับรถบริเวณปากทางขึ้น-ลงอุโมงค์ 2) พิจารณาติดตั้ง Lane Divider หรือหลักล้มลุก แบ่งช่องการจราจร ภายในอุโมงค์ทางลอดแยกบางพลัด และป้องกันการเบียดแซงกัน และเปลี่ยนช่องจราจรภายในอุโมงค์ 3) ติดตั้งป้ายควบคุมความเร็ว บริเวณก่อนทางเข้าอุโมงค์ เพื่อให้ผู้ใช้รถชะลอความเร็วและเตรียมปรับสายตา ก่อนเข้าอุโมงค์ ป้องกันสภาวะตาพร่ามัวชั่วขณะ และเพื่อให้เหมาะสมกับการใช้ความเร็วในเขตเมือง"],"district":"บางพลัด"},"geometry":{"type":"Point","coordinates":[100.49436,13.78449]}},{"type":"Feature","properties":{"title":"ถนนประชาอุทิศ ตัดถนนครุใน","info":["ปี: 2566","เขต: ทุ่งครุ","สาเหตุ: 1) ปัญหารถจักรยานยนต์ฝ่าฝืนสัญญาณไฟจราจร การจอดล้ำเส้นแนวหยุดบริเวณแยก 2) บริเวณปากซอยประชาอุทิศ 99 มีเครื่องหมายจราจรบนพื้นทางไม่เหมาะสมทำให้รถที่ออกจากซอยเลี้ยวขวาตัดกระแสจราจรทางตรง 3) รอบสัญญาณไฟจราจรไม่สอดคล้องกับปริมาณการจราจร ทำให้รถต้องเบี่ยงซ้ายเพื่อตรงผ่านแยก","แนวทางแก้ไข: 1) ประสานตำรวจจราจรในพื้นที่กวดขันวินัยจราจร 2) ปรับปรุงป้ายจราจร, เครื่องหมายจราจรบนพื้นทางให้มีความเหมาะสมและชัดเจน 3) ปรับปรุงเฟสสัญญาณไฟจราจรให้เหมาะสมกับปริมาณการจราจร"],"district":"ทุ่งครุ"},"geometry":{"type":"Point","coordinates":[100.51033,13.62246]}},{"type":"Feature","properties":{"title":"ถนนสมเด็จพระเจ้าตากสิน (ตั้งแต่สมเด็จพระเจ้าตากสิน 40 - 44)","info":["ปี: 2566","เขต: ธนบุรี","สาเหตุ: 1) บริเวณจุดกลับรถปากซอยสมเด็จพระเจ้าตากสิน 42 ขาดเส้นเกาะสีสมมุติที่เป็นแนวในการกลับรถ 2) บริเวณปากซอยสมเด็จพระเจ้าตากสิน 42/1 มีร้านค้าตั้งขายของริมทางเท้าทำให้บดบังการมองเห็นของรถที่ออกจากซอย 3) บริเวณทางลงอุโมงค์ลอดถนนพระราม 3 ช่วงต่างระดับ ขาดอุปกรณ์เตือนในระยะไกล ทำให้ผู้ใช้รถชนเกาะเชิงลาด 4) บริเวณสะพานข้ามคลองบางสะแกมีลักษณะเป็นทางขึ้นเนินสะพาน เมื่อข้ามสะพานแล้วจะถึงบริเวณซอยสมเด็จพระเจ้าตากสิน 44 หากผู้ขับขี่ใช้ความเร็วสูงมีโอกาสเฉี่ยวชนกับรถที่ออกจากซอยได้","แนวทางแก้ไข: 1) ติดตั้งหลักล้มลุกและซ่อมอุปกรณ์ดูดซับแรงกระแทก(Crash Cushion) ทางลงอุโมงค์ 2) ประสานเจ้าหน้าที่ตำรวจจราจรในพื้นที่กวดขันวินัยจราจร การจอดรถริมทาง การใช้ความเร็วเกินกำหนด การหยุดรถรอสัญญาณไฟบริเวณแยก 3) ประสานสำนักงานเขตจัดระเบียบการค้าขายบริเวณทางเท้า หรือติดตั้งกระจกโค้งเพื่อช่วยเพิ่มระยะการมองเห็นบริเวณปากซอย"],"district":"ธนบุรี"},"geometry":{"type":"Point","coordinates":[100.48404,13.70029]}},{"type":"Feature","properties":{"title":"ถนนเอกชัย บริเวณเอกชัย 10 ถึงเอกชัย 16","info":["ปี: 2566","เขต: จอมทอง","สาเหตุ: 1) ถนนเอกชัย เป็นถนนขนาด 4 ช่องจราจร สองข้างทางเป็นย่านร้านค้าและที่อยู่อาศัย มีประชากรอาศัยอยู่หนาแน่น ทำให้มีรถเข้า-ออกตามซอยตลอดเวลา มีการจัดช่วงเวลาการจอดรถริมทาง 2) รถที่ออกจากซอยพุ่งตัดกระแสจราจรของรถทิศทางหลักที่ขับขี่มาด้วยความเร็ว ทำให้เกิดอุบัติเหตุเฉี่ยวชนกันลักษณะชนด้านข้าง และชนท้าย","แนวทางแก้ไข: 1) เพิ่มป้ายควบคุมความเร็วหรือเครื่องหมายจำกัดความเร็วบนพื้นทาง ให้ผู้ใช้รถเกิดความระมัดระวังและใช้ความเร็วให้เหมาะสมกับประเภทถนนในเขตชุมชน ป้องกันอุบัติเหตุรถเฉี่ยวชนกันระหว่างทางตรงกับรถที่เลี้ยวออกจากซอย 2) ติดตั้งป้ายเตือนทางแยกและระวังอุบัติเหตุ บริเวณก่อนถึงปากซอย เพื่อให้ผู้ใช้รถเกิดความระมัดระวัง และลดอุบัติเหตุรถเฉี่ยวชนกับรถทิศทางหลัก 3) ติดตั้งป้ายหยุด และระวังรถทางขวา บริเวณปากซอย เพื่อให้ผู้ใช้รถเกิดความระมัดระวังก่อนเลี้ยวออกจากซอย และลดอุบัติเหตุรถเฉี่ยวชนด้านข้าง 4) กวดขันและควบคุมการจอดรถริมถนน (นอกช่วงเวลาอนุญาต) กีดขวางการจราจร (รถยนต์ส่วนตัว, รถแท็กซี่, รถจักรยานยนต์) เพื่อลดปัญหาจราจรติดขัด การเบี่ยงทิศทางการจราจร และอุบัติเหตุรถเฉี่ยวชนท้าย 5) ตรวจสอบไฟฟ้าส่องสว่าง บริเวณทางแยกหน้าปากซอย ให้มีความสว่างเพียงพอ เพื่อเพิ่มการมองเห็นในเวลากลางคืน"],"district":"จอมทอง"},"geometry":{"type":"Point","coordinates":[100.46002,13.69863]}},{"type":"Feature","properties":{"title":"ถนนสมเด็จพระเจ้าตากสิน (ตั้งแต่สมเด็จพระเจ้าตากสิน 11- 21)","info":["ปี: 2566","เขต: ธนบุรี","สาเหตุ: 1) ถนนสมเด็จพระเจ้าตากสิน เป็นถนนขนาด 8 ช่องจราจร สองข้างทางเป็นย่านธุรกิจ ร้านค้า และชุมชนที่อยู่อาศัย ทำให้มีประชากรอาศัยอยู่หนาแน่น มีรถเข้า-ออกซอยตลอดเวลา และมีการจอดรถริมข้างทาง เกิดการเบี่ยงทิศทางการจราจร จึงมักมีอุบัติเหตุลักษณะรถเฉี่ยวชนท้าย 2) บริเวณหน้าซอยสมเด็จพระเจ้าตากสิน 15 และที่ทำการไปรษณีย์สำเหร่ เป็นจุดกลับรถ มักมีรถที่ออกจากซอยเพื่อข้ามฝั่งไปอีกช่องทาง เนื่องจากไม่อยากไปกลับรถที่จุดกลับรถต่อไปซึ่งห่างออกไปประมาณ 900 เมตร (บริเวณอุโมงค์แยกมไหสวรรย์) และรถที่ต้องการเลี้ยวขวาเข้าซอยสมเด็จพระเจ้าตากสิน 15 พุ่งตัดกระแสจราจรของรถทิศทางหลัก ทำให้เกิดอุบัติเหตุเฉี่ยวชนกันลักษณะชนด้านข้าง 3) ถนนมีขนาดกว้างทำให้ผู้ใช้รถขับขี่รถด้วยความเร็ว มีการติดป้ายควบคุมความเร็วของรถแต่ละประเภทไว้ บริเวณปากซอยสมเด็จพระเจ้าตากสิน 15 แต่ถูกบดบังทำให้ผู้ใช้ถนนมองเห็นไม่ชัดเจน","แนวทางแก้ไข: 1) กวดขันและควบคุมการจอดรถริมถนนกีดขวางการจราจร (รถยนต์ส่วนตัว, รถแท็กซี่, รถจักรยานยนต์) เพื่อลดปัญหาจราจรติดขัด การเบี่ยงทิศทางการจราจร และอุบัติเหตุรถเฉี่ยวชนท้าย 2) ติดตั้งป้ายเตือนทางแยกและระวังอุบัติเหตุ บริเวณก่อนถึงปากซอย เพื่อให้ผู้ใช้รถเกิดความระมัดระวัง และลดอุบัติเหตุรถเฉี่ยวชนกับรถทิศทางหลัก 3) ปรับปรุงภูมิทัศน์บริเวณปากซอยสมเด็จพระเจ้าตากสิน 15 หรือเคลื่อนย้ายป้ายควบคุมความเร็วให้ผู้ใช้รถมองเห็นป้ายได้อย่างชัดเจน เพื่อให้ผู้ใช้รถตระหนักระมัดระวังและใช้ความเร็วให้เหมาะสมกับประเภทถนน 4) ทดลองจัดระเบียบการจราจรบริเวณซอยสมเด็จพระเจ้าตากสิน 15 ด้วยสัญญาณไฟจราจรเขียว-แดง และเส้นจราจรให้สอดคล้องกับกายภาพ การเลี้ยวเข้าซอย"],"district":"ธนบุรี"},"geometry":{"type":"Point","coordinates":[100.48919,13.71472]}},{"type":"Feature","properties":{"title":"ถนนพรานนก ตัดถนนอิสรภาพ","info":["ปี: 2566","เขต: บางกอกน้อย","สาเหตุ: 1) แยกพรานนกตัดถนนอิสรภาพ จากถนนพรานนกเข้าแยก มีจำนวน 4 ช่องจราจร มุ่งหน้าถนนวังหลัง 2 ช่องจราจร มีลักษณะแยกเยื้องกัน ฝั่งขาออกมีจำนวน 2 ช่องจราจร ไป 3 ช่องจราจร แบ่งเกาะกลางด้วยเกาะกลางปลูกต้นไม้ ถนนอิสรภาพ มีจำนวน 4 ช่องจราจร เกาะกลางเป็นเกาะสีสมมุติ สี่แยกนี้เป็นย่านธุรกิจ ร้านค้า ตลาด และที่พักอาศัยหนาแน่น มีรถผ่านแยกดังกล่าวหนาแน่นตลอดทั้งวัน 2) มีรถจักรยานยนต์จอดล้ำเส้นทางข้าม ทำให้ประชาชนข้ามได้ยาก และมีการขับฝ่าฝืนสัญญาณไฟจราจร","แนวทางแก้ไข: 1) พิจารณาติดตั้งลูกแก้วสะท้อนแสงหรือเทปเส้นจราจรสะท้อนแสง บริเวณหัวเกาะฝั่งตรงข้ามถนนอิสรภาพ และติดตั้งหมุดสะท้อน แสงบริเวณเส้นแบ่งทิศทางการจราจร ฝั่งถนนวังหลัง เพื่อให้ผู้ใช้รถมองเห็นในเวลากลางคืน 2) กวดขันและควบคุมการจอดรถริมถนน (นอกช่วงเวลาอนุญาต) กีดขวางการจราจร (รถยนต์ส่วนตัว, รถแท็กซี่, รถจักรยานยนต์) เพื่อลดปัญหาจราจรติดขัด การเบี่ยงทิศทางการจราจร และอุบัติเหตุรถเฉี่ยวชนท้าย"],"district":"บางกอกน้อย"},"geometry":{"type":"Point","coordinates":[100.47798,13.75556]}},{"type":"Feature","properties":{"title":"ซอยมีสุวรรณ 3 แยก 10 (ซอยจุฬาพรประสิทธิ์/ ถนนปรีดีพนมยงค์ 36)","info":["ปี: 2566","เขต: วัฒนา","สาเหตุ: 1) รถทางขวา - ซ้าย ไม่ระวังกัน 2) มีรถวิ่งตัดกระแสกัน 3) มีการการจราจรกินพื้นที่ Lane","แนวทางแก้ไข: 1) ติดตั้งป้ายระวังรถทางขวา - ซ้าย 2) ทำเส้นแบ่งช่อง และทิศทางการจราจร 3) ติดตั้งหลักล้มลุกเพื่อป้องกันการการจราจรกินพื้นที่ Lane และแสดงให้เห็นถึงทิศทางการจราจร 4) ติดตั้งหมุดสะท้อนแสง (Road Stud) หรือเทปสะท้อนแสง (Reflective sheeting)"],"district":"วัฒนา"},"geometry":{"type":"Point","coordinates":[100.6003,13.71537]}},{"type":"Feature","properties":{"title":"ประชาอุทิศ (ตั้งแต่ประชาอุทิศ39 - ประชาอุทิศ 47)","info":["ปี: 2566","เขต: ทุ่งครุ","สาเหตุ: 1) ถนนประชาอุทิศ เป็นถนนขนาด 4 ช่อง เกาะกลางเป็นเกาะสีสมมุติ สองข้างทางเป็นย่านธุรกิจสถานศึกษา และที่พักอาศัยหนาแน่น มีรถเข้า-ออกซอยตลอดเส้นทาง 2) บริเวณซอยประชาอุทิศ 45 มีลักษณะเป็นสามแยก มีการจัดช่วงเวลาการจอดรถริมทาง ซอยดังกล่าวอยู่ใกล้กับสถานศึกษา (มจธ.) และสามารถใช้เป็นทางเชื่อมเข้าสู่ซอยประชาอุทิศ 55 ทำให้มีรถเข้า-ออกซอยตลอดเวลา และรถที่ออกจากซอย พุ่งตัดกระแสจราจรของรถทิศทางหลัก","แนวทางแก้ไข: 1) พิจารณาติดตั้งหมุดสะท้อนแสงหรือเทปเส้นจราจรสะท้อนแสง บริเวณเกาะสีสมมุติ บนถนนประชาอุทิศ เพื่อให้ผู้ใช้รถมองเห็นในเวลากลางคืน 2) เพิ่มป้ายจำกัดความเร็ว ให้ผู้ใช้รถเกิดความระมัดระวังและใช้ความเร็วให้เหมาะสมกับประเภทถนนในเขตชุมชน ป้องกันอุบัติเหตุรถเฉี่ยวชนกันระหว่างทางตรงกับรถที่เลี้ยวออกจากซอย 3) ติดตั้งป้ายเตือนทางแยกและระวังอุบัติเหตุ บริเวณก่อนถึงปากซอย 4) ตรวจสอบไฟฟ้าส่องสว่าง/ตัดแต่งกิ่งไม้ที่บังแสง บริเวณทางแยกหน้าปากซอย ให้มีความสว่างเพียงพอเพื่อเพิ่มการมองเห็น 5) ทาสีขอบทางให้มองเห็นได้ชัด บริเวณปากซอย, ปรับปรุงสีเส้นจราจรที่ซีดจาง 6) ติดตั้งป้ายหยุด และระวังรถทางขวา บริเวณปากซอยต่างๆ 7) ปรับปรุงผิวจราจรบริเวณปากซอยประชาอุทิศ 45 8) ตีเส้นหยุดรถ, เครื่องหมายบนพื้นทาง, เส้นชะลอความเร็ว (Rumble Strips) บริเวณภายในซอยประชาอุทิศ 45 ก่อนถึงปากซอย เพื่อให้ผู้ใช้รถเกิดความระมัดระวัง และลดอุบัติเหตุรถเฉี่ยวชนกับรถทิศทางหลัก 9) กวดขันและควบคุมการจอดรถริมถนน (นอกช่วงเวลาอนุญาต) กีดขวางการจราจร (รถยนต์ส่วนตัว, รถแท็กซี่, รถจักรยานยนต์) เพื่อลดปัญหาจราจรติดขัด การเบี่ยงทิศทางการจราจร และอุบัติเหตุรถเฉี่ยวชนท้าย"],"district":"ทุ่งครุ"},"geometry":{"type":"Point","coordinates":[100.49684,13.6514]}},{"type":"Feature","properties":{"title":"ถนนเอกชัย บริเวณเอกชัย 23 ถึงเอกชัย 35","info":["ปี: 2566","เขต: จอมทอง","สาเหตุ: 1) ถนนเอกชัย เป็นถนนขนาด 4 ช่องจราจร สองข้างทางเป็นย่านร้านค้าและที่อยู่อาศัย มีประชากรอาศัยอยู่หนาแน่น ทำให้มีรถเข้า-ออกตามซอยตลอดเวลา มีการจัดช่วงเวลาการจอดรถริมทาง 2) รถที่ออกจากซอยพุ่งตัดกระแสจราจรของรถทิศทางหลักที่ขับขี่มาด้วยความเร็ว ทำให้เกิดอุบัติเหตุเฉี่ยวชนกันลักษณะชนด้านข้าง และชนท้าย","แนวทางแก้ไข: 1) เพิ่มเครื่องหมายจำกัดความเร็วบนพื้นทาง (50 กม.) ให้ผู้ใช้รถเกิดความระมัดระวังและใช้ความเร็วให้เหมาะสมกับประเภทถนนในเขตชุมชน ป้องกันอุบัติเหตุรถเฉี่ยวชนกันระหว่างทางตรงกับรถที่เลี้ยวออกจากซอย 2) ติดตั้งป้ายเตือนทางแยกและระวังอุบัติเหตุ บริเวณก่อนถึงปากซอย เพื่อให้ผู้ใช้รถเกิดความระมัดระวัง และลดอุบัติเหตุรถเฉี่ยวชนกับรถทิศทางหลัก 3) ติดตั้งป้ายหยุด และระวังรถทางขวา บริเวณปากซอย เพื่อให้ผู้ใช้รถเกิดความระมัดระวังก่อนเลี้ยวออกจากซอย และลดอุบัติเหตุรถเฉี่ยวชนด้านข้าง 4) กวดขันและควบคุมการจอดรถริมถนน (นอกช่วงเวลาอนุญาต) กีดขวางการจราจร (รถยนต์ส่วนตัว, รถแท็กซี่, รถจักรยานยนต์) เพื่อลดปัญหาจราจรติดขัด การเบี่ยงทิศทางการจราจร และอุบัติเหตุรถเฉี่ยวชนท้าย 5) ตรวจสอบไฟฟ้าส่องสว่าง บริเวณทางแยกหน้าปากซอย ให้มีความสว่างเพียงพอ เพื่อเพิ่มการมองเห็นในเวลากลางคืน 6) ปรับปรุงสีทางข้ามม้าลายที่ซีดจาก บริเวณปากซอยเอกชัย 23"],"district":"จอมทอง"},"geometry":{"type":"Point","coordinates":[100.45468,13.69194]}},{"type":"Feature","properties":{"title":"ปากซอยคู้บอน 6","info":["ปี: 2566","เขต: คันนายาว","สาเหตุ: ลักษณะทั่วไปของบริเวณปากซอยคู้บอน 6 พบว่าถนนคู้บอน มีลักษณะเป็นถนน 4 ช่องจราจร (2 ช่องจราจร/ทิศทาง) แบ่งทิศทางการจราจรโดยใช้เส้นจราจร และมีการจัดการจราจรแบบสลับทิศ (reversible lanes) ในชั่วโมงเร่งด่วนซึ่งควบคุมโดย สน.ท้องที่ บริเวณปากซอยดังกล่าวมีทางข้ามพร้อมติดตั้งสัญญาณไฟจราจรแบบกดปุ่ม พร้อมป้ายเตือนทางข้ามทั้งชนิดแขวน และป้ายติดบนทางเท้าก่อนถึงทางข้ามสาเหตุของการเกิดอุบัติเหตุ จากการตรวจสอบย้อนหลังและกายภาพพื้นที่คาดการณ์สาเหตุได้ ดังนี้ 1) Intersection sight distance (ISD) ของรถจากซอยคู้บอน 6 ออกถนนคู้บอนถูกบดบังโดยป้ายโฆษณาที่ติดในพื้นที่ของเอกชน 2) พฤติกรรมของผู้ขับขี่ โดยเฉพาะรถจักรยานยนต์ที่มักฝ่าฝืนเครื่องหมายจราจรบนพื้นทาง","แนวทางแก้ไข: 1) ติดตั้งกระจกโค้ง (แผ่นสะท้อนภาพ) ปากซอยคู้บอน 6 เพื่อเพิ่มทัศนวิสัยในการมองเห็นของรถที่จะออกจากซอย 2) ประสาน สน.ท้องที่เพื่อกวดขันวินัยจราจร"],"district":"คันนายาว"},"geometry":{"type":"Point","coordinates":[100.66283,13.84255]}},{"type":"Feature","properties":{"title":"ถนนเพชรเกษม บริเวณเพชรเกษม ซอย 46 ถึงเพชรเกษม ซอย 48/1","info":["ปี: 2566","เขต: ภาษีเจริญ","สาเหตุ: 1) ถนนเพชรเกษม เป็นถนนขนาด 6 ช่องจราจร และภายในซอยเพชรเกษม 48 มี 2 ช่องจราจร ภายในซอยเป็นย่านที่อยู่อาศัย ที่ตั้งโรงเรียน มีประชากรอาศัยอยู่หนาแน่น และเป็นเส้นทางลัดเข้าสู่ ถนนบางแวกได้ ทำให้มีรถเข้า-ออกซอยตลอดเวลา 2) ปากทางซอยเพชรเกษม 48 ถูกบดบังการมองเห็นจากเสาไฟและตู้ไปรษณีย์บริเวณปากซอย ทำให้รถจากทิศทางหลักที่มาด้วยความเร็ว มองไม่เห็นรถที่กำลังออกจากซอย ทำให้มีความเสี่ยงเกิดอุบัติเหตุลักษณะชนด้านข้าง และชนท้าย 3) ผู้ขับขี่เลี้ยวซ้ายออกจากซอยเพชรเกษม 48 กระทันหันตัดกระแสการจราจรทิศทางหลัก ทำให้รถจากทิศทางหลักที่มาด้วยความเร็ว ชะลอความเร็วหรือเบรกไม่ทัน ทำให้มีความเสี่ยงเกิดอุบัติเหตุลักษณะชนด้านข้าง และชนท้าย","แนวทางแก้ไข: 1) ติดตั้งป้ายเตือนทางแยก บริเวณก่อนถึงปากซอยเพชรเกษม 48 เพื่อเตือนให้ผู้ขับขี่เกิดความระมัดระวังลดความเร็ว และป้องกันอุบัติเหตุรถเฉี่ยวชนด้านข้าง และชนท้าย 2) ติดตั้งป้ายหยุด และระวังรถทางขวา บริเวณปากซอยเพชรเกษม 48 เพื่อให้ผู้ขับขี่เกิดความระมัดระวังก่อนเลี้ยวออกจากซอย และป้องกันอุบัติเหตุรถเฉี่ยวชนด้านข้าง และชนท้าย 3) เพิ่มป้ายจำกัดความเร็ว ให้ผู้ขับขี่ใช้ความเร็วให้เหมาะสมกับประเภทถนนในเขตชุมชน ป้องกันอุบัติเหตุรถเฉี่ยวชนกันระหว่างทางตรงกับรถที่เลี้ยวออกจากซอย 4) ตรวจสอบไฟฟ้าส่องสว่าง/ตัดแต่งกิ่งไม้ที่บังแสง บริเวณทางแยกหน้าปากซอย ให้มีความสว่างเพียงพอเพื่อเพิ่มการมองเห็น"],"district":"ภาษีเจริญ"},"geometry":{"type":"Point","coordinates":[100.44414,13.71518]}},{"type":"Feature","properties":{"title":"แยกปทุมวัน (ถนนพระรามที่ 1 ตัดถนนพญาไท)","info":["ปี: 2566","เขต: ปทุมวัน","สาเหตุ: 1) ป้ายจราจรมีความไม่ชัดเจนมองเห็นได้ยาก 2) มีรถจอดในพื้นที่ห้ามจอด","แนวทางแก้ไข: 1) แก้ไขและปรับปรุงป้ายจราจรให้เกิดความชัดเจนมองเห็นได้ง่าย 2) ประสาน สน. ปทุมวัน กวดขันวินัยจราจร ให้พื้นที่ห้ามจอด เพื่อป้องกันการเกิดอุบัติเหตุ 3) ติดตั้งลูกแก้วสะท้อนแสง หรือ Road Stud หรือ เทปสะท้อนแสง"],"district":"ปทุมวัน"},"geometry":{"type":"Point","coordinates":[100.53088,13.74623]}},{"type":"Feature","properties":{"title":"แยกกล้วยน้ำไท (ถนนพระราม 4 ตัดถนนกล้วยน้ำไท)","info":["ปี: 2566","เขต: คลองเตย","สาเหตุ: 1) ป้ายจราจรมีความไม่ชัดเจนมองเห็นได้ยาก 2) เส้นจราจรและทางม้าลายเสื่อมสภาพ/ชำรุด 3) อุปกรณ์แบ่ง lane จราจรเสื่อมสภาพ/ชำรุด","แนวทางแก้ไข: 1) แก้ไขและปรับปรุงป้ายจราจรให้เกิดความชัดเจน มองเห็นได้ง่าย 2) ซ่อมบำรุง ฟื้นฟู เส้นจราจรและทางมาลายให้เกิดความชัดเจน 3) ติดตั้งลูกแก้วสะท้อนแสง หรือ Road Stud หรือ เทปสะท้อนแสง และปรับเปลี่ยนให้จุดที่เกิดการชำรุด"],"district":"คลองเตย"},"geometry":{"type":"Point","coordinates":[100.58403,13.71298]}},{"type":"Feature","properties":{"title":"ถนนบางขุนเทียน-ชายทะเล (บริเวณซอยเทียนทะเล 7)","info":["ปี: 2566","เขต: บางขุนเทียน","สาเหตุ: 1) ถนนบางขุนเทียน-ชายทะเล เป็นถนนขนาด 6 ช่องจราจร และภายในซอยเทียนทะเล 7 มี 2 ช่องจราจร ภายในซอยเป็นย่านที่อยู่อาศัย ที่ตั้งโรงเรียน มีประชากรอาศัยอยู่หนาแน่น และเป็นเส้นทางลัดเข้าสู่ถนนท่าข้ามได้ ทำให้มีรถสัญจรเข้า-ออกซอยเป็นจำนวนมาก โดยเฉพาะในช่วงเวลาชั่วโมงเร่งด่วน 2) บริเวณหน้าปากซอยเทียนทะเล 7 มีลักษณะเป็นสามแยกแบบมุมแหลม (Y-Intersection) มีวงเลี้ยวแคบ ทำให้รถที่เลี้ยวซ้ายออกจากซอยเทียนทะเล 7 ต้องตีวงเลี้ยวกว้างถึงช่องจราจรช่องกลาง ทำให้เกิดการตัดกระแสการจราจรทิศทางหลัก มีความเสี่ยงเกิดอุบัติเหตุลักษณะชนด้านข้าง และชนท้าย 3) บริเวณหน้าปากซอยเทียนทะเล 7 มีจุดกลับรถ มักมีผู้ใช้รถจักรยานยนต์ ขับขี่ย้อนศรเพื่อกลับรถ ทำให้เกิดการตัดกระแสการจราจรทิศทางหลัก มีความเสี่ยงเกิดอุบัติเหตุลักษณะชนด้านข้าง และชนท้าย 4) ป้ายเตือนลดความเร็ว ก่อนถึงทางแยก สีซีดจาง เลือนราง มองเห็นไม่ชัด","แนวทางแก้ไข: 1) ประสานสำนักการโยธา พิจารณาผายปากทางบริเวณปากซอยเทียนทะเล 7 ให้กว้างขึ้น เพื่อให้รถที่ออกจากซอยมีองศาเลี้ยวที่กว้างขึ้น หรือพิจารณาปิดจุดกลับรถและปรับปรุงกายภาพบริเวณเกาะกลาง เพิ่มช่องจราจรบริเวณหน้าปากซอยเทียนทะเล 7 (ผู้ขับขี่สามารถไปใช้จุดกลับรถบริเวณซอยเทียนทะเล 11 ห่างจากจุดเดิมประมาณ 700 เมตร) เพื่อลดปัญหาการจราจรติดขัด การตัดกระแสการจราจร และอุบัติเหตุเฉี่ยวชนท้าย 2) ติดตั้งป้ายหยุด และระวังรถทางขวา บริเวณปากซอยเทียนทะเล 11 เพื่อให้ผู้ขับขี่เกิดความระมัดระวังก่อนเลี้ยวออกจากซอย และป้องกันอุบัติเหตุรถเฉี่ยวชนด้านข้าง และชนท้าย 3) เพิ่มป้ายจำกัดความเร็ว ให้ผู้ขับขี่ใช้ความเร็วให้เหมาะสมกับประเภทถนนในเขตชุมชน ป้องกันอุบัติเหตุรถเฉี่ยวชนกันระหว่างทางตรงกับรถที่เลี้ยวออกจากซอย 4) ติดตั้งป้ายเตือนทางแยก บริเวณก่อนถึงปากซอย เพื่อเตือนให้ผู้ขับขี่เกิดความระมัดระวัง ลดความเร็วและป้องกันอุบัติเหตุรถเฉี่ยวชนด้านข้าง และชนท้าย 5) ปรับปรุงป้ายเตือนลดความเร็ว ให้ผู้ขับขี่มองเห็นได้ชัด เพื่อเตือนให้ผู้ขับขี่ลดความเร็ว และระมัดระวังการเกิดอุบัติเหตุ 6) ประสานสำนักงานเขตบางขุนเทียน ปรับปรุงกายภาพทางเดินข้ามบริเวณเกาะกลาง เพื่ออำนวยความสะดวกให้กับผู้ใช้ทางข้าม"],"district":"บางขุนเทียน"},"geometry":{"type":"Point","coordinates":[100.43222,13.64147]}},{"type":"Feature","properties":{"title":"ถนนบางขุนเทียน-ชายทะเล (บริเวณซอยเทียนทะเล 11 - 15)","info":["ปี: 2566","เขต: บางขุนเทียน","สาเหตุ: 1) ถนนบางขุนเทียน-ชายทะเล เป็นถนนขนาด 6 ช่องจราจร และบริเวณซอยเทียนทะเล 11-15 ภายในซอยเป็นย่านที่ตั้งวิสาหกิจขนาดกลางและขนาดย่อม (SME) และที่พักอาศัย ทำให้มีประชากรอาศัยอยู่หนาแน่น และประชาชนส่วนใหญ่มักจะใช้รถจักรยานยนต์ในการสัญจรไป-มา 2) บริเวณหน้าปากซอยเทียนทะเล 11 เป็นจุดกลับรถ ทำให้มีผู้ขับขี่รถจักรยานยนต์ลักใช้จุดกลับรถในลักษณะย้อนศร เนื่องจากไม่อยากไปกลับรถไกล ทำให้เกิดการตัดกระแสการจราจรรถทิศทางหลักที่ขับขี่มาด้วยความเร็ว ทำให้มีความเสี่ยงเกิดอุบัติเหตุเฉี่ยวชนกัน 3) ผู้ขับขี่เลี้ยวซ้ายออกจากซอยเทียนทะเล 11 กระทันหันตัดกระแสการจราจรทิศทางหลัก ทำให้รถจากทิศทางหลักที่มาด้วยความเร็ว ชะลอความเร็วหรือเบรกไม่ทัน ทำให้มีความเสี่ยงเกิดอุบัติเหตุลักษณะชนด้านข้าง และชนท้าย 4) ป้ายเตือนลดความเร็ว ก่อนถึงทางแยก สีซีดจาง เลือนราง มองเห็นไม่ชัด","แนวทางแก้ไข: 1) ติดตั้งป้ายเตือนทางแยก บริเวณก่อนถึงปากซอยเทียนทะเล 11 เพื่อเตือนให้ผู้ขับขี่เกิดความระมัดระวัง ลดความเร็ว และป้องกันอุบัติเหตุรถเฉี่ยวชนด้านข้าง และชนท้าย 2) ติดตั้งป้ายห้ามเลี้ยวขวา ป้ายหยุด และระวังรถทางขวา บริเวณปากซอยเทียนทะเล 11 เพื่อให้ผู้ขับขี่เกิดความระมัดระวังก่อนเลี้ยวออกจากซอย และป้องกันอุบัติเหตุรถเฉี่ยวชนด้านข้าง และชนท้าย 3) เพิ่มป้ายจำกัดความเร็ว ให้ผู้ขับขี่ใช้ความเร็วให้เหมาะสมกับประเภทถนนในเขตชุมชน ป้องกันอุบัติเหตุรถเฉี่ยวชนกันระหว่างทางตรงกับรถที่เลี้ยวออกจากซอย 4) ปรับปรุงป้ายเตือนลดความเร็ว ให้ผู้ขับขี่มองเห็นได้ชัด เพื่อเตือนให้ผู้ขับขี่ลดความเร็ว และระมัดระวังการอุบัติเหตุ"],"district":"บางขุนเทียน"},"geometry":{"type":"Point","coordinates":[100.43334,13.63497]}},{"type":"Feature","properties":{"title":"แยกรัชดา-สุทธิสาร","info":["ปี: 2566","เขต: ดินแดง","สาเหตุ: 1) หัวเกาะทางขึ้นและทางลงอุโมงค์ชำรุด ทั้ง 2 ฝั่ง 2) ความสว่างในอุโมงค์ไม่เพียงพอ","แนวทางแก้ไข: 1) เพิ่มการมองเห็นภายในอุโมงค์โดยใช้เทปเส้นจราจรสะท้อนแสง (Retroreflective Tape) ที่สามารถสะท้อนแสงได้ทั้งในสภาวะแห้งและเปียก และติดตั้งระบบแนวสะท้อนแสง (Linear Delineation System) ภายในอุโมงค์ 2) ติดตั้งอุปกรณ์จราจร บริเวณหัวเกาะบริเวณทางขึ้นและทางลงอุโมงค์ แทนอุปกรณ์ที่ชำรุด 3) จัดทำเส้นจราจร บริเวณดังกล่าวให้ชัดเจนอยู่เสมอ"],"district":"ดินแดง"},"geometry":{"type":"Point","coordinates":[100.57424,13.78975]}},{"type":"Feature","properties":{"title":"ถนนรัชดาภิเษก ช่วงใกล้ทางขึ้นลงทางด่วนฯ","info":["ปี: 2566","เขต: จตุจักร","สาเหตุ: 1) รถที่ลงทางด่วน เข้าตัดกระแสทางตรงกับรถบนถนนรัชดาภิเษก ทำให้เกิดการตัดกระแสการจราจร 2) อุปกรณ์จราจรบริเวณเชิงลาดสะพานความแยกชำรุด","แนวทางแก้ไข: 1) เปิดใช้อุปกรณ์ไฟจราจร บริเวณทางลงทางด่วน โดยให้เจ้าพนักงานจราจรเป็นผู้ควบคุม 2) ติดตั้งอุปกรณ์จราจร บริเวณหัวเกาะเชิงทางลาดสะพานแทนอุปกรณ์ที่ชำรุด 3) เพิ่มการมองเห็นภายในอุโมงค์โดยใช้เทปเส้นจราจรสะท้อนแสง (Retroreflective Tape) ที่สามารถสะท้อนแสงได้ทั้งในสภาวะแห้งและเปียกของเส้นจราจร หัวเกาะเชิงลาดสะพานและเส้นจราจรบนสะพาน ดังกล่าว เพื่อลดความเสี่ยงในการเฉี่ยวชนเชิงลาดสะพานข้ามแยกดังกล่าว 4) จัดทำเส้นจราจร บริเวณดังกล่าวให้ชัดเจนอยู่เสมอ"],"district":"จตุจักร"},"geometry":{"type":"Point","coordinates":[100.54118,13.8301]}},{"type":"Feature","properties":{"title":"สี่แยกบางพลัด","info":["ปี: 2566","เขต: บางพลัด","สาเหตุ: 1) การฝ่าฝืนสัญญาณไฟจราจร การฝ่าฝืนเครื่องหมายจราจรบนพื้นทาง 2) การจอดรถในที่ห้ามจอดใกล้บริเวณแยก 3) มีรถจอดในพื้นที่ห้ามจอด และมีปริมาณยานพาหนะที่มาก","แนวทางแก้ไข: 1) ประสานเจ้าหน้าที่ตำรวจจราจรกวดขันวินัยจราจร 2) พิจารณาตีช่องหยุดรถจักรยานยนต์บริเวณแยก"],"district":"บางพลัด"},"geometry":{"type":"Point","coordinates":[100.49445,13.7846]}},{"type":"Feature","properties":{"title":"ถนนพระราม 4 ช่วงคลองเตย","info":["ปี: 2566","เขต: คลองเตย","สาเหตุ: 1) ป้ายจราจรมีความไม่ชัดเจนมองเห็นได้ยาก 2) อุปกรณ์แบ่ง lane จราจรเสื่อมสภาพ/ชำรุด 3) มีรถจอดในพื้นที่ห้ามจอด และมีปริมาณยานพาหนะที่มาก","แนวทางแก้ไข: 1) แก้ไขและปรับปรุงป้ายจราจรให้เกิดความชัดเจนมองเห็นได้ง่าย 2) ติดตั้งลูกแก้วสะท้อนแสง หรือ Road Stud หรือ เทปสะท้อนแสง และปรับเปลี่ยนให้จุดที่เกิดการชำรุด 3) ประสาน สน. ทองหล่อ และ สน. ทุ่งมหาเมฆ กวดขันวินัยจราจร ให้พื้นที่ห้ามจอด เพื่อป้องกันการเกิดอุบัติเหตุและพิจารณาเพิ่มพื้นที่จอดรถจักรยานยนต์ เนื่องจากมีปริมาณยานพาหนะที่มาก"],"district":"คลองเตย"},"geometry":{"type":"Point","coordinates":[100.55776,13.72069]}},{"type":"Feature","properties":{"title":"แยกรามคำแหง (ถนนพระราม 9 - ถนนรามคำแหง)","info":["ปี: 2566","เขต: บางกะปิ","สาเหตุ: เกิดจากพฤติกรรมของผู้ขับขี่ มักฝ่าฝืนสัญญาณ/เครื่องหมายจราจร โดยเฉพาะในช่วงเวลาเร่งด่วนที่มีปริมาณรถมากเดิมพื้นที่มีการก่อสร้างรถฟ้า มีการจัดการจราจรเป็นทางเบี่ยง และมีปัจจัยอื่น ๆ ที่เสี่ยงอุบัติเหตุประกอบ ดังนี้","แนวทางแก้ไข: 1) กวดขันวินัยจราจรในบริเวณดังกล่าว 2) ติดตั้งป้ายเตือนหัวเกาะ/เตือนทางข้าม"],"district":"บางกะปิ"},"geometry":{"type":"Point","coordinates":[100.60556,13.74748]}},{"type":"Feature","properties":{"title":"ซอยโรงพยาบาลปิยะเวท","info":["ปี: 2566","เขต: ห้วยขวาง","สาเหตุ: 1) ทางข้ามหน้าโรงพยาบาลอยู่ใต้ทางพิเศษ มีการติดตั้งไฟส่องสว่างแล้ว ควรเพิ่มป้ายเตือนทางข้าม 2) ไม่มีการจัดระเบียบบริเวณทางเลี้ยวเข้าโรงพยาบาล อาจเกิดการเบียดแทรกเพื่อเลี้ยว/กลับรถได้ (บริเวณดังกล่าวมีป้ายห้ามกลับรถ เนื่องจากมีช่องทางกลับรถด้านหน้า) วางแบริเออร์โดย สน.มักกะสัน","แนวทางแก้ไข: 1) ติดตั้งป้ายเตือนทางข้าม 2) ประสาน สน.ท้องที่ เพื่อจัดระเบียบการเลี้ยวเข้าโรงพยาบาล"],"district":"ห้วยขวาง"},"geometry":{"type":"Point","coordinates":[100.57963,13.7544]}},{"type":"Feature","properties":{"title":"แยกศรีอุดม (ถนนศรีนครินทร์ - ถนนเฉลิมพระเกียรติ ร.9)","info":["ปี: 2566","เขต: ประเวศ","สาเหตุ: 1) ป้ายจราจรมีความไม่ชัดเจนมองเห็นได้ยาก 2) จุดกลับรถไม่ชัดเจน มองเห็นได้ยาก 3) อุปกรณ์แบ่ง lane จราจร เสื่อมสภาพ/ชำรุด 4) เส้นจราจรเสื่อมสภาพ/ชำรุด","แนวทางแก้ไข: 1) แก้ไขและปรับปรุงป้ายจราจรให้เกิดความชัดเจนมองเห็นได้ง่าย 2) ติดตั้งป้ายแจ้งเตือนในตำแหน่งหรือจุดกลับรถ 3) ติดตั้งลูกแก้วสะท้อนแสง หรือ Road Stud หรือ เทปสะท้อนแสง และปรับเปลี่ยนให้จุดที่เกิดการชำรุด 4) ปรับปรุง/ฟื้นฟู เส้นจราจรให้ชัดเจน"],"district":"ประเวศ"},"geometry":{"type":"Point","coordinates":[100.64604,13.67783]}},{"type":"Feature","properties":{"title":"แยกอโศก-เพชรบุรี","info":["ปี: 2566","เขต: ราชเทวี","สาเหตุ: 1) รถจักรยานยนต์ลักลอบกลับรถ บริเวณทางข้ามใต้สะพานข้ามแยก 2) รถลักลอบใช้ช่องกลับรถเข้าอาคาร ซึ่งมีทางเข้า-ออก อยู่ตรงกลับตำแหน่งของช่องกลับรถพอดี 3) บริเวณถนนอโศกมนตรีไม่มีเกาะกลางถนนเพื่อแบ่งทิศทางการ ทำให้เกิดการตัดกระแสการจราจรและเกิดการเฉี่ยวชนขึ้น 4) การขับรถฝ่าฝืนสัญญาณไฟจราจร บริเวณแยก อโศก – เพชรบุรี","แนวทางแก้ไข: 1) กวดขันวินัยจราจรในบริเวณดังกล่าว 2) ติดตั้งหลักล้มลุกบริเวณจุดกลับรถเพื่อบังคับไม่ให้สามารถใช้ช่องกลับรถดังกล่าว เลี้ยวเข้าอาคารดังกล่าวได้ 3) ติดตั้งอุปกรณ์จราจร เพื่อใช้แบ่งทิศทางการจราจรบริเวณถนนอโศกมนตรี ไม่ให้เกิดการตัดกระแสจราจร 4) จัดทำเส้นจราจร บริเวณดังกล่าวให้ชัดเจนอยู่เสมอ"],"district":"ราชเทวี"},"geometry":{"type":"Point","coordinates":[100.56336,13.74899]}},{"type":"Feature","properties":{"title":"แยกดินแดง (ถนนดินแดง - ถนนวิภาวดีรังสิต)","info":["ปี: 2566","เขต: ดินแดง","สาเหตุ: 1) บริเวณนี้รถจักรยานยนต์มักมีพฤติกรรมขับรถย้อนศร เพื่อหาช่องทางไปใช้ถนนสายอื่น 2) การขับรถฝ่าฝืนสัญญาณไฟจราจร บริเวณแยกดินแดง","แนวทางแก้ไข: 1) กวดขันวินัยจราจรในบริเวณดังกล่าว"],"district":"ดินแดง"},"geometry":{"type":"Point","coordinates":[100.54809,13.76392]}},{"type":"Feature","properties":{"title":"แยกผังเมือง และบนสะพานข้ามแยก อสมท.","info":["ปี: 2566","เขต: ห้วยขวาง","สาเหตุ: 1) พฤติกรรมของผู้ขับขี่ไม่หยุดรถให้คนข้ามถนน/ฝ่าฝืนสัญญาณไฟจราจร ซึ่งตรวจสอบพบว่ามีอุบัติเหตุรถจักรยานยนต์ชนคนข้ามถนนขณะใช้ทางข้าม บริเวณพระราม 9 ซอย 8 (ตรงข้ามกรมโยธาธิการและผังเมือง) (ภาพที่ 1 และ 2) เป็นทางข้ามที่อยู่บริเวณทางแยก ซึ่งมีจังหวะสัญญาณไฟให้สามารถข้ามถนนได้ 2) กายภาพทางข้ามหน้ากรมโยธาธิการและผังเมือง ต้องข้ามถนน 5 ช่องจราจร ซึ่งเป็นระยะทางที่ยาว และไม่มีไฟส่องทางข้ามที่เพียงพอ มีเพียงไฟถนนด้านกรมโยธาฯ และไฟส่องใต้สะพานข้ามแยกพระราม 9 จึงอาจเกิดเป็นจุดบอดบริเวณกลางทางข้าม","แนวทางแก้ไข: 1) ประสาน สน.ท้องที่ กวดขันวินัยจราจรโดยเฉพาะในชั่วโมงเร่งด่วน 2) ประสานสำนักการโยธาตรวจสอบความสว่างบริเวณทางข้าม เพื่อเพิ่มทัศนวิสัยการมองเห็น"],"district":"ห้วยขวาง"},"geometry":{"type":"Point","coordinates":[100.57338,13.75555]}},{"type":"Feature","properties":{"title":"สี่แยกบ้านแขก (ถนนประชาธิปก - ถนนอิสรภาพ)","info":["ปี: 2566","เขต: ธนบุรี","สาเหตุ: 1) บริเวณสี่แยกบ้านแขกเป็นจุดตัดของถนนประชาธิปกซึ่งมี 8 ช่องจราจรตัดกับถนนอิสรภาพซึ่งมี 4 ช่องจราจร มีปริมาณรถผ่านแยกเป็นจำนวนมาก เกิดการตัดกระแสจราจรภายในช่องจราจรทำให้ เกิดอุบัติเหตุได้ 2) ปัญหาการฝ่าฝืนเครื่องหมายจราจรหรือฝ่าฝืนสัญญาณไฟจราจร 3) ปริมาณจักรยานยนตร์หนาแน่นอาจทำให้เกิดอุบัติเหตุเกี่ยวกันล้มได้","แนวทางแก้ไข: 1) ประสานเจ้าหน้าที่ตำรวจจราจรกวดขันวินัยจราจร 2) ปรับปรุงเครื่องหมายจราจรบนพื้นทางให้มีความชัดเจน 3) พิจารณาตีเส้นแนวช่องทางเดินรถผ่านแยก เพื่อป้องกันไม่ให้ผู้ขับขี่สับสนช่องทางเดินรถ"],"district":"ธนบุรี"},"geometry":{"type":"Point","coordinates":[100.49469,13.73093]}},{"type":"Feature","properties":{"title":"ถนนดินแดง ใกล้สามเหลี่ยมดินแดง","info":["ปี: 2566","เขต: พญาไท","สาเหตุ: 1) การฝ่าฝืนกฎจราจร","แนวทางแก้ไข: 1) กวดขันวินัยการจราจร 2) ติดตั้งหลักล้มลุกบริเวณเส้นทึบและหัวเกาะ เพื่อป้องกันการฝ่าฝืนกฎจราจร"],"district":"พญาไท"},"geometry":{"type":"Point","coordinates":[100.54539,13.7634]}},{"type":"Feature","properties":{"title":"ถนนพระราม 9 บริเวณข้ามคลองชวดใหญ่","info":["ปี: 2566","เขต: ห้วยขวาง","สาเหตุ: 1) จากการตรวจสอบอุบัติเหตุจาก iTIC พบว่าส่วนมากเป็นการเฉี่ยวชนกัน โดยเฉพาะในชั่วโมงเร่งด่วนที่มีปริมาณรถมาก เช่น บริเวณก่อนขึ้นสะพานข้ามคลองชวดใหญ่มีกระแสของรถที่ลงจากทางพิเศษเข้ามาร่วมกับรถบนถนนพระราม 9 ขาเข้า 2) รถที่ขึ้นสะพานข้ามคลองชวดใหญ่ในช่องทางขวา อาจได้รับผลกระทบจากแสงไฟของรถฝั่งตรงข้ามที่ลงสะพาน ทำให้เกิดอาการตาพร่า เป็นสาเหตุของการเกิดอุบัติเหตุได้","แนวทางแก้ไข: 1) บริเวณทางร่วม ควรเพิ่มเส้นประเป็นแนวหยุดให้รถที่ลงจากทางพิเศษใช้ความระมัดระวังก่อนเข้าทางหลัก 2) ติดแผ่นบังแสงบนแบริเออร์ขอบทางด้านขวาของสะพานข้ามคลองชวดใหญ่"],"district":"ห้วยขวาง"},"geometry":{"type":"Point","coordinates":[100.58126,13.75474]}},{"type":"Feature","properties":{"title":"สะพานสูงบางซื่อ","info":["ปี: 2566","เขต: บางซื่อ","สาเหตุ: 1) รถเฉี่ยวชนเกาะทางแยกบนสะพาน 2) รถเฉี่ยวชนเชิงลาดสะพาน 3) ช่วงกลางคืนผู้ขับขี่มักมองไม่เห็นทางแยกบนสะพานและขอบสะพาน","แนวทางแก้ไข: 1) ติดตั้งอุปกรณ์จราจรบริเวณหัวเกาะ และเชิงลาดสะพานที่ชำรุด 2) เพิ่มการมองเห็นบนสะพานโดยใช้เทปเส้นจราจรสะท้อนแสง (Retroreflective Tape) ที่สามารถสะท้อนแสงได้ทั้งในสภาวะแห้งและเปียก 3) ติดตั้งระบบแนวสะท้อนแสง (Linear Delineation System) บนสะพาน 4) จัดทำเส้นจราจร บริเวณดังกล่าวให้ชัดเจนอยู่เสมอ (มีโครงการติดตั้ง Linear Delineation System ใน งบประมาณปี 2566)"],"district":"บางซื่อ"},"geometry":{"type":"Point","coordinates":[100.53587,13.80454]}},{"type":"Feature","properties":{"title":"ถนนสุขุมวิท ตัดถนนอ่อนนุช (สุขุมวิท 77)","info":["ปี: 2566","เขต: คลองเตย","สาเหตุ: 1) ป้ายจราจรไม่ชัดเจนมองเห็นได้ยาก 2) อุปกรณ์แบ่ง lane จราจร เสื่อมสภพ/ชำรุด 3) Traffic Barrier เสื่อมสภพ/ชำรุด","แนวทางแก้ไข: 1) แก้ไขและปรับปรุงป้ายจราจรให้เกิดความชัดเจนมองเห็นได้ง่าย 2) ติดตั้งลูกแก้วสะท้อนแสง หรือ Road Stud หรือ เทปสะท้อนแสง และปรับเปลี่ยนให้จุดที่เกิดการชำรุด 3) แก้ไข เปลี่ยนแปลง Traffic Barrier ให้อยู่ในสถาพสมบูรณ์"],"district":"คลองเตย"},"geometry":{"type":"Point","coordinates":[100.59943,13.7091]}},{"type":"Feature","properties":{"title":"แยกพระราม 9 (ถนนพระราม 9 - ถนนรัชดาภิเษก)","info":["ปี: 2566","เขต: ดินแดง","สาเหตุ: 1) พฤติกรรมของผู้ขับขี่ฝ่าฝืนสัญญาณไฟจราจร และไม่จอดหลังเส้นหยุด 2) บริเวณทางข้าม โดยเฉพาะช่วงใต้สะพานข้ามแยก ไม่มีไฟส่องสว่าง ทำให้เป็นจุดอับสายตาได้ 3) การจอดรถบนผิวจราจร/จุดกลับรถ","แนวทางแก้ไข: 1) ตรวจสอบความสมบูรณ์ของเส้นจราจร ให้ผู้ขับขี่สามารถมองเห็นได้ชัดเจน 2) ประสาน สน.ท้องที่ กวดขันวินัยจราจร 3) ประสานสำนักการโยธา ตรวจสอบความสว่างของไฟส่องสว่าง และเพิ่มเติมบริเวณทางข้ามใต้สะพานข้ามแยก"],"district":"ดินแดง"},"geometry":{"type":"Point","coordinates":[100.56499,13.75614]}},{"type":"Feature","properties":{"title":"ถนนเพชรบุรีตัดใหม่ (โรงเรียนวัดใหม่ช่องลม - ปั้มน้ำมันเชลล์)","info":["ปี: 2566","เขต: ห้วยขวาง","สาเหตุ: 1) พฤติกรรมของผู้ขับขี่ลักลอบกลับรถ (จุดนี้มีการตั้งแบริเออร์คอนกรีตห้ามกลับรถ เนื่องจากมีรถตัดกระแสเข้าซอยวัดใหม่ช่องลม) 2) มีการขายของ-จอด-ขับขี่รถบนทางเท้า 3) ไม่มีการติดตั้งการ์ดเรล ป้องกันเสาตอม่อสะพานคนเดินข้ามถนน (ฝั่งโรงเรียนวัดใหม่ช่องลม) 4) ติดตั้งป้ายเตือนหัวเกาะ ทดแทนของเดิมที่ชำรุด บริเวณแยกพร้อมพงษ์","แนวทางแก้ไข: 1) ประสาน สน.ท้องที่-สำนักงานเขต กวดขันวินัยจราจร บริเวณจุดกลับรถ และบนทางเท้า 2) ประสานสำนักการโยธา จัดทำการ์ดเรลกันชนตอม่อทดแทนของเดิมที่ชำรุด เนื่องจากเป็นทรัพย์สิน 3) จัดทำป้ายเตือนหัวเกาะ ทดแทนของเดิมที่ชำรุด บริเวณแยกพร้อมพงษ์"],"district":"ห้วยขวาง"},"geometry":{"type":"Point","coordinates":[100.57508,13.74689]}},{"type":"Feature","properties":{"title":"ถนนรัชดาภิษก ใกล้แยกรัชโยธิน (ซอยรัชดาฯ 44)","info":["ปี: 2566","เขต: จตุจักร","สาเหตุ: บริเวณดังกล่าวมีการตัดกระแสการจราจรของรถที่สัญจรจากซอยพหลโยธิน 44 และซอยพหลโยธิน 28 และรถที่สัญจรจากถนนรัชโยธินเลี้ยวเข้าสู่ซอยพหลโยธิน 28 และซอยพหลโยธิน 44","แนวทางแก้ไข: ประสานเจ้าพนักงานจราจรออกข้อบังคับหัวหน้าเจ้าพนักงานจราจร เพื่อจัดระบบการจราจรในบริเวณดังกล่าว ไม่ให้เกิดการตัดกระแสการจราจรที่เป็นอันตราย"],"district":"จตุจักร"},"geometry":{"type":"Point","coordinates":[100.57019,13.82597]}},{"type":"Feature","properties":{"title":"แยกมักกะสัน (ถนนราชปรารถ - ถนนศรีอยุธยา)","info":["ปี: 2566","เขต: ราชเทวี","สาเหตุ: รถฝ่าฝืนกฎจราจร เช่น ขับรถเร็วเกินกฎหมายกำหนด, เปลี่ยนช่องจราจรบริเวณเส้นทึบ,ฝ่าสัญญาณไฟจราจร","แนวทางแก้ไข: กวดขันวินัยการจราจร"],"district":"ราชเทวี"},"geometry":{"type":"Point","coordinates":[100.5424,13.75612]}},{"type":"Feature","properties":{"title":"ถนนพัฒนาการ อุโมงค์ถนนพัฒนาการ","info":["ปี: 2566","เขต: สวนหลวง","สาเหตุ: 1) ป้ายจราจรไม่ชัดเจนมองเห็นได้ยาก 2) มีการฝ่าฝืนช่องทางจราจร จนทำให้เกิดอุบัติเหตุ 3) อุปกรณ์แบ่ง lane จราจร เสื่อมสภพ/ชำรุด 4) เส้นจราจร เสื่อมสภาพ/ชำรุด","แนวทางแก้ไข: 1) แก้ไขและปรับปรุงป้ายจราจรให้เกิดความชัดเจนมองเห็นได้ง่าย 2) ติดตั้ง Pole cone เพื่อป้องกันการฝ่าฝืนช่องทางจราจร จนทำให้เกิดอุบัติเหตุ 3) ติดตั้งลูกแก้วสะท้อนแสง หรือ Road Stud หรือ เทปสะท้อนแสง และปรับเปลี่ยนให้จุดที่เกิดการชำรุด 4) ปรับปรุง ฟื้นฟูเส้นจราจรให้ชัดเจน เพื่อป้องกันการเกิดอุบัติเหตุ 5) ติดตั้ง Pole cone เพื่อป้องกันการทำผิดวินัยจราจร หรือประสาน สน.คลองตัน เพื่อป้องการกันฝ่าฝืนจนทำให้เกิดอุบัติเหตุ"],"district":"สวนหลวง"},"geometry":{"type":"Point","coordinates":[100.61635,13.73647]}},{"type":"Feature","properties":{"title":"ถนนเจริญราษฎร์แยกตัดถนนจันทน์","info":["ปี: 2566","เขต: สาทร","สาเหตุ: บริเวณใต้ทางด่วนค่อนข้างมืดและจุดทางเลี้ยวขึ้นทางด่วนเส้นจราจรไม่ชัดเจน","แนวทางแก้ไข: 1. ติดตั้งเส้นชะลอความเร็ว 2. ซ่อมแซมและทาสีทางเท้า 3. ติดตั้งป้ายเตือนลดความเร็ว 4. ซ่อมบำรุงไฟฟ้าส่องสว่าง"],"district":"สาทร"},"geometry":{"type":"Point","coordinates":[100.51863,13.70786]}},{"type":"Feature","properties":{"title":"ตลาดเทพเจริญ","info":["ปี: 2566","เขต: ตลิ่งชัน","สาเหตุ: 1. รถยนต์หรือรถจักรยานยนต์ กลับรถแล้วเลี้ยวตัดกระแสการจราจรทางตรงกะทันหัน เพื่อเข้าตลาดเทพเจริญ 9 หรือเข้าหมู่บ้าน ทำให้มีความเสี่ยงเกิดอุบัติเหตุรถเฉี่ยวชนกันลักษณะชนท้าย หรือชนด้านข้าง 2. แบริเออร์คอนกรีตและป้ายเตือน ไม่ชัดเจน ทำให้มองเห็นไม่เด่นชัดในเวลากลางคืน ทำให้มีความเสี่ยงเกิดอุบัติเหตุรถเฉี่ยวชนกับแบริเออร์","แนวทางแก้ไข: 1. ทาสีแบริเออร์ และพิจารณาติดตั้งระบบแนวเส้นสะท้อนแสง (LDS) บนแบริเออร์ 2. เปลี่ยนป้ายจราจรที่ซีดจาง 3. กวดขันวินัยจราจร 4. ติดเป้าสะท้อนแสงบนแบริเออร์ 5. เปลี่ยนหลักล้มลุก"],"district":"ตลิ่งชัน"},"geometry":{"type":"Point","coordinates":[100.45073,13.75287]}},{"type":"Feature","properties":{"title":"ปากซอยนิมิตใหม่ 22 ถนนนิมิตใหม่","info":["ปี: 2566","เขต: คลองสามวา","สาเหตุ: 1. โค้งหน้าวัดบัวแก้ว เส้นจราจรซีดจาง 2. ทางกลับรถไม่มีป้าย","แนวทางแก้ไข: 1.ตีเส้นจราจรให้ชัดเจน 2.ติดตั้งป้ายเตือนจุดกลับรถ"],"district":"คลองสามวา"},"geometry":{"type":"Point","coordinates":[100.73306,13.84728]}},{"type":"Feature","properties":{"title":"บริเวณหน้าตลาดยิ่งเจริญ ถนนพหลโยธิน แขวงอนุสาวรีย์","info":["ปี: 2566","เขต: บางเขน","สาเหตุ: สัญลักษณ์ทางม้าลายคนข้ามจาง มองเห็นไม่ชัดเจน","แนวทางแก้ไข: ตีเส้นทางม้าลายให้ชัดเจน"],"district":"บางเขน"},"geometry":{"type":"Point","coordinates":[100.60843,13.8956]}},{"type":"Feature","properties":{"title":"แยกราชวัตร","info":["ปี: 2566","เขต: ดุสิต","สาเหตุ: ทางม้าลายไม่ชัดเจน","แนวทางแก้ไข: ทาสีทางม้าลายให้ชัดเจน"],"district":"ดุสิต"},"geometry":{"type":"Point","coordinates":[100.52227,13.77943]}},{"type":"Feature","properties":{"title":"ปากซอยเพิ่มสิน 64 (โค้งหักศอก) ถนนเพิ่มสิน","info":["ปี: 2566","เขต: สายไหม","สาเหตุ: รถเลี้ยวโค้งล้ำเส้นแบ่งช่องจราจร ประกอบกับมีรถเข้าออกบริเวณปากซอยเพิ่มสิน 64ทำให้เกิดอุบัติเหตุ(อุบัติเหตุ 1 ต.ค.2563 - 30ก.ย.2564 จำนวน 3 ครั้ง)","แนวทางแก้ไข: 1. ตีเส้นแบ่งช่องจราจรให้ชัดเจน 2. ติดตั้งเส้นชะลอความเร็ว หรือคันชะลอความเร็วเพิ่มเติมก่อนถึงบริเวณโค้ง 3. ซ่อมบำรุงไฟฟ้าส่องสว่าง"],"district":"สายไหม"},"geometry":{"type":"Point","coordinates":[100.661,13.90314]}},{"type":"Feature","properties":{"title":"แยกวงเวียนข้าวหลาม(เดินทางมาาจากถนนเจริญกรุงผ่านวงเวียนโอเดียน)","info":["ปี: 2566","เขต: สัมพันธวงศ์","สาเหตุ: รถทางตรง (เดินรถทางเดียว) มาด้วยความเร็วถนนเจริญกรุงตั้งแต่แยกหมอมีมุ่งหน้าวงเวียนแยกข้าวหลามพอถึงทางโค้ง (เลี้ยวซ้ายเข้าถนนข้าวหลามหรือเลี้ยวขวาเข้าถนนทรงวาด)ทำให้เกิดอุบัติเหตุได้","แนวทางแก้ไข: 1. ตีเส้นคั่นชะลอความเร็ว หรือติดตั้งสัญญาณไฟกระพริบ 2. ติดตั้งป้ายลดความเร็ว 3. ทาสีขอบทางขาว-แดง 4. ทาสีทางม้าลาย"],"district":"สัมพันธวงศ์"},"geometry":{"type":"Point","coordinates":[100.51351,13.73627]}},{"type":"Feature","properties":{"title":"บริเวณแยกนรารมย์ (แยกถนนราธิวาสฯ ตัดกับถนนสีลม)","info":["ปี: 2566","เขต: บางรัก","สาเหตุ: สัญญาณไฟเขียวให้คนข้ามทางม้าลายจะพร้อมกันกับสัญญาณไปเขียวให้รถวิ่งตรงไปและเลี้ยวซ้าย(ทุกจุดตัดของแยกดังกล่าว) ซึ่งทำให้เกิดความเสี่ยงการเกิดอุบัติเหตุจากรถที่เลี้ยวมาทางซ้ายชนคนข้ามทางม้าลายได้","แนวทางแก้ไข: 1. ติดป้ายเตือน \"เลี้ยวซ้ายรอสัญญาณไฟจราจร และระวังคนข้ามถนน\" ในทุกจุดตัดของแยก เพื่อเตือนรถให้ระวังคนข้ามฯ"],"district":"บางรัก"},"geometry":{"type":"Point","coordinates":[100.52804,13.72632]}},{"type":"Feature","properties":{"title":"ทางแยกก่อนเข้าด่านเก็บเงินค่าผ่านทางพิเศษ สุขุมวิท 62","info":["ปี: 2566","เขต: พระโขนง","สาเหตุ: รถเลี้ยวขวาที่จะขึ้นสะพานไปถนนสุขุมวิทวิ่งตัดกระแสรถที่ลงสะพานมุ่งด้านหน้าด่านเก็บเงินค่าผ่านทางด่วนที่จะเข้าด่าน ซึ่งมีความเร็วสูงเนื่องจากเป็นทางลาดเชิงสะพาน","แนวทางแก้ไข: 1. ตีเส้นชะลอความเร็ว"],"district":"พระโขนง"},"geometry":{"type":"Point","coordinates":[100.59777,13.69358]}},{"type":"Feature","properties":{"title":"ถนนหน้าสำนักงานเขตหลักสี่","info":["ปี: 2566","เขต: หลักสี่","สาเหตุ: 1. ถนนหน้าสำนักงานเขตไม่มีทางม้าลายและเป็นถนนที่เชื่อมต่อมาจากหลายซอย 2. เส้นแบ่งถนนไม่ชัดเจน เกิดเหตุรถยนต์เฉี่ยวชนบ่อยครั้ง 3. ไม่มีสัญลักษณ์ \" เขตปลอดภัย \" หน้าประตูทางเข้า-ออก เส้นทะแยงสีเหลือง 4. ช่วงห้ามจอดมีระยะสั้นทำให้มีรถยนต์จอดกีดขวางทางสัญจร","แนวทางแก้ไข: 1. ตีเส้นทางม้าลาย 2. เพิ่มสัญลักษณ์ \"ห้ามจอด\" โดยการทาสัญลักษณ์ ขาว-แดง 3. ทาสีเครื่องหมายเส้นแทยงสีเหลืองหน้าประตูทางเข้า-ออก 4. ติดตั้งเส้นชะลอความเร็ว"],"district":"หลักสี่"},"geometry":{"type":"Point","coordinates":[100.57883,13.88772]}},{"type":"Feature","properties":{"title":"บริเวณถนนรามคำแหง ตั้งแต่สะพานข้ามคลองสองต้นนุ่นถึงห้างสรรพสินค้าเทสโก้โลตัส สาขาสุขาภิบาล 3","info":["ปี: 2566","เขต: มีนบุรี","สาเหตุ: 1. ยานพาหนะขับขี่เร็วเกินกฎหมายกำหนด 2. รถที่ลงสะพานมุ่งหน้าเขตสะพานสูงฝ่าฝืนเลี้ยวซ้ายเข้าเคหะรามคำแหง 3. เส้นจราจรไม่ชัดเจน","แนวทางแก้ไข: 1. ติดตั้งป้ายจำกัดความเร็ว 2. ขีดสีตีเส้นจราจรให้ชัดเจน 3. ตีเส้นชะลอความเร็วบนสะพาน 4. ติดตั้งอุปกรณ์บริเวณทางเข้าชุมชนเคหะรามคำแหง เพื่อห้ามรถที่ลงจากสะพานเลี้ยวซ้ายเข้าชุมชนเคหะรามคำแหง 5. ติดตั้งเป้าสะท้องแสงบริเวณสะพาน"],"district":"มีนบุรี"},"geometry":{"type":"Point","coordinates":[100.72807,13.80785]}},{"type":"Feature","properties":{"title":"จุดกลับรถหน้าโรงเรียนฝึกอาชีพกรุงเทพมหานคร(หนองจอก)ถนนเชื่อมสัมพันธ์","info":["ปี: 2566","เขต: หนองจอก","สาเหตุ: รถที่บนถนนเชื่อมสัมพันธ์จะวิ่งกันด้วยความเร็วและมีรถย้อนศรจากโรงงานและซอยใกล้เคียงเพื่อกลับไปยังฝั่งตรงข้ามเนื่องจากจุดกลับรถมีระยะทางที่ไกล","แนวทางแก้ไข: 1) ติดตั้งป้ายเตือนความเร็ว 2) ติดตั้งป้ายห้ามขับย้อนศร 3) ติดตั้งเส้นชะลอความเร็ว"],"district":"หนองจอก"},"geometry":{"type":"Point","coordinates":[100.84936,13.82933]}},{"type":"Feature","properties":{"title":"บริเวณหน้าโรงพยาบาลเจริญกรุงประชารักษ์ ถนนเจริญกรุงแขวงบางคอแหลม","info":["ปี: 2566","เขต: บางคอแหลม","สาเหตุ: ไม่มีทางม้าลาย,เส้นชะลอความเร็วและหมุดนำทางชำรุด","แนวทางแก้ไข: เพิ่มทางม้าลาย ติดตั้งอุปกรณ์, เครื่องหมายจราจร และป้ายเตือนต่างๆให้ครบถ้วน ชัดเจน"],"district":"บางคอแหลม"},"geometry":{"type":"Point","coordinates":[100.4943,13.69468]}},{"type":"Feature","properties":{"title":"สะพานข้ามคลองวังใหญ่ ถนนศรีนครินทร์-ร่มเกล้า -(ทั้งขาเข้าและขาออก)","info":["ปี: 2566","เขต: สะพานสูง","สาเหตุ: รถที่วิ่งบนสะพานใช้ความเร็วเกินกว่ากฏหมายกำหนด อาจเกิดอุบัติเหตุเฉี่ยวชนขอบสะพานหรือเสียหลัก","แนวทางแก้ไข: 1) ตีเส้นชะลอความเร็ว 2) ติดตั้งป้ายจำกัดความเร็ว 3) ติดตั้งป้ายสะท้อนแสงบริเวณขอบสะพาน 4) ติดตั้งป้ายเตือนก่อนถึงทางขึ้นสะพาน"],"district":"สะพานสูง"},"geometry":{"type":"Point","coordinates":[100.70661,13.75343]}},{"type":"Feature","properties":{"title":"แยกถนนบริพัตร ตัดกับ ถนนเจริญกรุง","info":["ปี: 2566","เขต: ป้อมปราบศัตรูพ่าย","สาเหตุ: รถที่วิ่งมาจากถนนบริพัตร จะต้องวิ่งตัดถนนเจริญกรุงเพื่อข้ามไปยังถนนบริพัตรอีกด้าน","แนวทางแก้ไข: 1. ติดตั้งป้ายเตือนความเร็ว 2. ตีเส้นชะลอความเร็ว"],"district":"สัมพันธวงศ์"},"geometry":{"type":"Point","coordinates":[100.50414,13.74674]}},{"type":"Feature","properties":{"title":"แยกเสนานิคม","info":["ปี: 2567","เขต: เขตจตุจักร","สาเหตุ: กายภาพจุดที่เกิดอุบัติเหตุเป็นทางแยกควบคุมด้วยสัญญาณไฟจราจร คาดว่าเกิดจากฝ่าฝืนเครื่องหมายจราจร (เส้นทึบ) เพื่อเปลี่ยนช่องจราจรกะทันหัน","แนวทางแก้ไข: เร่งผลักดันแนวคิด “Thailand Towards Zero Deaths แนวทางลดการตายและผู้บาดเจ็บสาหัสบนถนนให้เป็นศูนย์” โดย 1) กวดขันวินัยจราจร 2) ติดตั้งป้ายเตือนห้ามเปลี่ยนช่องจราจร 3) ติดตั้งป้ายเตือนคนข้าม บริเวณทางข้าม"],"district":"จตุจักร"},"geometry":{"type":"Point","coordinates":[100.57215,13.83397]}},{"type":"Feature","properties":{"title":"รัชดาภิเษก 36 (ซอยเสือใหญ่อุทิศ) ถนนรัชดาภิเษก","info":["ปี: 2567","เขต: เขตจตุจักร","สาเหตุ: 1) บริเวณดังกล่าวเป็นโค้งหลังหัก คือ โค้งสองโค้งที่มีสองรัศมีและเชื่อมด้วยเส้นตรงที่มีระยะสั้น 2) มีจุดตัดถนนซอยร่วมกับทางโค้ง 3) ขาดอุปกรณ์ด้านการจราจรบางประเภท 4) แสงสว่างไม่เพียงพอ 5) ปัจจัยจากผู้ขับขี่ เช่น ไม่ชำนาญเส้นทาง, ใช้ความเร็วเกินกฎหมายกำหนด, ประมาท เป็นต้น","แนวทางแก้ไข: เร่งผลักดันแนวคิด “Thailand Towards Zero Deaths แนวทางลดการตายและผู้บาดเจ็บสาหัสบนถนนให้เป็นศูนย์” โดย 1) ปรับกายภาพทางโค้งให้สอดคล้องกับความปลอดภัย 2) ประเด็นปัญหาการมีทางแยก/ทางเชื่อมเข้า-ออกชอยอยู่ในบริเวณทางโค้ง ซึ่งทำให้ประชาชนผู้ขับขี่ไม่สามารถสังเกตเห็นได้อย่างชัดเจน โดยเฉพาะซอยรัชดา 36 เสือใหญ่อุทิศ เนื่องจากมีปริมาณรถเข้า-ออกจำนวนมาก ซึ่งไม่มีการติดตั้งป้ายเตือน “ทางแยกข้างหน้า” ที่ชัดเจน หรือการตีเส้นจราจรบนพื้นทาง ดังนั้น เมื่อมีถนนซอยที่เชื่อมถนนสายหลักในบริเวณทางโค้ง อาจส่งผลเสี่ยงต่อการเกิดอุบัติเหตุขึ้นได้ พิจารณาปรับปรุงช่องจราจรและเครื่องหมายจราจรฯ บริเวณก่อนทางเข้า-ออกซอย เพื่อช่วยให้ผู้ขับขี่สามารถสังเกตเห็นบริเวณจุดตัดทางเชื่อม (ที่อยู่ในบริเวณทางโค้ง) ได้อย่างชัดเจนมากขึ้น หรือการตีเส้นเครื่องหมายจราจรบนพื้นทางเพื่อจัดช่องจราจร แยกช่องซ้ายสุดให้เป็นช่องเลี้ยวซ้ายเข้าและออกซอย 3) ติดตั้งป้ายเตือนทางโค้งให้เพียงพอ 4) ติดตั้งป้ายค่อมเตือนความเร็ว 5) จัดให้มีแสงสว่างอย่างเพียงพอหรือซ่อมแซมไฟฟ้าส่องสว่างให้ใช้งานได้ดีอยู่เสมอ"],"district":"จตุจักร"},"geometry":{"type":"Point","coordinates":[100.57486,13.82131]}},{"type":"Feature","properties":{"title":"ใกล้ซอยลาดพร้าว 15 ถนนลาดพร้าว","info":["ปี: 2567","เขต: เขตจตุจักร","สาเหตุ: กายภาพจุดที่เกิดอุบัติเหตุเป็นจุดตัดซอยลาดพร้าว 15 เชื่อมกับถนนลาดพร้าว สาเหตุเกิดจากรถออกจากซอยลาดพร้าว 15 เชื่อมกับถนนลาดพร้าว ทำการตัดกระแสกับรถทางตรงและรถจากถนนลาดพร้าว เลี้ยวเข้าซอยลาดพร้าว 15 ทำให้เกิดการตัดกระแสจราจรกับรถจากถนนลาดพร้าว ทิศทางตรงข้าม","แนวทางแก้ไข: เร่งผลักดันแนวคิด “Thailand Towards Zero Deaths แนวทางลดการตายและผู้บาดเจ็บสาหัสบนถนนให้เป็นศูนย์” โดย 1) กวดขันวินัยจราจร 2) ติดตั้งป้ายเตือนทางแยก บนถนนลาดพร้าว 3) ติดตั้งป้ายหยุดในซอยลาดพร้าว 15 และเส้น stop line 4) ทำเส้นจราจรบริเวณจุดตัดให้ชัดเจน 5) จัดทำป้ายเตือนทางข้ามภายในซอยลาดพร้าว 15 6) จัดทำทางข้ามให้ชัดเจน"],"district":"จตุจักร"},"geometry":{"type":"Point","coordinates":[100.57041,13.80796]}},{"type":"Feature","properties":{"title":"ใกล้สถานี BTS เสนานิคม ถนนพหลโยธิน","info":["ปี: 2567","เขต: เขตจตุจักร","สาเหตุ: กายภาพจุดที่เกิดอุบัติเหตุคาดว่าเกิดจากรถเปลี่ยนช่องการจราจรเพื่อขึ้น – ลง สะพานข้ามแยกเสนานิคม","แนวทางแก้ไข: เร่งผลักดันแนวคิด “Thailand Towards Zero Deaths แนวทางลดการตายและผู้บาดเจ็บสาหัสบนถนนให้เป็นศูนย์” โดย 1) กวดขันวินัยจราจร 2) ติดตั้งหลักล้มลุก 3) ติดตั้ง cushion tank 4) ติดตั้งป้ายหัวเกาะพลังงานแสงอาทิตย์"],"district":"จตุจักร"},"geometry":{"type":"Point","coordinates":[100.57372,13.83634]}},{"type":"Feature","properties":{"title":"จุดกลับรถหน้าตลาดโอโซนวัน ถนนสรงประภา","info":["ปี: 2567","เขต: เขตดอนเมือง","สาเหตุ: รถที่ออกมาจากตลาดโอโซนวันตัดหน้ารถที่มาจากทางตรงเพื่อจะกลับรถตรงยูเทิร์น ทำให้เกิดอุบัติเหตุ","แนวทางแก้ไข: 1) กวดขันวินัยจราจร 2) ประสานขอความร่วมมือตลาดโอโซนวัน จัดเจ้าหน้าที่ช่วยการจราจรรถที่ออกจากตลาด"],"district":"ดอนเมือง"},"geometry":{"type":"Point","coordinates":[100.5775,13.92976]}},{"type":"Feature","properties":{"title":"ใกล้ BTS สะพานใหม่-หน้าตลาดยิ่งเจริญ ถนนพหลโยธิน","info":["ปี: 2567","เขต: เขตบางเขน","สาเหตุ: จากการสำรวจตลาดยิ่งเจริญ ถนนพหลโยธิน พบว่ามีอุบัติเหตุรถชนคนข้ามถนนบริเวณดังกล่าว สำนักการจราจรและขนส่งจึงได้จัดทำทางข้ามพร้อมติดตั้งสัญญาณไฟจราจรทางข้ามชนิดกดปุ่มเรียบร้อยแล้ว โดยประชาชนสามารถใช้ทางข้ามดังกล่าว หรือเลือกใช้ทางขึ้น-ลง สถานีรถไฟฟ้าสายสีเขียว (สถานีสะพานใหม่) หรือสะพานคนเดินข้ามถนน ในการข้ามถนนได้อย่างปลอดภัย แต่อย่างไรก็ตามอุบัติเหตุที่ยังเกิดขึ้น มีสาเหตุจากผู้ค้ามักเข็นรถส่งของระหว่างสองฝั่งทาง ช่วงเวลาประมาณ 03.00 น. - 06.00 น. ไม่ข้ามถนนที่ทางข้าม จึงเป็นสาเหตุให้เกิดอุบัติเหตุ","แนวทางแก้ไข: 1) ประสาน สน.ท้องที่เพื่อกวดขันวินัยจราจร 2) ติดตั้งรั้วกันคนข้ามถนนบริเวณเกาะกลางใต้สถานีรถไฟฟ้าสายสีเขียว สถานีสะพานใหม่ ความยาว 145 เมตร"],"district":"บางเขน"},"geometry":{"type":"Point","coordinates":[100.6091,13.89664]}},{"type":"Feature","properties":{"title":"ถนนพหลโยธิน 50 - ถนนพหลโยธินตัดเทพรักษ์ ถนนเทพรักษ์","info":["ปี: 2567","เขต: เขตบางเขน","สาเหตุ: บริเวณทางแยกถนนพหลโยธินตัดเทพรักษ์เป็นพื้นที่ก่อสร้างทางเชื่อมระหว่างถนนวิภาวดีกับถนนพหลโยธิน ช่วงที่ 2 ของสำนักการโยธา ปัจจุบันอยู่ระหว่างการก่อสร้าง มีการตั้งแบริเออร์ปิดช่องจราจรบางส่วน ทางแยกดังกล่าว มีปริมาณจราจรคับคั่ง โดยเฉพาะรถจักรยานยนต์มักจะฝ่าฝืนสัญญาณไฟจราจรเป็นประจำ และบริเวณกล่าวมีห้างสรรพสินค้าบิ๊กซี สาขาสะพานใหม่ ตลาดนัด ศาลาที่พักผู้โดยสาร จึงมีปริมาณคนเดินเท้าจำนวนมาก","แนวทางแก้ไข: 1) ประสานสำนักการโยธาตรวจสอบความปลอดภัยของพื้นที่ก่อสร้างพร้อมแก้ไข เช่น ถนนชำรุด ไฟฟ้าส่องสว่างไม่เพียงพอ แนวแบริเออร์ชั่วคราว เป็นต้น เนื่องจากเป็นพื้นที่ก่อสร้างทางเชื่อมระหว่างถนนวิภาวดีกับถนนพหลโยธิน ช่วงที่ 2 ของสำนักการโยธา 2) ติดตั้งรั้วกันคนข้ามถนน เพื่อจัดระเบียบคนเดินเท้า"],"district":"บางเขน"},"geometry":{"type":"Point","coordinates":[100.6057,13.89057]}},{"type":"Feature","properties":{"title":"ใกล้สวนอาหารบางบัว ถนนพลโยธิน","info":["ปี: 2567","เขต: เขตบางเขน","สาเหตุ: จากการสำรวจพบว่าบริเวณจุดกลับรถไม่มีช่องจราจรรอเลี้ยวกลับรถ และเสาโครงสร้างรถไฟฟ้าบดบังการมองเห็น","แนวทางแก้ไข: 1) จัดทำเครื่องหมายจราจรบนพื้นทาง ลูกศรบอกทิศทางกลับรถ 2) ประสานสถานีตำรวจนครบาลท้องที่ คอยอำนวยความปลอดภัยบริเวณจุดกลับรถในช่วงเวลาเร่งด่วนเช้าเย็น"],"district":"บางเขน"},"geometry":{"type":"Point","coordinates":[100.58917,13.86281]}},{"type":"Feature","properties":{"title":"แยกประชานิเวศน์","info":["ปี: 2567","เขต: เขตบางซื่อ","สาเหตุ: กายภาพจุดที่เกิดอุบัติเหตุเป็นทางแยกควบคุมด้วยสัญญาณไฟจราจร คาดว่าเกิดจากฝ่าฝืนเครื่องหมายจราจร (เส้นทึบ) เพื่อเปลี่ยนช่องจราจรกระทันหัน จุดแยกถนนประชาชื่นดังกล่าวรถช่องจราจรซ้ายมุ่งหน้าแยกพงษ์เพชร มักฝ่าฝืนสัญญาณไฟจราจร","แนวทางแก้ไข: เร่งผลักดันแนวคิด “Thailand Towards Zero Deaths แนวทางลดการตายและผู้บาดเจ็บสาหัสบนถนนให้เป็นศูนย์” โดย 1) กวดขันวินัยจราจร 2) ติดตั้งป้ายเตือนห้ามเปลี่ยนช่องจราจร 3) จัดทำเส้น stop line บริเวณเส้นซ้ายถนนประชาชื่น 4) จัดทำเส้น stop line บริเวณสะพานข้ามคลองประปา ที่เชื่อมกับ ถนนประชาชื่น 5) จัดทำป้ายเตือนระวังคนข้าม"],"district":"บางซื่อ"},"geometry":{"type":"Point","coordinates":[100.54122,13.8398]}},{"type":"Feature","properties":{"title":"จุดกลับรถใกล้ซอยรัชดาภิเษก 43 ถนนรัชดาภิเษก","info":["ปี: 2567","เขต: เขตบางซื่อ","สาเหตุ: กายภาพจุดที่เกิดอุบัติเหตุเป็นจุดตัดซอยรัชดาภิเษก 43 เชื่อมกับถนนรัชดาภิเษก มีกายภาพ 6 ช่องจราจร 3 ช่องจราจรต่อทิศทาง เมื่อรถที่ออกจากซอยรัชดาภิเษก 43 ตัดกระแสจราจรรถทางตรงถนนรัชดาภิเษก ทำให้เกิดการเฉี่ยวชน","แนวทางแก้ไข: เร่งผลักดันแนวคิด “Thailand Towards Zero Deaths แนวทางลดการตายและผู้บาดเจ็บสาหัสบนถนนให้เป็นศูนย์” โดย 1) กวดขันวินัยจราจร 2) ติดตั้งป้ายเตือนทางแยก ลดความเร็ว 3) จัดทำเส้น stop line ภายในซอยรัชดาภิเษก 43 ที่เชื่อมกับถนนรัชดาภิเษก และป้ายหยุด ระวังรถทางตรงทาง , ใช้ทางเมื่อปลอดภัย"],"district":"บางซื่อ"},"geometry":{"type":"Point","coordinates":[100.52953,13.82914]}},{"type":"Feature","properties":{"title":"สะพานข้ามแยกประชานุกูล ใกล้ซอยรัชดาภิเษก 64","info":["ปี: 2567","เขต: เขตบางซื่อ","สาเหตุ: 1) กายภาพเป็นทางขึ้นสะพาน รถขับโดยขาดความระมัดระวัง 2) รถเปลี่ยนช่องจราจรกะทันหัน ในบริเวณที่เป็นทางขึ้นสะพาน","แนวทางแก้ไข: 1) ติดตั้งป้ายหัวเกาะพลังงานแสงอาทิตย์ 2 ชุด 2) ติดตั้งเสาหลักล้มลุก 110 ชุด 3) ติดตั้ง cushion tank 2 ชุด 4) ซ่อมการ์ดเรล 48 เมตร"],"district":"บางซื่อ"},"geometry":{"type":"Point","coordinates":[100.53679,13.83066]}},{"type":"Feature","properties":{"title":"ใกล้ซอยประชาชื่น 25 ถนนประชาชื่น","info":["ปี: 2567","เขต: เขตบางซื่อ","สาเหตุ: กายภาพจุดที่เกิดอุบัติเหตุเป็นจุดแยกถนนประชาชื่น (มุ่งหน้าแยกพงษ์เพชร) เลี้ยวขวาเพื่อใช้สะพานข้ามคลองประปา เกิดการตัดกระแสการจราจรกับรถจากถนนประชาชื่น (มุ่งหน้าแยกประชานุกูล) เช่นเดียวกับรถที่มาจากสะพานข้ามคลองประชาที่เลี้ยวซ้ายและขวาตัดกระแสการจราจรเข้าสู่ถนนประชาชื่น","แนวทางแก้ไข: เร่งผลักดันแนวคิด “Thailand Towards Zero Deaths แนวทางลดการตายและผู้บาดเจ็บสาหัสบนถนนให้เป็นศูนย์” โดย 1) กวดขันวินัยจราจร 2) ติดตั้งป้ายเตือนห้ามเปลี่ยนช่องจราจร 3) จัดทำลูกศรเลี้ยวขวา ถนนประชาชื่น 4) จัดทำเส้น stop line บริเวณสะพานข้ามคลองประปาที่เชื่อมกับถนนประชาชื่น 5) จัดทำป้ายเตือนระวังทางแยก 6) จัดทำป้ายบังคับหยุด ตรงสะพานข้ามคลองประปา"],"district":"บางซื่อ"},"geometry":{"type":"Point","coordinates":[100.5375,13.82394]}},{"type":"Feature","properties":{"title":"ประชาราษฎร์สาย 1 ซอย 29 (บริเวณหน้าโรงเรียนโยธินบูรณะถึงปากซอยวัดสร้อยทอง)","info":["ปี: 2567","เขต: เขตบางซื่อ","สาเหตุ: 1) ทางม้าลายโรงเรียนโยธินบูรณะเกิดอุบัติเหตุบ่อยครั้ง 2) มีจุดกลับรถ 3) ปากซอยวัดสร้อยทองกายภาพเป็นทางโค้ง รถขับโดยขาดความระมัดระวัง 4) รถออกจากซอยวัดสร้อยทองตัดกระเเสรถทางตรงเพื่อกลับรถ","แนวทางแก้ไข: 1) ติดตั้งป้ายเตือนทางโค้งพลังงานแสงอาทิตย์ (ของเดิมชำรุด) 2) ทาสีเส้นจราจรพื้นทางให้ชัดเจน 3) ติดตั้งเทปจราจรสะท้อนแสงตรงเส้นทึบ 4) ติดตั้งรั้วเหล็กเกาะกลางถนนให้ครบ 5) ติดตั้งเส้นชะลอความเร็ว 6) กวดขันวินัยจราจร"],"district":"บางซื่อ"},"geometry":{"type":"Point","coordinates":[100.51792,13.81374]}},{"type":"Feature","properties":{"title":"ใกล้มหาวิทยาลัยเทคโนโลยีพระจอมเกล้าพระนครเหนือ ถนนพิบูลย์สงคราม","info":["ปี: 2567","เขต: เขตบางซื่อ","สาเหตุ: กายภาพจุดที่เกิดอุบัติเหตุ คาดว่าเกิดจากรถเปลี่ยนช่องการจราจรบริเวณจุดตัดถนนวงศ์สว่างกับถนนประชาราษฎร์สาย 1 และรถวิ่งมาด้วยความเร็วชนจุดตัดถนนวงศ์สว่างกับถนนประชาราษฎร์สาย 1 ช่วงเวลากลางคืน","แนวทางแก้ไข: เร่งผลักดันแนวคิด “Thailand Towards Zero Deaths แนวทางลดการตายและผู้บาดเจ็บสาหัสบนถนนให้เป็นศูนย์” โดย 1) กวดขันวินัยจราจร 2) ติดตั้งหลักล้มลุก 3) ติดตั้ง cushion tank 4) ติดตั้งป้ายหัวเกาะพลังงานแสงอาทิตย์ 5) ติดตั้งป้ายเตือนลดความเร็ว"],"district":"บางซื่อ"},"geometry":{"type":"Point","coordinates":[100.5144,13.81857]}},{"type":"Feature","properties":{"title":"โค้งหักศอก ถนนสุคนธสวัสดิ์ (ซอยเสนานิเวศน์ แยก 120)","info":["ปี: 2567","เขต: เขตลาดพร้าว","สาเหตุ: บริเวณดังกล่าวเป็นโค้งหักศอก ที่มีรถจักรยานยนต์ตัดออกมาจากช่องทางเอนกประสงค์ภายในซอยเสนานิเวศน์ 120 จึงทำให้เกิดอุบัติเหตุบ่อยครั้ง ซึ่งการแก้ไขยังไม่ครอบคลุมพื้นที่ทั้งหมดและประชาชนยังไม่สามารถใช้ประโยชน์ได้อย่างเต็มที่ เนื่องจากการแก้ไขยังไม่ครบถ้วน กรณีดังกล่าว เดิมมีการตัดคันหินทางเท้าเป็นทางเข้าออกจำนวน 2 ช่องทาง ทำให้ไม่สามารถติดตั้งราวป้องกันอันตรายได้ แต่ปัจจุบันได้ดำเนินการปิดทางเข้าออกดังกล่าวแล้ว ซึ่งจะได้ดำเนินการของบประมาณในการติดตั้งราวป้องกันอันตรายต่อไป","แนวทางแก้ไข: 1) ติดตั้งการ์ดเรล 2) กวดขันวินัยจราจร"],"district":"ลาดพร้าว"},"geometry":{"type":"Point","coordinates":[100.60886,13.82413]}},{"type":"Feature","properties":{"title":"ถนนเพิ่มสิน (ทางโค้งสะพานข้ามคลองออเงิน)","info":["ปี: 2567","เขต: เขตสายไหม","สาเหตุ: เป็นทางโค้งหักศอก ทำให้การสัญจรไม่คล่องตัว จึงทำให้เกิดอุบัติเหตุ","แนวทางแก้ไข: 1) ติดตั้งป้ายเตือนแนวโค้งพลังงานแสงอาทิตย์ตามแนวโค้ง 2) ติดตั้งป้ายห้ามเลี้ยวขวาถนนซอยบ้านสวนศิวะ 3) ติดเทปจราจรตามแนวโค้ง 4) ติดตั้งป้ายลดความเร็วก่อนเข้าแนวโค้ง"],"district":"สายไหม"},"geometry":{"type":"Point","coordinates":[100.66044,13.90311]}},{"type":"Feature","properties":{"title":"หน้าโรงเรียนเคหะทุ่งสองห้องวิทยา 1","info":["ปี: 2567","เขต: เขตหลักสี่","สาเหตุ: ทางม้าลายมีไม่เพียงพอกับพื้นที่ที่นักเรียนข้ามถนนและมีการจอดรถกีดขวางบริเวณทางเข้า-ออกโรงเรียน","แนวทางแก้ไข: 1. จัดทำทางม้าลายบริเวณหน้าโรงเรียนเพิ่มเติม 2. จัดทำสัญลักษณ์ห้ามจอดรถ ขาว-แดง"],"district":"หลักสี่"},"geometry":{"type":"Point","coordinates":[100.58334,13.90058]}},{"type":"Feature","properties":{"title":"ปากซอยไทยรามัญ ถนนหทัยราษฎร์","info":["ปี: 2567","เขต: เขตคลองสามวา","สาเหตุ: รถเลี้ยวออกจากซอยไทยรามัญเลี้ยว (ขวาและซ้าย) ออกจากซอยโดยประมาท ไม่ระวังรถที่มาจากทางถนนหทัยราษฏร์ เกิดการตัดกระแสจราจรแบบขัดแย้ง","แนวทางแก้ไข: 1) จัดทำเส้นจราจรให้ชัดเจน 2) ติดตั้งป้ายหยุดบริเวณปากซอยไทยรามัญ 3) กวดขันวินัยจราจร"],"district":"คลองสามวา"},"geometry":{"type":"Point","coordinates":[100.72196,13.89677]}},{"type":"Feature","properties":{"title":"ปากซอยหทัยราษฎร์ 39 ถนนหทัยราษฎร์","info":["ปี: 2567","เขต: เขตคลองสามวา","สาเหตุ: รถเลี้ยวออกจากซอยหทัยราษฏร์ 39 (ขวาและซ้าย) ออกจากซอยโดยประมาท ไม่ระวังรถที่มาจากทางถนนหทัยราษฏร์ เกิดการตัดกระแสจราจรแบบขัดแย้ง","แนวทางแก้ไข: 1) จัดทำเส้นจราจรให้ชัดเจน 2) ติดตั้งป้ายหยุดบริเวณปากซอยหทัยราษฎร์ 39 3) กวดขันวินัยจราจร"],"district":"คลองสามวา"},"geometry":{"type":"Point","coordinates":[100.72215,13.88752]}},{"type":"Feature","properties":{"title":"ซอยคู้บอน 19 ถนนคู้บอน","info":["ปี: 2567","เขต: เขตคันนายาว","สาเหตุ: รถออกจากซอยคู้บอน 19 เลี้ยวขวาเข้าสู่ถนนคู้บอน ซึ่งบริเวณดังกล่าวเป็นทางโค้งทำให้เกิดอุบัติเหตุเป็นประจำ","แนวทางแก้ไข: จากการตรวจสอบแล้วพบว่า โค้งดังกล่าวมีการติดตั้งป้ายและเครื่องหมายจราจรแล้ว ได้แก่ เครื่องหมายพื้นทางเส้นทแยงห้ามหยุดรถ (พบ.15) และมีป้ายเตือนทางแยกไฟกระพริบทั้ง 2 ทิศทาง ซึ่งผู้ขับขี่ในบริเวณทางโค้งจะต้องลดความเร็วของรถในลักษณะที่จะให้เกิดความปลอดภัย และผู้ขับขี่ที่จะเลี้ยวขวาออกจากซอยคู้บอน 19 จะต้องใช้ความระมัดระวังเพิ่มมากขึ้น 1) กวดขันวินัยจราจร"],"district":"คันนายาว"},"geometry":{"type":"Point","coordinates":[100.66395,13.84782]}},{"type":"Feature","properties":{"title":"ซอยคู้บอน 13 (จินดาบำรุง) ถนนคู้บอน","info":["ปี: 2567","เขต: เขตคันนายาว","สาเหตุ: รถออกจากซอยคู้บอน 13 แล้วเลี้ยวขวาเพื่อไปแยก กม.8 ซึ่งมักเกิดอุบัติเหตุชนกับรถทางตรงจาก กม. 8 และรถทางตรงจากที่จะไปแยก กม.8 ลงมาจากสะพานข้ามคลอง","แนวทางแก้ไข: ซอยคู้บอน 13 เป็นซอยหลักที่ต้องรองรับรถจากทั้งซอย 13 ซอย 9 รวมถึงเป็นที่ตั้งของโรงเรียนจินดาบำรุง จึงทำให้มีปริมาณรถมากโดยเฉพาะในชั่วโมงเร่งด่วน ซึ่งได้มีการติดตั้งป้ายเตือนทางแยกให้ผู้ขับขี่ใช้ความระมัดระวังและมีการจัดทำเครื่องหมายพื้นทางเส้นทแยงห้ามหยุดรถ (พบ.15) บริเวณปากซอยเพื่อให้มีช่องว่างในการเลี้ยวขวาออกจากซอย ในขณะที่ผู้ขับขี่ต้องใช้ความระมัดระวังในการมองรถในทิศทางด้านซ้ายก่อนเลี้ยวเข้าทางหลัก แนวทางการแก้ไข : 1) กวดขันวินัยจราจร"],"district":"คันนายาว"},"geometry":{"type":"Point","coordinates":[100.66363,13.84527]}},{"type":"Feature","properties":{"title":"แยกอมรพันธ์ ถนนเสรีไทยตัดถนนสวนสยาม","info":["ปี: 2567","เขต: เขตคันนายาว","สาเหตุ: ผู้ขับขี่มักจอดหรือหยุดรถล้ำเส้นแนวไฟแดง และมักขับฝ่าไฟแดงและขับย้อนศร","แนวทางแก้ไข: บริเวณแยกดังกล่าวเป็นแยกที่ควบคุมการจราจรโดยสัญญาณไฟ มีการจัดทำเส้นหยุด และช่องสำหรับจอดรถจักรยานยนต์ไว้บนพื้นทางชัดเจน การที่ขับขี่ชอบจอดหรือหยุดรถล้ำเส้นแนวไฟแดง ชอบขับฝ่าไฟแดงและย้อนศร เป็นความผิดตาม พรบ.จราจรทางบก จึงควรกวดขันวินัยจราจร แนวทางการแก้ไข : 1) กวดขันวินัยจราจร"],"district":"คันนายาว"},"geometry":{"type":"Point","coordinates":[100.69135,13.79544]}},{"type":"Feature","properties":{"title":"สี่แยกบางกะปิ","info":["ปี: 2567","เขต: เขตบางกะปิ","สาเหตุ: บางกะปิและการก่อสร้าง SKY WALK ช่องการจราจรยังไม่เปิดใช้ครบตามเดิม","แนวทางแก้ไข: ประสานสำนักการโยธา ตรวจสอบความปลอดภัยขณะก่อสร้างเสมอ เช่น แผงกั้น ไฟฟ้าส่องสว่างในเวลากลางคืน จัดเจ้าหน้าที่ดูแลขณะขนถ่ายวัสดุไม่ให้กระทบต่อประชาชน ประชาสัมพันธ์และประสาน สน.ลาดพร้าว เกี่ยวกับการจัดการจราจรขณะก่อสร้าง การจัดทำทางข้ามชั่วคราวให้ประชาชนข้ามได้อย่างปลอดภัย เป็นต้น"],"district":"บางกะปิ"},"geometry":{"type":"Point","coordinates":[100.64779,13.76619]}},{"type":"Feature","properties":{"title":"สามแยกตลาดบางกะปิ","info":["ปี: 2567","เขต: เขตบางกะปิ","สาเหตุ: อยู่ระหว่างปรับปรุงสะพานข้ามแยก","แนวทางแก้ไข: ประสานสำนักการโยธา ตรวจสอบความปลอดภัยขณะก่อสร้างเสมอ เช่น แผงกั้น ไฟฟ้าส่องสว่างในเวลากลางคืน จัดเจ้าหน้าที่ดูแลขณะขนถ่ายวัสดุไม่ให้กระทบต่อประชาชน ประชาสัมพันธ์และประสาน สน.ลาดพร้าว เกี่ยวกับการจัดการจราจรขณะก่อสร้าง การจัดทำทางข้ามชั่วคราวให้ประชาชนข้ามได้อย่างปลอดภัย เป็นต้น"],"district":"บางกะปิ"},"geometry":{"type":"Point","coordinates":[100.64545,13.76599]}},{"type":"Feature","properties":{"title":"สามแยกถนนนวลจันทร์ตัดกับซอยรามอินทรา 40","info":["ปี: 2567","เขต: เขตบึงกุ่ม","สาเหตุ: บริเวณสามแยกถนนนวลจันทร์ตัดซอยรามอินทรา 40 ไม่มีไฟสัญญาณจราจรและเครื่องหมายป้องกันและลดความเสี่ยงต่อการเกิดอุบัติเหตุ","แนวทางแก้ไข: 1) บริเวณดังกล่าวมักมีรถฝ่าฝืนเครื่องหมายจราจร โดยเฉพาะฝั่งถนนนวลจันทร์ทั้งขาเข้าและขาออก ซึ่งมีช่องจราจรทิศทางละ 2 ช่องจราจร จะมีช่องสำหรับรถเลี้ยวขวาไว้โดยเฉพาะเพื่อเข้าถนนรามอินทรา 40 แต่ผู้ขับขี่มักฝ่าฝืน ในขณะที่รถจากซอยรามอินทรา 40 เลี้ยวขวาทำให้เกิดจุดตัดกระแสจราจรซึ่งเสี่ยงต่อการเกิดอุบัติเหตุได้ (ดูภาพประกอบลักษณะการฝ่าฝืน) จึงต้องประสาน สน.โคกคราม กวดขันวินัยจราจร 2) สำนักงานเขตตรวจสอบกรณีรถจักรยานยนต์รับจ้างจอดบริเวณจุดเลี้ยวซึ่งเป็นมุมอับสายตา 3) กรณีเครื่องหมายจราจร ควรตรวจสอบให้ชัดเจนอยู่เสมอ เช่น ป้าย “ช่องซ้ายผ่านตลอด” ซีดจาง 4) พิจารณาความเหมาะสมในการติดตั้งสัญญาณไฟจราจร หรือสัญญาณไฟกะพริบเตือน"],"district":"บึงกุ่ม"},"geometry":{"type":"Point","coordinates":[100.63615,13.8375]}},{"type":"Feature","properties":{"title":"หน้าปากซอยนวมินทร์ 24 ถนนนวมินทร์","info":["ปี: 2567","เขต: เขตบึงกุ่ม","สาเหตุ: ลักษณะทางกายภาพเป็นที่กลับรถ และในซอยเป็นหมู่บ้าน มีการสัญจรจำนวนมาก ทำให้เกิดปัญหาจราจรติดขัด และเสี่ยงต่อการเกิดอุบัติเหตุบ่อยครั้ง","แนวทางแก้ไข: 1) ประสาน สน.ท้องที่ กวดขันวินัยจราจร โดยเฉพาะบริเวณปากซอยที่มักมีรถจอดกีดขวาง 2) ตรวจสอบแก้ไขซ่อมแซมป้ายห้ามจอดภายในซอยให้ชัดเจน"],"district":"บึงกุ่ม"},"geometry":{"type":"Point","coordinates":[100.64994,13.78739]}},{"type":"Feature","properties":{"title":"หน้าลุมพินี คอนโดทาวน์ นิด้า-เสรีไทย ถนนเสรีไทย","info":["ปี: 2567","เขต: เขตบึงกุ่ม","สาเหตุ: ผู้ใช้ทางสัญจรปริมาณมาก เกิดปัญหารถติดต่อเนื่อง","แนวทางแก้ไข: 1) ปัญหารถติดเกิดจากการที่มีปริมาณการจราจรมากกว่าความจุถนน และบางส่วนเกิดจากการฝ่าฝืนวินัยจราจร เช่น การจอดรถในที่ห้ามจอด เป็นต้น เห็นควรประสาน สน.กวดขันวินัยจราจร 2) จากการตรวจสอบพบว่า มีการก่อสร้างสะพานคนเดินข้ามถนนให้ประชาชนข้ามได้อย่างปลอดภัย เนื่องจากถนนสรีไทยเป็นถนน 6 ช่องจราจร (3 ช่องจราจร/ทิศทาง) แบ่งทิศทางการจรารด้วยเกาะกลางชนิดยกสูง มีการปลูกต้นไม้บนเกาะกลาง แต่ช่วงใต้สะพานคนเดินข้ามถนนเปิดช่องไว้อาจทำให้ประชาชนฝ่าฝืนไม่ใช้สะพานข้ามถนน ซึ่งเสี่ยงต่อการเกิดอุบัติเหตุได้โดยเฉพาะเวลากลางคืน เห็นควรประสานสำนักงานเขตพิจารณาดำเนินการปิดทางดังกล่าว 3) ควรมีการตรวจสอบไฟฟ้าส่องสว่างให้ใช้งานได้อยู่เสมอ เพื่อลดความเสี่ยงต่อการเกิดอุบัติเหตุ"],"district":"บึงกุ่ม"},"geometry":{"type":"Point","coordinates":[100.65871,13.77535]}},{"type":"Feature","properties":{"title":"สะพานต่างระดับข้ามถนนอ่อนนุช ถนนอ่อนนุช","info":["ปี: 2567","เขต: เขตประเวศ","สาเหตุ: 1) ทางขึ้นสะพานจากเขตประเวศไปเขตสวนหลวงเป็นทางโค้งและผิวจราจรไม่เรียบ 2) แนวทางช่องจราจรไม่ชัดเจนและป้ายซีดจาง","แนวทางแก้ไข: 1) ประสานสำนักการโยธาปรับปรุงผิวจราจรบริเวณทางขึ้นสะพาน 2) เปลี่ยนป้ายเตือนหัวเกาะเชิงลาดที่ชำรุด 3) ติดตั้งหลักล้มลุกบริเวณหัวเกาะ 4) ติดตั้งป้ายเตือนแนวโค้งแบบไฟกะพริบพลังงานแสงอาทิตย์ (Chevron) 5) ติดตั้งวัสดุเตือนแนวเส้นทางสะท้อนแสง (LDS)"],"district":"ประเวศ"},"geometry":{"type":"Point","coordinates":[100.66311,13.71778]}},{"type":"Feature","properties":{"title":"จุดกลับรถบริเวณซอยพัฒนาการ 89 ถนนพัฒนาการตัดใหม่","info":["ปี: 2567","เขต: เขตประเวศ","สาเหตุ: 1) รถขับขี่ด้วยความเร็ว 2) ไม่มีสัญญาณไฟจราจร 3) ไม่มีเส้นชะลอความเร็ว","แนวทางแก้ไข: 1) ติดตั้งเป้าสะท้อนแสงเพื่อเป็นแนวทางจราจร 2) ติดตั้งเทปสะท้อนแสง 3) ติดตั้งป้ายหัวเกาะเพื่อให้ผู้สัญจรทราบบริเวณจุดกลับรถ"],"district":"ประเวศ"},"geometry":{"type":"Point","coordinates":[100.66834,13.70784]}},{"type":"Feature","properties":{"title":"ทางขึ้น-ลงสะพาน บริเวณซอยเฉลิมพระเกียรติ ร.9 ที่ 2 ถนนเฉลิมพระเกียรติ ร.9","info":["ปี: 2567","เขต: เขตประเวศ","สาเหตุ: 1) รถวิ่งลงจากสะพานข้ามแยกศรีอุดมมุ่งหน้าสำนักงานเขตประเวศจะเลี้ยวซ้ายเข้าโรงพยาบาลสินแพทย์ตัดกระแสรถวิ่งเส้นตรง 2) รถออกจากโรงพยาบาลสินแพทย์เลี้ยวขวาขึ้นสะพานข้ามแยกศรีอุดมมุ่งหน้าอุดมสุข ทำให้ตัดกระแสรถวิ่งลงจากสะพานที่ขับด้วยความเร็ว 3) รถออกจากซอยเฉลิมพระเกียรติ ร.9 ซอย 2 เลี้ยวขวาถนนเฉลิมพระเกียรติ ร.9 มุ่งหน้าสำนักงานเขตประเวศ ตัดกระแสรถใช้ความเร็วขึ้นสะพานข้ามแยกศรีอุดมมุ่งหน้าอุดมสุข และตัดกระแสรถวิ่งลงจากสะพานข้ามแยกศรีอุดม มุ่งหน้าถนนเฉลิมพระเกียรติ ร.9 เข้าสำนักงานเขตประเวศ","แนวทางแก้ไข: 1) ติดตั้งป้ายเตือนลดความเร็ว 2) ติดตั้งป้ายลดความเร็ว 3) ติดตั้งเป้าสะท้อนแสง 4) กวดขันวินัยจราจรของผู้สัญจรบริเวณดังกล่าว"],"district":"ประเวศ"},"geometry":{"type":"Point","coordinates":[100.64905,13.67774]}},{"type":"Feature","properties":{"title":"หน้าโรงเรียนสุเหร่าทรายกองดิน ถนนราษฎร์อุทิศ","info":["ปี: 2567","เขต: เขตมีนบุรี","สาเหตุ: ยานพาหนะขับขี่ด้วยความเร็ว","แนวทางแก้ไข: 1) กวดขันวินัยจราจร"],"district":"มีนบุรี"},"geometry":{"type":"Point","coordinates":[100.77397,13.83317]}},{"type":"Feature","properties":{"title":"หน้าโรงเรียนมีนบุรี ถนนสีหบุรานุกิจ","info":["ปี: 2567","เขต: เขตมีนบุรี","สาเหตุ: ยานพาหนะขับขี่ด้วยความเร็ว","แนวทางแก้ไข: 1) ติดตั้งป้ายเตือนลดความเร็ว 2) กวดขันวินัยจราจร"],"district":"มีนบุรี"},"geometry":{"type":"Point","coordinates":[100.73154,13.81333]}},{"type":"Feature","properties":{"title":"จุดกลับรถหน้าสยามพรีเมี่ยเอาเล็ต ถนนหลวงแพ่ง","info":["ปี: 2567","เขต: เขตลาดกระบัง","สาเหตุ: บริเวณดังกล่าวเป็นถนน 6 ช่องจราจร ที่มีรถขนาดใหญ่ เช่น รถบัสรับส่งผู้โดยสาร รถคอนเทนเนอร์ รถบรรทุกพ่วง ฯลฯ ใช้เป็นสถานที่กลับรถ โดยทำการกลับรถจากช่องจราจรซ้ายสุดตีโค้งตัดหน้ารถอีก 2 ช่องจราจรที่วิ่งมาด้วยความเร็วและไม่ทันระมัดระวัง อีกทั้งมีแสงสว่างไม่เพียงพอในเวลากลางคืน จึงเสี่ยงต่อการเกิดอุบัติเหตุรถชนกัน","แนวทางแก้ไข: 1) ประสานสำนักการโยธาติดตั้งไฟฟ้าส่องสว่างเพิ่มเติม 2) ติดตั้งป้ายและสัญญาณเตือนจุดกลับรถ"],"district":"ลาดกระบัง"},"geometry":{"type":"Point","coordinates":[100.83834,13.70422]}},{"type":"Feature","properties":{"title":"ซอยราษฎร์พัฒนา 5 (ชุมชนหมู่บ้านเคหะธานี) ถนนราษฎร์พัฒนา","info":["ปี: 2567","เขต: เขตสะพานสูง","สาเหตุ: 1) มีอุบัติเหตุรถเชี่ยวชนบริเวณทางเข้า-ออก 2) เป็นเขตชุมชนมีผู้สัญจรเป็นจำนวนมาก 3) ไม่มีสัญญาณไฟกระพริบเตือนทางแยกก่อนถึงทางแยก 4) ไม่มีป้ายเตือนเขตชุมชม 5) ไม่มีเส้นชะลอความเร็ว","แนวทางแก้ไข: 1) จากการตรวจสอบพบว่ามีการติดตั้งป้ายไฟกะพริบเตือนทางแยกแล้ว ควรตรวจสอบให้ใช้งานได้อยู่เสมอ 2) ควรตัดแต่งต้นไม้กิ่งไม้มิให้บดบังป้านหรือสัญญาณไฟจราจร 3) พิจารณาติดตั้งป้ายเตือนเขตชุมชนลดความเร็ว 4) การจัดทำเส้นชะลอความเร็วไม่เหมาะสมเนื่องจากเป็นเขตชุมชน เมื่อรถวิ่งผ่านอาจเกิดเสียงดังรบกวนผู้พักอาศัยบริเวณดังกล่าวได้ โดยเฉพาะในเวลากลางคืน 5) ตรวจสอบไฟฟ้าส่องสว่างให้ใช้งานได้ 6) ตรวจสอบป้าย เครื่องหมายจราจรบนพื้นทางให้ชัดเจนอยู่เสมอ 7) ประสาน สน.ท้องที่ กวดขันวินัยจราจร"],"district":"สะพานสูง"},"geometry":{"type":"Point","coordinates":[100.70556,13.78475]}},{"type":"Feature","properties":{"title":"สะพานข้ามแยกมหานคร","info":["ปี: 2567","เขต: เขตหนองจอก","สาเหตุ: 1) ไฟฟ้าส่องสว่างไม่เพียงพอและชำรุด 2) สัญลักษณ์บอกทางบนพื้นทางลบเลือน 3) ไม่มีแผงกั้นหรือวัสดุแบ่งช่องจราจร 4) ป้ายเตือนเชิงลาดสะพาน และ crash cushion เสียหาย","แนวทางแก้ไข: 1) ซ่อมแซมไฟฟ้าส่องสว่างบนสะพาน (ประสานสำนักการโยธา) 2) สัญลักษณ์บอกทางบนพื้นทางให้ชัดเจน 3) ติดตั้งหลักล้มลุก เพื่อแบ่งทิศทางการจราจร 4) ติดตั้งป้ายเตือนเชิงลาดสะพาน และ cushion tank 5) กวดขันวินัยจราจร"],"district":"หนองจอก"},"geometry":{"type":"Point","coordinates":[100.83957,13.81063]}},{"type":"Feature","properties":{"title":"แยกพระราม 9 ถนนรัชดาภิเษก","info":["ปี: 2567","เขต: เขตดินแดง","สาเหตุ: กายภาพเป็นสี่แยกควบคุมด้วยระบบสัญญาณไฟ สาเหตุคาดว่าขับรถฝ่าฝืนกฎหมายจราจรและการเปลี่ยนช่องจราจรกะทันหัน","แนวทางแก้ไข: กวดขันวินัยการจราจรในบริเวณดังกล่าว"],"district":"ดินแดง"},"geometry":{"type":"Point","coordinates":[100.56506,13.75626]}},{"type":"Feature","properties":{"title":"อุโมงค์แยกห้วยขวาง","info":["ปี: 2567","เขต: เขตดินแดง","สาเหตุ: 1) กายภาพเป็นทางลงอุโมงค์ รถขับโดยขาดความระมัดระวัง 2) รถเปลี่ยนช่องจราจรกะทันหัน ในบริเวณที่เป็นทางลงอุโมงค์","แนวทางแก้ไข: 1) ติดตั้งป้ายหัวเกาะพลังงานแสงอาทิตย์ 2 ชุด 2) ติดตั้งเสาหลักล้มลุก 110 ชุด 3) ติดตั้ง cushion tank 2 ชุด"],"district":"ดินแดง"},"geometry":{"type":"Point","coordinates":[100.57369,13.77874]}},{"type":"Feature","properties":{"title":"หน้าเดอะสตรีทรัชดา ถนนเทียมร่วมมิตรตัดถนนรัชดาภิเษก","info":["ปี: 2567","เขต: เขตดินแดง","สาเหตุ: กายภาพจุดที่เกิดอุบัติเหตุ เป็นทางแยกควบคุมด้วยสัญญาณไฟจราจร คาดว่าเกิดจากการฝ่าฝืนเครื่องหมายจราจร (เส้นทึบ) เพื่อเปลี่ยนช่องจราจรกะทันหัน","แนวทางแก้ไข: เร่งผลักดันแนวคิด “Thailand Towards Zero Deaths แนวทางลดการตายและผู้บาดเจ็บสาหัสบนถนนให้เป็นศูนย์” โดย 1) กวดขันวินัยจราจร 2) ติดตั้งป้ายเตือนห้ามเปลี่ยนช่องจราจร"],"district":"ดินแดง"},"geometry":{"type":"Point","coordinates":[100.57303,13.76988]}},{"type":"Feature","properties":{"title":"ทางขึ้น-ลง สะพานข้ามแยกพระราม 9 (จุดกลับรถ)","info":["ปี: 2567","เขต: เขตดินแดง","สาเหตุ: 1) จุดกลับรถใต้สะพานข้ามแยกพระราม 9 ไม่มีการติดตั้งป้ายเตือนจุดกลับรถและเครื่องหมายจราจรกลับรถบนพื้นทาง 2) ผิวทางชำรุด ขรุขระ 3) แสงสว่างไม่เพียงพอ 4) รถจักรยานยนต์ใช้จุดกลับรถดังกล่าวตัดกระแสจราจรเพื่อเข้าซอย","แนวทางแก้ไข: 1) ติดตั้งป้ายเตือนจุดกลับรถ จำนวน 2 ป้าย 2) ติดตั้งป้ายจุดกลับรถ จำนวน 2 ป้าย 3) ติดตั้งป้ายเตือนหัวเกาะ จำนวน 2 ป้าย 4) จัดทำเครื่องหมายจราจรบนพื้นทางแสดงทิศทางกลับรถ 5) ติดตั้งเป้าสะท้อนแสง เพื่อเพิ่มการมองเห็น 6) ทาสีแบริเออร์คอนกรีตให้ชัดเจน เตือนอุปสรรค"],"district":"ดินแดง"},"geometry":{"type":"Point","coordinates":[100.56295,13.75617]}},{"type":"Feature","properties":{"title":"หน้าเอสพลานาดรัชดา ถนนรัชดาภิเษก","info":["ปี: 2567","เขต: เขตดินแดง","สาเหตุ: จากการสำรวจพบว่ามีป้ายจราจรบังคับ ห้ามจอดตลอดเวลา โดยช่วงเวลากลางคืนมักจะมี รถแท็กซี่และรถมอเตอร์ไซค์รับจ้างส่งอาหาร มาจอดรอรับ-ส่ง ผู้โดยสารหน้าห้างสรรพสินค้าเอสพลานาดจำนวนมาก ส่งผลให้กีดขวางช่องทางจราจร ประกอบกับมีนักท่องเที่ยวชาวต่างชาติมายืนรอรถริมถนนบริเวณดังกล่าว","แนวทางแก้ไข: 1) ประสาน สน.ท้องที่ กวดขันวินัยจราจร 2) ตรวจสอบความชัดเจนของป้ายจราจร และความชัดเจนของเครื่องหมายจราจร"],"district":"ดินแดง"},"geometry":{"type":"Point","coordinates":[100.56993,13.76581]}},{"type":"Feature","properties":{"title":"หน้าสำนักงานเขตดุสิต","info":["ปี: 2567","เขต: เขตดุสิต","สาเหตุ: 1) เส้นสีจราจรไม่ชัดเจน 2) ทางเข้า - ออกของเขต อยู่ใกล้แยก ทำให้ผู้ขับขี่มักจอดรถบังหน้าสำนักงานเขต 3) ประชาชนขาดวินัยจราจร","แนวทางแก้ไข: 1) ทาสีจราจรให้ชัดเจน 2) กวดขันวินัยจราจร"],"district":"ดุสิต"},"geometry":{"type":"Point","coordinates":[100.52027,13.77676]}},{"type":"Feature","properties":{"title":"แยกถนนพะเนียงตัดกับถนนนครสวรรค์","info":["ปี: 2567","เขต: เขตป้อมปราบศัตรูพ่าย","สาเหตุ: รถที่วิ่งมาจากถนนพะเนียงจะต้องวิ่งตัดถนนนครสวรรค์เพื่อข้ามไปถนนพะเนียงอีกด้าน เนื่องจากรถที่ออกจากถนนพะเนียงสามารถเลี้ยวซ้ายและขวาได้เท่านั้น ไม่สามารถตรงไปได้เป็นการทำผิดกฎจราจร","แนวทางแก้ไข: 1) กวดขันวินัยจราจร"],"district":"ป้อมปราบศัตรูพ่าย"},"geometry":{"type":"Point","coordinates":[100.51044,13.75883]}},{"type":"Feature","properties":{"title":"แยกถนนบริพัตรตัดกับถนนบำรุงเมือง","info":["ปี: 2567","เขต: เขตป้อมปราบศัตรูพ่าย","สาเหตุ: รถที่วิ่งมาจากถนนบริพัตร จะต้องวิ่งตัดถนนบำรุงเมือง เพื่อข้ามไปถนนบริพัตรอีกด้าน","แนวทางแก้ไข: 1) กวดขันวินัยจราจร"],"district":"ป้อมปราบศัตรูพ่าย"},"geometry":{"type":"Point","coordinates":[100.50546,13.75218]}},{"type":"Feature","properties":{"title":"แยกถนนบริพัตรตัดกับถนนหลวง","info":["ปี: 2567","เขต: เขตป้อมปราบศัตรูพ่าย","สาเหตุ: รถที่วิ่งมาจากถนนบริพัตร จะต้องวิ่งตัดหลวงเพื่อข้ามไปยังถนนบริพัตรอีกด้าน","แนวทางแก้ไข: 1) กวดขันวินัยจราจร"],"district":"ป้อมปราบศัตรูพ่าย"},"geometry":{"type":"Point","coordinates":[100.50466,13.7489]}},{"type":"Feature","properties":{"title":"แยกถนนหลานหลวงตัดกับถนนพะเนียง","info":["ปี: 2567","เขต: เขตป้อมปราบศัตรูพ่าย","สาเหตุ: รถที่มาจากถนนหลานหลวงมุ่งหน้าไปทางถนนราชดำเนินต้องการเลี้ยวเข้าถนนพะเนียง ซึ่งจะต้องตัดหน้า Bus Lane และมีทางม้าลายตรงบริเวณแยก ทำให้เกิดอุบัติเหตุบ่อยครั้ง","แนวทางแก้ไข: 1) รณรงค์การขับขี่ตามกฎจราจร เพื่อให้ขับขี่ได้โดยปลอดภัย"],"district":"ป้อมปราบศัตรูพ่าย"},"geometry":{"type":"Point","coordinates":[100.51269,13.75656]}},{"type":"Feature","properties":{"title":"แยกถนนจักรพรรดิพงษ์ตัดกับถนนดำรงรักษ์","info":["ปี: 2567","เขต: เขตป้อมปราบศัตรูพ่าย","สาเหตุ: 1) รถที่มาจากถนนจักรพรรดิพงษ์ ซึ่งก่อนข้ามสะพานนริศดำรัสจะต้องตัดกับถนนดำรงรักษ์ โดยใช้ความเร็ว ไม่มีการชะลอความเร็วก่อนเข้าทางแยก 2) ป้ายจราจรเตือนทางแยกซีดจาง","แนวทางแก้ไข: 1) ทาสีเส้นจราจรให้ชัดเจนอยู่เสมอ 2) ปรับปรุงป้ายจราจร"],"district":"ป้อมปราบศัตรูพ่าย"},"geometry":{"type":"Point","coordinates":[100.50947,13.75506]}},{"type":"Feature","properties":{"title":"แยกถนนวรจักร ทางเข้าศูนย์การค้าวรจักร","info":["ปี: 2567","เขต: เขตป้อมปราบศัตรูพ่าย","สาเหตุ: 1) รถที่มาจากเส้นถนนวรจักรมุ่งหน้าไปทางถนนจักรพรรดิพงษ์ หากต้องการเลี้ยวเข้าศูนย์การค้าวรจักรจะต้องตัดหน้ารถที่วิ่งมา 2) มีรถจอดกีดขวางช่องจราจร 3) ป้ายจราจรซีดจาง 4) มีรถเลี้ยวเข้าออกซอยจำนวนมาก","แนวทางแก้ไข: 1) กวดขันวินัยจราจรรถที่จอดกีดขวางการจราจรและรถที่เข้าออกซอยตัดเส้นทึบ"],"district":"ป้อมปราบศัตรูพ่าย"},"geometry":{"type":"Point","coordinates":[100.50931,13.75381]}},{"type":"Feature","properties":{"title":"แยกถนนเสือป่าตัดกับถนนเจ้าคำรบ","info":["ปี: 2567","เขต: เขตป้อมปราบศัตรูพ่าย","สาเหตุ: 1) รถที่วิ่งมาจากถนนเจ้าคำรบ (หลังร.พ.กลาง) จะต้องวิ่งตัดถนนเสือป่าเพื่อข้ามไปยังถนนเจ้าคำรบอีกด้าน 2) มีรถจักรยานยนต์จอดกีดขวางการจราจร 3) ป้ายจราจรซีดจาง และอยู่ในจุดที่ไม่สามารถมองเห็นได้ชัดเจน","แนวทางแก้ไข: 1) เปลี่ยนป้ายจราจรและย้ายจุดที่ติดตั้งให้มองเห็นได้ชัดเจนขึ้น 2) กวดขันวินัยจราจรบริเวณใกล้ทางแยก เพื่อให้รถสัญจรได้อย่างคล่องตัว"],"district":"ป้อมปราบศัตรูพ่าย"},"geometry":{"type":"Point","coordinates":[100.50925,13.7455]}},{"type":"Feature","properties":{"title":"แยกถนนเสือป่าตัดกับถนนยมราชสุขุม","info":["ปี: 2567","เขต: เขตป้อมปราบศัตรูพ่าย","สาเหตุ: 1) รถที่วิ่งมาจากถนนยมราชสุขุม (หลังร.พ.กลาง) จะต้องวิ่งตัดถนนเสือป่า เพื่อข้ามไปยังถนนยมราชสุขุมอีกด้าน 2) มีรถจอดกีดขวางการจราจร 3) รถที่ออกจากถนนยมราชสุขุมด้านหลัง ร.พ.กลาง มองไม่เห็นรถทางขวา เนื่องจากมีรถจอดบังระยะการมองเห็น 4) ป้ายจราจรซีดจาง และอยู่ในจุดที่ไม่สามารถมองเห็นได้ชัดเจน","แนวทางแก้ไข: 1) เปลี่ยนป้ายจราจรและย้ายจุดที่ติดตั้งให้มองเห็นได้ชัดเจนขึ้น 2) กวดขันวินัยจราจรบริเวณใกล้ทางแยก เพื่อให้รถสัญจรได้อย่างคล่องตัว"],"district":"ป้อมปราบศัตรูพ่าย"},"geometry":{"type":"Point","coordinates":[100.50867,13.74472]}},{"type":"Feature","properties":{"title":"แยกถนนวรจักรตัดกับถนนเจ้าคำรบและถนนคลองถมวัดพระพิเรนทร์","info":["ปี: 2567","เขต: เขตป้อมปราบศัตรูพ่าย","สาเหตุ: รถที่วิ่งมาจากถนนวรจักร จะเลี้ยวเข้าถนนเจ้าคำรบ และถนนคลองถมวัดพระพิเรนทร์ ตัดกระแสจราจรเสี่ยงต่อการเกิดอุบัติเหตุ","แนวทางแก้ไข: 1) กวดขันวินัยจราจรรถจักรยานยนต์ที่จอดกีดขวางบริเวณทางแยก"],"district":"ป้อมปราบศัตรูพ่าย"},"geometry":{"type":"Point","coordinates":[100.50653,13.747]}},{"type":"Feature","properties":{"title":"แยกซอยสวนมะลิ 1 ตัดกับถนนหลวง","info":["ปี: 2567","เขต: เขตป้อมปราบศัตรูพ่าย","สาเหตุ: รถที่วิ่งมาจากซอยสวนมะลิ 1 จะต้องวิ่งตัดถนนหลวงเพื่อข้ามไปยังถนนถนนมหาจักรอีกด้าน","แนวทางแก้ไข: 1) ติดตั้ง แผงสะท้อนแสงแบบติด Curb 2) ติดตั้ง Reflective sheeting 3) ติดตั้งป้ายลดความเร็ว 4) ติดตั้งป้ายเตือนระวังข้างหน้ามีทางสี่แยก"],"district":"ป้อมปราบศัตรูพ่าย"},"geometry":{"type":"Point","coordinates":[100.50886,13.74743]}},{"type":"Feature","properties":{"title":"ถนนสุทธิสารวินิจฉัย ทางแยกถนนพหลโยธิน","info":["ปี: 2567","เขต: เขตพญาไท","สาเหตุ: กายภาพเป็นทางตรงใกล้สี่แยกควบคุมด้วยระบบสัญญาณไฟ สาเหตุคาดว่ารถขับฝ่าฝืนกฎหมายจราจรและเปลี่ยนช่องจราจรกะทันหัน","แนวทางแก้ไข: กวดขันวินัยจราจร"],"district":"พญาไท"},"geometry":{"type":"Point","coordinates":[100.54825,13.78938]}},{"type":"Feature","properties":{"title":"แยกสะพานควาย","info":["ปี: 2567","เขต: เขตพญาไท","สาเหตุ: จักรยานยนต์ฝ่าฝืนสัญญาณไฟจราจร","แนวทางแก้ไข: 1) กวดขันวินัยจราจร"],"district":"พญาไท"},"geometry":{"type":"Point","coordinates":[100.54826,13.78978]}},{"type":"Feature","properties":{"title":"ถนนดินสอ ก่อนถึงศูนย์เบนซ์ธนบุรี","info":["ปี: 2567","เขต: เขตพระนคร","สาเหตุ: 1) รถเปลี่ยนเลนตัดกระแสจราจร 2) รถใช้ความเร็วสูง","แนวทางแก้ไข: 1) ติดตั้ง Reflective sheeting"],"district":"พระนคร"},"geometry":{"type":"Point","coordinates":[100.50167,13.75575]}},{"type":"Feature","properties":{"title":"ใกล้สำนักงานบริหารโครงการระบบรถไฟฟ้า ถนนนิคมมักกะสัน","info":["ปี: 2567","เขต: เขตราชเทวี","สาเหตุ: กายภาพเป็นถนนเส้นตรง มีช่องจราจรจำนวน 4 จราจร มีเกาะกลางประเภทเกาะสีสมมุติ สาเหตุการเกิดอุบัติเหตุจากการเลี้ยวเพื่อเปลี่ยนทิศทางการจราจร เป็นการเกิดอุบัติเหตุที่เกิดจากเชิงพฤติกรรมของผู้ใช้ถนน","แนวทางแก้ไข: เร่งผลักดันแนวคิด “Thailand Towards Zero Deaths แนวทางลดการตายและผู้บาดเจ็บสาหัสบนถนนให้เป็นศูนย์” โดย 1) กวดขันวินัยจราจร"],"district":"ราชเทวี"},"geometry":{"type":"Point","coordinates":[100.55081,13.75266]}},{"type":"Feature","properties":{"title":"สะพานข้ามแยกพญาไท ถนนพญาไท","info":["ปี: 2567","เขต: เขตราชเทวี","สาเหตุ: 1) กายภาพเป็นทางขึ้นสะพาน รถขับโดยขาดความระมัดระวัง 2) รถเปลี่ยนช่องจราจรกะทันหันในบริเวณที่เป็นทางขึ้นสะพาน","แนวทางแก้ไข: 1) ติดตั้งป้ายหัวเกาะพลังงานแสงอาทิตย์ 2) ติดตั้งเสาหลักล้มลุก 3) ติดตั้ง cushion tank"],"district":"ราชเทวี"},"geometry":{"type":"Point","coordinates":[100.5343,13.75795]}},{"type":"Feature","properties":{"title":"แยกมิตรสัมพันธ์","info":["ปี: 2567","เขต: เขตราชเทวี","สาเหตุ: กายภาพจุดที่เกิดอุบัติเหตุเป็นทางแยกควบคุมด้วยสัญญาณไฟจราจร คาดว่าเกิดจากฝ่าฝืนเครื่องหมายจราจร (เส้นทึบ) เพื่อเปลี่ยนช่องจราจรกะทันหัน","แนวทางแก้ไข: เร่งผลักดันแนวคิด “Thailand Towards Zero Deaths แนวทางลดการตายและผู้บาดเจ็บสาหัสบนถนนให้เป็นศูนย์” โดย 1) กวดขันวินัยจราจร 2) ติดตั้งป้ายเตือนห้ามเปลี่ยนช่องจราจร 3) ติดตั้งป้ายเตือนคนข้าม บริเวณทางข้าม"],"district":"ราชเทวี"},"geometry":{"type":"Point","coordinates":[100.55449,13.75003]}},{"type":"Feature","properties":{"title":"สะพานข้ามแยกสามเหลี่ยมดินแดง","info":["ปี: 2567","เขต: เขตราชเทวี","สาเหตุ: 1) กายภาพเป็นทางขึ้นสะพาน รถขับโดยขาดความระมัดระวัง 2) รถเปลี่ยนช่องจราจรกะทันหันในบริเวณที่เป็นทางขึ้นสะพาน","แนวทางแก้ไข: 1) ติดตั้งป้ายหัวเกาะพลังงานแสงอาทิตย์ 2) ติดตั้งเสาหลักล้มลุก 3) ติดตั้ง cushion tank"],"district":"ราชเทวี"},"geometry":{"type":"Point","coordinates":[100.54251,13.76301]}},{"type":"Feature","properties":{"title":"แยกศรีอยุธยา","info":["ปี: 2567","เขต: เขตราชเทวี","สาเหตุ: กายภาพจุดที่เกิดอุบัติเหตุเป็นทางแยกควบคุมด้วยสัญญาณไฟจราจร คาดว่าเกิดจากฝ่าฝืนเครื่องหมายจราจร (เส้นทึบ) เพื่อเปลี่ยนช่องจราจรกะทันหัน","แนวทางแก้ไข: เร่งผลักดันแนวคิด “Thailand Towards Zero Deaths แนวทางลดการตายและผู้บาดเจ็บสาหัสบนถนนให้เป็นศูนย์” โดย 1) กวดขันวินัยจราจร 2) ติดตั้งป้ายเตือนห้ามเปลี่ยนช่องจราจร 3) ติดตั้งป้ายเตือนคนข้าม บริเวณทางข้าม"],"district":"ราชเทวี"},"geometry":{"type":"Point","coordinates":[100.52589,13.7618]}},{"type":"Feature","properties":{"title":"แยกประตูน้ำ หน้าห้างเดอะพาลาเดียม","info":["ปี: 2567","เขต: เขตราชเทวี","สาเหตุ: กายภาพจุดที่เกิดอุบัติเหตุเป็นทางแยกควบคุมด้วยสัญญาณไฟจราจร คาดว่าเกิดจากฝ่าฝืนเครื่องหมายจราจร (เส้นทึบ) เพื่อเปลี่ยนช่องจราจรกะทันหัน","แนวทางแก้ไข: เร่งผลักดันแนวคิด “Thailand Towards Zero Deaths แนวทางลดการตายและผู้บาดเจ็บสาหัสบนถนนให้เป็นศูนย์” โดย 1) กวดขันวินัยจราจร 2) ติดตั้งป้ายเตือนห้ามเปลี่ยนช่องจราจร 3) ติดตั้งป้ายเตือนคนข้าม บริเวณทางข้าม"],"district":"ราชเทวี"},"geometry":{"type":"Point","coordinates":[100.54112,13.75004]}},{"type":"Feature","properties":{"title":"ใกล้ซอยเพชรบุรี 20 ถนนเพชรบุรี","info":["ปี: 2567","เขต: เขตราชเทวี","สาเหตุ: กายภาพจุดที่เกิดอุบัติเหตุเป็นทางตรง ไม่มีเกาะกลาง ซึ่งบริเวณดังกล่าวมีการจราจรที่หนาแน่น คาดว่าสาเหตุการเกิดอุบัติเหตุมาจากการเปลี่ยนช่องจราจรกระทันหัน และเกิดการชนแบบชนท้าย รวมถึงรถจักรยานเฉี่ยวชนกับรถยนต์จากด้านข้าง","แนวทางแก้ไข: เร่งผลักดันแนวคิด “Thailand Towards Zero Deaths แนวทางลดการตายและผู้บาดเจ็บสาหัสบนถนนให้เป็นศูนย์” โดย 1) กวดขันวินัยจราจร"],"district":"ราชเทวี"},"geometry":{"type":"Point","coordinates":[100.53529,13.75201]}},{"type":"Feature","properties":{"title":"ซอยลาดพร้าว 102 (ซอยเปี่ยมจันทร์) บริเวณหน้า โรงแรมภัทรสิรา","info":["ปี: 2567","เขต: เขตวังทองหลาง","สาเหตุ: จากการสำรวจพบว่าบริเวณหน้าโรงแรมและปากซอยมีการจอดรถในลักษณะกีดขวางการจราจร เป็นสาเหตุให้เกิดการเฉี่ยวชนได้","แนวทางแก้ไข: 1) ประสาน สน.ท้องที่เพื่อกวดขันวินัยจราจร 2) ประสานสำนักงานเขตวังทองหลาง ตรวจสอบไฟส่องสว่างภายในซอย"],"district":"วังทองหลาง"},"geometry":{"type":"Point","coordinates":[100.61439,13.78317]}},{"type":"Feature","properties":{"title":"ซอยลาดพร้าว 114 ถนนลาดพร้าว","info":["ปี: 2567","เขต: เขตวังทองหลาง","สาเหตุ: จากการสำรวจพบว่าถนนลาดพร้าวช่วงปากซอยลาดพร้าว 114 เดิมเป็นถนน 3 ช่องจราจร ต่อมาได้มีการก่อสร้างถนนไฟฟ้ามีการกั้นพื้นที่เพื่อก่อสร้าง ทำให้เกิดการจราจรติดขัดเนื่องจากความจุของถนนลดลง เกิดการเฉี่ยวชนในชั่วโมงเร่งด่วน ส่วนภายในซอย มีป้ายจราจรบังคับ ห้ามจอด เป็นช่วงเวลา มีป้ายบังคับจำกัดความเร็วที่ 30 กิโลเมตรต่อชั่วโมง โดยมีการจัดทำคันชะลอความเร็วภายในซอยเพื่อลดความเร็วแล้ว และพบว่ามีถนนชำรุดบริเวณหน้าอาคารศิริเพลสแมนชั่น ซึ่งเคยมีการรายงานว่าทำให้เกิดอุบัติเหตุแล้วหลายราย","แนวทางแก้ไข: 1) ประสาน สน.ท้องที่ กวดขันวินัยจราจร 2) ตรวจสอบความชัดเจนของป้าย และเปลี่ยนป้ายจราจรกรณีชำรุดหรือซีดจาง 3) จัดทำเครื่องหมายประกอบคันชะลอความเร็วให้ชัดเจน 4) ประสานสำนักงานเขต ตรวจสอบและแก้ไขกรณีถนนชำรุด ตรวจสอบไฟฟ้าส่องสว่างภายในซอย 5) ประสานสำนักการโยธา แจ้ง รฟม. ตรวจสอบความปลอดภัยของพื้นที่ก่อสร้างพร้อมแก้ไข เช่น ถนนชำรุด ไฟฟ้าส่องสว่างไม่เพียงพอ แนวแบริเออร์ชั่วคราว ให้มีสภาพสมบูรณ์ตามเงื่อนไขในการก่อสร้าง พร้อมตรวจสอบความปลอดภัยในการข้ามถนนของประชาชนในช่วงระหว่างการกก่อสร้าง เช่น การจัดทำทางข้ามชั่วคราวในที่ปลอดภัย เป็นต้น"],"district":"วังทองหลาง"},"geometry":{"type":"Point","coordinates":[100.61989,13.78014]}},{"type":"Feature","properties":{"title":"ถนนตรีมิตร มุ่งหน้าวงเวียนโอเดียน","info":["ปี: 2567","เขต: เขตสัมพันธวงศ์","สาเหตุ: ถนนตรีมิตรมุ่งหน้าวงเวียนโอเดียน มีการฝ่าฝืนขับรถย้อนศรเพื่อเข้าถนนเยาวราช 1 ทำให้ทำให้อาจเกิดอุบัติเหตุกับรถที่มุ่งหน้าผ่านวงเวียนโอเดียนเพื่อเข้าถนนเยาวราชและประชาชนที่เดินข้ามทางม้าลาย","แนวทางแก้ไข: 1) กวดขันวินัยจราจร/จับปรับ 2) ติดตั้งป้ายห้ามเลี้ยวขวา"],"district":"สัมพันธวงศ์"},"geometry":{"type":"Point","coordinates":[100.51271,13.73707]}},{"type":"Feature","properties":{"title":"ทางขึ้น-ลง สะพานข้ามแยกเอกมัยเหนือ (ฝั่งตึกชาญอิสระ 2) ถนนเพชรบุรีตัดใหม่","info":["ปี: 2567","เขต: เขตห้วยขวาง","สาเหตุ: จากการสำรวจพบว่ามีการขับรถย้อนศร สวนทิศทางการจราจร ทางข้ามซีดจาง ป้ายเตือนหัวเกาะซีดจาง","แนวทางแก้ไข: 1) ประสาน สน.ท้องที่เพื่อกวดขันวินัยจราจร 2) จัดทำเครื่องหมายทางข้ามและเส้นจราจรให้ชัดเจน และติดตั้งป้ายเตือนทางข้าม 3) ติดตั้ง/ซ่อมแซมป้ายเตือนหัวเกาะ 4) บริเวณหัวเกาะฝั่งทางลงถนนเพชรบุรี ติดป้ายหัวเกาะโดยใช้เสาสัญญาณไฟเดิมและหลักล้มลุก"],"district":"ห้วยขวาง"},"geometry":{"type":"Point","coordinates":[100.58964,13.74354]}},{"type":"Feature","properties":{"title":"หน้าสวนสมเด็จสราญราษฎร์มณีรมย์ ถนนเพชรบุรี","info":["ปี: 2567","เขต: เขตห้วยขวาง","สาเหตุ: กายภาพจุดที่เกิดอุบัติเหตุเป็นทางตรงบนสะพานข้ามแยกถนนประดิษฐ์มนูญธรรม ซึ่งมีกายภาพ 6 ช่องจราจร แบ่งเป็น 3 ช่องจราจรต่อทิศทาง มีเกาะกลางเป็นแบริเออร์คอนกรีต ซึ่งบริเวณดังกล่าวกายภาพไม่เป็นอันตรายแต่อย่างใด สาเหตุคาดว่ามาจากพฤติกรรมของผู้ขับขี่","แนวทางแก้ไข: เร่งผลักดันแนวคิด “Thailand Towards Zero Deaths แนวทางลดการตายและผู้บาดเจ็บสาหัสบนถนนให้เป็นศูนย์” โดย 1) กวดขันวินัยจราจร"],"district":"ห้วยขวาง"},"geometry":{"type":"Point","coordinates":[100.59063,13.74332]}},{"type":"Feature","properties":{"title":"สะพานข้ามแยก อ.ส.ม.ท.","info":["ปี: 2567","เขต: เขตห้วยขวาง","สาเหตุ: สะพานข้ามแยก อ.ส.ม.ท. เป็นสะพาน 2 ช่องจราจรต่อทิศทาง เชื่อมต่อถนนพระราม 9 – ดินแดง บนสะพานมีการติดตั้งไฟฟ้าส่องสว่าง เป้าสะท้อนแสง ลูกแก้วแบ่งช่องจราจร และเส้นแบ่งช่องจราจรแล้ว โดยสามารถคาดการณ์สาเหตุของอุบัติเหตุได้ ดังนี้ 1) การไม่ปฏิบัติตามกฎจราจร เช่น การใช้ความเร็วเกินกว่าที่กฎหมายกำหนด หรือการขับขี่ในลักษณะเบียดแทรกไปมา 2) ถนนพระราม 9 ฝั่งขาเข้า มี 3 ช่องจราจร (บริเวณลงจากสะพานข้ามคลองชวดใหญ่) ช่วงก่อนขึ้นสะพานข้ามแยกฯ จะเป็นจุดตัดเพื่อแยกไปตามเส้นทางต่างๆ (4 ช่องจราจร) เช่น ขึ้นสะพานข้ามแยกเพื่อลงถนนดินแดง เบี่ยงซ้ายเพื่อไปถนนจตุรทิศ ตรงไปเพื่อเข้าแยกผังเมือง ในบางครั้งเมื่อการจราจรหนาแน่นจะเกิดการเบียดแทรกของรถบริเวณเชิงลาดสะพานช่วงถนนพระราม 9 บริเวณเชิงลาดสะพานอยู่ในพื้นที่ก่อสร้างโครงการรถไฟฟ้า บางกรณีต้องมีการเบี่ยงทิศทางจราจร ทำให้เกิดการเบียดแทรก","แนวทางแก้ไข: 1) ติดตั้งหลักล้มลุก บริเวณเชิงลาดสะพานทุกจุด 2) ประสาน สน.ท้องที่เพื่อกวดขันวินัยจราจร 3) ติดตั้งป้ายเตือนหัวเกาะเชิงลาดสะพาน 4) ติดตั้งถังกันชน 5) ตรวจสอบเส้นและจัดทำเครื่องหมายจราจรให้ชัดเจนอยู่เสมอ ทั้งบนสะพานและเชิงลาดสะพาน 6) ประสานสำนักการโยธาตรวจสอบไฟฟ้าส่องสว่างให้ชัดเจนอยู่เสมอ หมายเหตุ : บริเวณทางขึ้น-ลงสะพานควรตรวจสอบและติดตั้งอุปกรณ์ความปลอดภัยให้ครบถ้วน"],"district":"ห้วยขวาง"},"geometry":{"type":"Point","coordinates":[100.57508,13.75529]}},{"type":"Feature","properties":{"title":"ห้าแยก ณ ระนอง","info":["ปี: 2567","เขต: เขตคลองเตย","สาเหตุ: รถฝ่าสัญญาณไฟจราจร","แนวทางแก้ไข: 1) กวดขันวินัยจราจร/จับปรับ"],"district":"คลองเตย"},"geometry":{"type":"Point","coordinates":[100.55853,13.7173]}},{"type":"Feature","properties":{"title":"หน้าชุมชนน้องใหม่ ถนนอาจณรงค์","info":["ปี: 2567","เขต: เขตคลองเตย","สาเหตุ: รถฝ่าสัญญาณไฟจราจร, วิ่งคร่อมเลน","แนวทางแก้ไข: 1) ติดตั้ง แผงสะท้อนแสงแบบติด Curb และ Barries 2) ติดตั้ง Reflective sheeting 3) ติดตั้ง หลักล้มลุกจากยางธรรมชาติ 4) ติดตั้ง Linear Delineation System บริเวณกลาง Guard rail"],"district":"คลองเตย"},"geometry":{"type":"Point","coordinates":[100.56871,13.71325]}},{"type":"Feature","properties":{"title":"หน้าโรงเรียนวัดสะพาน ถนนริมทางรถไฟปากน้ำ","info":["ปี: 2567","เขต: เขตคลองเตย","สาเหตุ: ไม่มีสัญญาณไฟจราจร","แนวทางแก้ไข: 1) ติดตั้งแผงสะท้อนแสงแบบติด Curb และ Barries 2) ติดตั้ง Reflective sheeting 3) ติดตั้งป้ายลดความเร็วเขตโรงเรียน"],"district":"คลองเตย"},"geometry":{"type":"Point","coordinates":[100.58877,13.70431]}},{"type":"Feature","properties":{"title":"แยกตรอกจันทร์ ถนนเจริญกรุง","info":["ปี: 2567","เขต: เขตบางคอแหลม","สาเหตุ: 1) มีโรงแรมและโรงเรียนตั้งอยู่บริเวณใกล้เคียง ทำให้การจราจค่อนข้างหนาแน่นและติดขัดในช่วงเวลาเร่งด่วน (โรงแรมชาเทรียม, โรงเรียนนานาชาติโชรส์เบอรี) 2) ทางม้าลายซีดจาง 3) เส้นแบ่งเส้นการจราจรซีดจาง","แนวทางแก้ไข: 1) ติดตั้ง แผงสะท้อนแสงแบบติด Curb และ Barries 2) ติดตั้ง Reflective sheeting 3) ติดตั้ง หลักล้มลุกจากยางธรรมชาติ"],"district":"บางคอแหลม"},"geometry":{"type":"Point","coordinates":[100.5113,13.71011]}},{"type":"Feature","properties":{"title":"แยกบางนา","info":["ปี: 2567","เขต: เขตบางนา","สาเหตุ: 1) รถออกจากแยกโดยขาดความระมัดระวัง 2) รถใช้ความเร็วสูงบริเวณใกล้ทางแยก","แนวทางแก้ไข: 1) ติดตั้งป้ายแจ้งเตือนรถออกจากซอย 2) ติดตั้ง Reflective sheeting"],"district":"บางนา"},"geometry":{"type":"Point","coordinates":[100.60643,13.67304]}},{"type":"Feature","properties":{"title":"ใกล้กรมอุตุนิยมวิทยา ถนนสุขุมวิท","info":["ปี: 2567","เขต: เขตบางนา","สาเหตุ: 1) รถวิ่งตัดกระแสจราจร 2) เส้นแบ่งเลนจราจรมีระยะการมองเห็นที่ไม่ชัดเจน","แนวทางแก้ไข: 1) ติดตั้ง Reflective sheeting"],"district":"บางนา"},"geometry":{"type":"Point","coordinates":[100.60463,13.66803]}},{"type":"Feature","properties":{"title":"ใกล้แยกสีลม-นราธิวาส","info":["ปี: 2567","เขต: เขตบางรัก","สาเหตุ: 1) รถวิ่งทางตรงด้วยความเร็วตัดกระแสจราจรเปลี่ยนเลนกะทันหัน 2) มีรถออกมาจากในซอย โดยไม่ชะลอหรือหยุดรถ","แนวทางแก้ไข: 1) ป้ายเตือนทางแยกก่อนถึงซอยสีลม 9 2) ติดตั้ง Reflective sheeting 3) ติดตั้งป้ายลดความเร็วปากซอยสีลม 9"],"district":"บางรัก"},"geometry":{"type":"Point","coordinates":[100.52729,13.72598]}},{"type":"Feature","properties":{"title":"ใกล้อาคารคิวเฮาส์ลุมพินี ถนนสาทร","info":["ปี: 2567","เขต: เขตบางรัก","สาเหตุ: 1) รถออกจากแยกโดยขาดความระมัดระวัง 2) รถใช้ความเร็วสูงบริเวณใกล้ทางแยก","แนวทางแก้ไข: 1) ทาสี Barrier Concrete 2) ติดตั้งแผ่นแสงกันตาพร่า (Anti Glare board) 3) ติดตั้ง Reflective sheeting 4) ติดตั้ง Lane Block 5) ติดตั้งป้ายหัวเกาะ 6) ติดตั้งป้ายระวังรถออกจากซอย/แยก"],"district":"บางรัก"},"geometry":{"type":"Point","coordinates":[100.54416,13.72602]}},{"type":"Feature","properties":{"title":"ใกล้แยกศาลาแดง","info":["ปี: 2567","เขต: เขตบางรัก","สาเหตุ: 1) รถตัดกระแสจราจรบริเวณเส้นทึบหรือเกาะสีสมมุติ 2) การเกิดอุบัติเหตุจากการจอดรับผู้โดยสารในพื้นที่ห้ามจอด","แนวทางแก้ไข: 1) ติดตั้งป้ายหัวเกาะ 2) ติดตั้งเสาจราจรล้มลุก 3) ติดตั้งรั้วบริเวณทางเดิน (ที่เหมาะสมกับกายภาพพื้นที่)"],"district":"บางรัก"},"geometry":{"type":"Point","coordinates":[100.53609,13.72974]}},{"type":"Feature","properties":{"title":"ใกล้โรงเรียนสวนลุมพีนี ถนนวิทยุ","info":["ปี: 2567","เขต: เขตปทุมวัน","สาเหตุ: 1) รถออกจากแยกโดยขาดความระมัดระวัง 2) รถใช้ความเร็วสูงบริเวณใกล้ทางแยก","แนวทางแก้ไข: 1) ติดตั้ง Reflective sheeting 2) ติดตั้งป้ายหัวเกาะ"],"district":"ปทุมวัน"},"geometry":{"type":"Point","coordinates":[100.54582,13.73302]}},{"type":"Feature","properties":{"title":"ใกล้โรงแรมอโนมา ถนนราชดำริ","info":["ปี: 2567","เขต: เขตปทุมวัน","สาเหตุ: 1) การวิ่งตัดเส้นจราจรรวมไปถึงการกลับรถบริเวณเกาะกลางสี","แนวทางแก้ไข: 1) ติดตั้ง Reflective sheeting 2) ติดตั้ง Lane Block และรั้วที่มีความเหมาะสมกับกายภาพพื้นที่ 3) การแก้ไขเบื้องต้นมีการติดตั้ง Barrier Plastic แล้ว"],"district":"ปทุมวัน"},"geometry":{"type":"Point","coordinates":[100.54051,13.74651]}},{"type":"Feature","properties":{"title":"ใกล้จามจุรีสแคว์ ถนนพระรามที่ 4","info":["ปี: 2567","เขต: เขตปทุมวัน","สาเหตุ: 1) รถออกจากแยกโดยขาดความระมัดระวัง 2) รถใช้ความเร็วสูงบริเวณใกล้ทางแยก 3) การวิ่งตัดเส้นจราจรบริเวณเกาะกลางสี","แนวทางแก้ไข: 1) ติดตั้งป้ายหัวเกาะ 2) ติดตั้งป้ายระวังรถออกจากซอย/แยก 3) ติดตั้ง Lane Block 4) ติดตั้ง Reflective sheeting"],"district":"บางรัก"},"geometry":{"type":"Point","coordinates":[100.5293,13.73259]}},{"type":"Feature","properties":{"title":"แยกเพลินจิต","info":["ปี: 2567","เขต: เขตปทุมวัน","สาเหตุ: 1) คนเดินข้ามถนนจังหวะที่มีรถสัญจร 2) ถนนทางตรงรถเปลี่ยนกระแสจราจรกระทันหัน 3) มีปริมาณจราจรที่หนาแน่นและประชากรใช้ทางเท้าเป็นจำนวนมาก","แนวทางแก้ไข: 1) ติดตั้งป้ายหัวเกาะ 2) ติดตั้งรั้วกันคนเดินข้ามถนนบริเวณเกาะกลาง 3) ติดตั้ง Reflective Sheeting 4) ติดตั้งรั้วบริเวณทางเดิน"],"district":"ปทุมวัน"},"geometry":{"type":"Point","coordinates":[100.54749,13.74331]}},{"type":"Feature","properties":{"title":"ถนนบรรทัดทองตัดปากซอยจุฬาลงกรณ์ 34","info":["ปี: 2567","เขต: เขตปทุมวัน","สาเหตุ: 1) รถออกจากซอยโดยขาดความระมัดระวัง 2) รถใช้ความเร็วสูงบริเวณใกล้ทางแยก","แนวทางแก้ไข: 1) ติดตั้งป้ายติดตั้งป้ายเตือนทางแยก 2) ติดตั้งป้ายหัวเกาะ 3) ติดตั้งป้ายลดความเร็ว"],"district":"ปทุมวัน"},"geometry":{"type":"Point","coordinates":[100.52188,13.73714]}},{"type":"Feature","properties":{"title":"ใต้สถานี BTS บางจาก","info":["ปี: 2567","เขต: เขตพระโขนง","สาเหตุ: 1) การเฉี่ยวชนภายใต้สถานี BTS เนื่องจากมองเห็นเส้นแบ่งเลนจราจรไม่ชัดเจนในเวลากลางคืน 2) รถใช้ความเร็วสูง ไม่ลดความเร็ว บริเวณใกล้ทางแยก","แนวทางแก้ไข: 1) ติดตั้ง Reflective sheeting 2) ติดตั้งป้ายหัวเกาะ 3) ติดตั้งป้ายเตือนทางแยก"],"district":"พระโขนง"},"geometry":{"type":"Point","coordinates":[100.60556,13.69658]}},{"type":"Feature","properties":{"title":"บริเวณถนนในซอยปรีชา 1 ถนนสาธุประดิษฐ์","info":["ปี: 2567","เขต: เขตยานนาวา","สาเหตุ: 1) รถใช้ความเร็วสูงบริเวณใกล้ทางแยก ไม่ลดความเร็วก่อนถึงทางแยก","แนวทางแก้ไข: 1) ติดตั้งป้ายเตือนลดความเร็ว"],"district":"ยานนาวา"},"geometry":{"type":"Point","coordinates":[100.53202,13.68065]}},{"type":"Feature","properties":{"title":"แยกรัชดาภิเษกตัดสาธุประดิษฐ์","info":["ปี: 2567","เขต: เขตยานนาวา","สาเหตุ: 1) รถเปลี่ยนทิศทางกระแสจราจร และบริเวณจุดกลับรถ 2) เส้นแบ่งเลนจราจร มองเห็นไม่ชัดเจน เนื่องจากแสงสว่างไม่เพียงพอ 3) รถใช้ความเร็วสูงบริเวณใกล้ทางแยก ไม่ลดความเร็วก่อนถึงทางแยก","แนวทางแก้ไข: 1) ติดตั้งเสาจราจรล้มลุก 2) ติดตั้ง cushion tank 3) ติดตั้งป้ายแจ้งเตือนรถออกจากซอย 4) ติดตั้ง Reflective sheeting 5) ติดตั้งป้ายเตือนหัวเกาะ"],"district":"ยานนาวา"},"geometry":{"type":"Point","coordinates":[100.53274,13.69519]}},{"type":"Feature","properties":{"title":"หน้า Health Land ซอยเอกมัย 10 ถนนเอกมัย","info":["ปี: 2567","เขต: เขตวัฒนา","สาเหตุ: รถจักรยานยนต์วิ่งข้ามเลนช่องทางจราจร ซึ่งอาจจะทำให้เกิดอุบัตติเหตุกับรถที่วิ่งอยู่ในช่องทางจราจรอีกฝั่ง","แนวทางแก้ไข: 1) ติดตั้ง แผงสะท้อนแสงแบบติด Curb และ Barries 2) ติดตั้ง Reflective sheeting 3) ติดตั้ง Lane Block"],"district":"วัฒนา"},"geometry":{"type":"Point","coordinates":[100.58593,13.72918]}},{"type":"Feature","properties":{"title":"ปากซอยพัฒนาการ 29 (อุโมงค์พัฒนาการ) ถนนพัฒนาการ","info":["ปี: 2567","เขต: เขตสวนหลวง","สาเหตุ: รถจักรยานยนต์ลักลอบกลับรถในที่ห้ามกลับรถ ทำลายเสากั้นจราจรเพื่อลักลอบกลับรถ","แนวทางแก้ไข: 1) กวดขันวินัยจราจร 2) ประสานสำนักการโยธา ติดตั้งแบริเออร์คอนกรีตชนิดถาวร แก้ปัญหาแทนหลักล้มลุกที่ทำให้ชำรุดได้ง่ายและบ่อยครั้ง"],"district":"สวนหลวง"},"geometry":{"type":"Point","coordinates":[100.61915,13.73661]}},{"type":"Feature","properties":{"title":"ปากซอยนราธิวาสราชนครินทร์ 17 และบริเวณ BRT ปากซอยนราธิวาสราชนครินทร์ 17 ถนนนราธิวาสราชนครินทร์","info":["ปี: 2567","เขต: เขตสาทร","สาเหตุ: 1) ช่วงฝนตกถนนลื่น มักจะมีรถจักรยานยนต์ลื่นล้มบ่อยๆ 2) มักมีรถจักรยานยนต์ลักลอบวิ่งย้อนศร (ปากซอยนราธิวาสราชนครินทร์ 17) เป็นประจำ","แนวทางแก้ไข: 1) ติดตั้ง Reflective sheeting 2) ติดตั้งป้ายเตือนทางแยก 3) ติดตั้ง ป้ายเตือนแนวทาง ต.69 สะท้อนแสง"],"district":"สาทร"},"geometry":{"type":"Point","coordinates":[100.53451,13.71387]}},{"type":"Feature","properties":{"title":"ทางข้ามหน้าถนนสวนพลู ซอย 8 ถนนสาทรเหนือ","info":["ปี: 2567","เขต: เขตสาทร","สาเหตุ: รถจักรยานยนต์ขับเร็วและวิ่งย้อนศร","แนวทางแก้ไข: 1) ติดตั้ง Reflective sheeting 2) ติดตั้ง Linear Delineation System และเป้าสะท้อนแสง บน-ล่าง 3) ทาสี Barrier Concrete 4) ติดตั้ง ป้ายแจ้งเตือนรถออกจากซอย"],"district":"บางรัก"},"geometry":{"type":"Point","coordinates":[100.53151,13.72242]}},{"type":"Feature","properties":{"title":"สะพานลอยหน้ามหาวิทยาลัยเทคโนโลยีราชมงคลกรุงเทพ ถนนนางลิ้นจี่","info":["ปี: 2567","เขต: เขตสาทร","สาเหตุ: บริเวณดังกล่าวมักมีคนข้ามถนนโดยไม่ใช้สะพานลอย คนข้ามบ่อยครั้ง ทำให้เกิดอันตราย","แนวทางแก้ไข: 1) ติดตั้ง Reflective sheeting 2) ติดตั้ง แผงสะท้อนแสงแบบติด Curb และ Barries"],"district":"สาทร"},"geometry":{"type":"Point","coordinates":[100.5396,13.71462]}},{"type":"Feature","properties":{"title":"ปากซอยเจริญราษฎร์ 2 ถนนเจริญราษฎร์","info":["ปี: 2567","เขต: เขตสาทร","สาเหตุ: ทางม้าลายบริเวณเกาะกลางถนนมักมีรถจักรยานยนต์ลักลอบกลับรถเป็นจำนวนมาก","แนวทางแก้ไข: 1) ติดตั้ง Reflective sheeting 2) ติดตั้งป้ายลดความเร็วเขตโรงเรียน 3) ติดตั้ง รั้วสแตนเลส หรือรั้วกันจัดช่องจราจรสำหรับคนเดินข้ามถนน 4) ติดตั้ง แผงสะท้อนแสงแบบติด Curb และ Barries"],"district":"สาทร"},"geometry":{"type":"Point","coordinates":[100.51991,13.71376]}},{"type":"Feature","properties":{"title":"หน้าโรงเรียนทุ่งมหาเมฆ ซอยอาคารสงเคราะห์ 6","info":["ปี: 2567","เขต: เขตสาทร","สาเหตุ: มีนักเรียนข้ามถนนและไม่มีการตีเส้นทางม้าลาย","แนวทางแก้ไข: 1) ติดตั้งทางเดินคนข้าม (ทางม้าลาย) บริเวณหน้าโรงเรียน 2) ติดตั้ง Reflective sheeting 3) ติดตั้งป้ายลดความเร็วเขตโรงเรียน"],"district":"สาทร"},"geometry":{"type":"Point","coordinates":[100.52994,13.71451]}},{"type":"Feature","properties":{"title":"หน้าสถาบันจิตเวชศาสตร์ ถนนลาดหญ้า","info":["ปี: 2567","เขต: เขตคลองสาน","สาเหตุ: 1) บริเวณดังกล่าวเป็นแหล่งชุมชน 2) ผู้ขับขี่บนถนนลาดหญ้าซึ่งเป็นเส้นทางหลัก ใช้ความเร็วรถสูง วิ่งเข้าสู่เขตชุมชนไม่สามารถหยุดรถได้ทัน","แนวทางแก้ไข: 1) ติดตั้งป้ายเขตชุมชนลดความเร็ว บริเวณเกาะกลางถนนทั้ง 2 ฝั่ง ระยะ 100 - 120 เมตร ก่อนเข้าสู่เขตชุมชน"],"district":"คลองสาน"},"geometry":{"type":"Point","coordinates":[100.50476,13.72917]}},{"type":"Feature","properties":{"title":"ถนนกรุงธนบุรี ฝั่งเลขคี่","info":["ปี: 2567","เขต: เขตคลองสาน","สาเหตุ: ผู้ขับขี่ขับรถวิ่งเข้าสู่ทางโค้งด้วยความเร็วสูงไม่สามารถควบคุมรถได้ มีโอกาสทำให้รถเสียหลักออกนอกเส้นทาง","แนวทางแก้ไข: 1) ติดตั้งป้ายเตือนทางโค้ง ลดความเร็ว ก่อนเข้าสู่ทางโค้ง"],"district":"คลองสาน"},"geometry":{"type":"Point","coordinates":[100.50543,13.72115]}},{"type":"Feature","properties":{"title":"แยกดาวคะนอง","info":["ปี: 2567","เขต: เขตจอมทอง","สาเหตุ: 1) ผู้ขับขี่มีการฝ่าฝืนสัญญาณไฟจราจรและลักกลับรถบริเวณแยกดาวคะนอง ซึ่งเป็นจุดห้ามกลับรถ ทำให้เสี่ยงเกิดอุบัติเหตุเฉี่ยวชนกัน บริเวณทางแยก 2) ผู้ขับขี่รถจักยานยนต์ มักขับขี่ขึ้นทางเท้าเพื่อเลี่ยงรถติด บริเวณสะพานข้ามคลองดาวคะนอง เนื่องจากพื้นถนนมีระดับใกล้เคียงกับทางเท้า เสี่ยงต่อการเกิดอุบัติเหตุเฉี่ยวชน และความปลอดภัยของผู้ใช้ทางเท้า 3) ทางข้ามม้าลายซีดจาง มองเห็นไม่ชัด","แนวทางแก้ไข: 1) ประสานสำนักการโยธายกระดับขอบคันหินทางเท้าสะพานข้ามคลองดาวคะนอง เพื่อป้องกันรถจักรยานยนต์ขับขี่บนทางเท้า และความปลอดภัยของผู้ใช้ทางเท้า 2) ปรับปรุงทาสีเส้นขาว – แดง บริเวณขอบทางถนนจอมทอง 3) ปรับปรุงทางข้ามม้าลายให้ชัดเจน เพื่อความปลอดภัยสำหรับผู้ใช้ทางข้ามม้าลาย 4) ประสาน สน.ท้องที่ กวดขันวินัยจราจร บริเวณแยกดาวคะนอง หมายเหตุ : แยกดาวคะนอง เป็นเส้นทางการก่อสร้างรถไฟฟ้าสายสีม่วง (ใต้) ทำให้กายภาพมีการเปลี่ยนแปลง อาจต้องมีการประสานการรถไฟฟ้าขนส่งมวลชนแห่งประเทศไทย (รฟม.) ให้ช่วยดำเนินการปรับปรุงตามมาตรการความปลอดภัยบริเวณ จุดก่อสร้างร่วมด้วย"],"district":"จอมทอง"},"geometry":{"type":"Point","coordinates":[100.48191,13.69391]}},{"type":"Feature","properties":{"title":"ซอยจอมทอง 3/2 – 11 ถนนจอมทอง","info":["ปี: 2567","เขต: เขตจอมทอง","สาเหตุ: 1) ถนนจอมทอง เป็นถนนขนาด 4 ช่องจราจร สองข้างทางเป็นย่านร้านค้า และที่อยู่อาศัย มีประชากรอาศัยอยู่หนาแน่น ทำให้มีรถเข้า-ออกตามซอยตลอดเวลา มีการจัดช่วงเวลาการจอดรถริมทาง 2) รถที่ออกจากซอยพุ่งตัดกระแสจราจรของรถทิศทางหลักที่ขับขี่มาด้วยความเร็ว ทำให้เกิดอุบัติเหตุเฉี่ยวชนกันลักษณะชนด้านข้าง และชนท้าย","แนวทางแก้ไข: 1) ติดตั้งป้ายหยุด บริเวณปากซอยจอมทอง 3/2 ถึง ซอยจอมทอง 11 เพื่อให้ผู้ใช้รถเกิดความระมัดระวังก่อนเลี้ยวออกจากซอย และลดอุบัติเหตุรถเฉี่ยวชนด้านข้าง 2) กวดขันและควบคุมการจอดรถริมถนน (นอกช่วงเวลาอนุญาต) กีดขวางการจราจร (รถยนต์ส่วนตัว, รถแท็กซี่, รถจักรยานยนต์) เพื่อลดปัญหาจราจรติดขัด การเบี่ยงทิศทางการจราจร และอุบัติเหตุรถเฉี่ยวชนท้าย 3) ตรวจสอบไฟฟ้าส่องสว่าง บริเวณทางแยกหน้าปากซอย ให้มีความสว่างเพียงพอ เพื่อเพิ่มการมองเห็นในเวลากลางคืน"],"district":"จอมทอง"},"geometry":{"type":"Point","coordinates":[100.47213,13.69792]}},{"type":"Feature","properties":{"title":"ถนนพรานนก-พุทธมณฑล บริเวณจุดกลับรถหน้าตลาดเทพเจริญ 9","info":["ปี: 2567","เขต: เขตตลิ่งชัน","สาเหตุ: 1) รถออกจากหมู่บ้าน palazzo และปั้มบางจาก ตรงเข้าสู่ช่องทางกลับรถตัดกระแสรถทางตรง 2) กรณีกลับรถ รถกระแสทางตรงไม่ชะลอความเร็วทำให้เกิดการชนด้านข้าง (sideswipe)","แนวทางแก้ไข: 1) ติดตั้งอุปกรณ์แบ่งช่องจราจร ( Lane Divider) 2) ติดตั้งป้ายเตือนทางร่วมทางแยก 3) ติดตั้งเส้นชะลอความเร็วเลนขวาสุด"],"district":"ตลิ่งชัน"},"geometry":{"type":"Point","coordinates":[100.45088,13.75291]}},{"type":"Feature","properties":{"title":"ซอยทวีวัฒนา 9 ถนนทวีวัฒนา","info":["ปี: 2567","เขต: เขตทวีวัฒนา","สาเหตุ: 1) ซอยทวีวัฒนา 9 เป็นแหล่งชุมชน มีกิจกรรมสองข้างทางหนาแน่น มีทางเข้าออกอาคารร้านค้าจำนวนมาก 2) รถในซอยทวีวัฒนา 9 ใช้ความเร็วสูงในเขตชุมชน ไม่สามารถหยุดรถได้ทัน 3) ซอยทวีวัฒนา 9 ยังไม่มีการติดตั้งป้ายขีดจำกัดความเร็ว 30 กม/ชม. (speed limit sign) ซึ่งเป็นมาตรการจำกัดความเร็วในเขตชุมชน","แนวทางแก้ไข: 1) ติดตั้งป้ายขีดจำกัดความเร็ว 30 กม/ชม. (speed limit sign) ตลอดความยาวซอยทั้ง 2 ฝั่งถนนตามมาตรฐานสำนักการจราจรและขนส่ง"],"district":"ทวีวัฒนา"},"geometry":{"type":"Point","coordinates":[100.35638,13.74327]}},{"type":"Feature","properties":{"title":"ซอยทวีวัฒนา 24 ถนนทวีวัฒนา","info":["ปี: 2567","เขต: เขตทวีวัฒนา","สาเหตุ: รถลงจากสะพานข้ามคลองทวีวัฒนาตัดกระแส การจราจรในช่องทางตรง","แนวทางแก้ไข: 1. การจัดทำเส้นชะลอความเร็ว ก่อนถึงซอยแยก 2. ติดตั้งเครื่องหมายจราจรก่อนถึงซอยแยก 3. ประสานเจ้าพนักงานจราจรกวดขันวินัยจราจรการจอดรถ"],"district":"ทวีวัฒนา"},"geometry":{"type":"Point","coordinates":[100.33288,13.793]}},{"type":"Feature","properties":{"title":"หน้าห้างบิ๊กซีดาวคะนอง ถนนสมเด็จพระเจ้าตากสิน","info":["ปี: 2567","เขต: เขตธนบุรี","สาเหตุ: 1) การตัดกันของกระแสจราจรในช่องทางรถประจำทาง รถที่เข้า - ออกจากห้าง และรถที่วิ่งทางตรง 2) การใช้ความเร็วในการขับขี่ที่เกินกำหนด 3) การจอดรถข้างทางในช่วงเวลาห้ามจอด 4) การเปลี่ยนช่องจราจรกะทันหัน","แนวทางแก้ไข: 1) ประสานงานตำรวจจราจรกวดขันห้ามจอดรถในช่วงเวลาห้ามจอด"],"district":"ธนบุรี"},"geometry":{"type":"Point","coordinates":[100.48379,13.69934]}},{"type":"Feature","properties":{"title":"ทางขึ้น-ลง สะพานข้ามถนนจรัญสนิทวงศ์ ถนนเลียบทางรถไฟ","info":["ปี: 2567","เขต: เขตบางกอกน้อย","สาเหตุ: 1) รถจักรยานยนต์ลักลอบกลับรถบริเวณ เชิงสะพานทำให้เกิดการชน","แนวทางแก้ไข: 1) ติดตั้งอุปกรณ์แบ่งช่องจราจร (Lane divider) บริเวณเชิงลาดสะพานทั้ง 2 ด้าน"],"district":"บางกอกน้อย"},"geometry":{"type":"Point","coordinates":[100.47253,13.76306]}},{"type":"Feature","properties":{"title":"ทางข้ามทางม้าลาย เยื้องตลาดศาลาน้ำเย็น ถนนสุทธาวาส","info":["ปี: 2567","เขต: เขตบางกอกน้อย","สาเหตุ: 1) รถวิ่งเข้าสู่ทางข้ามด้วยความเร็วสูง เนื่องจากสีทางข้ามไม่ชัดเจน","แนวทางแก้ไข: 1) ปรับปรุงเครื่องหมายจราจรบนพื้นทางและทาสีทางข้ามให้ชัดเจนขึ้น"],"district":"บางกอกน้อย"},"geometry":{"type":"Point","coordinates":[100.47468,13.76133]}},{"type":"Feature","properties":{"title":"ทางขึ้น-ลง สะพานข้ามคลองชักพระ ถนนเลียบทางรถไฟตลิ่งชัน","info":["ปี: 2567","เขต: เขตบางกอกน้อย","สาเหตุ: 1) รถวิ่งเข้าสู่ทางร่วมทางแยกด้วยความเร็วสูงบริเวณเชิงสะพาน ทำให้เกิดการชน","แนวทางแก้ไข: 1) ติดตั้งเส้นชะลอความเร็ว"],"district":"ตลิ่งชัน"},"geometry":{"type":"Point","coordinates":[100.4566,13.77577]}},{"type":"Feature","properties":{"title":"ภายในซอยโรงเรียนวัดโพธิ์เรียง","info":["ปี: 2567","เขต: เขตบางกอกน้อย","สาเหตุ: 1) ถนนภายในซอยคับแคบ รถใช้ความเร็ว 2) ปรับปรุงเครื่องหมายจราจรบนพื้นทางให้ชัดเจน","แนวทางแก้ไข: 1) ติดตั้งป้ายจำกัดความเร็ว ไม่เกิน 30 กม/ชม. (speed limit sign) หน้าโรงเรียน 20 กม./ชม."],"district":"บางกอกน้อย"},"geometry":{"type":"Point","coordinates":[100.47215,13.74425]}},{"type":"Feature","properties":{"title":"ปากซอยอิสรภาพ 42","info":["ปี: 2567","เขต: เขตบางกอกใหญ่","สาเหตุ: 1) รถเข้าและออกจากซอยอิสรภาพ 42 สามารถเลี้ยวขวาได้ ทำให้ตัดกระแสรถทางตรง 2) รถทางตรงบนถนนหลักไม่ชะลอความเร็ว ทำให้เกิดการชนแบบมุมฉาก","แนวทางแก้ไข: 1) ติดตั้งป้ายเตือนลดความเร็ว"],"district":"บางกอกใหญ่"},"geometry":{"type":"Point","coordinates":[100.48134,13.74384]}},{"type":"Feature","properties":{"title":"ปากซอยอิสรภาพ 21 ทะลุออกปากซอยเพชรเกษม 4","info":["ปี: 2567","เขต: เขตบางกอกใหญ่","สาเหตุ: รถขับขี่ย้อนศรหรือสวนเลนในเวลากลางคืน","แนวทางแก้ไข: 1) ประสานสถานีตำรวจนครบาลท้องที่กวดขันวินัยจราจร"],"district":"บางกอกใหญ่"},"geometry":{"type":"Point","coordinates":[100.48648,13.73673]}},{"type":"Feature","properties":{"title":"เชิงสะพานคลองมอญ ปากซอยอิสรภาพ 42/1 ถนนอิสรภาพ","info":["ปี: 2567","เขต: เขตบางกอกใหญ่","สาเหตุ: 1) รถเข้าและออกจากซอยอิสรภาพ 42/1 สามารถเลี้ยวขวาได้ ทำให้ตัดกระแสรถทางตรง 2) รถทางตรงบนถนนหลักไม่ชะลอความเร็ว ทำให้เกิดการชนแบบมุมฉาก","แนวทางแก้ไข: 1) ติดตั้งป้ายเตือนลดความเร็ว"],"district":"บางกอกใหญ่"},"geometry":{"type":"Point","coordinates":[100.48034,13.74529]}},{"type":"Feature","properties":{"title":"จุดกลับรถปากซอยจรัญสนิทวงศ์ 7","info":["ปี: 2567","เขต: เขตบางกอกใหญ่","สาเหตุ: 1) รถวิ่งเข้าสู่ช่องกลับรถด้วยความเร็วสูง หยุดรถไม่ทัน เกิดการชนท้าย","แนวทางแก้ไข: 1) ติดตั้งป้ายแนะนำจุดกลับรถ"],"district":"บางกอกใหญ่"},"geometry":{"type":"Point","coordinates":[100.47108,13.7358]}},{"type":"Feature","properties":{"title":"แยกโพธิ์สามต้น","info":["ปี: 2567","เขต: เขตบางกอกใหญ่","สาเหตุ: เกิดจากการกลับรถบริเวณสามแยกและกลับรถเลี้ยวเข้าซอยอิสรภาพ 27 ชัดแย้งกับกระแสจราจรรถทางตรงและรถเลี้ยวชวา เกิดการชนแบบมุมฉาก","แนวทางแก้ไข: 1) ติดตั้งป้ายห้ามกลับรถ และติดตั้งป้ายห้ามเลี้ยวขวา"],"district":"บางกอกใหญ่"},"geometry":{"type":"Point","coordinates":[100.48394,13.74034]}},{"type":"Feature","properties":{"title":"เชิงสะพานคลองมอญ หน้าวัดเครือวัลย์วรวิหาร ถนนอรุณอมรินทร์","info":["ปี: 2567","เขต: เขตบางกอกใหญ่","สาเหตุ: 1) ถนนอรุณอมรินทร์หน้าวัดเครือวัลย์วรวิหารมีรถจอดช่องซ้าย ทำให้เสียไป 1 ช่องทาง 2) รถจะเข้าวัดเครือวัลย์วรวิหารไม่สามารถใช้ช่องทางซ้ายได้ 1 ช่องทาง 3) รถวิ่งช่องทางขวาเลี้ยวซ้ายเข้าวัดเครือวัลย์วรวิหารตัดหน้าช่องทางซ้าย","แนวทางแก้ไข: 1) ทาสีขอบทางเท้า ขาว แดง ห้ามจอด บริเวณหน้าวัดเครือวัลย์วรวิหาร 2) ประสาน สน.ท้องที่ กวดขันวินัยจราจร"],"district":"บางกอกใหญ่"},"geometry":{"type":"Point","coordinates":[100.48507,13.7463]}},{"type":"Feature","properties":{"title":"จุดกลับรถบริเวณซอยจรัญสนิทวงศ์ 83 ถนนจรัญสนิทวงศ์","info":["ปี: 2567","เขต: เขตบางพลัด","สาเหตุ: 1) รถวิ่งเข้าสู่ช่องกลับรถด้วยความเร็วสูง ขึ้นสะพานมองไม่เห็นสัญญาณไฟจราจรข้างหน้า 2) เกิดการชนท้ายรถในแถวคอยสัญญาณไฟจราจร เนื่องจากระยะหยุดรถปลอดภัยมีระยะสั้น","แนวทางแก้ไข: 1) ติดตั้งป้ายแนะนำจุดกลับรถ"],"district":"บางพลัด"},"geometry":{"type":"Point","coordinates":[100.50477,13.79232]}},{"type":"Feature","properties":{"title":"ปากซอยประชาอุทิศ 75 ประชาอุทิศ","info":["ปี: 2567","เขต: เขตทุ่งครุ","สาเหตุ: 1) รถทางตรงวิ่งเข้าสู่ทางแยกด้วยความเร็ว เกิดการชนแบบมุมฉากกับรถที่เลี้ยวขวาเข้าและออกจากซอย","แนวทางแก้ไข: 1) ติดตั้งป้ายเตือนลดความเร็ว"],"district":"ทุ่งครุ"},"geometry":{"type":"Point","coordinates":[100.50205,13.63609]}},{"type":"Feature","properties":{"title":"ปากซอยประชาอุทิศ 84/3 ถนนประชาอุทิศ","info":["ปี: 2567","เขต: เขตทุ่งครุ","สาเหตุ: 1) รถทางตรงวิ่งเข้าสู่ทางแยกด้วยความเร็ว เกิดการชนแบบมุมฉากกับรถที่เลี้ยวขวาเข้าและออกจากซอย","แนวทางแก้ไข: 1) ติดตั้งป้ายเตือนลดความเร็ว"],"district":"ทุ่งครุ"},"geometry":{"type":"Point","coordinates":[100.50949,13.61305]}},{"type":"Feature","properties":{"title":"ปากซอยประชาอุทิศ 131 ถนนประชาอุทิศ","info":["ปี: 2567","เขต: เขตทุ่งครุ","สาเหตุ: 1) รถทางตรงวิ่งเข้าสู่ทางแยกด้วยความเร็ว เกิดการชนแบบมุมฉากกับรถที่เลี้ยวขวาเข้าและออกจากซอย","แนวทางแก้ไข: 1) ติดตั้งป้ายเตือนลดความเร็ว"],"district":"ทุ่งครุ"},"geometry":{"type":"Point","coordinates":[100.51285,13.60763]}},{"type":"Feature","properties":{"title":"บริเวณสามแยกหน้าวัดท่าข้าม ถนนอนามัยงามเจริญ 18","info":["ปี: 2567","เขต: เขตบางขุนเทียน","สาเหตุ: 1) ซอยท่าข้าม 7 (วัดท่าข้าม) เป็นแหล่งชุมชน มีกิจกรรมสองข้างทางหนาแน่น มีทางเข้าออกอาคาร ร้านค้า จำนวนมาก 2) รถในซอยใช้ความเร็วสูงในเขตชุมชน ไม่สามารถหยุดรถได้ทัน 3) ซอยท่าข้าม 7 (วัดท่าข้าม) ยังไม่มีการติดตั้งป้ายขีดจำกัดความเร็ว 30 กม/ชม. (speed limit sign) ซึ่งเป็นมาตรการจำกัดความเร็วในเขตชุมชน","แนวทางแก้ไข: 1) ติดตั้งป้ายขีดจำกัดความเร็ว 30 กม/ชม. (speed limit sign) ตลอดความยาวซอยทั้ง 2 ฝั่งถนน ตามมาตรฐานสำนักการจราจรและขนส่ง"],"district":"บางขุนเทียน"},"geometry":{"type":"Point","coordinates":[100.4485,13.65296]}},{"type":"Feature","properties":{"title":"แยกบางแค","info":["ปี: 2567","เขต: เขตบางแค","สาเหตุ: ลักษณะทางกายภาพเป็นสามแยกแบบมีสัญญาณไฟจราจร อุบัติเหตุเกิดจากรถที่ออกจากถนนบางแควิ่งเลี้ยวขวาเข้าสู่ถนนเพชรเกษมมุ่งหน้าถนนฝั่งขาเข้า ช่วงที่รถในถนนเพชรเกษมมุ่งหน้าถนนกาญจนาภิเษกได้รับสัญญาณไฟแดง ทำให้เกิดการขัดแย้ง เกิดการชนระหว่างรถที่ได้รับสัญญาณไฟเขียวที่จะเลี้ยวขวาเข้าถนนบางแค ทั้งนี้บริเวณปากทางถนนบางแคได้ทำการติดตั้งป้ายห้ามเลี้ยวขวาไว้แล้ว จึงเป็นการฝ่าฝืนละเมิดต่อกฎหมายจราจร","แนวทางแก้ไข: 1) เนื่องจากการชนเกิดจากพฤติกรรมการขับขี่ที่ไม่เคารพกฎจราจร จึงเห็นควรประสาน สน.ท้องที่ กวดขันวินัยจราจร จับ ปรับ"],"district":"บางแค"},"geometry":{"type":"Point","coordinates":[100.42084,13.7117]}},{"type":"Feature","properties":{"title":"แยกเพชรเกษม – พุทธมณฑลสาย 2","info":["ปี: 2567","เขต: เขตบางแค","สาเหตุ: ลักษณะทางกายภาพเป็นสี่แยกแบบมีสัญญาณไฟจราจร อุบัติเหตุเกิดจากรถที่ออกซอยเพชรเกษม 55 วิ่งตรงเข้าสู่ถนนพุทธมณฑลสาย 2 หรือเลี้ยวขวาเข้าสู่ถนนเพชรเกษมมุ่งหน้าถนนกาญจนาภิเษก ช่วงที่รถในถนนเพชรเกษมมุ่งหน้าหนองแขมได้รับสัญญาณไฟแดง ทำให้เกิดการขัดแย้ง เกิดการชนระหว่างรถที่ได้รับสัญญาณไฟเขียวจากถนนพุทธมณฑลสาย 2 มุ่งหน้าหนองแขม","แนวทางแก้ไข: 1) ติดตั้งป้ายบังคับห้ามตรง บริเวณปากซอยเพชรเกษม 55 เพื่อไม่ให้ตรงเข้าถนนพุทธมณฑลสาย 2 และไม่ให้เลี้ยวขวาเข้าถนนเพชรเกษมฝั่งขาเข้า 2) ติดตั้งป้ายห้ามเลี้ยวขวา บริเวณปากซอยเพชรเกษม 55 3) ประสาน สน.ท้องที่ กวดขันวินัยจราจร จับ ปรับ"],"district":"บางแค"},"geometry":{"type":"Point","coordinates":[100.39599,13.70963]}},{"type":"Feature","properties":{"title":"ช่วงซอยเพชรเกษม 86 - 88 ถนนเพชรเกษม","info":["ปี: 2567","เขต: เขตบางแค","สาเหตุ: 1) รถที่ออกจากซอยพุ่งตัดกระแสจราจรของรถทิศทางหลักที่ขับขี่มาด้วยความเร็ว ทำให้เกิดอุบัติเหตุเฉี่ยวชนกันลักษณะชนด้านข้าง และชนท้าย","แนวทางแก้ไข: 1) ติดตั้งป้ายหยุด บริเวณปากซอยเพชรเกษม 88 เพื่อให้ผู้ใช้รถเกิดความระมัดระวังก่อนเลี้ยวออกจากซอย และลดอุบัติเหตุรถเฉี่ยวชนด้านข้าง 2) ปรับปรุงทางข้ามม้าลายให้ชัดเจน เพื่อความปลอดภัยสำหรับผู้ใช้ทางข้ามม้าลาย"],"district":"บางแค"},"geometry":{"type":"Point","coordinates":[100.40305,13.71053]}},{"type":"Feature","properties":{"title":"สถานีรถไฟฟ้าหลักสอง ถนนเพชรเกษม","info":["ปี: 2567","เขต: เขตบางแค","สาเหตุ: 1) ผู้ขับขี่รถจักยานยนต์ ลักกลับรถบริเวณหัวเกาะ ซึ่งเป็นจุดห้ามกลับรถ มีความเสี่ยงเกิดอุบัติเหตุจากการตัดกระแสรถจากทิศทางหลัก 2) ผู้ขับขี่รถจากถนนกาญจนาภิเษก เลี้ยวขวาเข้าถนนเพชรเกษม (ขาออก) เกิดความสับสนในการกะระยะและเกิดการเบียดเข้าช่องจราจร มีความเสี่ยงเกิดอุบัติเหตุลักษณะเฉี่ยวชนด้านข้างและชนท้าย 3) มีรถจอดรับ-ส่งผู้โดยสารริมถนนเพชรเกษม บริเวณจุดห้ามจอด (เส้นขาว-แดง) ใต้สถานี MRT หลักสอง ทำให้เกิดการจราจรติดขัด และมีความเสี่ยงการเกิดอุบัติเหตุลักษณะเฉี่ยวชนด้านข้างและชนท้ายจากรถที่เลี้ยวซ้ายจากถนนกาญจนาภิเษกเข้าถนนเพชรเกษม หรือรถจากทิศทางหลัก","แนวทางแก้ไข: 1) ติดตั้งหลักล้มลุก บริเวณหัวเกาะ เพื่อป้องกันการลักกลับรถของผู้ขับขี่รถจักรยานยนต์ 2) เพิ่มเส้นนำทาง (Guide Line) บริเวณถนนกาญจนาภิเษกเลี้ยวขวาเข้าถนนเพชรเกษม เพื่อให้ผู้ขับขี่มองเห็นช่องจราจร ลดความสับสนในการเลี้ยวเข้าช่องจราจร ป้องกันอุบัติเหตุรถเฉี่ยวชนกันระหว่างเลี้ยว 3) ปรับปรุงทาสีเส้นขาว-แดง พร้อมทั้งติดตั้งป้ายห้ามจอด บริเวณถนนเพชรเกษม 4) ปรับปรุงทางข้ามม้าลายให้ชัดเจน หรือพิจารณาจัดทำทางข้ามม้าลายแบบสีแดง (สีโคลด์พลาสติก) เพื่อความปลอดภัยสำหรับผู้ใช้ทางข้ามม้าลาย บริเวณถนนเพชรเกษม 5) กวดขันวินัยจราจร บริเวณจุดห้ามจอดรถ และห้ามกลับรถ"],"district":"บางแค"},"geometry":{"type":"Point","coordinates":[100.4088,13.71089]}},{"type":"Feature","properties":{"title":"ปากซอยเพชรเกษม 49 ถนนเพชรเกษม","info":["ปี: 2567","เขต: เขตบางแค","สาเหตุ: ลักษณะทางกายภาพเป็นทางร่วม อุบัติเหตุเกิดจากรถที่ออกซอยเพชรเกษม 49 ตัดกระแสรถทางตรงเกิดการชนบริเวณจุดตัด","แนวทางแก้ไข: 1) ติดตั้งป้ายหยุดปากซอยเพชรเกษม 49"],"district":"บางแค"},"geometry":{"type":"Point","coordinates":[100.40308,13.71015]}},{"type":"Feature","properties":{"title":"บริเวณปากซอยบางบอน 5 ซอย 3 ถนนบางบอน 5","info":["ปี: 2567","เขต: เขตบางบอน","สาเหตุ: 1) การตัดกระแสจราจรบริเวณทางแยก 2) การใช้ความเร็วในการขับขี่ที่เกินกำหนด 3) การเปลี่ยนช่องจราจรกะทันหัน 4) ระยะมองเห็นปลอดภัยบริเวณทางแยกไม่เพียงพอ","แนวทางแก้ไข: 1) ติดตั้งป้ายลดความเร็ว 2) ประสานตำรวจจราจรกวดขันวินัยจราจร 3) ติดตั้งเทปจราจรสะท้อนแสงเพิ่มทัศนวิสัยในตอนกลางคืน"],"district":"บางบอน"},"geometry":{"type":"Point","coordinates":[100.3636,13.64535]}},{"type":"Feature","properties":{"title":"ปากซอยบางขุนเทียน 10 ถนนบางขุนเทียน","info":["ปี: 2567","เขต: เขตบางบอน","สาเหตุ: ลักษณะทางกายภาพเป็นสามแยก อุบัติเหตุอาจเกิดจากรถที่ออกจากซอยบางขุนเทียน 10 ตัดกระแสรถทางตรงเพื่อไปยังฝั่งตรงกันข้าม","แนวทางแก้ไข: 1) ประสาน สน.ท้องที่เพื่อขอปิดจุดกลับรถปากซอยบางขุนเทียน 10 2) ประสาน สน.ท้องที่ ขออนุญาตให้กลับรถได้บริเวณสี่แยกพระยามนธาตุฯ 3) ให้รถที่ออกจากซอยเลี้ยวซ้ายไปกลับรถที่สี่แยกพระยามนธาตุฯ"],"district":"บางบอน"},"geometry":{"type":"Point","coordinates":[100.42829,13.66643]}},{"type":"Feature","properties":{"title":"ซอยเพชรเกษม 50 ถนนเพชรเกษม","info":["ปี: 2567","เขต: เขตภาษีเจริญ","สาเหตุ: 1) รถที่ออกจากซอยเพชรเกษม 50 พุ่งตัดกระแสจราจรของรถทิศทางหลักเพื่อจะกลับรถ 2) รถที่ออกจากซอยเพชรเกษม 50 ตีวงเลี้ยวกว้างกินเลนกลางถนนเพชรเกษม เนื่องจากทางเท้ามีมุมเลี้ยวแคบเกินไป ทำให้เกิดความล่าช้าและเสี่ยงต่ออุบัติเหตุ","แนวทางแก้ไข: 1) ตีเส้นแบ่งทิศทางจราจรบริเวณปากซอยเพชรเกษม 50 ให้ชัดเจน 2) ตีเส้นขาวทึบและประบนถนนเพชรเกษมช่องขวา บริเวณหน้าปากซอยเพชรเกษม 50 เพื่อไม่ให้รถที่ออกจากซอยวิ่งเข้าสู่จุดกลับรถ ตัดกระแสรถทางตรง 3) ประสานสำนักการโยธา ปาดทางเดินเท้าด้านซ้ายขาออกจากซอย เพื่อเพิ่มรัศมีวงเลี้ยวรถที่ออกจากซอย"],"district":"ภาษีเจริญ"},"geometry":{"type":"Point","coordinates":[100.44121,13.71424]}},{"type":"Feature","properties":{"title":"โค้งอันตรายบริเวณราษฎร์บูรณะซอย 3 - 11 ถนนราษฎร์บูรณะ","info":["ปี: 2567","เขต: เขตราษฎร์บูรณะ","สาเหตุ: รถวิ่งเข้าสู่ทางโค้งด้วยความเร็วสูงเกินกว่าป้ายแนะนำความเร็ว ทำให้เกิดการลื่นไถล หลุดออกนอกโค้ง (Run Off Road Collisions)","แนวทางแก้ไข: 1) ติดตั้งป้ายเตือนลดความเร็ว ข้างหน้าเกิดอุบัติเหตุบ่อยครั้ง ทั้ง 2 ฝั่ง"],"district":"ราษฎร์บูรณะ"},"geometry":{"type":"Point","coordinates":[100.48763,13.69035]}},{"type":"Feature","properties":{"title":"หน้าวัดอุดมรังสี ถนนเพชรเกษม","info":["ปี: 2567","เขต: เขตหนองแขม","สาเหตุ: 1) บริเวณดังกล่าวเป็นจุดตัดของการจราจร มีทางร่วม ทางเข้าออกซอย จุดกลับรถ 2) การใช้ความเร็วในการขับขี่เกินกำหนด 3) การเปลี่ยนช่องจราจรกะทันหัน 4) เส้นจราจรไม่ชัดเจน","แนวทางแก้ไข: 1) ประสานตำรวจจราจรกวดขันวินัยจราจร 2) ปรับปรุงเส้นจราจรให้มีความชัดเจนฝั่งด้านวัดอุดมรังสี 3) ติดตั้งเทปจราจรสะท้อนแสงเพิ่มทัศนวิสัยในตอนกลางคืน 4) ติดตั้งหมุดสะท้อนแสงไฟกระพริบบริเวณจุดกลับรถ"],"district":"หนองแขม"},"geometry":{"type":"Point","coordinates":[100.34858,13.70589]}},{"type":"Feature","properties":{"title":"ใกล้ซอยเพชรเกษม 116 ถนนเพชรเกษม","info":["ปี: 2567","เขต: เขตหนองแขม","สาเหตุ: 1) เป็นทางแยกที่ไม่มีการเปิดใช้สัญญาณไฟจราจรตลอดทั้งวัน 2) การใช้ความเร็วในการขับขี่ที่เกินกำหนด 3) การเปลี่ยนช่องจราจรกะทันหัน หรือการขับรถปาดหน้า 4) เส้นจราจรไม่ชัดเจน","แนวทางแก้ไข: 1) ติดตั้งป้ายหยุด และป้ายห้ามเลี้ยวขวา ปากซอยเพชรเกษม 116 2) ประสานตำรวจจราจรกวดขันวินัยจราจร 3) ปรับปรุงเส้นจราจรให้มีความชัดเจนบริเวณทางแยก 4) ติดตั้งเทปจราจรสะท้อนแสงเพิ่มทัศนวิสัยในตอนกลางคืน 5) ติดตั้งหมุดสะท้อนแสงไฟกระพริบบริเวณจุดกลับรถ 6) พิจารณาเปิดใช้สัญญาณไฟตลอดทั้งวัน"],"district":"หนองแขม"},"geometry":{"type":"Point","coordinates":[100.33776,13.70509]}},{"type":"Feature","properties":{"title":"หน้าทางเข้ามหาวิทยาลัยเกษตรศาสตร์บางเขน ถึง BTS ม.เกษตรฯ","info":["ปี: 2568","เขต: เขตจตุจักร","แนวทางแก้ไข: 1) กวดขันวินัยจราจร 2) ติดตั้งหลักล้มลุก บริเวณเชิงลาดสะพานข้ามแยกเกษตร 3) ติดตั้งป้ายหัวเกาะพลังงานแสงอาทิตย์ บริเวณเชิงลาดสะพานข้ามแยกเกษตร 4) ติดตั้ง Cushion Tank บริเวณเชิงลาดสะพานข้ามแยกเกษตร"],"district":"จตุจักร"},"geometry":{"type":"Point","coordinates":[100.57674,13.84178]}},{"type":"Feature","properties":{"title":"แยกวัดพุทธสยาม (สีกัน)","info":["ปี: 2568","เขต: เขตดอนเมือง","แนวทางแก้ไข: 1) กวดขันวินัยจราจร 2) จัดทำเส้น เครื่องหมายจราจร และทางข้าม ให้ชัดเจน 3) ติดตั้งป้ายเตือนหัวเกาะ 4) ทาสีหัวเกาะ หรือติดตั้งหลักล้มลุก บริเวณหัวเกาะ เพื่อให้ผู้ขับขี่มองเห็น และระมัดระวัง 5) ติดตั้งเป้าสะท้อนแสง บริเวณขอบเกาะกลางถนนสรงประภาก่อนถึงทางแยก"],"district":"ดอนเมือง"},"geometry":{"type":"Point","coordinates":[100.56721,13.93303]}},{"type":"Feature","properties":{"title":"ซอยรามอินทรา 39","info":["ปี: 2568","เขต: เขตบางเขน","แนวทางแก้ไข: 1) กวดขันวินัยจราจร ผู้ขับขี่ที่ฝ่าฝืนในพื้นที่ห้ามจอด 2) ติดตั้งป้ายเตือนทางเข้า-ออก 3) ติดตั้งป้ายเตือน \"ลดความเร็ว ข้างหน้าทางเกิดอุบัติเหตุบ่อยครั้ง\" เพื่อกระตุ้นเตือนผู้ขับขี่ บริเวณถนนรามอินทรา ก่อนถึงซอยรามอินทรา 39 4) ปรับปรุงเส้นจราจรและเครื่องหมายจราจรบนพื้นทาง ภายในซอยรามอินทรา 39 ให้ชัดเจน"],"district":"บางเขน"},"geometry":{"type":"Point","coordinates":[100.62747,13.85772]}},{"type":"Feature","properties":{"title":"แยกเตาปูน","info":["ปี: 2568","เขต: เขตบางซื่อ","แนวทางแก้ไข: 1) กวดขันวินัยจราจร ผู้ขับขี่ที่ฝ่าฝืนสัญญาณไฟจราจร 2) ติดตั้งป้ายหัวเกาะจุดพักคนเดินข้ามบริเวณเกาะกลาง 3) ปรับปรุงป้าย เลี้ยวซ้ายรอสัญญาณไฟ ให้ผู้ขับขี่มองเห็นได้ชัดเจน 4) ปรับปรุงเส้นจราจรและเครื่องหมายจราจรบนพื้นทางให้ชัดเจน"],"district":"บางซื่อ"},"geometry":{"type":"Point","coordinates":[100.5309,13.80639]}},{"type":"Feature","properties":{"title":"สะพานข้ามแยกพงษ์เพชร","info":["ปี: 2568","เขต: เขตหลักสี่","แนวทางแก้ไข: 1) ติดตั้งป้ายเตือนทางโค้งแบบไฟกะพริบ เพื่อกระตุ้นเตือนผู้ขับขี่ 2) ติดตั้งเทปเส้นจราจร เพื่อเพิ่มทัศนวิสัยในการมองเห็นช่วงกลางคืน และในเวลาฝนตก 3) ติดตั้งเป้าสะท้อนแสง"],"district":"หลักสี่"},"geometry":{"type":"Point","coordinates":[100.54578,13.85611]}},{"type":"Feature","properties":{"title":"โค้งก่อนสะพานข้ามคลองเสือน้อย ถนนสุคนธสวัสดิ์","info":["ปี: 2568","เขต: เขตลาดพร้าว","แนวทางแก้ไข: 1) ติดตั้งราวป้องกันอันตราย (Gruard Rail) บริเวณทางโค้ง 2) พิจารณาติดตั้งเป้าสะท้อนแสงแบบไฟกระพริบ บริเวณราวป้องกันอันตราย (Guard Rail) หรือติดตั้งเทปจราจรสะท้อนแสง เพื่อเพิ่มทัศนวิสัยในการมองเห็นช่วงเวลากลางคืน และในเวลาฝนตก 3) ตรวจสอบป้ายเตือนทางโค้งแบบไฟกระพริบ ให้อยู่ในสภาพพร้อมใช้งาน"],"district":"ลาดพร้าว"},"geometry":{"type":"Point","coordinates":[100.60879,13.82364]}},{"type":"Feature","properties":{"title":"แยกถนนเฉลิมพงษ์ ถ.สายไหม","info":["ปี: 2568","เขต: เขตสายไหม","แนวทางแก้ไข: 1) กวดขันวินัยจราจร ผู้ขับขี่ที่ฝ่าฝืนสัญญาณไฟจราจร 2) ปรับปรุงเส้นจราจรและเครื่องหมายจราจรบนพื้นทางให้ชัดเจน"],"district":"สายไหม"},"geometry":{"type":"Point","coordinates":[100.68379,13.92149]}},{"type":"Feature","properties":{"title":"สามแยกตรงข้ามศูนย์ก่อสร้างและบูรณะทาง 2 ถนนมิตรไมตรี","info":["ปี: 2568","เขต: เขตดินแดง","แนวทางแก้ไข: 1) กวดขันวินัยจราจร จุดห้ามจอด เพื่อให้ผู้ขับขี่มองเห็นบริเวณทางแยกได้สะดวก 2) ติดตั้งป้ายเตือน \"ลดความเร็ว ข้างหน้าเกิดอุบัติเหตุบ่อยครั้ง\" เพื่อกระตุ้นเตือนผู้ขับขี่ บริเวณถนนมิตรไมตรี ก่อนถึงทางแยก 3) ปรับปรุงเส้นจราจรและเครื่องหมายจราจรบนพื้นทางให้ชัดเจน"],"district":"ดินแดง"},"geometry":{"type":"Point","coordinates":[100.55391,13.77258]}},{"type":"Feature","properties":{"title":"แยกพิชัย","info":["ปี: 2568","เขต: เขตดุสิต","แนวทางแก้ไข: 1) กวดขันวินัยจราจร ผู้ขับขี่ที่ฝ่าฝืนสัญญาณไฟจราจร"],"district":"ดุสิต"},"geometry":{"type":"Point","coordinates":[100.51803,13.78192]}},{"type":"Feature","properties":{"title":"โรงเรียนศรีอยุธยา ถนนศรีอยุธยา","info":["ปี: 2568","เขต: เขตราชเทวี","แนวทางแก้ไข: 1) ติดตั้งหลักล้มลุก บริเวณเชิงลาดสะพานข้ามแยกพญาไท และสะพานข้ามแยกมักกะสัน 2) ตรวจสอบ ปรับปรุง ซ่อมแซม Crash Cushion ให้อยู่ในสภาพพร้อมใช้งาน 3) ปรับปรุงเส้นจราจรและเครื่องหมายจราจรบนพื้นทางและขอบทางให้ชัดเจน"],"district":"ราชเทวี"},"geometry":{"type":"Point","coordinates":[100.53786,13.75718]}},{"type":"Feature","properties":{"title":"แยกผังเมือง","info":["ปี: 2568","เขต: เขตห้วยขวาง","แนวทางแก้ไข: 1) กวดขันวินัยจราจร ผู้ขับขี่ที่ฝ่าฝืนสัญญาณไฟจราจร 2) ปรับปรุงเส้นจราจรและเครื่องหมายจราจรบนพื้นทางให้ชัดเจน 3) พิจารณาทำเส้นนำทาง (Guide Line) เพื่อให้ผู้ขับขี่เลี้ยวเข้าช่องจราจรที่ถูกต้องได้สะดวก"],"district":"ห้วยขวาง"},"geometry":{"type":"Point","coordinates":[100.57322,13.75581]}},{"type":"Feature","properties":{"title":"แยกพหลโยธิน ถนนสุทธิสารวินิจฉัย","info":["ปี: 2568","เขต: เขตพญาไท","แนวทางแก้ไข: 1) กวดขันวินัยจราจร 2) ติดตั้งป้ายเตือนทางแยก บริเวณถนนพหลโยธิน 3) ปรับปรุงเครื่องหมายจราจรบนพื้นทางให้ชัดเจน"],"district":"พญาไท"},"geometry":{"type":"Point","coordinates":[100.54822,13.78934]}},{"type":"Feature","properties":{"title":"ช่วงแยก ร.ร. เทพลีลา ถึง ปากซอยรามฯ 39 แยก 7","info":["ปี: 2568","เขต: เขตวังทองหลาง","แนวทางแก้ไข: 1) กวดขันวินัยจราจร 2) ติดเป้าสะท้อนแสงเพิ่มการมองเห็นบนสะพานข้ามคลองแสนแสบ 3) ติดตั้งป้ายเตือนหัวเกาะเชิงลาดสะพานและติดตั้งหลักล้มลุก 4) รื้อถอนหมุดสะท้อนแสงที่ชำรุดเพื่อป้องกันอุบัติเหตุ และติดเทปจราจรทดแทน เพิ่มการมองเห็นเส้นแบ่งทิศทางการจราจร 5) ตรวจสอบความสมบูรณ์ของเส้นและเครื่องหมายจราจรบนสะพานและถนน และทาสีขาวแดงบริเวณปากซอยให้ชัดเจน 6) ประสานสำนักการโยธาตรวจสอบไฟฟ้าส่องสว่างให้ใช้งานได้อยู่เสมอ"],"district":"บางกะปิ"},"geometry":{"type":"Point","coordinates":[100.61336,13.7592]}},{"type":"Feature","properties":{"title":"ถนนแฮปปี้แลนด์สาย 1 ตัดถนนนวมินทร์","info":["ปี: 2568","เขต: เขตบางกะปิ","แนวทางแก้ไข: 1) ประสาน สน.ท้องที่เพื่อกวดขันวินัยจราจร 2) จัดทำเส้น เครื่องหมายจราจร และทางข้าม ให้ชัดเจน"],"district":"บางกะปิ"},"geometry":{"type":"Point","coordinates":[100.6452,13.78057]}},{"type":"Feature","properties":{"title":"แยกถนนประเสริฐมนูกิจ ถนนนวลจันทร์","info":["ปี: 2568","เขต: เขตบึงกุ่ม","แนวทางแก้ไข: 1) กวดขันวินัยจราจร การจอดรถข้างทาง ในพื้นที่ห้ามจอด 2) ปรับปรุงเส้นจราจรและเครื่องหมายจราจรบนพื้นทางให้ชัดเจน"],"district":"บึงกุ่ม"},"geometry":{"type":"Point","coordinates":[100.64739,13.8125]}},{"type":"Feature","properties":{"title":"แยกเสรีไทย 83 ถนนเสรีไทย","info":["ปี: 2568","เขต: เขตคันนายาว","แนวทางแก้ไข: 1) ติดตั้งป้ายเตือน \"ลดความเร็ว ข้างหน้าเกิดอุบัติเหตุบ่อยครั้ง\" เพื่อกระตุ้นเตือนผู้ขับขี่ บริเวณถนนเสรีไทย 2) ติดตั้งป้าย \"หยุด\" บริเวณปากซอย เพื่อแจ้งเตือนให้ขับขี่ระมัดระวังก่อนออกจากซอย"],"district":"คันนายาว"},"geometry":{"type":"Point","coordinates":[100.6962,13.79756]}},{"type":"Feature","properties":{"title":"หน้าซอยศรีนครินทร์ - ร่มเกล้า 25 ถนนศรีนครินทร์-ร่มเกล้า","info":["ปี: 2568","เขต: เขตสะพานสูง","แนวทางแก้ไข: 1) ติดตั้งหลักล้มลุก บริเวณหัวเกาะก่อนเข้าทางร่วม 2) ปรับปรุงป้ายเตือนทางร่วม และห้ามเลี้ยวขวาให้ชัดเจน บริเวณหัวเกาะก่อนเข้าทางร่วม เพื่อกระตุ้นเตือนผู้ขับขี่ 3) ติดตั้งป้ายเตือนหัวเกาะแบบไฟกะพริบด้วยพลังงานแสงอาทิตย์"],"district":"สะพานสูง"},"geometry":{"type":"Point","coordinates":[100.69518,13.75285]}},{"type":"Feature","properties":{"title":"สะพานข้ามแยกมหานคร","info":["ปี: 2568","เขต: เขตหนองจอก","แนวทางแก้ไข: 1) ติดตั้งรั้วกันตก พร้อมเครื่องหมายเตือนทางโค้ง เพื่อป้องกันผู้ใช้ถนนตกจากสะพาน 2) ติดตั้ง Crash Cushion 3) ติดตั้งหลักล้มลุก 4) ติดตั้งป้ายเตือนหัวเกาะแบบไฟกะพริบด้วยพลังงานแสงอาทิตย์"],"district":"หนองจอก"},"geometry":{"type":"Point","coordinates":[100.8376,13.80692]}},{"type":"Feature","properties":{"title":"หน้าโรงเรียนเอกบูรพา SCHOOL ZONE ถนนสามวา","info":["ปี: 2568","เขต: เขตมีนบุรี","แนวทางแก้ไข: 1) กวดขันวินัยจราจร การจอดรถข้างทาง ในพื้นที่ห้ามจอด 2) ติดตั้งป้ายเตือน เขตโรงเรียนลดความเร็ว บริเวณถนนสามวา 3) ติดตั้งเทปจราจรสะท้อนแสง เพื่อเพิ่มทัศนวิสัยในการมองเห็นช่วงเวลากลางคืน และในเวลาฝนตก 4) ติดตั้งเป้าสะท้อนแสง บริเวณหัวเกาะจุดกลับรถ"],"district":"มีนบุรี"},"geometry":{"type":"Point","coordinates":[100.72596,13.82486]}},{"type":"Feature","properties":{"title":"ซอยนิมิตใหม่ 3/1 ถนนนิมิตรใหม่","info":["ปี: 2568","เขต: เขตคลองสามวา","แนวทางแก้ไข: 1) ติดตั้งป้ายเตือนทางเข้า-ออก 2) ติดตั้งป้ายเตือนลดความเร็ว 3) ปรับปรุงเส้นจราจรและเครื่องหมายจราจรบนพื้นทางให้ชัดเจน"],"district":"มีนบุรี"},"geometry":{"type":"Point","coordinates":[100.73702,13.8329]}},{"type":"Feature","properties":{"title":"ถนนเจริญกรุง","info":["ปี: 2568","เขต: เขตป้อมปราบศัตรูพ่าย","แนวทางแก้ไข: 1) ติดตั้ง Reflective sheeting ช่วงขึ้นและลงสะพาน 2) ติดตั้งรั้วบริเวณทางโค้ง ทางแยก และเชิงลาดสะพาน 3) ปรับปรุงเครื่องหมายจราจรบนพื้นทางให้ชัดเจน"],"district":"สัมพันธวงศ์"},"geometry":{"type":"Point","coordinates":[100.50394,13.74678]}},{"type":"Feature","properties":{"title":"แยกผ่านพิภพลีลา ถนนราชดำเนินการ","info":["ปี: 2568","เขต: เขตพระนคร","แนวทางแก้ไข: 1) ติดตั้ง Reflective sheeting (ในทิศทางที่รถออกจากไฟแดง) 2) ติดตั้งรั้วบริเวณทางเดิน 3) ติดตั้งป้ายแจ้งเตือนหัวเกาะ 4) ปรับปรุงเครื่องหมายจราจรบนพื้นทางให้ชัดเจน"],"district":"พระนคร"},"geometry":{"type":"Point","coordinates":[100.49488,13.75701]}},{"type":"Feature","properties":{"title":"อนุสาวรีย์ประชาธิปไตย ถนนราชดำเนินกลาง","info":["ปี: 2568","เขต: เขตพระนคร","แนวทางแก้ไข: 1) ติดตั้ง Reflective sheeting รอบอนุสาวรีย์ประชาธิปไตย 2) ติดตั้งรั้วบริเวณทางเดินข้ามถนน รอบอนุสาวรีย์ประชาธิปไตย 3) ปรับปรุงเครื่องหมายจราจรบนพื้นทางให้ชัดเจน"],"district":"พระนคร"},"geometry":{"type":"Point","coordinates":[100.50237,13.7565]}},{"type":"Feature","properties":{"title":"แยกเจ้าคุณทหาร","info":["ปี: 2568","เขต: เขตลาดกระบัง","แนวทางแก้ไข: 1) ปรับปรุงเครื่องหมายจราจรบนพื้นทางให้ชัดเจน 2) ติดตั้งเป้าสะท้อนแสงบริเวณเกาะกลางถนน 3) ติดตั้งป้ายหัวเกาะพลังงานแสงอาทิตย์"],"district":"ลาดกระบัง"},"geometry":{"type":"Point","coordinates":[100.79428,13.75054]}},{"type":"Feature","properties":{"title":"ถนนพัฒนาการตัดซอยพัฒนาการ74","info":["ปี: 2568","เขต: เขตประเวศ","แนวทางแก้ไข: 1) ติดตั้งเป้าสะท้อนแสงบริเวณเกาะกลางถนน 2) ติดตั้งป้ายหัวเกาะพลังงานแสงอาทิตย์"],"district":"ประเวศ"},"geometry":{"type":"Point","coordinates":[100.65632,13.72823]}},{"type":"Feature","properties":{"title":"แยกกรมศุลกากรถึงใต้ทางด่วน ถนนเกษมราษฎร์","info":["ปี: 2568","เขต: เขตคลองเตย","แนวทางแก้ไข: 1) ติดตั้ง Lane Block พร้อมทำจุดพักคนเดินข้ามบริเวณเกาะกลางสี 2) ติดตั้งป้ายแจ้งเตือนรถออกจากซอย 2 ชุด 3) ติดตั้ง cushion tank 4) ติดตั้งป้ายหัวเกาะพลังงานแสงอาทิตย์ 5) ติดตั้ง Reflective sheeting"],"district":"คลองเตย"},"geometry":{"type":"Point","coordinates":[100.56491,13.71394]}},{"type":"Feature","properties":{"title":"หน้าศูนย์ประชุมแห่งชาติสิริกิตต์ ถนนรัชดาภิเษก","info":["ปี: 2568","เขต: เขตคลองเตย","แนวทางแก้ไข: 1) ทาสี Barrier Concrete และติดตั้งเป้าสะท้อนแสง 2) ติดตั้งแผ่นแสงกันตาพร่า (Anti Glare board) 3) ติดตั้ง Reflective Sheeting 4) ติดตั้งป้ายจำกัดความเร็วและแสดงความเร็วพลังงานแสงอาทิตย์ 5) ติดตั้งเสาจราจรล้มลุก"],"district":"คลองเตย"},"geometry":{"type":"Point","coordinates":[100.56036,13.72437]}},{"type":"Feature","properties":{"title":"ปากซอยเอกมัย ซอย 5","info":["ปี: 2568","เขต: เขตวัฒนา","แนวทางแก้ไข: 1) ติดตั้ง Reflective sheeting (ในทิศทางที่รถออกจากไฟแดง) 2) ติดตั้งรั้วบริเวณทางเดิน (จุดทางข้าม) 3) ปรับปรุงเครื่องหมายจราจรบนพื้นทางให้ชัดเจน"],"district":"วัฒนา"},"geometry":{"type":"Point","coordinates":[100.58644,13.73082]}},{"type":"Feature","properties":{"title":"ปากซอยพระราม 9 ซอย 49","info":["ปี: 2568","เขต: เขตสวนหลวง","แนวทางแก้ไข: 1) ติดตั้ง Reflective sheeting 2) ปรับปรุงเครื่องหมายจราจรบนพื้นทางให้ชัดเจน"],"district":"สวนหลวง"},"geometry":{"type":"Point","coordinates":[100.63225,13.74242]}},{"type":"Feature","properties":{"title":"ชาเทรียม สาทร ถนน ซอย นราธิวาสราชนครินทร์ 24","info":["ปี: 2568","เขต: เขตยานนาวา","แนวทางแก้ไข: 1) ติดตั้ง Reflective sheeting 2) ปรับปรุงเครื่องหมายจราจรบนพื้นทางให้ชัดเจน"],"district":"ยานนาวา"},"geometry":{"type":"Point","coordinates":[100.53758,13.70176]}},{"type":"Feature","properties":{"title":"แยกสาทร-นราธิวาส","info":["ปี: 2568","เขต: เขตสาทร","แนวทางแก้ไข: 1) ติดตั้ง Reflective sheeting (ในทิศทางที่รถออกจากไฟแดง) 2) ติดตั้งรั้วบริเวณทางเดิน 3) ติดตั้ง Lane Block 4) ทาสี Barrier Concrete"],"district":"สาทร"},"geometry":{"type":"Point","coordinates":[100.53026,13.72181]}},{"type":"Feature","properties":{"title":"ปากซอยจันทน์ 42","info":["ปี: 2568","เขต: เขตบางคอแหลม","แนวทางแก้ไข: 1) ติดตั้ง Reflective sheeting 2) ปรับปรุงเครื่องหมายจราจรบนพื้นทางให้ชัดเจน 3) ติดตั้ง Lane Block"],"district":"บางคอแหลม"},"geometry":{"type":"Point","coordinates":[100.51467,13.70886]}},{"type":"Feature","properties":{"title":"ปากซอยรองเมือง 5","info":["ปี: 2568","เขต: เขตปทุมวัน","แนวทางแก้ไข: 1) ติดตั้ง Reflective sheeting 2) ปรับปรุงเครื่องหมายจราจรบนพื้นทางให้ชัดเจน 3) ติดตั้งรั้วบริเวณทางเดิน (จุดทางข้าม)"],"district":"ปทุมวัน"},"geometry":{"type":"Point","coordinates":[100.52291,13.74759]}},{"type":"Feature","properties":{"title":"แยก รพ.บางรัก ถึง ซอยสาทร 10 ตัด ซ.สีลม 9","info":["ปี: 2568","เขต: เขตบางรัก","แนวทางแก้ไข: 1) ติดตั้ง Reflective sheeting 2) ติดตั้งหลักล้มลุกบริเวณเกาะกลาง 3) ติดตั้งแผงสะท้อนแสงแบบติด Curb บริเวณจุดกลับรถ"],"district":"บางรัก"},"geometry":{"type":"Point","coordinates":[100.52779,13.72132]}},{"type":"Feature","properties":{"title":"แยกอุดมสุข","info":["ปี: 2568","เขต: เขตบางนา","แนวทางแก้ไข: 1) ติดตั้ง Reflective sheeting (ในทิศทางที่รถออกจากไฟแดง) 2) ติดตั้งรั้วบริเวณทางเดิน 3) ปรับปรุงเครื่องหมายจราจรบนพื้นทางให้ชัดเจน 4) แผงสะท้อนแสง สำหรับติด CURB และ BARRIER"],"district":"บางนา"},"geometry":{"type":"Point","coordinates":[100.60918,13.67884]}},{"type":"Feature","properties":{"title":"หน้าบิ้กซีอิสรภาพ ถนนอิสรภาพ","info":["ปี: 2568","เขต: เขตธนบุรี","แนวทางแก้ไข: 1) ประสานสำนักงานเขตตัดแต่งกิ่งไม้ที่ยื่นล้ำเข้าไปในถนน 2) ปรับปรุงเครื่องหมายจราจรบนพื้นทางให้ชัดเจน"],"district":"ธนบุรี"},"geometry":{"type":"Point","coordinates":[100.49309,13.73214]}},{"type":"Feature","properties":{"title":"หน้า รร.วัดนางนอง ถนนวุฒากาศ","info":["ปี: 2568","เขต: เขตจอมทอง","แนวทางแก้ไข: 1) ประสานตำรวจกวดขันห้ามจอดรถในที่ห้ามจอด 2) ปรับปรุงเครื่องหมายจราจรบนพื้นทางให้ชัดเจน"],"district":"จอมทอง"},"geometry":{"type":"Point","coordinates":[100.46715,13.70302]}},{"type":"Feature","properties":{"title":"ใกล้ MRT จรัญสนิทวงศ์ 13 ถนนจรัญสนิทวงศ์","info":["ปี: 2568","เขต: เขตบางกอกใหญ่","แนวทางแก้ไข: 1) ติดตั้งป้ายแนะนำลดความเร็วล่วงหน้าก่อนเข้าสู่ใต้สถานีรถไฟฟ้าจรัญฯ 13 ระยะทางประมาณ 75 ม. 2) ประสาน รฟม. ติดตั้งโคมไฟส่องสว่างตลอดแนวสถานีเป็นระยะ เพื่อให้มีแสงสว่างเพียงพอ 3) ประสาน รฟม. ให้ตรวจสอบ ดูแล บำรุงรักษาโคมไฟส่องสว่างให้ใช้งานได้ดีอยู่ตลอดเวลา"],"district":"บางกอกใหญ่"},"geometry":{"type":"Point","coordinates":[100.47079,13.73944]}},{"type":"Feature","properties":{"title":"ปากซอยเจริญนคร 32/1 ถนนเจริญนคร","info":["ปี: 2568","เขต: เขตคลองสาน","แนวทางแก้ไข: 1) ตีเส้นกากบาทเหลือง 2) ตีเส้นจราจรให้ชัดเจน 3) ติดตั้งป้ายเตือนก่อนออกจากซอย"],"district":"คลองสาน"},"geometry":{"type":"Point","coordinates":[100.50115,13.71206]}},{"type":"Feature","properties":{"title":"ใกล้ห้างเซ็นทรัลปิ่นเกล้า ถนนบรมราชชนนี","info":["ปี: 2568","เขต: เขตบางกอกน้อย","แนวทางแก้ไข: 1) ประสานงานตำรวจจราจรกวดขันวินัยจราจร 2) ปรับปรุงเส้นจราจรให้มีความชัดเจน 3) ประสานงานสำนักงานเขตตัดแต่งกิ่งไม้ไม่ให้บดบังป้ายจราจร"],"district":"บางกอกน้อย"},"geometry":{"type":"Point","coordinates":[100.47674,13.77882]}},{"type":"Feature","properties":{"title":"ปากซอยอิสรภาพ 44 ถนนอิสรภาพ","info":["ปี: 2568","เขต: เขตบางกอกน้อย","แนวทางแก้ไข: 1) ประสานงานตำรวจจราจรกวดขันวินัยจราจร และการควบคุมสัญญาณไฟจราจรให้เหมาะสม 2) ปรับปรุงเครื่องหมายห้ามหยุด (Yellow Box) 3) ปรับปรุงเส้นจราจรและเครื่องหมายจราจรบนพื้นทางให้ชัดเจน 4) ประสานกลุ่มงานสัญญาณไฟจราจรตรวจสอบระยะเวลารอบสัญญาณไฟให้เหมาะสม 5) ติดตั้งเทปจราจรสะท้อนแสงเพิ่มทัศนวิสัยในตอนกลางคืน"],"district":"บางกอกน้อย"},"geometry":{"type":"Point","coordinates":[100.47811,13.75222]}},{"type":"Feature","properties":{"title":"จรัญสนิทวงศ์ 55 ถึง จรัญสนิทวงศ์ 57 ถนนจรัญสนิทวงศ์","info":["ปี: 2568","เขต: เขตบางพลัด","แนวทางแก้ไข: 1) ติดตั้งเครื่องหมายจำกัดความเร็วหรือเส้นชะลอความเร็วบนพื้นทาง 2) ประสานตำรวจจราจรกวดขันวินัยจราจร 3) ปรับปรุงเส้นจราจรให้มีความชัดเจน 4) ติดตั้งเทปจราจรสะท้อนแสงเพิ่มทัศนวิสัยในตอนกลางคืน 5) ประสานสำนักงานเขตตัดแต่งกิ่งไม้ที่ยื่นล้ำเข้าไปในถนน"],"district":"บางพลัด"},"geometry":{"type":"Point","coordinates":[100.48612,13.77854]}},{"type":"Feature","properties":{"title":"แยกถนนบรมราชชนนี ถนนพุทธมณฑลสาย 3","info":["ปี: 2568","เขต: เขตทวีวัฒนา","แนวทางแก้ไข: 1) ประสานตำรวจจราจรกวดขันวินัยจราจร 2) ติดตั้ง Crash Cushion 3) ติดตั้งหลักล้มลุก 4) ติดตั้งป้ายเตือนหัวเกาะแบบไฟกะพริบด้วยพลังงานแสงอาทิตย์"],"district":"ทวีวัฒนา"},"geometry":{"type":"Point","coordinates":[100.36379,13.78643]}},{"type":"Feature","properties":{"title":"แยกถนนปากน้ำฝั่งเหนือ ถนนแก้วเงินทอง","info":["ปี: 2568","เขต: เขตตลิ่งชัน","แนวทางแก้ไข: 1) ประสานตำรวจจราจรกวดขันวินัยจราจร 2) จัดทำเส้น เครื่องหมายจราจร และทางข้าม ให้ชัดเจน 3) ติดตั้งป้ายเตือนทางแยก"],"district":"ตลิ่งชัน"},"geometry":{"type":"Point","coordinates":[100.45516,13.75511]}},{"type":"Feature","properties":{"title":"ปากซอยเพชรเกษม 81 ถนนมาเจริญ","info":["ปี: 2568","เขต: เขตหนองแขม","แนวทางแก้ไข: 1) กวดขันวินัยจราจร 2) ปรับปรุงเส้นจราจรให้ชัดเจน"],"district":"หนองแขม"},"geometry":{"type":"Point","coordinates":[100.34018,13.70123]}},{"type":"Feature","properties":{"title":"ปากซอยมาเจริญซอย 3 ถนนมาเจริญ","info":["ปี: 2568","เขต: เขตหนองแขม","แนวทางแก้ไข: 1) ติดตั้งป้ายแจ้งเตือนรถออกจากซอย 2) ติดตั้งป้ายหยุดเตือนรถออกจากซอย 3) ติดตั้งป้ายลดความเร็วและแสดงความเร็วพลังงานแสงอาทิตย์"],"district":"หนองแขม"},"geometry":{"type":"Point","coordinates":[100.34232,13.6901]}},{"type":"Feature","properties":{"title":"หน้าสำนักงานเขตราษฎร์บูรณะ ถนนราษฎร์บูรณะ","info":["ปี: 2568","เขต: เขตราษฎร์บูรณะ","แนวทางแก้ไข: 1) ติดตั้งป้ายเตือน \"ลดความเร็ว ข้างหน้าเกิดอุบัติเหตุบ่อยครั้ง\" เพื่อกระตุ้นเตือนผู้ขับขี่"],"district":"ราษฎร์บูรณะ"},"geometry":{"type":"Point","coordinates":[100.50569,13.68176]}},{"type":"Feature","properties":{"title":"ปากซอยพุทธบูชา 36 แยก 6 ถนนพุทธบูชา ซอย 36","info":["ปี: 2568","เขต: เขตทุ่งครุ","แนวทางแก้ไข: 1) ติดตั้งป้ายเตือนออกจากซอย 2) ปรับปรุงเครื่องหมายจราจรพื้นทาง"],"district":"ทุ่งครุ"},"geometry":{"type":"Point","coordinates":[100.47812,13.64]}},{"type":"Feature","properties":{"title":"ปากซอยเข้าโรงเรียนราชมนตรี ถนนบางขุนเทียน - ชายทะเล","info":["ปี: 2568","เขต: เขตบางขุนเทียน","แนวทางแก้ไข: 1) พิจารณาให้ช่องซ้ายสุด ก่อนถึงซอยเข้าโรงเรียนราชมนตรี ให้เลี้ยวซ้ายเท่านั้น"],"district":"บางขุนเทียน"},"geometry":{"type":"Point","coordinates":[100.43211,13.64166]}},{"type":"Feature","properties":{"title":"ปากซอยถนนพรหมราชฎร์ ถนนเอกชัยซอย 131","info":["ปี: 2568","เขต: เขตบางบอน","แนวทางแก้ไข: 1) ตีเส้นทะแยงเหลือง 2) ปรับปรุงเครื่องหมายจราจรพื้นทางให้ชัดเจน 3) ตีเส้นทึบ"],"district":"บางบอน"},"geometry":{"type":"Point","coordinates":[100.37635,13.63024]}}]}