{"type":"FeatureCollection","features":[{"type":"Feature","properties":{"title":"ทางม้าลาย ศูนย์วัฒนธรรมแห่งประเทศไทย","info":["ถนน: ถนนวัฒนธรรม","เขต: ห้วยขวาง","จำนวนช่องจราจร: 4","ไฟกดข้าม: ไม่มี"],"district":"ห้วยขวาง"},"geometry":{"type":"Point","coordinates":[100.57321,13.76806]}},{"type":"Feature","properties":{"title":"ทางม้าลาย แยกพระราม 9","info":["ถนน: ถนนพระราม 9","เขต: ห้วยขวาง","จำนวนช่องจราจร: 33","ไฟกดข้าม: ไม่มี"],"district":"ดินแดง"},"geometry":{"type":"Point","coordinates":[100.56506,13.75591]}},{"type":"Feature","properties":{"title":"ทางม้าลาย แยก อสมท.","info":["ถนน: ถนนพระราม 9","เขต: ห้วยขวาง","จำนวนช่องจราจร: 24","ไฟกดข้าม: ไม่มี"],"district":"ห้วยขวาง"},"geometry":{"type":"Point","coordinates":[100.56958,13.75577]}},{"type":"Feature","properties":{"title":"ทางม้าลาย ลุมพินี คอนโด","info":["ถนน: ถนนพระราม 9","เขต: ห้วยขวาง","จำนวนช่องจราจร: 6","ไฟกดข้าม: ไม่มี"],"district":"ห้วยขวาง"},"geometry":{"type":"Point","coordinates":[100.57095,13.75572]}},{"type":"Feature","properties":{"title":"ทางม้าลาย แยกผังเมือง","info":["ถนน: ถนนพระราม 9","เขต: ห้วยขวาง","จำนวนช่องจราจร: 20","ไฟกดข้าม: ไม่มี"],"district":"ห้วยขวาง"},"geometry":{"type":"Point","coordinates":[100.57307,13.75556]}},{"type":"Feature","properties":{"title":"ทางม้าลาย แยกวัดพระราม 9","info":["ถนน: ถนนพระราม 9","เขต: ห้วยขวาง","จำนวนช่องจราจร: 32","ไฟกดข้าม: ไม่มี"],"district":"ห้วยขวาง"},"geometry":{"type":"Point","coordinates":[100.5652,13.75616]}},{"type":"Feature","properties":{"title":"ทางม้าลาย แยกเพชรพระราม","info":["ถนน: ถนนพระราม 9","เขต: ห้วยขวาง","จำนวนช่องจราจร: 23","ไฟกดข้าม: ไม่มี"],"district":"ห้วยขวาง"},"geometry":{"type":"Point","coordinates":[100.59937,13.74938]}},{"type":"Feature","properties":{"title":"ทางม้าลาย แยกมารยาทดี","info":["ถนน: ถนนเพชรอุทัย","เขต: ห้วยขวาง","จำนวนช่องจราจร: 22","ไฟกดข้าม: ไม่มี"],"district":"ห้วยขวาง"},"geometry":{"type":"Point","coordinates":[100.56937,13.75249]}},{"type":"Feature","properties":{"title":"ทางม้าลาย แยกตัดกำแพงเพชร 7","info":["ถนน: ถนนเพชรอุทัย","เขต: ห้วยขวาง","จำนวนช่องจราจร: 10","ไฟกดข้าม: ไม่มี"],"district":"ห้วยขวาง"},"geometry":{"type":"Point","coordinates":[100.56867,13.74907]}},{"type":"Feature","properties":{"title":"ทางม้าลาย แยกตัดเพชรบุรี","info":["ถนน: ถนนเพชรอุทัย","เขต: ห้วยขวาง","จำนวนช่องจราจร: 6","ไฟกดข้าม: ไม่มี"],"district":"ห้วยขวาง"},"geometry":{"type":"Point","coordinates":[100.5686,13.74856]}},{"type":"Feature","properties":{"title":"ทางม้าลาย แยกพร้อมพงษ์","info":["ถนน: ถนนเพชรบุรี","เขต: ห้วยขวาง","จำนวนช่องจราจร: 4","ไฟกดข้าม: ไม่มี"],"district":"ห้วยขวาง"},"geometry":{"type":"Point","coordinates":[100.57339,13.7472]}},{"type":"Feature","properties":{"title":"ทางม้าลาย ศูนย์รถนิสสัน","info":["ถนน: ถนนเพชรบุรี","เขต: ห้วยขวาง","จำนวนช่องจราจร: 6","ไฟกดข้าม: ไม่มี"],"district":"ห้วยขวาง"},"geometry":{"type":"Point","coordinates":[100.58115,13.74564]}},{"type":"Feature","properties":{"title":"ทางม้าลาย ศูนย์รถโตโยต้า","info":["ถนน: ถนนเพชรบุรี","เขต: ห้วยขวาง","จำนวนช่องจราจร: 6","ไฟกดข้าม: ไม่มี"],"district":"ห้วยขวาง"},"geometry":{"type":"Point","coordinates":[100.58348,13.74495]}},{"type":"Feature","properties":{"title":"ทางม้าลาย ปากซอยเพชรบุรี 47","info":["ถนน: ถนนเพชรบุรี","เขต: ห้วยขวาง","จำนวนช่องจราจร: 2","ไฟกดข้าม: ไม่มี"],"district":"ห้วยขวาง"},"geometry":{"type":"Point","coordinates":[100.58477,13.74489]}},{"type":"Feature","properties":{"title":"ทางม้าลาย ปากซอยทองหล่อ","info":["ถนน: ถนนเพชรบุรี","เขต: ห้วยขวาง","จำนวนช่องจราจร: 5","ไฟกดข้าม: ไม่มี"],"district":"ห้วยขวาง"},"geometry":{"type":"Point","coordinates":[100.58622,13.74434]}},{"type":"Feature","properties":{"title":"ทางม้าลาย แยกเอกมัยเหนือ 1","info":["ถนน: ถนนเพชรบุรี","เขต: ห้วยขวาง","จำนวนช่องจราจร: 7","ไฟกดข้าม: ไม่มี"],"district":"ห้วยขวาง"},"geometry":{"type":"Point","coordinates":[100.58985,13.7434]}},{"type":"Feature","properties":{"title":"ทางม้าลาย แยกเอกมัยเหนือ 2","info":["ถนน: ถนนเพชรบุรี","เขต: ห้วยขวาง","จำนวนช่องจราจร: 7","ไฟกดข้าม: ไม่มี"],"district":"ห้วยขวาง"},"geometry":{"type":"Point","coordinates":[100.59132,13.74309]}},{"type":"Feature","properties":{"title":"ทางม้าลาย ก่อนสะพานข้ามคลองแสนแสบ","info":["ถนน: ถนนเพชรบุรี","เขต: ห้วยขวาง","จำนวนช่องจราจร: 5","ไฟกดข้าม: ไม่มี"],"district":"ห้วยขวาง"},"geometry":{"type":"Point","coordinates":[100.59634,13.74223]}},{"type":"Feature","properties":{"title":"ทางม้าลาย ซอยเพชรพระราม 6","info":["ถนน: ถนนเพชรพระราม","เขต: ห้วยขวาง","จำนวนช่องจราจร: 6","ไฟกดข้าม: ไม่มี"],"district":"ห้วยขวาง"},"geometry":{"type":"Point","coordinates":[100.59804,13.74617]}},{"type":"Feature","properties":{"title":"ทางม้าลาย แยกตัดกำแพงเพชร 7","info":["ถนน: ถนนเพชรพระราม","เขต: ห้วยขวาง","จำนวนช่องจราจร: 6","ไฟกดข้าม: ไม่มี"],"district":"ห้วยขวาง"},"geometry":{"type":"Point","coordinates":[100.59698,13.74298]}},{"type":"Feature","properties":{"title":"ทางม้าลาย แยกเพชรพระราม (ด้านเพชรบุรี)","info":["ถนน: ถนนเพชรพระราม","เขต: ห้วยขวาง","จำนวนช่องจราจร: 6","ไฟกดข้าม: ไม่มี"],"district":"ห้วยขวาง"},"geometry":{"type":"Point","coordinates":[100.59678,13.74223]}},{"type":"Feature","properties":{"title":"ทางม้าลาย แยกใต้สะพานข้ามทางรถไฟ","info":["ถนน: ถนนประดิษฐ์มนธรรม","เขต: ห้วยขวาง","จำนวนช่องจราจร: 4","ไฟกดข้าม: ไม่มี"],"district":"ห้วยขวาง"},"geometry":{"type":"Point","coordinates":[100.59118,13.7457]}},{"type":"Feature","properties":{"title":"ทางม้าลาย ปากซอยพระราม 9 ซอย 13","info":["ถนน: พระราม 9 ซอย 13","เขต: ห้วยขวาง","จำนวนช่องจราจร: 2","ไฟกดข้าม: ไม่มี"],"district":"ห้วยขวาง"},"geometry":{"type":"Point","coordinates":[100.58742,13.75372]}},{"type":"Feature","properties":{"title":"ทางม้าลาย โรงเรียนวัดพระราม 9","info":["ถนน: พระราม 9 ซอย 19","เขต: ห้วยขวาง","จำนวนช่องจราจร: 2","ไฟกดข้าม: ไม่มี"],"district":"ห้วยขวาง"},"geometry":{"type":"Point","coordinates":[100.59349,13.75946]}},{"type":"Feature","properties":{"title":"ทางม้าลาย วัดพระราม 9","info":["ถนน: พระราม 9 ซอย 19","เขต: ห้วยขวาง","จำนวนช่องจราจร: 2","ไฟกดข้าม: ไม่มี"],"district":"ห้วยขวาง"},"geometry":{"type":"Point","coordinates":[100.59284,13.75926]}},{"type":"Feature","properties":{"title":"ทางม้าลาย ปากซอยพระราม 9 ซอย 17","info":["ถนน: พระราม 9 ซอย 17","เขต: ห้วยขวาง","จำนวนช่องจราจร: 2","ไฟกดข้าม: ไม่มี"],"district":"ห้วยขวาง"},"geometry":{"type":"Point","coordinates":[100.59004,13.75291]}},{"type":"Feature","properties":{"title":"ทางม้าลาย โรงเรียนสมาคมไทย-ญี่ปุ่น","info":["ถนน: พระราม 9 ซอย 17","เขต: ห้วยขวาง","จำนวนช่องจราจร: 2","ไฟกดข้าม: ไม่มี"],"district":"ห้วยขวาง"},"geometry":{"type":"Point","coordinates":[100.59163,13.7609]}},{"type":"Feature","properties":{"title":"ทางม้าลาย หน้าโรงพยาบาลปิยเวท","info":["ถนน: ถนนจตุทิศ","เขต: ห้วยขวาง","จำนวนช่องจราจร: 3","ไฟกดข้าม: ไม่มี"],"district":"ห้วยขวาง"},"geometry":{"type":"Point","coordinates":[100.57959,13.75454]}},{"type":"Feature","properties":{"title":"ทางม้าลาย แยกเข้า RCA.","info":["ถนน: ถนนจตุทิศ","เขต: ห้วยขวาง","จำนวนช่องจราจร: 14","ไฟกดข้าม: ไม่มี"],"district":"ห้วยขวาง"},"geometry":{"type":"Point","coordinates":[100.57439,13.75292]}},{"type":"Feature","properties":{"title":"ทางม้าลาย ใต้ทางด่วนดินแดง","info":["ถนน: ถนนดินแดง","เขต: ดินแดง","จำนวนช่องจราจร: 8","ไฟกดข้าม: ไม่มี"],"district":"ดินแดง"},"geometry":{"type":"Point","coordinates":[100.54823,13.7636]}},{"type":"Feature","properties":{"title":"ทางม้าลาย ปากซอยโพธิ์ปั้น","info":["ถนน: ถนนอโศกดินแดง","เขต: ดินแดง","จำนวนช่องจราจร: 6","ไฟกดข้าม: ไม่มี"],"district":"ดินแดง"},"geometry":{"type":"Point","coordinates":[100.56198,13.75638]}},{"type":"Feature","properties":{"title":"ทางม้าลาย ปากซอยอยู่เจริญ","info":["ถนน: ถนนอโศกดินแดง","เขต: ดินแดง","จำนวนช่องจราจร: 6","ไฟกดข้าม: ไม่มี"],"district":"ดินแดง"},"geometry":{"type":"Point","coordinates":[100.56367,13.75625]}},{"type":"Feature","properties":{"title":"ทางม้าลาย ปากซอยรัชดาภิเษก 3","info":["ถนน: ถนนรัชดาภิเษก","เขต: ดินแดง","จำนวนช่องจราจร: 2","ไฟกดข้าม: ไม่มี"],"district":"ดินแดง"},"geometry":{"type":"Point","coordinates":[100.5668,13.76212]}},{"type":"Feature","properties":{"title":"ทางม้าลาย ซอยลาดพร้าว 41","info":["ถนน: ถนนลาดพร้าว","เขต: ห้วยขวาง","จำนวนช่องจราจร: 4","ไฟกดข้าม: ไม่มี"],"district":"ห้วยขวาง"},"geometry":{"type":"Point","coordinates":[100.58321,13.80079]}},{"type":"Feature","properties":{"title":"ทางม้าลาย แยกห้วยขวาง","info":["ถนน: ถนนประชาราษฎร์บำเพ็ญ","เขต: ห้วยขวาง","จำนวนช่องจราจร: 20","ไฟกดข้าม: ไม่มี"],"district":"ดินแดง"},"geometry":{"type":"Point","coordinates":[100.57378,13.77855]}},{"type":"Feature","properties":{"title":"ทางม้าลาย แยกตัดประชาอุทิศ","info":["ถนน: ถนนประชาราษฎร์บำเพ็ญ","เขต: ห้วยขวาง","จำนวนช่องจราจร: 8","ไฟกดข้าม: ไม่มี"],"district":"ห้วยขวาง"},"geometry":{"type":"Point","coordinates":[100.57991,13.7772]}},{"type":"Feature","properties":{"title":"ทางม้าลาย ซอยประชาราษฎร์บำเพ็ญ 24","info":["ถนน: ถนนประชาราษฎร์บำเพ็ญ","เขต: ห้วยขวาง","จำนวนช่องจราจร: 2","ไฟกดข้าม: ไม่มี"],"district":"ห้วยขวาง"},"geometry":{"type":"Point","coordinates":[100.5843,13.77848]}},{"type":"Feature","properties":{"title":"ทางม้าลาย โรงเรียนจันทร์หุ่นบำเพ็ญ","info":["ถนน: ถนนประชาราษฎร์บำเพ็ญ","เขต: ห้วยขวาง","จำนวนช่องจราจร: 4","ไฟกดข้าม: ไม่มี"],"district":"ห้วยขวาง"},"geometry":{"type":"Point","coordinates":[100.58454,13.77967]}},{"type":"Feature","properties":{"title":"ทางม้าลาย คอนโด CHAPTER ONE","info":["ถนน: ถนนประชาอุทิศ","เขต: ห้วยขวาง","จำนวนช่องจราจร: 2","ไฟกดข้าม: ไม่มี"],"district":"ห้วยขวาง"},"geometry":{"type":"Point","coordinates":[100.57976,13.77218]}},{"type":"Feature","properties":{"title":"ทางม้าลาย ซอยประชาอุทิศ 24","info":["ถนน: ถนนประชาอุทิศ","เขต: ห้วยขวาง","จำนวนช่องจราจร: 2","ไฟกดข้าม: ไม่มี"],"district":"ห้วยขวาง"},"geometry":{"type":"Point","coordinates":[100.58316,13.77139]}},{"type":"Feature","properties":{"title":"ทางม้าลาย โรงเรียนบางกอกทวิวิทย์","info":["ถนน: ถนนประชาอุทิศ","เขต: ห้วยขวาง","จำนวนช่องจราจร: 4","ไฟกดข้าม: ไม่มี"],"district":"ห้วยขวาง"},"geometry":{"type":"Point","coordinates":[100.58461,13.77084]}},{"type":"Feature","properties":{"title":"ทางม้าลาย แยกเหม่งจ๋าย","info":["ถนน: ถนนประชาอุทิศ","เขต: ห้วยขวาง","จำนวนช่องจราจร: 17","ไฟกดข้าม: ไม่มี"],"district":"ห้วยขวาง"},"geometry":{"type":"Point","coordinates":[100.58621,13.77007]}},{"type":"Feature","properties":{"title":"ทางม้าลาย ซอยประชาอุทิศ 21","info":["ถนน: ถนนประชาอุทิศ","เขต: ห้วยขวาง","จำนวนช่องจราจร: 4","ไฟกดข้าม: ไม่มี"],"district":"ห้วยขวาง"},"geometry":{"type":"Point","coordinates":[100.58897,13.76938]}},{"type":"Feature","properties":{"title":"ทางม้าลาย ธนาคารกรุงเทพ","info":["ถนน: ถนนประชาอุทิศ","เขต: ห้วยขวาง","จำนวนช่องจราจร: 2","ไฟกดข้าม: ไม่มี"],"district":"ห้วยขวาง"},"geometry":{"type":"Point","coordinates":[100.58316,13.77139]}},{"type":"Feature","properties":{"title":"ทางม้าลาย แยกเทียมร่วมมิตร","info":["ถนน: ถนนเทียมร่วมมิตร","เขต: ห้วยขวาง","จำนวนช่องจราจร: 12","ไฟกดข้าม: ไม่มี"],"district":"ห้วยขวาง"},"geometry":{"type":"Point","coordinates":[100.57332,13.76954]}},{"type":"Feature","properties":{"title":"ทางม้าลาย สยามนิรมิตร","info":["ถนน: ถนนเทียมร่วมมิตร","เขต: ห้วยขวาง","จำนวนช่องจราจร: 4","ไฟกดข้าม: ไม่มี"],"district":"ห้วยขวาง"},"geometry":{"type":"Point","coordinates":[100.57658,13.76754]}},{"type":"Feature","properties":{"title":"ทางม้าลาย สถานทูตเกาหลี","info":["ถนน: ถนนเทียมร่วมมิตร","เขต: ห้วยขวาง","จำนวนช่องจราจร: 4","ไฟกดข้าม: ไม่มี"],"district":"ห้วยขวาง"},"geometry":{"type":"Point","coordinates":[100.57822,13.76724]}},{"type":"Feature","properties":{"title":"ทางม้าลาย คอนโดศุภาลัย เทียมร่วมมิตร","info":["ถนน: ถนนเทียมร่วมมิตร","เขต: ห้วยขวาง","จำนวนช่องจราจร: 4","ไฟกดข้าม: ไม่มี"],"district":"ห้วยขวาง"},"geometry":{"type":"Point","coordinates":[100.58173,13.76675]}},{"type":"Feature","properties":{"title":"ทางม้าลาย แยกประชาร่วมมิตร","info":["ถนน: ถนนเทียมร่วมมิตร","เขต: ห้วยขวาง","จำนวนช่องจราจร: 9","ไฟกดข้าม: ไม่มี"],"district":"ห้วยขวาง"},"geometry":{"type":"Point","coordinates":[100.58638,13.76726]}},{"type":"Feature","properties":{"title":"ทางม้าลาย ซอยสันติสุข","info":["ถนน: ถนนสุทธิสารวินิจฉัย","เขต: ห้วยขวาง","จำนวนช่องจราจร: 2","ไฟกดข้าม: ไม่มี"],"district":"ห้วยขวาง"},"geometry":{"type":"Point","coordinates":[100.58163,13.78953]}},{"type":"Feature","properties":{"title":"ทางม้าลาย ซอยสองสกุล","info":["ถนน: ถนนสุทธิสารวินิจฉัย","เขต: ห้วยขวาง","จำนวนช่องจราจร: 2","ไฟกดข้าม: ไม่มี"],"district":"ห้วยขวาง"},"geometry":{"type":"Point","coordinates":[100.58435,13.78949]}},{"type":"Feature","properties":{"title":"ทางม้าลาย แยกอโศกเพชร","info":["ถนน: ถนนอโศกดินแดง","เขต: ห้วยขวาง","จำนวนช่องจราจร: 28","ไฟกดข้าม: ไม่มี"],"district":"ราชเทวี"},"geometry":{"type":"Point","coordinates":[100.56342,13.74906]}},{"type":"Feature","properties":{"title":"ทางม้าลาย ยูโทเปีย","info":["ถนน: ถนนวัฒนธรรม","เขต: ห้วยขวาง","จำนวนช่องจราจร: 4","ไฟกดข้าม: ไม่มี"],"district":"ห้วยขวาง"},"geometry":{"type":"Point","coordinates":[100.57261,13.76085]}},{"type":"Feature","properties":{"title":"ทางม้าลาย ศูนย์วัฒนธรรมแห่งประเทศจีน","info":["ถนน: ถนนวัฒนธรรม","เขต: ห้วยขวาง","จำนวนช่องจราจร: 4","ไฟกดข้าม: ไม่มี"],"district":"ห้วยขวาง"},"geometry":{"type":"Point","coordinates":[100.57269,13.76444]}},{"type":"Feature","properties":{"title":"ทางม้าลาย หน้าองค์การขนส่งมวลชนกรุงเทพ","info":["ถนน: ถนนวัฒนธรรม","เขต: ห้วยขวาง","จำนวนช่องจราจร: 4","ไฟกดข้าม: ไม่มี"],"district":"ห้วยขวาง"},"geometry":{"type":"Point","coordinates":[100.57274,13.76573]}},{"type":"Feature","properties":{"title":"ทางม้าลาย ห้างบางซื่อจังชั่น","info":["ถนน: ถนนกำแพงเพชร 2","เขต: จตุจักร","จำนวนช่องจราจร: 8","ไฟกดข้าม: ไม่มี"],"district":"จตุจักร"},"geometry":{"type":"Point","coordinates":[100.5483,13.79964]}},{"type":"Feature","properties":{"title":"ทางม้าลาย ซอยวิภาวดี 11","info":["ถนน: ถนนกำแพงเพชร 2","เขต: จตุจักร","จำนวนช่องจราจร: 6","ไฟกดข้าม: ไม่มี"],"district":"จตุจักร"},"geometry":{"type":"Point","coordinates":[100.54914,13.82396]}},{"type":"Feature","properties":{"title":"ทางม้าลาย ทางเข้าสถานีศูนย์กลางบางซื่อ","info":["ถนน: ถนนกำแพงเพชร","เขต: จตุจักร","จำนวนช่องจราจร: 7","ไฟกดข้าม: ไม่มี"],"district":"จตุจักร"},"geometry":{"type":"Point","coordinates":[100.54099,13.79784]}},{"type":"Feature","properties":{"title":"ทางม้าลาย ทางเข้าสถานีศูนย์กลางบางซื่อ","info":["ถนน: ถนนกำแพงเพชร","เขต: จตุจักร","จำนวนช่องจราจร: 7","ไฟกดข้าม: ไม่มี"],"district":"จตุจักร"},"geometry":{"type":"Point","coordinates":[100.54141,13.79778]}},{"type":"Feature","properties":{"title":"ทางม้าลาย ตัดถนนกำแพงเพชร 2","info":["ถนน: ถนนกำแพงเพชร","เขต: จตุจักร","จำนวนช่องจราจร: 7","ไฟกดข้าม: ไม่มี"],"district":"จตุจักร"},"geometry":{"type":"Point","coordinates":[100.54833,13.79764]}},{"type":"Feature","properties":{"title":"ทางม้าลาย ตัดถนนกำแพงเพชร 2","info":["ถนน: ถนนกำแพงเพชร","เขต: จตุจักร","จำนวนช่องจราจร: 7","ไฟกดข้าม: ไม่มี"],"district":"จตุจักร"},"geometry":{"type":"Point","coordinates":[100.54862,13.79764]}},{"type":"Feature","properties":{"title":"ทางม้าลาย ถนนกำแพงเพชร","info":["ถนน: ถนนกำแพงเพชร","เขต: จตุจักร","จำนวนช่องจราจร: 4","ไฟกดข้าม: ไม่มี"],"district":"จตุจักร"},"geometry":{"type":"Point","coordinates":[100.5508,13.79774]}},{"type":"Feature","properties":{"title":"ทางม้าลาย ถนนกำแพงเพชร","info":["ถนน: ถนนพหลโยธิน","เขต: จตุจักร","จำนวนช่องจราจร: 3","ไฟกดข้าม: ไม่มี"],"district":"จตุจักร"},"geometry":{"type":"Point","coordinates":[100.55118,13.79766]}},{"type":"Feature","properties":{"title":"ทางม้าลาย ถนนกำแพงเพชร","info":["ถนน: ถนนพหลโยธิน","เขต: จตุจักร","จำนวนช่องจราจร: 6","ไฟกดข้าม: ไม่มี"],"district":"จตุจักร"},"geometry":{"type":"Point","coordinates":[100.55086,13.79764]}},{"type":"Feature","properties":{"title":"ทางม้าลาย หน้ากองปราบปราม","info":["ถนน: ถนนพหลโยธิน","เขต: จตุจักร","จำนวนช่องจราจร: 6","ไฟกดข้าม: ไม่มี"],"district":"จตุจักร"},"geometry":{"type":"Point","coordinates":[100.56384,13.81957]}},{"type":"Feature","properties":{"title":"ทางม้าลาย แยกรัชโยธิน","info":["ถนน: ถนนพหลโยธิน","เขต: จตุจักร","จำนวนช่องจราจร: 6","ไฟกดข้าม: ไม่มี"],"district":"จตุจักร"},"geometry":{"type":"Point","coordinates":[100.56812,13.82679]}},{"type":"Feature","properties":{"title":"ทางม้าลาย แยกรัชโยธิน","info":["ถนน: ถนนพหลโยธิน","เขต: จตุจักร","จำนวนช่องจราจร: 6","ไฟกดข้าม: ไม่มี"],"district":"จตุจักร"},"geometry":{"type":"Point","coordinates":[100.56836,13.82719]}},{"type":"Feature","properties":{"title":"ทางม้าลาย แยกเสนานิคม","info":["ถนน: ถนนพหลโยธิน","เขต: จตุจักร","จำนวนช่องจราจร: 6","ไฟกดข้าม: ไม่มี"],"district":"จตุจักร"},"geometry":{"type":"Point","coordinates":[100.57205,13.83384]}},{"type":"Feature","properties":{"title":"ทางม้าลาย ตลาดบางเขน","info":["ถนน: ถนนพหลโยธิน","เขต: จตุจักร","จำนวนช่องจราจร: 6","ไฟกดข้าม: ไม่มี"],"district":"จตุจักร"},"geometry":{"type":"Point","coordinates":[100.57266,13.83461]}},{"type":"Feature","properties":{"title":"ทางม้าลาย ซอยพหลโยธิน 36","info":["ถนน: ถนนพหลโยธิน","เขต: จตุจักร","จำนวนช่องจราจร: 6","ไฟกดข้าม: ไม่มี"],"district":"จตุจักร"},"geometry":{"type":"Point","coordinates":[100.57527,13.83886]}},{"type":"Feature","properties":{"title":"ทางม้าลาย แยกเกษตร","info":["ถนน: ถนนพหลโยธิน","เขต: จตุจักร","จำนวนช่องจราจร: 6","ไฟกดข้าม: ไม่มี"],"district":"จตุจักร"},"geometry":{"type":"Point","coordinates":[100.57551,13.83931]}},{"type":"Feature","properties":{"title":"ทางม้าลาย หน้าประตูเข้า ม.เกษตร","info":["ถนน: ถนนพหลโยธิน","เขต: จตุจักร","จำนวนช่องจราจร: 6","ไฟกดข้าม: ไม่มี"],"district":"จตุจักร"},"geometry":{"type":"Point","coordinates":[100.57592,13.84053]}},{"type":"Feature","properties":{"title":"ทางม้าลาย ห้าแยกลาดพร้าว","info":["ถนน: ถนนลาดพร้าว(ห้าแยกลาดพร้าวถึงคลองบางซื่อ ซอย 43/1)","เขต: จตุจักร","จำนวนช่องจราจร: 4","ไฟกดข้าม: ไม่มี"],"district":"จตุจักร"},"geometry":{"type":"Point","coordinates":[100.56031,13.8134]}},{"type":"Feature","properties":{"title":"ทางม้าลาย ซอยลาดพร้าว 17","info":["ถนน: ถนนลาดพร้าว(ห้าแยกลาดพร้าวถึงคลองบางซื่อ ซอย 43/1)","เขต: จตุจักร","จำนวนช่องจราจร: 6","ไฟกดข้าม: ไม่มี"],"district":"จตุจักร"},"geometry":{"type":"Point","coordinates":[100.57241,13.80669]}},{"type":"Feature","properties":{"title":"ทางม้าลาย แยกรัชดา-ลาดพร้าว","info":["ถนน: ถนนลาดพร้าว(ห้าแยกลาดพร้าวถึงคลองบางซื่อ ซอย 43/1)","เขต: จตุจักร","จำนวนช่องจราจร: 6","ไฟกดข้าม: ไม่มี"],"district":"จตุจักร"},"geometry":{"type":"Point","coordinates":[100.57539,13.80518]}},{"type":"Feature","properties":{"title":"ทางม้าลาย ซอยรัชดาภิเษก 52","info":["ถนน: ถนนรัชดาภิเษก(เริ่มจากแยกประชานุกูลถึงคลองน้ำแก้ว)","เขต: จตุจักร","จำนวนช่องจราจร: 4","ไฟกดข้าม: ไม่มี"],"district":"จตุจักร"},"geometry":{"type":"Point","coordinates":[100.54763,13.83023]}},{"type":"Feature","properties":{"title":"ทางม้าลาย ปากซอยรัชดาภิเษก 7","info":["ถนน: ถนนรัชดาภิเษก","เขต: ดินแดง","จำนวนช่องจราจร: 2","ไฟกดข้าม: ไม่มี"],"district":"ดินแดง"},"geometry":{"type":"Point","coordinates":[100.57324,13.77262]}},{"type":"Feature","properties":{"title":"ทางม้าลาย ปากซอยรัชดาภิเษก 17","info":["ถนน: ถนนรัชดาภิเษก","เขต: ดินแดง","จำนวนช่องจราจร: 2","ไฟกดข้าม: ไม่มี"],"district":"ดินแดง"},"geometry":{"type":"Point","coordinates":[100.5739,13.78582]}},{"type":"Feature","properties":{"title":"ทางม้าลาย แยกสุทธิสาร","info":["ถนน: ถนนรัชดาภิเษก","เขต: ดินแดง","จำนวนช่องจราจร: 5","ไฟกดข้าม: ไม่มี"],"district":"ดินแดง"},"geometry":{"type":"Point","coordinates":[100.57428,13.79001]}},{"type":"Feature","properties":{"title":"ทางม้าลาย หน้าโรงเรียนปัญจทรัพย์","info":["ถนน: ซอยรัชดาภิเษก 19","เขต: ดินแดง","จำนวนช่องจราจร: 2","ไฟกดข้าม: ไม่มี"],"district":"ดินแดง"},"geometry":{"type":"Point","coordinates":[100.57376,13.79792]}},{"type":"Feature","properties":{"title":"ทางม้าลาย ซอยอินทามระ 22","info":["ถนน: ถนนสุทธิสารวินิจฉัย","เขต: ดินแดง","จำนวนช่องจราจร: 3","ไฟกดข้าม: ไม่มี"],"district":"ดินแดง"},"geometry":{"type":"Point","coordinates":[100.56384,13.78938]}},{"type":"Feature","properties":{"title":"ทางม้าลาย หน้าธนาคารไทยพาณิชย์ (ซอยโรงหนังเก่า)","info":["ถนน: ถนนสุทธิสารวินิจฉัย","เขต: ดินแดง","จำนวนช่องจราจร: 3","ไฟกดข้าม: ไม่มี"],"district":"ดินแดง"},"geometry":{"type":"Point","coordinates":[100.56599,13.78947]}},{"type":"Feature","properties":{"title":"ทางม้าลาย แยกตัดถนนประชาสุข","info":["ถนน: ถนนสุทธิสารวินิจฉัย","เขต: ดินแดง","จำนวนช่องจราจร: 8","ไฟกดข้าม: ไม่มี"],"district":"ดินแดง"},"geometry":{"type":"Point","coordinates":[100.56692,13.78952]}},{"type":"Feature","properties":{"title":"ทางม้าลาย ซอยยิ้มพัฒนา 2","info":["ถนน: ถนนสุทธิสารวินิจฉัย","เขต: ดินแดง","จำนวนช่องจราจร: 2","ไฟกดข้าม: ไม่มี"],"district":"ดินแดง"},"geometry":{"type":"Point","coordinates":[100.57136,13.78972]}},{"type":"Feature","properties":{"title":"ทางม้าลาย ซอยอินทามระ 34","info":["ถนน: ถนนประชาสุข","เขต: ดินแดง","จำนวนช่องจราจร: 8","ไฟกดข้าม: ไม่มี"],"district":"ดินแดง"},"geometry":{"type":"Point","coordinates":[100.56708,13.78595]}},{"type":"Feature","properties":{"title":"ทางม้าลาย ซอยอินทามระ 44","info":["ถนน: ถนนประชาสุข","เขต: ดินแดง","จำนวนช่องจราจร: 2","ไฟกดข้าม: ไม่มี"],"district":"ดินแดง"},"geometry":{"type":"Point","coordinates":[100.5672,13.78201]}},{"type":"Feature","properties":{"title":"ทางม้าลาย ซอยประชาสงเคราะห์ 45","info":["ถนน: ถนนประชาสุข","เขต: ดินแดง","จำนวนช่องจราจร: 2","ไฟกดข้าม: ไม่มี"],"district":"ดินแดง"},"geometry":{"type":"Point","coordinates":[100.56678,13.77857]}},{"type":"Feature","properties":{"title":"ทางม้าลาย ใกล้ซอยประชาสงเคราะห์ 2","info":["ถนน: ถนนประชาสงเคราะห์","เขต: ดินแดง","จำนวนช่องจราจร: 4","ไฟกดข้าม: ไม่มี"],"district":"ดินแดง"},"geometry":{"type":"Point","coordinates":[100.55538,13.76157]}},{"type":"Feature","properties":{"title":"ทางม้าลาย ซอยประชาสงเคราะห์ 1","info":["ถนน: ถนนประชาสงเคราะห์","เขต: ดินแดง","จำนวนช่องจราจร: 4","ไฟกดข้าม: ไม่มี"],"district":"ดินแดง"},"geometry":{"type":"Point","coordinates":[100.55595,13.76303]}},{"type":"Feature","properties":{"title":"ทางม้าลาย ซอยประชาสงเคราะห์ 5","info":["ถนน: ถนนประชาสงเคราะห์","เขต: ดินแดง","จำนวนช่องจราจร: 4","ไฟกดข้าม: ไม่มี"],"district":"ดินแดง"},"geometry":{"type":"Point","coordinates":[100.55641,13.76413]}},{"type":"Feature","properties":{"title":"ทางม้าลาย ซอยประชาสงเคราะห์ 4","info":["ถนน: ถนนประชาสงเคราะห์","เขต: ดินแดง","จำนวนช่องจราจร: 4","ไฟกดข้าม: ไม่มี"],"district":"ดินแดง"},"geometry":{"type":"Point","coordinates":[100.55686,13.76537]}},{"type":"Feature","properties":{"title":"ทางม้าลาย ซอยประชาสงเคราะห์ 13","info":["ถนน: ถนนประชาสงเคราะห์","เขต: ดินแดง","จำนวนช่องจราจร: 4","ไฟกดข้าม: ไม่มี"],"district":"ดินแดง"},"geometry":{"type":"Point","coordinates":[100.55765,13.76729]}},{"type":"Feature","properties":{"title":"ทางม้าลาย หน้าศูนย์สาธารณสุข 4 ดินแดง","info":["ถนน: ถนนประชาสงเคราะห์","เขต: ดินแดง","จำนวนช่องจราจร: 4","ไฟกดข้าม: ไม่มี"],"district":"ดินแดง"},"geometry":{"type":"Point","coordinates":[100.55831,13.7697]}},{"type":"Feature","properties":{"title":"ทางม้าลาย แยกตัดมิตรไมตรี","info":["ถนน: ถนนประชาสงเคราะห์","เขต: ดินแดง","จำนวนช่องจราจร: 13","ไฟกดข้าม: ไม่มี"],"district":"ดินแดง"},"geometry":{"type":"Point","coordinates":[100.55839,13.77009]}},{"type":"Feature","properties":{"title":"ทางม้าลาย ซอยประชาสงเคราะห์ 12","info":["ถนน: ถนนประชาสงเคราะห์","เขต: ดินแดง","จำนวนช่องจราจร: 4","ไฟกดข้าม: ไม่มี"],"district":"ดินแดง"},"geometry":{"type":"Point","coordinates":[100.55967,13.77005]}},{"type":"Feature","properties":{"title":"ทางม้าลาย หน้าโรงเรียนพร้อมพรรณ","info":["ถนน: ถนนประชาสงเคราะห์","เขต: ดินแดง","จำนวนช่องจราจร: 2","ไฟกดข้าม: ไม่มี"],"district":"ดินแดง"},"geometry":{"type":"Point","coordinates":[100.56008,13.77087]}},{"type":"Feature","properties":{"title":"ทางม้าลาย ซอยประชาสงเคราะห์ 16","info":["ถนน: ถนนประชาสงเคราะห์","เขต: ดินแดง","จำนวนช่องจราจร: 2","ไฟกดข้าม: ไม่มี"],"district":"ดินแดง"},"geometry":{"type":"Point","coordinates":[100.56022,13.77216]}},{"type":"Feature","properties":{"title":"ทางม้าลาย ซอยประชาสงเคราะห์ 23","info":["ถนน: ถนนประชาสงเคราะห์","เขต: ดินแดง","จำนวนช่องจราจร: 2","ไฟกดข้าม: ไม่มี"],"district":"ดินแดง"},"geometry":{"type":"Point","coordinates":[100.56045,13.774]}},{"type":"Feature","properties":{"title":"ทางม้าลาย ซอยประชาสงเคราะห์ 24","info":["ถนน: ถนนประชาสงเคราะห์","เขต: ดินแดง","จำนวนช่องจราจร: 2","ไฟกดข้าม: ไม่มี"],"district":"ดินแดง"},"geometry":{"type":"Point","coordinates":[100.56402,13.77553]}},{"type":"Feature","properties":{"title":"ทางม้าลาย ซอยประชาสงเคราะห์ 28","info":["ถนน: ถนนประชาสงเคราะห์","เขต: ดินแดง","จำนวนช่องจราจร: 2","ไฟกดข้าม: ไม่มี"],"district":"ดินแดง"},"geometry":{"type":"Point","coordinates":[100.56644,13.77526]}},{"type":"Feature","properties":{"title":"ทางม้าลาย ซอยประชาสงเคราะห์ 30","info":["ถนน: ถนนประชาสงเคราะห์","เขต: ดินแดง","จำนวนช่องจราจร: 2","ไฟกดข้าม: ไม่มี"],"district":"ดินแดง"},"geometry":{"type":"Point","coordinates":[100.568,13.7755]}},{"type":"Feature","properties":{"title":"ทางม้าลาย ซอยประชาสงเคราะห์ 37","info":["ถนน: ถนนประชาสงเคราะห์","เขต: ดินแดง","จำนวนช่องจราจร: 4","ไฟกดข้าม: ไม่มี"],"district":"ดินแดง"},"geometry":{"type":"Point","coordinates":[100.56793,13.77599]}},{"type":"Feature","properties":{"title":"ทางม้าลาย ซอยประชาสงเคราะห์ 39","info":["ถนน: ถนนประชาสงเคราะห์","เขต: ดินแดง","จำนวนช่องจราจร: 4","ไฟกดข้าม: ไม่มี"],"district":"ดินแดง"},"geometry":{"type":"Point","coordinates":[100.568,13.7774]}},{"type":"Feature","properties":{"title":"ทางม้าลาย ซอยประชาสงเคราะห์ 43","info":["ถนน: ถนนประชาสงเคราะห์","เขต: ดินแดง","จำนวนช่องจราจร: 4","ไฟกดข้าม: ไม่มี"],"district":"ดินแดง"},"geometry":{"type":"Point","coordinates":[100.56807,13.77837]}},{"type":"Feature","properties":{"title":"ทางม้าลาย ซอยประชาสงเคราะห์ 36","info":["ถนน: ถนนประชาสงเคราะห์","เขต: ดินแดง","จำนวนช่องจราจร: 6","ไฟกดข้าม: ไม่มี"],"district":"ดินแดง"},"geometry":{"type":"Point","coordinates":[100.57052,13.77823]}},{"type":"Feature","properties":{"title":"ทางม้าลาย แยกปั๊มน้ำมันหลวง","info":["ถนน: ถนนมิตรไมตรี","เขต: ดินแดง","จำนวนช่องจราจร: 14","ไฟกดข้าม: ไม่มี"],"district":"ดินแดง"},"geometry":{"type":"Point","coordinates":[100.55388,13.77248]}},{"type":"Feature","properties":{"title":"ทางม้าลาย หน้าศาลาว่าการกรุงเทพมหานคร 2 (โยธา)","info":["ถนน: ถนนมิตรไมตรี","เขต: ดินแดง","จำนวนช่องจราจร: 14","ไฟกดข้าม: ไม่มี"],"district":"ดินแดง"},"geometry":{"type":"Point","coordinates":[100.55504,13.77215]}},{"type":"Feature","properties":{"title":"ทางม้าลาย หน้าโรงควบคุมคุณภาพน้ำดินแดง","info":["ถนน: ถนนมิตรไมตรี","เขต: ดินแดง","จำนวนช่องจราจร: 5","ไฟกดข้าม: ไม่มี"],"district":"ดินแดง"},"geometry":{"type":"Point","coordinates":[100.5577,13.77067]}},{"type":"Feature","properties":{"title":"ทางม้าลาย บริเวณสวนป่า หน้าอาคารธานีนพรัต์","info":["ถนน: ถนนมิตรไมตรี","เขต: ดินแดง","จำนวนช่องจราจร: 4","ไฟกดข้าม: ไม่มี"],"district":"ดินแดง"},"geometry":{"type":"Point","coordinates":[100.55334,13.77144]}},{"type":"Feature","properties":{"title":"ทางม้าลาย แยกตัดถนนมิตรไมตรี 2","info":["ถนน: ถนนมิตรไมตรี","เขต: ดินแดง","จำนวนช่องจราจร: 18","ไฟกดข้าม: ไม่มี"],"district":"ดินแดง"},"geometry":{"type":"Point","coordinates":[100.55246,13.76976]}},{"type":"Feature","properties":{"title":"ทางม้าลาย หน้าสำนักการจราจรและขนส่ง","info":["ถนน: ถนนมิตรไมตรี","เขต: ดินแดง","จำนวนช่องจราจร: 4","ไฟกดข้าม: ไม่มี"],"district":"ดินแดง"},"geometry":{"type":"Point","coordinates":[100.55176,13.76836]}},{"type":"Feature","properties":{"title":"ทางม้าลาย สนามกีฬาไทย-ญี่ปุ่น ดินแดง ประตู 2","info":["ถนน: ถนนมิตรไมตรี","เขต: ดินแดง","จำนวนช่องจราจร: 4","ไฟกดข้าม: ไม่มี"],"district":"ดินแดง"},"geometry":{"type":"Point","coordinates":[100.55128,13.76741]}},{"type":"Feature","properties":{"title":"ทางม้าลาย สนามกีฬาไทย-ญี่ปุ่น ดินแดง ประตู 3","info":["ถนน: ถนนมิตรไมตรี","เขต: ดินแดง","จำนวนช่องจราจร: 4","ไฟกดข้าม: ไม่มี"],"district":"ดินแดง"},"geometry":{"type":"Point","coordinates":[100.55081,13.7665]}},{"type":"Feature","properties":{"title":"ทางม้าลาย หน้าบ้านอุ่นใจ","info":["ถนน: ถนนมิตรไมตรี","เขต: ดินแดง","จำนวนช่องจราจร: 4","ไฟกดข้าม: ไม่มี"],"district":"ดินแดง"},"geometry":{"type":"Point","coordinates":[100.54973,13.76447]}},{"type":"Feature","properties":{"title":"ทางม้าลาย หน้าศาลาว่าการกรุงเทพมหานคร 2 (ระบายน้ำ)","info":["ถนน: ถนนมิตรไมตรี 2","เขต: ดินแดง","จำนวนช่องจราจร: 8","ไฟกดข้าม: ไม่มี"],"district":"ดินแดง"},"geometry":{"type":"Point","coordinates":[100.55246,13.76976]}},{"type":"Feature","properties":{"title":"ทางม้าลาย โรงเรียนวิชากร","info":["ถนน: ถนนมิตรไมตรี 3","เขต: ดินแดง","จำนวนช่องจราจร: 2","ไฟกดข้าม: ไม่มี"],"district":"ดินแดง"},"geometry":{"type":"Point","coordinates":[100.55534,13.76815]}},{"type":"Feature","properties":{"title":"ทางม้าลาย โรงเรียนวิชูทิศ","info":["ถนน: ถนนมิตรไมตรี 4","เขต: ดินแดง","จำนวนช่องจราจร: 2","ไฟกดข้าม: ไม่มี"],"district":"ดินแดง"},"geometry":{"type":"Point","coordinates":[100.55765,13.76729]}},{"type":"Feature","properties":{"title":"ทางม้าลาย แฟลต 10","info":["ถนน: ถนนจตุรทิศ","เขต: ดินแดง","จำนวนช่องจราจร: 4","ไฟกดข้าม: ไม่มี"],"district":"ดินแดง"},"geometry":{"type":"Point","coordinates":[100.55454,13.75911]}},{"type":"Feature","properties":{"title":"ทางม้าลาย แฟลต 14","info":["ถนน: ถนนจตุรทิศ","เขต: ดินแดง","จำนวนช่องจราจร: 4","ไฟกดข้าม: ไม่มี"],"district":"ดินแดง"},"geometry":{"type":"Point","coordinates":[100.55411,13.75803]}},{"type":"Feature","properties":{"title":"ทางม้าลาย แฟลต 16","info":["ถนน: ถนนจตุรทิศ","เขต: ดินแดง","จำนวนช่องจราจร: 4","ไฟกดข้าม: ไม่มี"],"district":"ดินแดง"},"geometry":{"type":"Point","coordinates":[100.5538,13.7573]}},{"type":"Feature","properties":{"title":"ทางม้าลาย หน้าโรงเรียนมัธยมประชานิเวศน์","info":["ถนน: ถนนเทศบาลนิมิตรเหนือ","เขต: จตุจักร","จำนวนช่องจราจร: 4","ไฟกดข้าม: ไม่มี"],"district":"จตุจักร"},"geometry":{"type":"Point","coordinates":[100.54861,13.84163]}},{"type":"Feature","properties":{"title":"ทางม้าลาย หน้าโรงเรียนมัธยมประชานิเวศน์","info":["ถนน: ถนนเทศบาลนิมิตรเหนือ","เขต: จตุจักร","จำนวนช่องจราจร: 4","ไฟกดข้าม: ไม่มี"],"district":"จตุจักร"},"geometry":{"type":"Point","coordinates":[100.5484,13.84199]}},{"type":"Feature","properties":{"title":"ทางม้าลาย วิทยาลัยเทคโนโลยีวราธิปบริหารธุรกิจ","info":["ถนน: ถนนเทศบาลนิมิตรเหนือ","เขต: จตุจักร","จำนวนช่องจราจร: 4","ไฟกดข้าม: ไม่มี"],"district":"จตุจักร"},"geometry":{"type":"Point","coordinates":[100.54528,13.84248]}},{"type":"Feature","properties":{"title":"ทางม้าลาย แยกตัดกับถนนเทศบาลรังสรรค์เหนือ","info":["ถนน: ถนนเทศบาลนิมิตรเหนือ","เขต: จตุจักร","จำนวนช่องจราจร: 4","ไฟกดข้าม: ไม่มี"],"district":"จตุจักร"},"geometry":{"type":"Point","coordinates":[100.54235,13.84227]}},{"type":"Feature","properties":{"title":"ทางม้าลาย แยกตัดกับถนนเทศบาลรังสรรค์ใต้","info":["ถนน: ถนนเทศบาลสงค์เคราะห์","เขต: จตุจักร","จำนวนช่องจราจร: 2","ไฟกดข้าม: ไม่มี"],"district":"จตุจักร"},"geometry":{"type":"Point","coordinates":[100.54186,13.83983]}},{"type":"Feature","properties":{"title":"ทางม้าลาย แยกตัดกับถนนเทศบาลรังสฤษดิ์เหนือ","info":["ถนน: ถนนเทศบาลสงค์เคราะห์","เขต: จตุจักร","จำนวนช่องจราจร: 8","ไฟกดข้าม: ไม่มี"],"district":"จตุจักร"},"geometry":{"type":"Point","coordinates":[100.54452,13.84017]}},{"type":"Feature","properties":{"title":"ทางม้าลาย แยกตัดกับถนนเทศบาลนิมิตรเหนือ","info":["ถนน: ถนนเทศบาลสงค์เคราะห์","เขต: จตุจักร","จำนวนช่องจราจร: 8","ไฟกดข้าม: ไม่มี"],"district":"จตุจักร"},"geometry":{"type":"Point","coordinates":[100.54931,13.83993]}},{"type":"Feature","properties":{"title":"ทางม้าลาย ตลาดบองมาร์เช่","info":["ถนน: ถนนเทศบาลสงค์เคราะห์","เขต: จตุจักร","จำนวนช่องจราจร: 6","ไฟกดข้าม: ไม่มี"],"district":"จตุจักร"},"geometry":{"type":"Point","coordinates":[100.55087,13.83973]}},{"type":"Feature","properties":{"title":"ทางม้าลาย วัดเสมียนนารี","info":["ถนน: ถนนเทศบาลสงค์เคราะห์","เขต: จตุจักร","จำนวนช่องจราจร: 4","ไฟกดข้าม: ไม่มี"],"district":"จตุจักร"},"geometry":{"type":"Point","coordinates":[100.55537,13.83906]}},{"type":"Feature","properties":{"title":"ทางม้าลาย แยกตัดกับถนนกำแพงเพชร 6","info":["ถนน: ถนนเทศบาลสงค์เคราะห์","เขต: จตุจักร","จำนวนช่องจราจร: 6","ไฟกดข้าม: ไม่มี"],"district":"จตุจักร"},"geometry":{"type":"Point","coordinates":[100.55585,13.83884]}},{"type":"Feature","properties":{"title":"ทางม้าลาย แยกตัดกับถนนกำแพงเพชร 6 ฝั่งถนนวิภาวดีฯ","info":["ถนน: ถนนเทศบาลสงค์เคราะห์","เขต: จตุจักร","จำนวนช่องจราจร: 6","ไฟกดข้าม: ไม่มี"],"district":"จตุจักร"},"geometry":{"type":"Point","coordinates":[100.55651,13.83863]}},{"type":"Feature","properties":{"title":"ทางม้าลาย ตัดถนนวิภาวดีรังสิต","info":["ถนน: ถนนหอวัง","เขต: จตุจักร","จำนวนช่องจราจร: 2","ไฟกดข้าม: ไม่มี"],"district":"จตุจักร"},"geometry":{"type":"Point","coordinates":[100.5591,13.81903]}},{"type":"Feature","properties":{"title":"ทางม้าลาย หน้าโรงเรียนหอวัง","info":["ถนน: ถนนหอวัง","เขต: จตุจักร","จำนวนช่องจราจร: 4","ไฟกดข้าม: ไม่มี"],"district":"จตุจักร"},"geometry":{"type":"Point","coordinates":[100.56086,13.81819]}},{"type":"Feature","properties":{"title":"ทางม้าลาย ฝั่งห้างเซ็นทรัลลาดพร้าว","info":["ถนน: ถนนหอวัง","เขต: จตุจักร","จำนวนช่องจราจร: 4","ไฟกดข้าม: ไม่มี"],"district":"จตุจักร"},"geometry":{"type":"Point","coordinates":[100.56193,13.81765]}},{"type":"Feature","properties":{"title":"ทางม้าลาย ตัดถนนพหลโยธิน","info":["ถนน: ถนนหอวัง","เขต: จตุจักร","จำนวนช่องจราจร: 4","ไฟกดข้าม: ไม่มี"],"district":"จตุจักร"},"geometry":{"type":"Point","coordinates":[100.5623,13.81746]}},{"type":"Feature","properties":{"title":"ทางม้าลาย ตัดถนนพหลโยธิน","info":["ถนน: ถนนเสนานิคม 1(ซอยพหลโยธิน 32)","เขต: จตุจักร","จำนวนช่องจราจร: 4","ไฟกดข้าม: ไม่มี"],"district":"จตุจักร"},"geometry":{"type":"Point","coordinates":[100.57231,13.83388]}},{"type":"Feature","properties":{"title":"ทางม้าลาย เสนานิคม 1 ซอย 5","info":["ถนน: ถนนเสนานิคม 1(ซอยพหลโยธิน 32)","เขต: จตุจักร","จำนวนช่องจราจร: 4","ไฟกดข้าม: ไม่มี"],"district":"จตุจักร"},"geometry":{"type":"Point","coordinates":[100.57509,13.83376]}},{"type":"Feature","properties":{"title":"ทางม้าลาย เสนานิคม 1 ซอย 12 สามแยก","info":["ถนน: ถนนเสนานิคม 1(ซอยพหลโยธิน 32)","เขต: จตุจักร","จำนวนช่องจราจร: 4","ไฟกดข้าม: ไม่มี"],"district":"จตุจักร"},"geometry":{"type":"Point","coordinates":[100.57892,13.83453]}},{"type":"Feature","properties":{"title":"ทางม้าลาย เสนานิคม 1 ซอย 14","info":["ถนน: ถนนเสนานิคม 1(ซอยพหลโยธิน 32)","เขต: จตุจักร","จำนวนช่องจราจร: 4","ไฟกดข้าม: ไม่มี"],"district":"จตุจักร"},"geometry":{"type":"Point","coordinates":[100.58027,13.83477]}},{"type":"Feature","properties":{"title":"ทางม้าลาย เสนานิคม 1 ซอย 15","info":["ถนน: ถนนเสนานิคม 1(ซอยพหลโยธิน 32)","เขต: จตุจักร","จำนวนช่องจราจร: 4","ไฟกดข้าม: ไม่มี"],"district":"จตุจักร"},"geometry":{"type":"Point","coordinates":[100.58349,13.83412]}},{"type":"Feature","properties":{"title":"ทางม้าลาย เสนานิคม 1 ซอย 26","info":["ถนน: ถนนเสนานิคม 1(ซอยพหลโยธิน 32)","เขต: จตุจักร","จำนวนช่องจราจร: 4","ไฟกดข้าม: ไม่มี"],"district":"จตุจักร"},"geometry":{"type":"Point","coordinates":[100.58562,13.8335]}},{"type":"Feature","properties":{"title":"ทางม้าลาย หจก.อู่เฮงเซอร์วิส","info":["ถนน: ถนนเสนานิคม 1(ซอยพหลโยธิน 32)","เขต: จตุจักร","จำนวนช่องจราจร: 4","ไฟกดข้าม: ไม่มี"],"district":"จตุจักร"},"geometry":{"type":"Point","coordinates":[100.58723,13.83303]}},{"type":"Feature","properties":{"title":"ทางม้าลาย ตัดถนนกำแพงเพชร","info":["ถนน: ถนนกำแพงเพชร 2","เขต: จตุจักร","จำนวนช่องจราจร: 8","ไฟกดข้าม: ไม่มี"],"district":"จตุจักร"},"geometry":{"type":"Point","coordinates":[100.54839,13.79789]}},{"type":"Feature","properties":{"title":"ทางม้าลาย ซอยประชาอุทิศ ๖ (ร.ร.ประชาอุทิศ)","info":["ถนน: ถนนประชาอุทิศ","เขต: ดอนเมือง","จำนวนช่องจราจร: 2","ไฟกดข้าม: ไม่มี"],"district":"ดอนเมือง"},"geometry":{"type":"Point","coordinates":[100.58508,13.92293]}},{"type":"Feature","properties":{"title":"ทางม้าลาย แยกศิริสุข","info":["ถนน: ถนนประชาอุทิศ","เขต: ดอนเมือง","จำนวนช่องจราจร: 8","ไฟกดข้าม: ไม่มี"],"district":"ดอนเมือง"},"geometry":{"type":"Point","coordinates":[100.58385,13.916]}},{"type":"Feature","properties":{"title":"ทางม้าลาย ซอยประชาอุทิศ ๑๑-๑๒","info":["ถนน: ถนนประชาอุทิศ","เขต: ดอนเมือง","จำนวนช่องจราจร: 2","ไฟกดข้าม: ไม่มี"],"district":"ดอนเมือง"},"geometry":{"type":"Point","coordinates":[100.583,13.91424]}},{"type":"Feature","properties":{"title":"ทางม้าลาย ซอยประชาอุทิศ ๑๓","info":["ถนน: ถนนประชาอุทิศ","เขต: ดอนเมือง","จำนวนช่องจราจร: 2","ไฟกดข้าม: ไม่มี"],"district":"ดอนเมือง"},"geometry":{"type":"Point","coordinates":[100.58251,13.91324]}},{"type":"Feature","properties":{"title":"ทางม้าลาย ซอยวัดเวฬุวนาราม ๒","info":["ถนน: ถนนวัดเวฬุวนาราม","เขต: ดอนเมือง","จำนวนช่องจราจร: 2","ไฟกดข้าม: ไม่มี"],"district":"ดอนเมือง"},"geometry":{"type":"Point","coordinates":[100.56825,13.93176]}},{"type":"Feature","properties":{"title":"ทางม้าลาย สวนรมณีย์","info":["ถนน: ถนนวัดเวฬุวนาราม","เขต: ดอนเมือง","จำนวนช่องจราจร: 2","ไฟกดข้าม: ไม่มี"],"district":"ดอนเมือง"},"geometry":{"type":"Point","coordinates":[100.56796,13.9298]}},{"type":"Feature","properties":{"title":"ทางม้าลาย โรงเรียนวัดเวฬุวนาราม","info":["ถนน: ถนนวัดเวฬุวนาราม","เขต: ดอนเมือง","จำนวนช่องจราจร: 2","ไฟกดข้าม: ไม่มี"],"district":"ดอนเมือง"},"geometry":{"type":"Point","coordinates":[100.56675,13.91426]}},{"type":"Feature","properties":{"title":"ทางม้าลาย ซอยช่างอากาศอุทิศ ๕/๑","info":["ถนน: ถนนช่างอากาศอุทิศ","เขต: ดอนเมือง","จำนวนช่องจราจร: 2","ไฟกดข้าม: ไม่มี"],"district":"ดอนเมือง"},"geometry":{"type":"Point","coordinates":[100.59,13.91329]}},{"type":"Feature","properties":{"title":"ทางม้าลาย วัดเวฬุวนาราม","info":["ถนน: ถนนโกสุมรวมใจ","เขต: ดอนเมือง","จำนวนช่องจราจร: 2","ไฟกดข้าม: ไม่มี"],"district":"ดอนเมือง"},"geometry":{"type":"Point","coordinates":[100.56771,13.91376]}},{"type":"Feature","properties":{"title":"ทางม้าลาย ซอยโกสุมร่วมใจ 37","info":["ถนน: ถนนโกสุมรวมใจ","เขต: ดอนเมือง","จำนวนช่องจราจร: 2","ไฟกดข้าม: ไม่มี"],"district":"ดอนเมือง"},"geometry":{"type":"Point","coordinates":[100.57774,13.91087]}},{"type":"Feature","properties":{"title":"ทางม้าลาย ซอยโกสุมร่วมใจ 36","info":["ถนน: ถนนโกสุมรวมใจ","เขต: ดอนเมือง","จำนวนช่องจราจร: 2","ไฟกดข้าม: ไม่มี"],"district":"ดอนเมือง"},"geometry":{"type":"Point","coordinates":[100.57774,13.91087]}},{"type":"Feature","properties":{"title":"ทางม้าลาย ซอยโกสุมร่วมใจ 35","info":["ถนน: ถนนโกสุมรวมใจ","เขต: ดอนเมือง","จำนวนช่องจราจร: 2","ไฟกดข้าม: ไม่มี"],"district":"ดอนเมือง"},"geometry":{"type":"Point","coordinates":[100.57918,13.91064]}},{"type":"Feature","properties":{"title":"ทางม้าลาย ซอยโกสุมร่วมใจ 34","info":["ถนน: ถนนโกสุมรวมใจ","เขต: ดอนเมือง","จำนวนช่องจราจร: 2","ไฟกดข้าม: ไม่มี"],"district":"ดอนเมือง"},"geometry":{"type":"Point","coordinates":[100.57918,13.91064]}},{"type":"Feature","properties":{"title":"ทางม้าลาย สโมสรกรมสรรพาวุธทหารบก","info":["ถนน: ถนนเตชะวณิช","เขต: ดุสิต","จำนวนช่องจราจร: 2","ไฟกดข้าม: ไม่มี"],"district":"ดุสิต"},"geometry":{"type":"Point","coordinates":[100.53215,13.79747]}},{"type":"Feature","properties":{"title":"ทางม้าลาย โรงเรียนราชวินิต","info":["ถนน: ถนนนครราชสีมา","เขต: ดุสิต","จำนวนช่องจราจร: 4","ไฟกดข้าม: ไม่มี"],"district":"ดุสิต"},"geometry":{"type":"Point","coordinates":[100.50889,13.77106]}},{"type":"Feature","properties":{"title":"ทางม้าลาย โรงเรียนอนุบาลลอออุทิศ","info":["ถนน: ถนนนครราชสีมา","เขต: ดุสิต","จำนวนช่องจราจร: 4","ไฟกดข้าม: มี"],"district":"ดุสิต"},"geometry":{"type":"Point","coordinates":[100.51048,13.77435]}},{"type":"Feature","properties":{"title":"ทางม้าลาย สวนดุสิต","info":["ถนน: ถนนนครราชสีมา","เขต: ดุสิต","จำนวนช่องจราจร: 4","ไฟกดข้าม: ไม่มี"],"district":"ดุสิต"},"geometry":{"type":"Point","coordinates":[100.51137,13.77615]}},{"type":"Feature","properties":{"title":"ทางม้าลาย ตลาดเทเวศร์","info":["ถนน: ถนนสามเสน","เขต: ดุสิต","จำนวนช่องจราจร: 4","ไฟกดข้าม: ไม่มี"],"district":"ดุสิต"},"geometry":{"type":"Point","coordinates":[100.50395,13.76994]}},{"type":"Feature","properties":{"title":"ทางม้าลาย ท่าวาสุกรี","info":["ถนน: ถนนสามเสน","เขต: ดุสิต","จำนวนช่องจราจร: 4","ไฟกดข้าม: ไม่มี"],"district":"ดุสิต"},"geometry":{"type":"Point","coordinates":[100.50615,13.77355]}},{"type":"Feature","properties":{"title":"ทางม้าลาย ซอยสามเสน 19","info":["ถนน: ถนนสามเสน","เขต: ดุสิต","จำนวนช่องจราจร: 4","ไฟกดข้าม: มี"],"district":"ดุสิต"},"geometry":{"type":"Point","coordinates":[100.50652,13.77447]}},{"type":"Feature","properties":{"title":"ทางม้าลาย กรมชลประทาน","info":["ถนน: ถนนสามเสน","เขต: ดุสิต","จำนวนช่องจราจร: 4","ไฟกดข้าม: มี"],"district":"ดุสิต"},"geometry":{"type":"Point","coordinates":[100.51274,13.78676]}},{"type":"Feature","properties":{"title":"ทางม้าลาย บริษัท บุญรอด จำกัด","info":["ถนน: ถนนสามเสน","เขต: ดุสิต","จำนวนช่องจราจร: 4","ไฟกดข้าม: ไม่มี"],"district":"ดุสิต"},"geometry":{"type":"Point","coordinates":[100.51604,13.79119]}},{"type":"Feature","properties":{"title":"ทางม้าลาย โรงพยาบาลวชิระ","info":["ถนน: ถนนสามเสน","เขต: ดุสิต","จำนวนช่องจราจร: 4","ไฟกดข้าม: ไม่มี"],"district":"ดุสิต"},"geometry":{"type":"Point","coordinates":[100.50952,13.78074]}},{"type":"Feature","properties":{"title":"ทางม้าลาย โรงเรียนเศรษฐเสถียร","info":["ถนน: ถนนพระรามที่ 5","เขต: ดุสิต","จำนวนช่องจราจร: 4","ไฟกดข้าม: ไม่มี"],"district":"ดุสิต"},"geometry":{"type":"Point","coordinates":[100.52352,13.78165]}},{"type":"Feature","properties":{"title":"ทางม้าลาย ซอยวัดอัมพวัน","info":["ถนน: ถนนพระรามที่ 5","เขต: ดุสิต","จำนวนช่องจราจร: 4","ไฟกดข้าม: ไม่มี"],"district":"ดุสิต"},"geometry":{"type":"Point","coordinates":[100.52196,13.77886]}},{"type":"Feature","properties":{"title":"ทางม้าลาย กรมการทหารสื่อสาร","info":["ถนน: ถนนพระรามที่ 5","เขต: ดุสิต","จำนวนช่องจราจร: 4","ไฟกดข้าม: ไม่มี"],"district":"ดุสิต"},"geometry":{"type":"Point","coordinates":[100.52836,13.79075]}},{"type":"Feature","properties":{"title":"ทางม้าลาย ซอยระนอง 2","info":["ถนน: ถนนพระรามที่ 5","เขต: ดุสิต","จำนวนช่องจราจร: 4","ไฟกดข้าม: ไม่มี"],"district":"ดุสิต"},"geometry":{"type":"Point","coordinates":[100.5269,13.7879]}},{"type":"Feature","properties":{"title":"ทางม้าลาย โรงเรียนเสนาธิการหทารบก","info":["ถนน: ถนนพระรามที่ 5","เขต: ดุสิต","จำนวนช่องจราจร: 4","ไฟกดข้าม: ไม่มี"],"district":"ดุสิต"},"geometry":{"type":"Point","coordinates":[100.52527,13.78484]}},{"type":"Feature","properties":{"title":"ทางม้าลาย แยกสะพานแดง","info":["ถนน: ถนนทหาร","เขต: ดุสิต","จำนวนช่องจราจร: 4","ไฟกดข้าม: ไม่มี"],"district":"ดุสิต"},"geometry":{"type":"Point","coordinates":[100.52984,13.79346]}},{"type":"Feature","properties":{"title":"ทางม้าลาย กรมการทหารสื่อสาร","info":["ถนน: ถนนทหาร","เขต: ดุสิต","จำนวนช่องจราจร: 4","ไฟกดข้าม: ไม่มี"],"district":"ดุสิต"},"geometry":{"type":"Point","coordinates":[100.52851,13.79416]}},{"type":"Feature","properties":{"title":"ทางม้าลาย สามแยกทหาร","info":["ถนน: ถนนทหาร","เขต: ดุสิต","จำนวนช่องจราจร: 4","ไฟกดข้าม: ไม่มี"],"district":"ดุสิต"},"geometry":{"type":"Point","coordinates":[100.52637,13.79522]}},{"type":"Feature","properties":{"title":"ทางม้าลาย ทหารปืนใหญ่ต่อสู้อากาศยาน","info":["ถนน: ถนนทหาร","เขต: ดุสิต","จำนวนช่องจราจร: 4","ไฟกดข้าม: ไม่มี"],"district":"ดุสิต"},"geometry":{"type":"Point","coordinates":[100.52288,13.77672]}},{"type":"Feature","properties":{"title":"ทางม้าลาย แยกรัชโยธิน","info":["ถนน: ถนนรัชดาภิเษก(เริ่มจากแยกประชานุกูลถึงคลองน้ำแก้ว)","เขต: จตุจักร","จำนวนช่องจราจร: 10","ไฟกดข้าม: ไม่มี"],"district":"จตุจักร"},"geometry":{"type":"Point","coordinates":[100.56829,13.8269]}},{"type":"Feature","properties":{"title":"ทางม้าลาย แยกพงษ์เพชร","info":["ถนน: ถนนงามวงศ์วาน(แยกพงษ์เพชรถึงถนนกำแพงเพชร 6)","เขต: จตุจักร","จำนวนช่องจราจร: 8","ไฟกดข้าม: ไม่มี"],"district":""},"geometry":{"type":"Point","coordinates":[100.54489,13.85633]}},{"type":"Feature","properties":{"title":"ทางม้าลาย ตัดแยกถนนกำแพงเพชร 6","info":["ถนน: ถนนงามวงศ์วาน(แยกพงษ์เพชรถึงถนนกำแพงเพชร 6)","เขต: จตุจักร","จำนวนช่องจราจร: 4","ไฟกดข้าม: ไม่มี"],"district":"จตุจักร"},"geometry":{"type":"Point","coordinates":[100.56038,13.84797]}},{"type":"Feature","properties":{"title":"ทางม้าลาย ตัดแยกถนนกำแพงเพชร 2","info":["ถนน: ถนนกำแพงเพชร4(ตัดถนนกำแพงเพชร 2ถึงกำแพงเพชร 3)","เขต: จตุจักร","จำนวนช่องจราจร: 4","ไฟกดข้าม: ไม่มี"],"district":"จตุจักร"},"geometry":{"type":"Point","coordinates":[100.54842,13.80323]}},{"type":"Feature","properties":{"title":"ทางม้าลาย สวนสมเด็จพระนางเจ้าสิริกิติ์","info":["ถนน: ถนนกำแพงเพชร4(ตัดถนนกำแพงเพชร 2ถึงกำแพงเพชร 3)","เขต: จตุจักร","จำนวนช่องจราจร: 4","ไฟกดข้าม: ไม่มี"],"district":"จตุจักร"},"geometry":{"type":"Point","coordinates":[100.5502,13.80306]}},{"type":"Feature","properties":{"title":"ทางม้าลาย มิกซ์ จตุจักร","info":["ถนน: ถนนกำแพงเพชร4(ตัดถนนกำแพงเพชร 2ถึงกำแพงเพชร 3)","เขต: จตุจักร","จำนวนช่องจราจร: 2","ไฟกดข้าม: ไม่มี"],"district":"จตุจักร"},"geometry":{"type":"Point","coordinates":[100.55146,13.80296]}},{"type":"Feature","properties":{"title":"ทางม้าลาย ตัดแยกถนนกำแพงเพชร 3","info":["ถนน: ถนนกำแพงเพชร4(ตัดถนนกำแพงเพชร 2ถึงกำแพงเพชร 3)","เขต: จตุจักร","จำนวนช่องจราจร: 2","ไฟกดข้าม: ไม่มี"],"district":"จตุจักร"},"geometry":{"type":"Point","coordinates":[100.55197,13.80292]}},{"type":"Feature","properties":{"title":"ทางม้าลาย แยกตัดกันถนนกำแพงเพชร 4","info":["ถนน: ถนนกำแพงเพชร3(ตัดถนนพหลโยธิน 2ถึงถนนวิภาวดีรังสิต)","เขต: จตุจักร","จำนวนช่องจราจร: 2","ไฟกดข้าม: ไม่มี"],"district":"จตุจักร"},"geometry":{"type":"Point","coordinates":[100.55205,13.80303]}},{"type":"Feature","properties":{"title":"ทางม้าลาย ใกล้ที่จอดรถสวนจตุจักร","info":["ถนน: ถนนกำแพงเพชร3(ตัดถนนพหลโยธิน 2ถึงถนนวิภาวดีรังสิต)","เขต: จตุจักร","จำนวนช่องจราจร: 2","ไฟกดข้าม: ไม่มี"],"district":"จตุจักร"},"geometry":{"type":"Point","coordinates":[100.55756,13.81322]}},{"type":"Feature","properties":{"title":"ทางม้าลาย ซอยรัชดาภิเษก 32ตัด แยก 1 (4ด้าน)","info":["ถนน: ซอยแยกย่อยต่างๆ","เขต: จตุจักร","จำนวนช่องจราจร: 8","ไฟกดข้าม: ไม่มี"],"district":"จตุจักร"},"geometry":{"type":"Point","coordinates":[100.57809,13.81657]}},{"type":"Feature","properties":{"title":"ทางม้าลาย ซอยรัชดาภิเษก 32 แยก 3ตัดซอยรัชดาภิเษก 32 (4ด้าน)","info":["ถนน: ซอยแยกย่อยต่างๆ","เขต: จตุจักร","จำนวนช่องจราจร: 8","ไฟกดข้าม: ไม่มี"],"district":"จตุจักร"},"geometry":{"type":"Point","coordinates":[100.57967,13.81733]}},{"type":"Feature","properties":{"title":"ทางม้าลาย ซอยรัชดาภิเษก 36 แยก19 ตัด แยก19-1,2 (4ด้าน)","info":["ถนน: ซอยแยกย่อยต่างๆ","เขต: จตุจักร","จำนวนช่องจราจร: 8","ไฟกดข้าม: ไม่มี"],"district":"จตุจักร"},"geometry":{"type":"Point","coordinates":[100.58108,13.81765]}},{"type":"Feature","properties":{"title":"ทางม้าลาย ปากซอยรัชดาภิเษก 32","info":["ถนน: ซอยแยกย่อยต่างๆ","เขต: จตุจักร","จำนวนช่องจราจร: 2","ไฟกดข้าม: ไม่มี"],"district":"จตุจักร"},"geometry":{"type":"Point","coordinates":[100.57563,13.81561]}},{"type":"Feature","properties":{"title":"ทางม้าลาย ซอยพหลโยธิน 18/1(หลังกรมการขนส่งทางบก)","info":["ถนน: ซอยแยกย่อยต่างๆ","เขต: จตุจักร","จำนวนช่องจราจร: 2","ไฟกดข้าม: ไม่มี"],"district":"จตุจักร"},"geometry":{"type":"Point","coordinates":[100.55524,13.79639]}},{"type":"Feature","properties":{"title":"ทางม้าลาย หน้าสำนักงานเขตจตุจักร","info":["ถนน: ซอยแยกย่อยต่างๆ","เขต: จตุจักร","จำนวนช่องจราจร: 2","ไฟกดข้าม: ไม่มี"],"district":"จตุจักร"},"geometry":{"type":"Point","coordinates":[100.55825,13.82847]}},{"type":"Feature","properties":{"title":"ทางม้าลาย ปากซอยพหลโยธิน 18/1","info":["ถนน: ซอยแยกย่อยต่างๆ","เขต: จตุจักร","จำนวนช่องจราจร: 2","ไฟกดข้าม: ไม่มี"],"district":"จตุจักร"},"geometry":{"type":"Point","coordinates":[100.55576,13.80562]}},{"type":"Feature","properties":{"title":"ทางม้าลาย สำนักงานเขตดอนเมือง","info":["ถนน: ถนนเชิดวุฒากาศ","เขต: ดอนเมือง","จำนวนช่องจราจร: 2","ไฟกดข้าม: ไม่มี"],"district":"ดอนเมือง"},"geometry":{"type":"Point","coordinates":[100.59519,13.9104]}},{"type":"Feature","properties":{"title":"ทางม้าลาย หน้าโรงเรียนจารุจินดา","info":["ถนน: ถนนเชิดวุฒากาศ","เขต: ดอนเมือง","จำนวนช่องจราจร: 2","ไฟกดข้าม: ไม่มี"],"district":"ดอนเมือง"},"geometry":{"type":"Point","coordinates":[100.59692,13.91352]}},{"type":"Feature","properties":{"title":"ทางม้าลาย ตลาดใหม่","info":["ถนน: ถนนเชิดวุฒากาศ","เขต: ดอนเมือง","จำนวนช่องจราจร: 2","ไฟกดข้าม: ไม่มี"],"district":"ดอนเมือง"},"geometry":{"type":"Point","coordinates":[100.59756,13.91465]}},{"type":"Feature","properties":{"title":"ทางม้าลาย ซอยเชิดวุฒากาศ ๙/๑","info":["ถนน: ถนนเชิดวุฒากาศ","เขต: ดอนเมือง","จำนวนช่องจราจร: 2","ไฟกดข้าม: ไม่มี"],"district":"ดอนเมือง"},"geometry":{"type":"Point","coordinates":[100.60392,13.92597]}},{"type":"Feature","properties":{"title":"ทางม้าลาย โรงเรียนวัดดอนเมือง","info":["ถนน: ถนนเชิดวุฒากาศ","เขต: ดอนเมือง","จำนวนช่องจราจร: 2","ไฟกดข้าม: ไม่มี"],"district":"ดอนเมือง"},"geometry":{"type":"Point","coordinates":[100.6013,13.92129]}},{"type":"Feature","properties":{"title":"ทางม้าลาย แยกวัดดอนเมือง","info":["ถนน: ถนนเชิดวุฒากาศ","เขต: ดอนเมือง","จำนวนช่องจราจร: 3","ไฟกดข้าม: ไม่มี"],"district":"ดอนเมือง"},"geometry":{"type":"Point","coordinates":[100.60198,13.92251]}},{"type":"Feature","properties":{"title":"ทางม้าลาย หน้าโรงเรียนดอนเมืองทหารอากาศบำรง","info":["ถนน: ถนนเชิดวุฒากาศ","เขต: ดอนเมือง","จำนวนช่องจราจร: 3","ไฟกดข้าม: ไม่มี"],"district":"ดอนเมือง"},"geometry":{"type":"Point","coordinates":[100.60661,13.93068]}},{"type":"Feature","properties":{"title":"ทางม้าลาย แยกถนนเตชะตุงคะ","info":["ถนน: ถนนเชิดวุฒากาศ","เขต: ดอนเมือง","จำนวนช่องจราจร: 3","ไฟกดข้าม: ไม่มี"],"district":"ดอนเมือง"},"geometry":{"type":"Point","coordinates":[100.60795,13.93424]}},{"type":"Feature","properties":{"title":"ทางม้าลาย ซอยเทิดราชัน ๑๓","info":["ถนน: ถนนเทิดราชัน","เขต: ดอนเมือง","จำนวนช่องจราจร: 4","ไฟกดข้าม: ไม่มี"],"district":"ดอนเมือง"},"geometry":{"type":"Point","coordinates":[100.58104,13.94534]}},{"type":"Feature","properties":{"title":"ทางม้าลาย ซอยเทิดราชัน ๒๗","info":["ถนน: ถนนเทิดราชัน","เขต: ดอนเมือง","จำนวนช่องจราจร: 4","ไฟกดข้าม: ไม่มี"],"district":"ดอนเมือง"},"geometry":{"type":"Point","coordinates":[100.58804,13.94373]}},{"type":"Feature","properties":{"title":"ทางม้าลาย ซอยเทิดราชัน ๔๓","info":["ถนน: ถนนเทิดราชัน","เขต: ดอนเมือง","จำนวนช่องจราจร: 4","ไฟกดข้าม: ไม่มี"],"district":"ดอนเมือง"},"geometry":{"type":"Point","coordinates":[100.59519,13.94201]}},{"type":"Feature","properties":{"title":"ทางม้าลาย หน่วยบัญชาการทหารพัฒนา","info":["ถนน: ถนนนาวงประชาพัฒนา","เขต: ดอนเมือง","จำนวนช่องจราจร: 4","ไฟกดข้าม: ไม่มี"],"district":"ดอนเมือง"},"geometry":{"type":"Point","coordinates":[100.56876,13.93859]}},{"type":"Feature","properties":{"title":"ทางม้าลาย กองพันระวังป้องกัน","info":["ถนน: ถนนนาวงประชาพัฒนา","เขต: ดอนเมือง","จำนวนช่องจราจร: 4","ไฟกดข้าม: ไม่มี"],"district":"ดอนเมือง"},"geometry":{"type":"Point","coordinates":[100.57011,13.94216]}},{"type":"Feature","properties":{"title":"ทางม้าลาย แยกเตชะตุงคะ","info":["ถนน: ถนนนาวงประชาพัฒนา","เขต: ดอนเมือง","จำนวนช่องจราจร: 4","ไฟกดข้าม: ไม่มี"],"district":"ดอนเมือง"},"geometry":{"type":"Point","coordinates":[100.57088,13.94443]}},{"type":"Feature","properties":{"title":"ทางม้าลาย แยกเทิดราชัน","info":["ถนน: ถนนนาวงประชาพัฒนา","เขต: ดอนเมือง","จำนวนช่องจราจร: 8","ไฟกดข้าม: ไม่มี"],"district":"ดอนเมือง"},"geometry":{"type":"Point","coordinates":[100.57177,13.94742]}},{"type":"Feature","properties":{"title":"ทางม้าลาย ซอยนาวงประชาพัฒนา ๑๗","info":["ถนน: ถนนนาวงประชาพัฒนา","เขต: ดอนเมือง","จำนวนช่องจราจร: 2","ไฟกดข้าม: ไม่มี"],"district":"ดอนเมือง"},"geometry":{"type":"Point","coordinates":[100.57209,13.9487]}},{"type":"Feature","properties":{"title":"ทางม้าลาย ซอยนาวงประชาพัฒนา ๑๙","info":["ถนน: ถนนนาวงประชาพัฒนา","เขต: ดอนเมือง","จำนวนช่องจราจร: 2","ไฟกดข้าม: ไม่มี"],"district":"ดอนเมือง"},"geometry":{"type":"Point","coordinates":[100.57244,13.94974]}},{"type":"Feature","properties":{"title":"ทางม้าลาย ซอยนาวงประชาพัฒนา 21","info":["ถนน: ถนนนาวงประชาพัฒนา","เขต: ดอนเมือง","จำนวนช่องจราจร: 2","ไฟกดข้าม: ไม่มี"],"district":"ดอนเมือง"},"geometry":{"type":"Point","coordinates":[100.57277,13.95071]}},{"type":"Feature","properties":{"title":"ทางม้าลาย ซอยนาวงประชาพัฒนา 6","info":["ถนน: ถนนนาวงประชาพัฒนา","เขต: ดอนเมือง","จำนวนช่องจราจร: 2","ไฟกดข้าม: ไม่มี"],"district":"ดอนเมือง"},"geometry":{"type":"Point","coordinates":[100.57309,13.95171]}},{"type":"Feature","properties":{"title":"ทางม้าลาย ซอยนาวงประชาพัฒนา 8","info":["ถนน: ถนนนาวงประชาพัฒนา","เขต: ดอนเมือง","จำนวนช่องจราจร: 2","ไฟกดข้าม: ไม่มี"],"district":"ดอนเมือง"},"geometry":{"type":"Point","coordinates":[100.57331,13.95237]}},{"type":"Feature","properties":{"title":"ทางม้าลาย แยกถนนเวฬุวนาราม","info":["ถนน: ถนนสรงประภา","เขต: ดอนเมือง","จำนวนช่องจราจร: 6","ไฟกดข้าม: ไม่มี"],"district":"ดอนเมือง"},"geometry":{"type":"Point","coordinates":[100.56856,13.93256]}},{"type":"Feature","properties":{"title":"ทางม้าลาย กรมการสื่อสารทหาร","info":["ถนน: ถนนสรงประภา","เขต: ดอนเมือง","จำนวนช่องจราจร: 7","ไฟกดข้าม: ไม่มี"],"district":"ดอนเมือง"},"geometry":{"type":"Point","coordinates":[100.57583,13.93044]}},{"type":"Feature","properties":{"title":"ทางม้าลาย โอโซนวัน","info":["ถนน: ถนนสรงประภา","เขต: ดอนเมือง","จำนวนช่องจราจร: 6","ไฟกดข้าม: ไม่มี"],"district":"ดอนเมือง"},"geometry":{"type":"Point","coordinates":[100.57743,13.92978]}},{"type":"Feature","properties":{"title":"ทางม้าลาย ซอยสรงประภา ๓๐","info":["ถนน: ถนนสรงประภา","เขต: ดอนเมือง","จำนวนช่องจราจร: 6","ไฟกดข้าม: ไม่มี"],"district":"ดอนเมือง"},"geometry":{"type":"Point","coordinates":[100.5839,13.92792]}},{"type":"Feature","properties":{"title":"ทางม้าลาย ซอยประชาอุทิศ","info":["ถนน: ถนนสรงประภา","เขต: ดอนเมือง","จำนวนช่องจราจร: 6","ไฟกดข้าม: ไม่มี"],"district":"ดอนเมือง"},"geometry":{"type":"Point","coordinates":[100.58539,13.92735]}},{"type":"Feature","properties":{"title":"ทางม้าลาย หน้าอเวนิว ดอนเมือง","info":["ถนน: ถนนสรงประภา","เขต: ดอนเมือง","จำนวนช่องจราจร: 6","ไฟกดข้าม: ไม่มี"],"district":"ดอนเมือง"},"geometry":{"type":"Point","coordinates":[100.58987,13.92606]}},{"type":"Feature","properties":{"title":"ทางม้าลาย ซอยสรงประภา ๑๐","info":["ถนน: ถนนสรงประภา","เขต: ดอนเมือง","จำนวนช่องจราจร: 6","ไฟกดข้าม: ไม่มี"],"district":"ดอนเมือง"},"geometry":{"type":"Point","coordinates":[100.59241,13.92553]}},{"type":"Feature","properties":{"title":"ทางม้าลาย ซอยสรงประภา ๖","info":["ถนน: ถนนสรงประภา","เขต: ดอนเมือง","จำนวนช่องจราจร: 6","ไฟกดข้าม: ไม่มี"],"district":"ดอนเมือง"},"geometry":{"type":"Point","coordinates":[100.59538,13.92478]}},{"type":"Feature","properties":{"title":"ทางม้าลาย หน้าอาคารคุมประพฤติ","info":["ถนน: ถนนประชาชื่น","เขต: บางซื่อ","จำนวนช่องจราจร: 4","ไฟกดข้าม: ไม่มี"],"district":"บางซื่อ"},"geometry":{"type":"Point","coordinates":[100.53046,13.81493]}},{"type":"Feature","properties":{"title":"ทางม้าลาย ประชาชื่น ซอย 35","info":["ถนน: ถนนประชาชื่น","เขต: บางซื่อ","จำนวนช่องจราจร: 4","ไฟกดข้าม: ไม่มี"],"district":"บางซื่อ"},"geometry":{"type":"Point","coordinates":[100.54084,13.83848]}},{"type":"Feature","properties":{"title":"ทางม้าลาย คอนโดยูดีไลท์ 2","info":["ถนน: ถนนประชาชื่น","เขต: บางซื่อ","จำนวนช่องจราจร: 4","ไฟกดข้าม: มี"],"district":"บางซื่อ"},"geometry":{"type":"Point","coordinates":[100.53631,13.81881]}},{"type":"Feature","properties":{"title":"ทางม้าลาย สี่แยกประชาชื่น","info":["ถนน: ถนนประชาชื่น","เขต: บางซื่อ","จำนวนช่องจราจร: 4","ไฟกดข้าม: ไม่มี"],"district":"บางซื่อ"},"geometry":{"type":"Point","coordinates":[100.53318,13.80571]}},{"type":"Feature","properties":{"title":"ทางม้าลาย ทางเข้าสำนักงานเขตบางซื่อ","info":["ถนน: ถนนประชาชื่น","เขต: บางซื่อ","จำนวนช่องจราจร: 4","ไฟกดข้าม: ไม่มี"],"district":"บางซื่อ"},"geometry":{"type":"Point","coordinates":[100.53414,13.80937]}},{"type":"Feature","properties":{"title":"ทางม้าลาย ระหว่างปากซอยประชาชื่น 13-14","info":["ถนน: ถนนประชาชื่น","เขต: บางซื่อ","จำนวนช่องจราจร: 4","ไฟกดข้าม: ไม่มี"],"district":"บางซื่อ"},"geometry":{"type":"Point","coordinates":[100.53528,13.81468]}},{"type":"Feature","properties":{"title":"ทางม้าลาย ปากซอยประชาชื่น 19 (คอนโดยูดีไลท์)","info":["ถนน: ถนนประชาชื่น","เขต: บางซื่อ","จำนวนช่องจราจร: 4","ไฟกดข้าม: มี"],"district":"บางซื่อ"},"geometry":{"type":"Point","coordinates":[100.53625,13.81882]}},{"type":"Feature","properties":{"title":"ทางม้าลาย หน้าคอนโดเมโทรสกาย","info":["ถนน: ถนนประชาชื่น","เขต: บางซื่อ","จำนวนช่องจราจร: 4","ไฟกดข้าม: ไม่มี"],"district":"บางซื่อ"},"geometry":{"type":"Point","coordinates":[100.53704,13.8222]}},{"type":"Feature","properties":{"title":"ทางม้าลาย ปากซอยประชาชื่น 25 (ตรงข้ามซอยเสริมสุข)","info":["ถนน: ถนนประชาชื่น","เขต: บางซื่อ","จำนวนช่องจราจร: 4","ไฟกดข้าม: ไม่มี"],"district":"บางซื่อ"},"geometry":{"type":"Point","coordinates":[100.53751,13.82415]}},{"type":"Feature","properties":{"title":"ทางม้าลาย ปากซอยประชาชื่น 27(ปั๊ม LPG)","info":["ถนน: ถนนประชาชื่น","เขต: บางซื่อ","จำนวนช่องจราจร: 4","ไฟกดข้าม: มี"],"district":"บางซื่อ"},"geometry":{"type":"Point","coordinates":[100.5378,13.82532]}},{"type":"Feature","properties":{"title":"ทางม้าลาย ปากซอยประชาชื่น 29","info":["ถนน: ถนนประชาชื่น","เขต: บางซื่อ","จำนวนช่องจราจร: 4","ไฟกดข้าม: ไม่มี"],"district":"บางซื่อ"},"geometry":{"type":"Point","coordinates":[100.53816,13.82697]}},{"type":"Feature","properties":{"title":"ทางม้าลาย สี่แยกประชานุกูล","info":["ถนน: ถนนประชาชื่น","เขต: บางซื่อ","จำนวนช่องจราจร: 4","ไฟกดข้าม: ไม่มี"],"district":"บางซื่อ"},"geometry":{"type":"Point","coordinates":[100.53896,13.83035]}},{"type":"Feature","properties":{"title":"ทางม้าลาย ปากซอยประชาชื่น 30 (ชุมชนชวนชื่นใต้ทางด่วน)","info":["ถนน: ถนนประชาชื่น","เขต: บางซื่อ","จำนวนช่องจราจร: 4","ไฟกดข้าม: ไม่มี"],"district":"บางซื่อ"},"geometry":{"type":"Point","coordinates":[100.5389,13.83351]}},{"type":"Feature","properties":{"title":"ทางม้าลาย ระหว่างปากซอยประชาชื่น 32-33(อนุบาลแสงโสม)","info":["ถนน: ถนนประชาชื่น","เขต: บางซื่อ","จำนวนช่องจราจร: 4","ไฟกดข้าม: ไม่มี"],"district":"บางซื่อ"},"geometry":{"type":"Point","coordinates":[100.54031,13.83614]}},{"type":"Feature","properties":{"title":"ทางม้าลาย ปากซอยประชาชื่น 35","info":["ถนน: ถนนประชาชื่น","เขต: บางซื่อ","จำนวนช่องจราจร: 4","ไฟกดข้าม: ไม่มี"],"district":"บางซื่อ"},"geometry":{"type":"Point","coordinates":[100.54088,13.83855]}},{"type":"Feature","properties":{"title":"ทางม้าลาย ปากซอยประชาชื่น 36 (บ.เจษฎ์พัฒนา)","info":["ถนน: ถนนประชาชื่น","เขต: บางซื่อ","จำนวนช่องจราจร: 4","ไฟกดข้าม: ไม่มี"],"district":"บางซื่อ"},"geometry":{"type":"Point","coordinates":[100.54121,13.84]}},{"type":"Feature","properties":{"title":"ทางม้าลาย ปากซอยประชาชื่น 37","info":["ถนน: ถนนประชาชื่น","เขต: บางซื่อ","จำนวนช่องจราจร: 4","ไฟกดข้าม: ไม่มี"],"district":"บางซื่อ"},"geometry":{"type":"Point","coordinates":[100.54146,13.84105]}},{"type":"Feature","properties":{"title":"ทางม้าลาย ปากซอยโรงเรียนเพชรรัตน์","info":["ถนน: ถนนประชาชื่น","เขต: บางซื่อ","จำนวนช่องจราจร: 4","ไฟกดข้าม: มี"],"district":"บางซื่อ"},"geometry":{"type":"Point","coordinates":[100.54331,13.84853]}},{"type":"Feature","properties":{"title":"ทางม้าลาย SCG ประตู 7","info":["ถนน: ถนนเตชะวณิช","เขต: บางซื่อ","จำนวนช่องจราจร: 4","ไฟกดข้าม: ไม่มี"],"district":"บางซื่อ"},"geometry":{"type":"Point","coordinates":[100.5386,13.80324]}},{"type":"Feature","properties":{"title":"ทางม้าลาย หน้าศูนย์สร้างสุข เตชะวนิช","info":["ถนน: ถนนเตชะวณิช","เขต: บางซื่อ","จำนวนช่องจราจร: 4","ไฟกดข้าม: ไม่มี"],"district":"บางซื่อ"},"geometry":{"type":"Point","coordinates":[100.53607,13.8043]}},{"type":"Feature","properties":{"title":"ทางม้าลาย แยกเกียกกาย","info":["ถนน: ถนนทหาร","เขต: ดุสิต","จำนวนช่องจราจร: 4","ไฟกดข้าม: ไม่มี"],"district":"ดุสิต"},"geometry":{"type":"Point","coordinates":[100.52141,13.79712]}},{"type":"Feature","properties":{"title":"ทางม้าลาย กองสวัสดิการทหารบก","info":["ถนน: ถนนเทอดดำริ","เขต: ดุสิต","จำนวนช่องจราจร: 4","ไฟกดข้าม: ไม่มี"],"district":"ดุสิต"},"geometry":{"type":"Point","coordinates":[100.53312,13.78816]}},{"type":"Feature","properties":{"title":"ทางม้าลาย ซอยระนอง 2","info":["ถนน: ถนนเทอดดำริ","เขต: ดุสิต","จำนวนช่องจราจร: 4","ไฟกดข้าม: ไม่มี"],"district":"ดุสิต"},"geometry":{"type":"Point","coordinates":[100.53216,13.78573]}},{"type":"Feature","properties":{"title":"ทางม้าลาย กรมยุทธศึกษาทหารบก","info":["ถนน: ถนนเทอดดำริ","เขต: ดุสิต","จำนวนช่องจราจร: 4","ไฟกดข้าม: ไม่มี"],"district":"ดุสิต"},"geometry":{"type":"Point","coordinates":[100.53129,13.78366]}},{"type":"Feature","properties":{"title":"ทางม้าลาย หน้าร้านสะดวกซื้อ 7-11","info":["ถนน: ถนนเทอดดำริ","เขต: ดุสิต","จำนวนช่องจราจร: 4","ไฟกดข้าม: ไม่มี"],"district":"ดุสิต"},"geometry":{"type":"Point","coordinates":[100.52954,13.7792]}},{"type":"Feature","properties":{"title":"ทางม้าลาย แยกเศรษฐศิริ","info":["ถนน: ถนนเทอดดำริ","เขต: ดุสิต","จำนวนช่องจราจร: 4","ไฟกดข้าม: ไม่มี"],"district":"ดุสิต"},"geometry":{"type":"Point","coordinates":[100.53054,13.78157]}},{"type":"Feature","properties":{"title":"ทางม้าลาย แยกระนอง 1","info":["ถนน: ถนนเทอดดำริ","เขต: ดุสิต","จำนวนช่องจราจร: 4","ไฟกดข้าม: ไม่มี"],"district":"ดุสิต"},"geometry":{"type":"Point","coordinates":[100.53275,13.78719]}},{"type":"Feature","properties":{"title":"ทางม้าลาย แยกยมราช","info":["ถนน: ถนนพิษณุโลก","เขต: ดุสิต","จำนวนช่องจราจร: 6","ไฟกดข้าม: ไม่มี"],"district":"ดุสิต"},"geometry":{"type":"Point","coordinates":[100.5205,13.75725]}},{"type":"Feature","properties":{"title":"ทางม้าลาย แยกนางเลิ้ง","info":["ถนน: ถนนพิษณุโลก","เขต: ดุสิต","จำนวนช่องจราจร: 6","ไฟกดข้าม: ไม่มี"],"district":"ดุสิต"},"geometry":{"type":"Point","coordinates":[100.51539,13.76164]}},{"type":"Feature","properties":{"title":"ทางม้าลาย แยกสะพานชมัยมรุเชฐ","info":["ถนน: ถนนพิษณุโลก","เขต: ดุสิต","จำนวนช่องจราจร: 6","ไฟกดข้าม: ไม่มี"],"district":"ดุสิต"},"geometry":{"type":"Point","coordinates":[100.51348,13.76332]}},{"type":"Feature","properties":{"title":"ทางม้าลาย สถานีรถไฟหลวงจิตรลดา","info":["ถนน: ถนนสวรรคโลก","เขต: ดุสิต","จำนวนช่องจราจร: 5","ไฟกดข้าม: ไม่มี"],"district":"ดุสิต"},"geometry":{"type":"Point","coordinates":[100.52428,13.76628]}},{"type":"Feature","properties":{"title":"ทางม้าลาย แยกเสาวณี","info":["ถนน: ถนนสวรรคโลก","เขต: ดุสิต","จำนวนช่องจราจร: 5","ไฟกดข้าม: ไม่มี"],"district":"ดุสิต"},"geometry":{"type":"Point","coordinates":[100.5229,13.7629]}},{"type":"Feature","properties":{"title":"ทางม้าลาย แยกเศรษฐศิริ","info":["ถนน: ถนนเศรษฐศิริ","เขต: ดุสิต","จำนวนช่องจราจร: 2","ไฟกดข้าม: ไม่มี"],"district":"ดุสิต"},"geometry":{"type":"Point","coordinates":[100.53054,13.78157]}},{"type":"Feature","properties":{"title":"ทางม้าลาย แยกสามเสน","info":["ถนน: ถนนนครไชยศรี","เขต: ดุสิต","จำนวนช่องจราจร: 4","ไฟกดข้าม: ไม่มี"],"district":"ดุสิต"},"geometry":{"type":"Point","coordinates":[100.52836,13.77618]}},{"type":"Feature","properties":{"title":"ทางม้าลาย แยกศรีย่าน","info":["ถนน: ถนนนครไชยศรี","เขต: ดุสิต","จำนวนช่องจราจร: 4","ไฟกดข้าม: ไม่มี"],"district":"ดุสิต"},"geometry":{"type":"Point","coordinates":[100.5118,13.78535]}},{"type":"Feature","properties":{"title":"ทางม้าลาย แยกร่วมจิตต์","info":["ถนน: ถนนนครไชยศรี","เขต: ดุสิต","จำนวนช่องจราจร: 4","ไฟกดข้าม: ไม่มี"],"district":"ดุสิต"},"geometry":{"type":"Point","coordinates":[100.51502,13.78362]}},{"type":"Feature","properties":{"title":"ทางม้าลาย แยกราชวัตร","info":["ถนน: ถนนนครไชยศรี","เขต: ดุสิต","จำนวนช่องจราจร: 4","ไฟกดข้าม: ไม่มี"],"district":"ดุสิต"},"geometry":{"type":"Point","coordinates":[100.52233,13.7795]}},{"type":"Feature","properties":{"title":"ทางม้าลาย โรงเรียนเยาวชนศึกษา","info":["ถนน: ถนนนครไชยศรี","เขต: ดุสิต","จำนวนช่องจราจร: 4","ไฟกดข้าม: ไม่มี"],"district":"ดุสิต"},"geometry":{"type":"Point","coordinates":[100.51611,13.78296]}},{"type":"Feature","properties":{"title":"ทางม้าลาย โรงเรียนสภาวดี","info":["ถนน: ถนนนครไชยศรี","เขต: ดุสิต","จำนวนช่องจราจร: 4","ไฟกดข้าม: ไม่มี"],"district":"ดุสิต"},"geometry":{"type":"Point","coordinates":[100.52612,13.77743]}},{"type":"Feature","properties":{"title":"ทางม้าลาย ซอยร่วมประดิษฐ์","info":["ถนน: ถนนนครไชยศรี","เขต: ดุสิต","จำนวนช่องจราจร: 4","ไฟกดข้าม: ไม่มี"],"district":"ดุสิต"},"geometry":{"type":"Point","coordinates":[100.52413,13.77853]}},{"type":"Feature","properties":{"title":"ทางม้าลาย โรงเรียนกันตะบุตร","info":["ถนน: ถนนอำนวยสงคราม","เขต: ดุสิต","จำนวนช่องจราจร: 4","ไฟกดข้าม: มี"],"district":"ดุสิต"},"geometry":{"type":"Point","coordinates":[100.51643,13.78826]}},{"type":"Feature","properties":{"title":"ทางม้าลาย โรงเรียนนาฏศิลป์สัมพันธ์","info":["ถนน: ถนนอำนวยสงคราม","เขต: ดุสิต","จำนวนช่องจราจร: 4","ไฟกดข้าม: มี"],"district":"ดุสิต"},"geometry":{"type":"Point","coordinates":[100.5212,13.78529]}},{"type":"Feature","properties":{"title":"ทางม้าลาย โรงเรียนราชินีบน","info":["ถนน: ถนนอำนวยสงคราม","เขต: ดุสิต","จำนวนช่องจราจร: 4","ไฟกดข้าม: ไม่มี"],"district":"ดุสิต"},"geometry":{"type":"Point","coordinates":[100.51442,13.78947]}},{"type":"Feature","properties":{"title":"ทางม้าลาย แยกบางกระบือ","info":["ถนน: ถนนอำนวยสงคราม","เขต: ดุสิต","จำนวนช่องจราจร: 4","ไฟกดข้าม: ไม่มี"],"district":"ดุสิต"},"geometry":{"type":"Point","coordinates":[100.51462,13.78938]}},{"type":"Feature","properties":{"title":"ทางม้าลาย แยกร่วมจิตต์","info":["ถนน: ถนนอำนวยสงคราม","เขต: ดุสิต","จำนวนช่องจราจร: 4","ไฟกดข้าม: ไม่มี"],"district":"ดุสิต"},"geometry":{"type":"Point","coordinates":[100.51762,13.78752]}},{"type":"Feature","properties":{"title":"ทางม้าลาย แยกพิชัย","info":["ถนน: ถนนอำนวยสงคราม","เขต: ดุสิต","จำนวนช่องจราจร: 4","ไฟกดข้าม: ไม่มี"],"district":"ดุสิต"},"geometry":{"type":"Point","coordinates":[100.5202,13.78592]}},{"type":"Feature","properties":{"title":"ทางม้าลาย แยกเกษะโกมล","info":["ถนน: ถนนอำนวยสงคราม","เขต: ดุสิต","จำนวนช่องจราจร: 4","ไฟกดข้าม: ไม่มี"],"district":"ดุสิต"},"geometry":{"type":"Point","coordinates":[100.52437,13.78334]}},{"type":"Feature","properties":{"title":"ทางม้าลาย แยกตัดถนนนครราชสีมา","info":["ถนน: ถนนศรีอยุธยา","เขต: ดุสิต","จำนวนช่องจราจร: 6","ไฟกดข้าม: ไม่มี"],"district":"ดุสิต"},"geometry":{"type":"Point","coordinates":[100.50824,13.76964]}},{"type":"Feature","properties":{"title":"ทางม้าลาย แยกสี่เสาเทเวศร์","info":["ถนน: ถนนศรีอยุธยา","เขต: ดุสิต","จำนวนช่องจราจร: 6","ไฟกดข้าม: ไม่มี"],"district":"ดุสิต"},"geometry":{"type":"Point","coordinates":[100.505,13.77113]}},{"type":"Feature","properties":{"title":"ทางม้าลาย แยกวัดเบญฯ","info":["ถนน: ถนนศรีอยุธยา","เขต: ดุสิต","จำนวนช่องจราจร: 6","ไฟกดข้าม: ไม่มี"],"district":"ดุสิต"},"geometry":{"type":"Point","coordinates":[100.51518,13.76655]}},{"type":"Feature","properties":{"title":"ทางม้าลาย กองรักษาการณ์พระราชฐานจิตรลดา","info":["ถนน: ถนนศรีอยุธยา","เขต: ดุสิต","จำนวนช่องจราจร: 6","ไฟกดข้าม: มี"],"district":"ดุสิต"},"geometry":{"type":"Point","coordinates":[100.52124,13.76367]}},{"type":"Feature","properties":{"title":"ทางม้าลาย ร้านปรุงสารพัด สำนักพระราชวัง","info":["ถนน: ถนนศรีอยุธยา","เขต: ดุสิต","จำนวนช่องจราจร: 6","ไฟกดข้าม: ไม่มี"],"district":"ดุสิต"},"geometry":{"type":"Point","coordinates":[100.51363,13.76728]}},{"type":"Feature","properties":{"title":"ทางม้าลาย สหกรณ์ออมทรัพย์ตำรวจนครบาล","info":["ถนน: ถนนศรีอยุธยา","เขต: ดุสิต","จำนวนช่องจราจร: 6","ไฟกดข้าม: ไม่มี"],"district":"ดุสิต"},"geometry":{"type":"Point","coordinates":[100.50977,13.76889]}},{"type":"Feature","properties":{"title":"ทางม้าลาย กองพลที่ 1 รักษาพระองค์","info":["ถนน: ถนนศรีอยุธยา","เขต: ดุสิต","จำนวนช่องจราจร: 6","ไฟกดข้าม: ไม่มี"],"district":"ดุสิต"},"geometry":{"type":"Point","coordinates":[100.5087,13.76938]}},{"type":"Feature","properties":{"title":"ทางม้าลาย แยกอู่ทองนอก","info":["ถนน: ถนนอู่ทองนอก","เขต: ดุสิต","จำนวนช่องจราจร: 4","ไฟกดข้าม: ไม่มี"],"district":"ดุสิต"},"geometry":{"type":"Point","coordinates":[100.50936,13.77206]}},{"type":"Feature","properties":{"title":"ทางม้าลาย แยกตัดถนนสามเสน","info":["ถนน: ถนนอู่ทองนอก","เขต: ดุสิต","จำนวนช่องจราจร: 4","ไฟกดข้าม: ไม่มี"],"district":"ดุสิต"},"geometry":{"type":"Point","coordinates":[100.50622,13.77352]}},{"type":"Feature","properties":{"title":"ทางม้าลาย แยกราชวิถี","info":["ถนน: ถนนราชวิถี","เขต: ดุสิต","จำนวนช่องจราจร: 4","ไฟกดข้าม: ไม่มี"],"district":"ดุสิต"},"geometry":{"type":"Point","coordinates":[100.51911,13.77355]}},{"type":"Feature","properties":{"title":"ทางม้าลาย แยกซังฮี้","info":["ถนน: ถนนราชวิถี","เขต: ดุสิต","จำนวนช่องจราจร: 4","ไฟกดข้าม: ไม่มี"],"district":"ดุสิต"},"geometry":{"type":"Point","coordinates":[100.50847,13.77836]}},{"type":"Feature","properties":{"title":"ทางม้าลาย วิทยาลัยสวนดุสิต","info":["ถนน: ถนนราชวิถี","เขต: ดุสิต","จำนวนช่องจราจร: 4","ไฟกดข้าม: ไม่มี"],"district":"ดุสิต"},"geometry":{"type":"Point","coordinates":[100.51099,13.77718]}},{"type":"Feature","properties":{"title":"ทางม้าลาย แยกการเรือน","info":["ถนน: ถนนราชวิถี","เขต: ดุสิต","จำนวนช่องจราจร: 4","ไฟกดข้าม: ไม่มี"],"district":"ดุสิต"},"geometry":{"type":"Point","coordinates":[100.51174,13.77688]}},{"type":"Feature","properties":{"title":"ทางม้าลาย แยกพิชัย","info":["ถนน: ถนนราชวิถี","เขต: ดุสิต","จำนวนช่องจราจร: 4","ไฟกดข้าม: ไม่มี"],"district":"ดุสิต"},"geometry":{"type":"Point","coordinates":[100.51496,13.77542]}},{"type":"Feature","properties":{"title":"ทางม้าลาย ประตูทางเข้าเขาดิน","info":["ถนน: ถนนราชวิถี","เขต: ดุสิต","จำนวนช่องจราจร: 0","ไฟกดข้าม: ไม่มี"],"district":"ดุสิต"},"geometry":{"type":"Point","coordinates":[100.51747,13.77427]}},{"type":"Feature","properties":{"title":"ทางม้าลาย คณะศิลปกรรม มหาวิทยาลัยสวนสุนันทา","info":["ถนน: ถนนราชวิถี","เขต: ดุสิต","จำนวนช่องจราจร: 4","ไฟกดข้าม: ไม่มี"],"district":"ดุสิต"},"geometry":{"type":"Point","coordinates":[100.50993,13.77769]}},{"type":"Feature","properties":{"title":"ทางม้าลาย แยกเทอดดำริ","info":["ถนน: ถนนประดิพัทธ์","เขต: ดุสิต","จำนวนช่องจราจร: 4","ไฟกดข้าม: ไม่มี"],"district":"ดุสิต"},"geometry":{"type":"Point","coordinates":[100.53489,13.79251]}},{"type":"Feature","properties":{"title":"ทางม้าลาย แยกสะพานแดง","info":["ถนน: ถนนประดิพัทธ์","เขต: ดุสิต","จำนวนช่องจราจร: 4","ไฟกดข้าม: ไม่มี"],"district":"ดุสิต"},"geometry":{"type":"Point","coordinates":[100.52989,13.79343]}},{"type":"Feature","properties":{"title":"ทางม้าลาย กองช่างอากาศ","info":["ถนน: ถนนประดิพัทธ์","เขต: ดุสิต","จำนวนช่องจราจร: 4","ไฟกดข้าม: ไม่มี"],"district":"ดุสิต"},"geometry":{"type":"Point","coordinates":[100.53116,13.79318]}},{"type":"Feature","properties":{"title":"ทางม้าลาย หน้ากรมทหารปืนใหญ่","info":["ถนน: ถนนประดิพัทธ์","เขต: ดุสิต","จำนวนช่องจราจร: 4","ไฟกดข้าม: ไม่มี"],"district":"ดุสิต"},"geometry":{"type":"Point","coordinates":[100.53365,13.79278]}},{"type":"Feature","properties":{"title":"ทางม้าลาย ทางกลับรถ","info":["ถนน: ถนนปูนซิเมนต์","เขต: บางซื่อ","จำนวนช่องจราจร: 4","ไฟกดข้าม: ไม่มี"],"district":"บางซื่อ"},"geometry":{"type":"Point","coordinates":[100.53625,13.80425]}},{"type":"Feature","properties":{"title":"ทางม้าลาย SCG ประตู 2","info":["ถนน: ถนนปูนซิเมนต์","เขต: บางซื่อ","จำนวนช่องจราจร: 4","ไฟกดข้าม: ไม่มี"],"district":"บางซื่อ"},"geometry":{"type":"Point","coordinates":[100.53625,13.80425]}},{"type":"Feature","properties":{"title":"ทางม้าลาย ซอยประชาราษฎร์สาย 1 ซอย 15","info":["ถนน: ถนนประชาราษฎร์สาย 1","เขต: บางซื่อ","จำนวนช่องจราจร: 4","ไฟกดข้าม: ไม่มี"],"district":"บางซื่อ"},"geometry":{"type":"Point","coordinates":[100.52164,13.8072]}},{"type":"Feature","properties":{"title":"ทางม้าลาย แยกบางโพ (ฝั่ง MRT 3A)","info":["ถนน: ถนนประชาราษฎร์สาย 1","เขต: บางซื่อ","จำนวนช่องจราจร: 6","ไฟกดข้าม: ไม่มี"],"district":"บางซื่อ"},"geometry":{"type":"Point","coordinates":[100.52161,13.80625]}},{"type":"Feature","properties":{"title":"ทางม้าลาย ร้านยาบางโพเภสัช","info":["ถนน: ถนนประชาราษฎร์สาย 1","เขต: บางซื่อ","จำนวนช่องจราจร: 4","ไฟกดข้าม: ไม่มี"],"district":"บางซื่อ"},"geometry":{"type":"Point","coordinates":[100.52169,13.80733]}},{"type":"Feature","properties":{"title":"ทางม้าลาย หน้าโรงเรียนโยธินบูรณะ","info":["ถนน: ถนนประชาราษฎร์สาย 1","เขต: บางซื่อ","จำนวนช่องจราจร: 4","ไฟกดข้าม: ไม่มี"],"district":"บางซื่อ"},"geometry":{"type":"Point","coordinates":[100.51988,13.81428]}},{"type":"Feature","properties":{"title":"ทางม้าลาย แยกประชาราษฎร์สาย 1","info":["ถนน: ถนนประชาราษฎร์สาย 1","เขต: บางซื่อ","จำนวนช่องจราจร: 4","ไฟกดข้าม: ไม่มี"],"district":"บางซื่อ"},"geometry":{"type":"Point","coordinates":[100.51641,13.81494]}},{"type":"Feature","properties":{"title":"ทางม้าลาย สามแยกพิบูลสงคราม","info":["ถนน: ถนนประชาราษฎร์สาย 1","เขต: บางซื่อ","จำนวนช่องจราจร: 4","ไฟกดข้าม: ไม่มี"],"district":"บางซื่อ"},"geometry":{"type":"Point","coordinates":[100.51509,13.81803]}},{"type":"Feature","properties":{"title":"ทางม้าลาย กรุงเทพ-นนทบุรี ซอย 4","info":["ถนน: ถนนกรุงเทพ-นนทบุรี","เขต: บางซื่อ","จำนวนช่องจราจร: 4","ไฟกดข้าม: ไม่มี"],"district":"บางซื่อ"},"geometry":{"type":"Point","coordinates":[100.53104,13.80768]}},{"type":"Feature","properties":{"title":"ทางม้าลาย สามแยกเตาปูน","info":["ถนน: ถนนกรุงเทพ-นนทบุรี","เขต: บางซื่อ","จำนวนช่องจราจร: 4","ไฟกดข้าม: ไม่มี"],"district":"บางซื่อ"},"geometry":{"type":"Point","coordinates":[100.53236,13.80598]}},{"type":"Feature","properties":{"title":"ทางม้าลาย ปากซอยกรุงเทพ-นนทบุรี 4","info":["ถนน: ถนนกรุงเทพ-นนทบุรี","เขต: บางซื่อ","จำนวนช่องจราจร: 4","ไฟกดข้าม: ไม่มี"],"district":"บางซื่อ"},"geometry":{"type":"Point","coordinates":[100.53107,13.8077]}},{"type":"Feature","properties":{"title":"ทางม้าลาย หน้าตลาดยิบซี","info":["ถนน: ถนนกรุงเทพ-นนทบุรี","เขต: บางซื่อ","จำนวนช่องจราจร: 4","ไฟกดข้าม: ไม่มี"],"district":"บางซื่อ"},"geometry":{"type":"Point","coordinates":[100.53263,13.82224]}},{"type":"Feature","properties":{"title":"ทางม้าลาย หน้าปากซอยกรุงเทพ-นนทบุรี 37","info":["ถนน: ถนนกรุงเทพ-นนทบุรี","เขต: บางซื่อ","จำนวนช่องจราจร: 4","ไฟกดข้าม: ไม่มี"],"district":"บางซื่อ"},"geometry":{"type":"Point","coordinates":[100.53108,13.826]}},{"type":"Feature","properties":{"title":"ทางม้าลาย แยกวงศ์สว่าง","info":["ถนน: ถนนกรุงเทพ-นนทบุรี","เขต: บางซื่อ","จำนวนช่องจราจร: 4","ไฟกดข้าม: ไม่มี"],"district":"บางซื่อ"},"geometry":{"type":"Point","coordinates":[100.52849,13.8285]}},{"type":"Feature","properties":{"title":"ทางม้าลาย โรงแรมอิสติน","info":["ถนน: ถนนมักกะสัน","เขต: ราชเทวี","จำนวนช่องจราจร: 4","ไฟกดข้าม: ไม่มี"],"district":"ราชเทวี"},"geometry":{"type":"Point","coordinates":[100.54655,13.75375]}},{"type":"Feature","properties":{"title":"ทางม้าลาย โรงพยาบาลบุรฉัตรไชยากร","info":["ถนน: ถนนมักกะสัน","เขต: ราชเทวี","จำนวนช่องจราจร: 4","ไฟกดข้าม: ไม่มี"],"district":"ราชเทวี"},"geometry":{"type":"Point","coordinates":[100.55148,13.75255]}},{"type":"Feature","properties":{"title":"ทางม้าลาย แยกกำแพงเพชร 7","info":["ถนน: ถนนมักกะสัน","เขต: ราชเทวี","จำนวนช่องจราจร: 4","ไฟกดข้าม: ไม่มี"],"district":"ราชเทวี"},"geometry":{"type":"Point","coordinates":[100.55483,13.75164]}},{"type":"Feature","properties":{"title":"ทางม้าลาย แยกมิตรสัมพันธ์","info":["ถนน: ถนนมักกะสัน","เขต: ราชเทวี","จำนวนช่องจราจร: 6","ไฟกดข้าม: ไม่มี"],"district":"ราชเทวี"},"geometry":{"type":"Point","coordinates":[100.55455,13.75013]}},{"type":"Feature","properties":{"title":"ทางม้าลาย แยกพงษ์เพชร","info":["ถนน: ซอยแยกย่อยต่างๆ","เขต: หลักสี่","จำนวนช่องจราจร: 7","ไฟกดข้าม: ไม่มี"],"district":"หลักสี่"},"geometry":{"type":"Point","coordinates":[100.5452,13.85608]}},{"type":"Feature","properties":{"title":"ทางม้าลาย ซอยแจ้งวัฒนะ 5ตัดถนนเฉลิมพระเกียรติจุฬาภรณ์","info":["ถนน: ซอยแยกย่อยต่างๆ","เขต: หลักสี่","จำนวนช่องจราจร: 6","ไฟกดข้าม: ไม่มี"],"district":"หลักสี่"},"geometry":{"type":"Point","coordinates":[100.57195,13.87899]}},{"type":"Feature","properties":{"title":"ทางม้าลาย แยกตัดกับซอยแจ้งวัฒนะ 5","info":["ถนน: ถนนเฉลิมพระเกียรติจุฬาภรณ์","เขต: หลักสี่","จำนวนช่องจราจร: 5","ไฟกดข้าม: ไม่มี"],"district":"หลักสี่"},"geometry":{"type":"Point","coordinates":[100.57177,13.87893]}},{"type":"Feature","properties":{"title":"ทางม้าลาย ใกล้ชุมชนมิตรประชาพัฒนา","info":["ถนน: ถนนเฉลิมพระเกียรติจุฬาภรณ์","เขต: หลักสี่","จำนวนช่องจราจร: 4","ไฟกดข้าม: ไม่มี"],"district":"หลักสี่"},"geometry":{"type":"Point","coordinates":[100.57332,13.87446]}},{"type":"Feature","properties":{"title":"ทางม้าลาย แยกตัดกับถนนกำแพงเพชร 6","info":["ถนน: ถนนเฉลิมพระเกียรติจุฬาภรณ์","เขต: หลักสี่","จำนวนช่องจราจร: 4","ไฟกดข้าม: ไม่มี"],"district":"หลักสี่"},"geometry":{"type":"Point","coordinates":[100.57469,13.87371]}},{"type":"Feature","properties":{"title":"ทางม้าลาย หน้า 7-11","info":["ถนน: ซอยวิภาวดีรังสิต 64","เขต: หลักสี่","จำนวนช่องจราจร: 4","ไฟกดข้าม: ไม่มี"],"district":"หลักสี่"},"geometry":{"type":"Point","coordinates":[100.57728,13.87541]}},{"type":"Feature","properties":{"title":"ทางม้าลาย ใกล้ Market Today","info":["ถนน: ซอยวิภาวดีรังสิต 64","เขต: หลักสี่","จำนวนช่องจราจร: 4","ไฟกดข้าม: ไม่มี"],"district":"หลักสี่"},"geometry":{"type":"Point","coordinates":[100.57795,13.87516]}},{"type":"Feature","properties":{"title":"ทางม้าลาย ปากซอยงามวงศ์วาน 43","info":["ถนน: ม้าลายบริเวณหน้าโรงเรียน","เขต: หลักสี่","จำนวนช่องจราจร: 2","ไฟกดข้าม: ไม่มี"],"district":"หลักสี่"},"geometry":{"type":"Point","coordinates":[100.54874,13.85488]}},{"type":"Feature","properties":{"title":"ทางม้าลาย หน้าโรงเรียนชาลีสมุทร(ซอยงามวงศ์วาน 43)","info":["ถนน: ม้าลายบริเวณหน้าโรงเรียน","เขต: หลักสี่","จำนวนช่องจราจร: 2","ไฟกดข้าม: ไม่มี"],"district":"หลักสี่"},"geometry":{"type":"Point","coordinates":[100.54866,13.85608]}},{"type":"Feature","properties":{"title":"ทางม้าลาย วิทยาลัยนานาชาติจีน(ประชาชื่น 12)","info":["ถนน: ม้าลายบริเวณหน้าโรงเรียน","เขต: หลักสี่","จำนวนช่องจราจร: 2","ไฟกดข้าม: ไม่มี"],"district":"หลักสี่"},"geometry":{"type":"Point","coordinates":[100.55131,13.87207]}},{"type":"Feature","properties":{"title":"ทางม้าลาย โรงเรียนการเคหะท่าทราย","info":["ถนน: ม้าลายบริเวณหน้าโรงเรียน","เขต: หลักสี่","จำนวนช่องจราจร: 2","ไฟกดข้าม: ไม่มี"],"district":"หลักสี่"},"geometry":{"type":"Point","coordinates":[100.55305,13.87314]}},{"type":"Feature","properties":{"title":"ทางม้าลาย โรงเรียนการเคหะท่าทราย","info":["ถนน: ม้าลายบริเวณหน้าโรงเรียน","เขต: หลักสี่","จำนวนช่องจราจร: 2","ไฟกดข้าม: ไม่มี"],"district":"หลักสี่"},"geometry":{"type":"Point","coordinates":[100.55405,13.87272]}},{"type":"Feature","properties":{"title":"ทางม้าลาย โรงเรียนเคหะทุ่งสองห้องวิทยา 2","info":["ถนน: ม้าลายบริเวณหน้าโรงเรียน","เขต: หลักสี่","จำนวนช่องจราจร: 2","ไฟกดข้าม: ไม่มี"],"district":"หลักสี่"},"geometry":{"type":"Point","coordinates":[100.57906,13.90273]}},{"type":"Feature","properties":{"title":"ทางม้าลาย หน้าโรงเรียนอนุบาลดวงจิต","info":["ถนน: ม้าลายบริเวณหน้าโรงเรียน","เขต: หลักสี่","จำนวนช่องจราจร: 2","ไฟกดข้าม: ไม่มี"],"district":"หลักสี่"},"geometry":{"type":"Point","coordinates":[100.58258,13.89252]}},{"type":"Feature","properties":{"title":"ทางม้าลาย โรงเรียนวัดเทวสุนทร(งามวงศ์วาน 59)","info":["ถนน: ม้าลายบริเวณหน้าโรงเรียน","เขต: หลักสี่","จำนวนช่องจราจร: 2","ไฟกดข้าม: ไม่มี"],"district":"จตุจักร"},"geometry":{"type":"Point","coordinates":[100.56253,13.85397]}},{"type":"Feature","properties":{"title":"ทางม้าลาย โรงเรียนราชวินิตบางเขน","info":["ถนน: ม้าลายบริเวณหน้าโรงเรียน","เขต: หลักสี่","จำนวนช่องจราจร: 2","ไฟกดข้าม: ไม่มี"],"district":"หลักสี่"},"geometry":{"type":"Point","coordinates":[100.5542,13.86026]}},{"type":"Feature","properties":{"title":"ทางม้าลาย โรงเรียนเคหะทุ่งสองห้องวิทยา 1","info":["ถนน: ม้าลายบริเวณหน้าโรงเรียน","เขต: หลักสี่","จำนวนช่องจราจร: 2","ไฟกดข้าม: ไม่มี"],"district":"หลักสี่"},"geometry":{"type":"Point","coordinates":[100.58378,13.90031]}},{"type":"Feature","properties":{"title":"ทางม้าลาย แยกทางลงทางด่วน","info":["ถนน: ถนนพระรามที่ 6","เขต: พญาไท","จำนวนช่องจราจร: 6","ไฟกดข้าม: ไม่มี"],"district":"พญาไท"},"geometry":{"type":"Point","coordinates":[100.53515,13.78533]}},{"type":"Feature","properties":{"title":"ทางม้าลาย ทางขึ้นทางด่วน","info":["ถนน: ถนนพระรามที่ 6","เขต: พญาไท","จำนวนช่องจราจร: 6","ไฟกดข้าม: ไม่มี"],"district":"พญาไท"},"geometry":{"type":"Point","coordinates":[100.53304,13.78003]}},{"type":"Feature","properties":{"title":"ทางม้าลาย แยกโรงกรองน้ำ","info":["ถนน: ถนนพระรามที่ 6","เขต: พญาไท","จำนวนช่องจราจร: 6","ไฟกดข้าม: ไม่มี"],"district":"พญาไท"},"geometry":{"type":"Point","coordinates":[100.53107,13.77504]}},{"type":"Feature","properties":{"title":"ทางม้าลาย อาคาร SMทาวเวอร์","info":["ถนน: ถนนพหลโยธิน","เขต: พญาไท","จำนวนช่องจราจร: 6","ไฟกดข้าม: ไม่มี"],"district":"พญาไท"},"geometry":{"type":"Point","coordinates":[100.54151,13.7708]}},{"type":"Feature","properties":{"title":"ทางม้าลาย อาคารสำนักงบประมาณ","info":["ถนน: ถนนพหลโยธิน","เขต: พญาไท","จำนวนช่องจราจร: 6","ไฟกดข้าม: มี"],"district":"พญาไท"},"geometry":{"type":"Point","coordinates":[100.54311,13.77525]}},{"type":"Feature","properties":{"title":"ทางม้าลาย โครงการวินิชเพลส","info":["ถนน: ถนนพหลโยธิน","เขต: พญาไท","จำนวนช่องจราจร: 6","ไฟกดข้าม: ไม่มี"],"district":"พญาไท"},"geometry":{"type":"Point","coordinates":[100.54365,13.77675]}},{"type":"Feature","properties":{"title":"ทางม้าลาย ธนาคารกสิกรไทย","info":["ถนน: ถนนพหลโยธิน","เขต: พญาไท","จำนวนช่องจราจร: 6","ไฟกดข้าม: ไม่มี"],"district":"พญาไท"},"geometry":{"type":"Point","coordinates":[100.54558,13.7821]}},{"type":"Feature","properties":{"title":"ทางม้าลาย ธนาคารออมสิน","info":["ถนน: ถนนพหลโยธิน","เขต: พญาไท","จำนวนช่องจราจร: 6","ไฟกดข้าม: ไม่มี"],"district":"พญาไท"},"geometry":{"type":"Point","coordinates":[100.54768,13.78793]}},{"type":"Feature","properties":{"title":"ทางม้าลาย ห้างบิ๊กซี 1","info":["ถนน: ถนนพหลโยธิน","เขต: พญาไท","จำนวนช่องจราจร: 6","ไฟกดข้าม: ไม่มี"],"district":"พญาไท"},"geometry":{"type":"Point","coordinates":[100.54882,13.79109]}},{"type":"Feature","properties":{"title":"ทางม้าลาย ห้างบิ๊กซี 2","info":["ถนน: ถนนพหลโยธิน","เขต: พญาไท","จำนวนช่องจราจร: 6","ไฟกดข้าม: ไม่มี"],"district":"พญาไท"},"geometry":{"type":"Point","coordinates":[100.54911,13.7919]}},{"type":"Feature","properties":{"title":"ทางม้าลาย ประดิพัทธ์ ซอย 1","info":["ถนน: ถนนประดิพัทธ์","เขต: พญาไท","จำนวนช่องจราจร: 4","ไฟกดข้าม: ไม่มี"],"district":"พญาไท"},"geometry":{"type":"Point","coordinates":[100.53651,13.79221]}},{"type":"Feature","properties":{"title":"ทางม้าลาย หน้าบ้านเลขที่ 784","info":["ถนน: ถนนเตชะวณิช","เขต: บางซื่อ","จำนวนช่องจราจร: 4","ไฟกดข้าม: ไม่มี"],"district":"บางซื่อ"},"geometry":{"type":"Point","coordinates":[100.53551,13.80387]}},{"type":"Feature","properties":{"title":"ทางม้าลาย สถานีรถไฟฟ้าใต้ดินบางซื่อ","info":["ถนน: ถนนเทอดดำริ","เขต: บางซื่อ","จำนวนช่องจราจร: 4","ไฟกดข้าม: ไม่มี"],"district":"บางซื่อ"},"geometry":{"type":"Point","coordinates":[100.5392,13.80276]}},{"type":"Feature","properties":{"title":"ทางม้าลาย หน้าร้านอาหารเบลล่า คาซ่า","info":["ถนน: ถนนเทอดดำริ","เขต: บางซื่อ","จำนวนช่องจราจร: 2","ไฟกดข้าม: ไม่มี"],"district":"บางซื่อ"},"geometry":{"type":"Point","coordinates":[100.53891,13.80196]}},{"type":"Feature","properties":{"title":"ทางม้าลาย หน้าโรงพิมพ์ ส.พิจิตร","info":["ถนน: ถนนเทอดดำริ","เขต: บางซื่อ","จำนวนช่องจราจร: 2","ไฟกดข้าม: ไม่มี"],"district":"บางซื่อ"},"geometry":{"type":"Point","coordinates":[100.53867,13.80137]}},{"type":"Feature","properties":{"title":"ทางม้าลาย แยกประชาชื่น","info":["ถนน: ถนนประชาราษฎร์สาย 2","เขต: บางซื่อ","จำนวนช่องจราจร: 6","ไฟกดข้าม: ไม่มี"],"district":"บางซื่อ"},"geometry":{"type":"Point","coordinates":[100.53338,13.80554]}},{"type":"Feature","properties":{"title":"ทางม้าลาย หน้าธนาคารกรุงเทพ","info":["ถนน: ถนนประชาราษฎร์สาย 2","เขต: บางซื่อ","จำนวนช่องจราจร: 6","ไฟกดข้าม: ไม่มี"],"district":"บางซื่อ"},"geometry":{"type":"Point","coordinates":[100.53246,13.80595]}},{"type":"Feature","properties":{"title":"ทางม้าลาย ปากซอยสนิท","info":["ถนน: ถนนประชาราษฎร์สาย 2","เขต: บางซื่อ","จำนวนช่องจราจร: 4","ไฟกดข้าม: ไม่มี"],"district":"บางซื่อ"},"geometry":{"type":"Point","coordinates":[100.52676,13.80645]}},{"type":"Feature","properties":{"title":"ทางม้าลาย สี่แยกบางโพ","info":["ถนน: ถนนประชาราษฎร์สาย 2","เขต: บางซื่อ","จำนวนช่องจราจร: 4","ไฟกดข้าม: ไม่มี"],"district":"บางซื่อ"},"geometry":{"type":"Point","coordinates":[100.5216,13.80646]}},{"type":"Feature","properties":{"title":"ทางม้าลาย แยกตึกชัย","info":["ถนน: ถนนพระรามที่ 6","เขต: ราชเทวี","จำนวนช่องจราจร: 14","ไฟกดข้าม: ไม่มี"],"district":"ราชเทวี"},"geometry":{"type":"Point","coordinates":[100.52872,13.76903]}},{"type":"Feature","properties":{"title":"ทางม้าลาย แยกศรีอยุธยา","info":["ถนน: ถนนพระรามที่ 6","เขต: ราชเทวี","จำนวนช่องจราจร: 32","ไฟกดข้าม: ไม่มี"],"district":"ราชเทวี"},"geometry":{"type":"Point","coordinates":[100.52572,13.76201]}},{"type":"Feature","properties":{"title":"ทางม้าลาย พระรามที่ 6 ซอย 22","info":["ถนน: ถนนพระรามที่ 6","เขต: ราชเทวี","จำนวนช่องจราจร: 8","ไฟกดข้าม: ไม่มี"],"district":"ราชเทวี"},"geometry":{"type":"Point","coordinates":[100.52386,13.7574]}},{"type":"Feature","properties":{"title":"ทางม้าลาย แยกอุรุพงษ์","info":["ถนน: ถนนพระรามที่ 6","เขต: ราชเทวี","จำนวนช่องจราจร: 5","ไฟกดข้าม: ไม่มี"],"district":"ราชเทวี"},"geometry":{"type":"Point","coordinates":[100.52338,13.75609]}},{"type":"Feature","properties":{"title":"ทางม้าลาย พระรามที่ 6 ซอย 21","info":["ถนน: ถนนพระรามที่ 6","เขต: ราชเทวี","จำนวนช่องจราจร: 4","ไฟกดข้าม: ไม่มี"],"district":"ราชเทวี"},"geometry":{"type":"Point","coordinates":[100.52286,13.75442]}},{"type":"Feature","properties":{"title":"ทางม้าลาย แยกเพชรพระราม","info":["ถนน: ถนนบรรทัดทอง","เขต: ราชเทวี","จำนวนช่องจราจร: 11","ไฟกดข้าม: ไม่มี"],"district":"ราชเทวี"},"geometry":{"type":"Point","coordinates":[100.5268,13.75485]}},{"type":"Feature","properties":{"title":"ทางม้าลาย หน้าบริษัทเบเยอร์","info":["ถนน: ถนนบรรทัดทอง","เขต: ราชเทวี","จำนวนช่องจราจร: 4","ไฟกดข้าม: ไม่มี"],"district":"ราชเทวี"},"geometry":{"type":"Point","coordinates":[100.52639,13.75369]}},{"type":"Feature","properties":{"title":"ทางม้าลาย ซอยพญานาค","info":["ถนน: ถนนบรรทัดทอง","เขต: ราชเทวี","จำนวนช่องจราจร: 4","ไฟกดข้าม: ไม่มี"],"district":"ราชเทวี"},"geometry":{"type":"Point","coordinates":[100.52589,13.75243]}},{"type":"Feature","properties":{"title":"ทางม้าลาย ซอยโรงเรียนกิ่งเพชร","info":["ถนน: ถนนบรรทัดทอง","เขต: ราชเทวี","จำนวนช่องจราจร: 4","ไฟกดข้าม: ไม่มี"],"district":"ราชเทวี"},"geometry":{"type":"Point","coordinates":[100.52561,13.75184]}},{"type":"Feature","properties":{"title":"ทางม้าลาย ชุมชนบ้านครัวเหนือ","info":["ถนน: ถนนบรรทัดทอง","เขต: ราชเทวี","จำนวนช่องจราจร: 4","ไฟกดข้าม: ไม่มี"],"district":"ราชเทวี"},"geometry":{"type":"Point","coordinates":[100.52515,13.75099]}},{"type":"Feature","properties":{"title":"ทางม้าลาย สถาบันโรคไตภูมิราชนครินทร์","info":["ถนน: ถนนพญาไท","เขต: ราชเทวี","จำนวนช่องจราจร: 7","ไฟกดข้าม: ไม่มี"],"district":"ราชเทวี"},"geometry":{"type":"Point","coordinates":[100.53509,13.75931]}},{"type":"Feature","properties":{"title":"ทางม้าลาย แยกราชเทวี","info":["ถนน: ถนนพญาไท","เขต: ราชเทวี","จำนวนช่องจราจร: 25","ไฟกดข้าม: ไม่มี"],"district":"ราชเทวี"},"geometry":{"type":"Point","coordinates":[100.53184,13.7531]}},{"type":"Feature","properties":{"title":"ทางม้าลาย หน้าโรงพยาบาลเด็ก","info":["ถนน: ถนนราชวิถี","เขต: ราชเทวี","จำนวนช่องจราจร: 6","ไฟกดข้าม: ไม่มี"],"district":"ราชเทวี"},"geometry":{"type":"Point","coordinates":[100.53576,13.76612]}},{"type":"Feature","properties":{"title":"ทางม้าลาย หน้าโรงพยาบาลพระมงกุฎ","info":["ถนน: ถนนราชวิถี","เขต: ราชเทวี","จำนวนช่องจราจร: 6","ไฟกดข้าม: ไม่มี"],"district":"ราชเทวี"},"geometry":{"type":"Point","coordinates":[100.53458,13.76665]}},{"type":"Feature","properties":{"title":"ทางม้าลาย ซอยราชวิถี 15","info":["ถนน: ถนนราชวิถี","เขต: ราชเทวี","จำนวนช่องจราจร: 6","ไฟกดข้าม: ไม่มี"],"district":"ราชเทวี"},"geometry":{"type":"Point","coordinates":[100.53359,13.76697]}},{"type":"Feature","properties":{"title":"ทางม้าลาย แยกสามเหลี่ยมดินแดง","info":["ถนน: ถนนราชปรารภ","เขต: ราชเทวี","จำนวนช่องจราจร: 11","ไฟกดข้าม: ไม่มี"],"district":"ราชเทวี"},"geometry":{"type":"Point","coordinates":[100.54266,13.76266]}},{"type":"Feature","properties":{"title":"ทางม้าลาย แยกตัดพญาไท","info":["ถนน: ถนนรางน้ำ","เขต: ราชเทวี","จำนวนช่องจราจร: 4","ไฟกดข้าม: ไม่มี"],"district":"ราชเทวี"},"geometry":{"type":"Point","coordinates":[100.53651,13.76141]}},{"type":"Feature","properties":{"title":"ทางม้าลาย ปากซอยเลิศปัญญา","info":["ถนน: ถนนรางน้ำ","เขต: ราชเทวี","จำนวนช่องจราจร: 4","ไฟกดข้าม: ไม่มี"],"district":"ราชเทวี"},"geometry":{"type":"Point","coordinates":[100.5373,13.76106]}},{"type":"Feature","properties":{"title":"ทางม้าลาย โรงเรียนศรีอยุธยา","info":["ถนน: ถนนรางน้ำ","เขต: ราชเทวี","จำนวนช่องจราจร: 4","ไฟกดข้าม: ไม่มี"],"district":"ราชเทวี"},"geometry":{"type":"Point","coordinates":[100.53997,13.7599]}},{"type":"Feature","properties":{"title":"ทางม้าลาย ใกล้ซอยร่วมจิตร","info":["ถนน: ถนนรางน้ำ","เขต: ราชเทวี","จำนวนช่องจราจร: 4","ไฟกดข้าม: ไม่มี"],"district":"ราชเทวี"},"geometry":{"type":"Point","coordinates":[100.54114,13.75938]}},{"type":"Feature","properties":{"title":"ทางม้าลาย แยกตัดราชปรารภ","info":["ถนน: ถนนรางน้ำ","เขต: ราชเทวี","จำนวนช่องจราจร: 8","ไฟกดข้าม: ไม่มี"],"district":"ราชเทวี"},"geometry":{"type":"Point","coordinates":[100.5424,13.75881]}},{"type":"Feature","properties":{"title":"ทางม้าลาย แยกตัดราชปรารภ","info":["ถนน: ถนนศรีอยุธยา","เขต: ราชเทวี","จำนวนช่องจราจร: 8","ไฟกดข้าม: ไม่มี"],"district":"ราชเทวี"},"geometry":{"type":"Point","coordinates":[100.54233,13.75605]}},{"type":"Feature","properties":{"title":"ทางม้าลาย โรงเรียนสันติราษฎร์","info":["ถนน: ถนนศรีอยุธยา","เขต: ราชเทวี","จำนวนช่องจราจร: 4","ไฟกดข้าม: ไม่มี"],"district":"ราชเทวี"},"geometry":{"type":"Point","coordinates":[100.54253,13.75876]}},{"type":"Feature","properties":{"title":"ทางม้าลาย ใกล้ทางรถไฟ","info":["ถนน: ถนนศรีอยุธยา","เขต: ราชเทวี","จำนวนช่องจราจร: 8","ไฟกดข้าม: ไม่มี"],"district":"ราชเทวี"},"geometry":{"type":"Point","coordinates":[100.52353,13.76274]}},{"type":"Feature","properties":{"title":"ทางม้าลาย แยกยมราช","info":["ถนน: ถนนเพชรบุรี","เขต: ราชเทวี","จำนวนช่องจราจร: 8","ไฟกดข้าม: ไม่มี"],"district":"ราชเทวี"},"geometry":{"type":"Point","coordinates":[100.52093,13.75698]}},{"type":"Feature","properties":{"title":"ทางม้าลาย แยกเพชรพระราม","info":["ถนน: ถนนเพชรบุรี","เขต: ราชเทวี","จำนวนช่องจราจร: 11","ไฟกดข้าม: ไม่มี"],"district":"ราชเทวี"},"geometry":{"type":"Point","coordinates":[100.52673,13.75496]}},{"type":"Feature","properties":{"title":"ทางม้าลาย หน้าห้างแพลตินั่น","info":["ถนน: ถนนเพชรบุรี","เขต: ราชเทวี","จำนวนช่องจราจร: 5","ไฟกดข้าม: ไม่มี"],"district":"ราชเทวี"},"geometry":{"type":"Point","coordinates":[100.54049,13.75028]}},{"type":"Feature","properties":{"title":"ทางม้าลาย จุดกลับรถแยกประตูน้ำ","info":["ถนน: ถนนเพชรบุรี","เขต: ราชเทวี","จำนวนช่องจราจร: 7","ไฟกดข้าม: ไม่มี"],"district":"ราชเทวี"},"geometry":{"type":"Point","coordinates":[100.54052,13.75031]}},{"type":"Feature","properties":{"title":"ทางม้าลาย แยกตัดพญาไท","info":["ถนน: ถนนโยธี","เขต: ราชเทวี","จำนวนช่องจราจร: 2","ไฟกดข้าม: ไม่มี"],"district":"ราชเทวี"},"geometry":{"type":"Point","coordinates":[100.5365,13.76185]}},{"type":"Feature","properties":{"title":"ทางม้าลาย สถาบันพยาธิพิทยา","info":["ถนน: ถนนโยธี","เขต: ราชเทวี","จำนวนช่องจราจร: 2","ไฟกดข้าม: ไม่มี"],"district":"ราชเทวี"},"geometry":{"type":"Point","coordinates":[100.53427,13.76292]}},{"type":"Feature","properties":{"title":"ทางม้าลาย คณะทันตแพทย์ ม.มหิดล","info":["ถนน: ถนนโยธี","เขต: ราชเทวี","จำนวนช่องจราจร: 2","ไฟกดข้าม: ไม่มี"],"district":"ราชเทวี"},"geometry":{"type":"Point","coordinates":[100.53249,13.76374]}},{"type":"Feature","properties":{"title":"ทางม้าลาย แยกตัดราชวิถี 15","info":["ถนน: ถนนโยธี","เขต: ราชเทวี","จำนวนช่องจราจร: 2","ไฟกดข้าม: ไม่มี"],"district":"ราชเทวี"},"geometry":{"type":"Point","coordinates":[100.5321,13.76398]}},{"type":"Feature","properties":{"title":"ทางม้าลาย แยกตัดราชวิถี","info":["ถนน: ถนนโยธี","เขต: ราชเทวี","จำนวนช่องจราจร: 2","ไฟกดข้าม: ไม่มี"],"district":"ราชเทวี"},"geometry":{"type":"Point","coordinates":[100.53364,13.76688]}},{"type":"Feature","properties":{"title":"ทางม้าลาย โรงเรียนสวนมิสกวัน","info":["ถนน: ถนนโยธี","เขต: ราชเทวี","จำนวนช่องจราจร: 2","ไฟกดข้าม: ไม่มี"],"district":"ราชเทวี"},"geometry":{"type":"Point","coordinates":[100.53145,13.76424]}},{"type":"Feature","properties":{"title":"ทางม้าลาย แยกตัดพระราม 6","info":["ถนน: ถนนโยธี","เขต: ราชเทวี","จำนวนช่องจราจร: 2","ไฟกดข้าม: ไม่มี"],"district":"ราชเทวี"},"geometry":{"type":"Point","coordinates":[100.52772,13.76599]}},{"type":"Feature","properties":{"title":"ทางม้าลาย แยกราชปรารภ","info":["ถนน: ถนนมักกะสัน","เขต: ราชเทวี","จำนวนช่องจราจร: 10","ไฟกดข้าม: ไม่มี"],"district":"ราชเทวี"},"geometry":{"type":"Point","coordinates":[100.54236,13.75487]}},{"type":"Feature","properties":{"title":"ทางม้าลาย ซอยราษฎร์อุทิศ 1/2","info":["ถนน: ถนนราษฎร์อุทิศ","เขต: มีนบุรี","จำนวนช่องจราจร: 6","ไฟกดข้าม: ไม่มี"],"district":"มีนบุรี"},"geometry":{"type":"Point","coordinates":[100.75169,13.82065]}},{"type":"Feature","properties":{"title":"ทางม้าลาย ซอยราษฎร์อุทิศ 1/5 และ 2/3","info":["ถนน: ถนนราษฎร์อุทิศ","เขต: มีนบุรี","จำนวนช่องจราจร: 6","ไฟกดข้าม: ไม่มี"],"district":"มีนบุรี"},"geometry":{"type":"Point","coordinates":[100.75319,13.82139]}},{"type":"Feature","properties":{"title":"ทางม้าลาย ซอยราษฎร์อุทิศ 1/7","info":["ถนน: ถนนราษฎร์อุทิศ","เขต: มีนบุรี","จำนวนช่องจราจร: 6","ไฟกดข้าม: ไม่มี"],"district":"มีนบุรี"},"geometry":{"type":"Point","coordinates":[100.75392,13.82176]}},{"type":"Feature","properties":{"title":"ทางม้าลาย ซอยราษฎร์อุทิศ 3/4 และ 10","info":["ถนน: ถนนราษฎร์อุทิศ","เขต: มีนบุรี","จำนวนช่องจราจร: 6","ไฟกดข้าม: ไม่มี"],"district":"มีนบุรี"},"geometry":{"type":"Point","coordinates":[100.75856,13.82415]}},{"type":"Feature","properties":{"title":"ทางม้าลาย ซอยราษฎร์อุทิศ 4/1","info":["ถนน: ถนนราษฎร์อุทิศ","เขต: มีนบุรี","จำนวนช่องจราจร: 6","ไฟกดข้าม: ไม่มี"],"district":"มีนบุรี"},"geometry":{"type":"Point","coordinates":[100.75546,13.82254]}},{"type":"Feature","properties":{"title":"ทางม้าลาย ซอยราษฎร์อุทิศ 5/1 และ 12","info":["ถนน: ถนนราษฎร์อุทิศ","เขต: มีนบุรี","จำนวนช่องจราจร: 6","ไฟกดข้าม: ไม่มี"],"district":"มีนบุรี"},"geometry":{"type":"Point","coordinates":[100.7599,13.82489]}},{"type":"Feature","properties":{"title":"ทางม้าลาย ซอยราษฎร์อุทิศ 7","info":["ถนน: ถนนราษฎร์อุทิศ","เขต: มีนบุรี","จำนวนช่องจราจร: 6","ไฟกดข้าม: ไม่มี"],"district":"มีนบุรี"},"geometry":{"type":"Point","coordinates":[100.76054,13.82523]}},{"type":"Feature","properties":{"title":"ทางม้าลาย ซอยราษฎร์อุทิศ 7/1","info":["ถนน: ถนนราษฎร์อุทิศ","เขต: มีนบุรี","จำนวนช่องจราจร: 6","ไฟกดข้าม: ไม่มี"],"district":"มีนบุรี"},"geometry":{"type":"Point","coordinates":[100.76132,13.82564]}},{"type":"Feature","properties":{"title":"ทางม้าลาย ซอยราษฎร์อุทิศ 9","info":["ถนน: ถนนราษฎร์อุทิศ","เขต: มีนบุรี","จำนวนช่องจราจร: 6","ไฟกดข้าม: ไม่มี"],"district":"มีนบุรี"},"geometry":{"type":"Point","coordinates":[100.76391,13.82701]}},{"type":"Feature","properties":{"title":"ทางม้าลาย ซอยราษฎร์อุทิศ 11/2 และ 18","info":["ถนน: ถนนราษฎร์อุทิศ","เขต: มีนบุรี","จำนวนช่องจราจร: 6","ไฟกดข้าม: ไม่มี"],"district":"มีนบุรี"},"geometry":{"type":"Point","coordinates":[100.76613,13.82819]}},{"type":"Feature","properties":{"title":"ทางม้าลาย ซอยราษฎร์อุทิศ 15 และ 22/1","info":["ถนน: ถนนราษฎร์อุทิศ","เขต: มีนบุรี","จำนวนช่องจราจร: 6","ไฟกดข้าม: ไม่มี"],"district":"มีนบุรี"},"geometry":{"type":"Point","coordinates":[100.76707,13.82869]}},{"type":"Feature","properties":{"title":"ทางม้าลาย ซอยราษฎร์อุทิศ 19/2 และ 26/1","info":["ถนน: ถนนราษฎร์อุทิศ","เขต: มีนบุรี","จำนวนช่องจราจร: 6","ไฟกดข้าม: ไม่มี"],"district":"มีนบุรี"},"geometry":{"type":"Point","coordinates":[100.76983,13.83032]}},{"type":"Feature","properties":{"title":"ทางม้าลาย ซอยราษฎร์อุทิศ 21/1 และ 34","info":["ถนน: ถนนราษฎร์อุทิศ","เขต: มีนบุรี","จำนวนช่องจราจร: 6","ไฟกดข้าม: ไม่มี"],"district":"มีนบุรี"},"geometry":{"type":"Point","coordinates":[100.77097,13.83105]}},{"type":"Feature","properties":{"title":"ทางม้าลาย ซอยราษฎร์อุทิศ 21/4 และ 38/1","info":["ถนน: ถนนราษฎร์อุทิศ","เขต: มีนบุรี","จำนวนช่องจราจร: 6","ไฟกดข้าม: ไม่มี"],"district":"มีนบุรี"},"geometry":{"type":"Point","coordinates":[100.77183,13.83159]}},{"type":"Feature","properties":{"title":"ทางม้าลาย ซอยราษฎร์อุทิศ 23 และ 38/2","info":["ถนน: ถนนราษฎร์อุทิศ","เขต: มีนบุรี","จำนวนช่องจราจร: 6","ไฟกดข้าม: ไม่มี"],"district":"มีนบุรี"},"geometry":{"type":"Point","coordinates":[100.77269,13.83214]}},{"type":"Feature","properties":{"title":"ทางม้าลาย ซอยราษฎร์อุทิศ 25/4 และ 44","info":["ถนน: ถนนราษฎร์อุทิศ","เขต: มีนบุรี","จำนวนช่องจราจร: 6","ไฟกดข้าม: ไม่มี"],"district":"มีนบุรี"},"geometry":{"type":"Point","coordinates":[100.77581,13.83466]}},{"type":"Feature","properties":{"title":"ทางม้าลาย ซอยราษฎร์อุทิศ 44/1","info":["ถนน: ถนนราษฎร์อุทิศ","เขต: มีนบุรี","จำนวนช่องจราจร: 6","ไฟกดข้าม: ไม่มี"],"district":"มีนบุรี"},"geometry":{"type":"Point","coordinates":[100.77771,13.83571]}},{"type":"Feature","properties":{"title":"ทางม้าลาย ซอยราษฎร์อุทิศ 44/2","info":["ถนน: ถนนราษฎร์อุทิศ","เขต: มีนบุรี","จำนวนช่องจราจร: 6","ไฟกดข้าม: ไม่มี"],"district":"มีนบุรี"},"geometry":{"type":"Point","coordinates":[100.77863,13.8362]}},{"type":"Feature","properties":{"title":"ทางม้าลาย ซอยราษฎร์อุทิศ 48","info":["ถนน: ถนนราษฎร์อุทิศ","เขต: มีนบุรี","จำนวนช่องจราจร: 6","ไฟกดข้าม: ไม่มี"],"district":"มีนบุรี"},"geometry":{"type":"Point","coordinates":[100.78298,13.83848]}},{"type":"Feature","properties":{"title":"ทางม้าลาย แยกประดิพัทธ์","info":["ถนน: ถนนประดิพัทธ์","เขต: พญาไท","จำนวนช่องจราจร: 4","ไฟกดข้าม: ไม่มี"],"district":"พญาไท"},"geometry":{"type":"Point","coordinates":[100.53792,13.79189]}},{"type":"Feature","properties":{"title":"ทางม้าลาย สำนักงานเลขาธิการสภาผู้แทนราษฎร","info":["ถนน: ถนนประดิพัทธ์","เขต: พญาไท","จำนวนช่องจราจร: 4","ไฟกดข้าม: ไม่มี"],"district":"พญาไท"},"geometry":{"type":"Point","coordinates":[100.53964,13.79146]}},{"type":"Feature","properties":{"title":"ทางม้าลาย สำนักงานปฏิรูปที่ดินเพื่อการเกษตร","info":["ถนน: ถนนประดิพัทธ์","เขต: พญาไท","จำนวนช่องจราจร: 4","ไฟกดข้าม: ไม่มี"],"district":"พญาไท"},"geometry":{"type":"Point","coordinates":[100.54127,13.79124]}},{"type":"Feature","properties":{"title":"ทางม้าลาย ซอยประดิพัทธ์ 10","info":["ถนน: ถนนประดิพัทธ์","เขต: พญาไท","จำนวนช่องจราจร: 4","ไฟกดข้าม: ไม่มี"],"district":"พญาไท"},"geometry":{"type":"Point","coordinates":[100.54231,13.79098]}},{"type":"Feature","properties":{"title":"ทางม้าลาย อาคารลุมพินีเพลส","info":["ถนน: ถนนประดิพัทธ์","เขต: พญาไท","จำนวนช่องจราจร: 4","ไฟกดข้าม: ไม่มี"],"district":"พญาไท"},"geometry":{"type":"Point","coordinates":[100.54353,13.79065]}},{"type":"Feature","properties":{"title":"ทางม้าลาย คอนโดเดอะไนท์","info":["ถนน: ถนนประดิพัทธ์","เขต: พญาไท","จำนวนช่องจราจร: 4","ไฟกดข้าม: ไม่มี"],"district":"พญาไท"},"geometry":{"type":"Point","coordinates":[100.54594,13.79024]}},{"type":"Feature","properties":{"title":"ทางม้าลาย ซอยเสรีไทย 10","info":["ถนน: ถนนเสรีไทย(แยกนิด้า-คลองชัน)","เขต: บึงกุ่ม","จำนวนช่องจราจร: 6","ไฟกดข้าม: ไม่มี"],"district":"บึงกุ่ม"},"geometry":{"type":"Point","coordinates":[100.66188,13.77679]}},{"type":"Feature","properties":{"title":"ทางม้าลาย ซอยเสรีไทย 23/1","info":["ถนน: ถนนเสรีไทย(แยกนิด้า-คลองชัน)","เขต: บึงกุ่ม","จำนวนช่องจราจร: 6","ไฟกดข้าม: ไม่มี"],"district":"บึงกุ่ม"},"geometry":{"type":"Point","coordinates":[100.66288,13.77747]}},{"type":"Feature","properties":{"title":"ทางม้าลาย ปากซอยเสรีไทย 43","info":["ถนน: ถนนเสรีไทย(แยกนิด้า-คลองชัน)","เขต: บึงกุ่ม","จำนวนช่องจราจร: 6","ไฟกดข้าม: ไม่มี"],"district":"บึงกุ่ม"},"geometry":{"type":"Point","coordinates":[100.67083,13.78186]}},{"type":"Feature","properties":{"title":"ทางม้าลาย ซอยเสรีไทย 28","info":["ถนน: ถนนเสรีไทย(แยกนิด้า-คลองชัน)","เขต: บึงกุ่ม","จำนวนช่องจราจร: 2","ไฟกดข้าม: ไม่มี"],"district":"บึงกุ่ม"},"geometry":{"type":"Point","coordinates":[100.67352,13.78346]}},{"type":"Feature","properties":{"title":"ทางม้าลาย สามแยกเสรีไทย 57","info":["ถนน: ถนนเสรีไทย(แยกนิด้า-คลองชัน)","เขต: บึงกุ่ม","จำนวนช่องจราจร: 6","ไฟกดข้าม: ไม่มี"],"district":"บึงกุ่ม"},"geometry":{"type":"Point","coordinates":[100.67543,13.78576]}},{"type":"Feature","properties":{"title":"ทางม้าลาย สี่แยกตัดถนนรัชดา-รามอินทรา","info":["ถนน: ถนนนวมินทร์(คลองพังพวย-ซอยนวมินทร์ 157)","เขต: บึงกุ่ม","จำนวนช่องจราจร: 12","ไฟกดข้าม: ไม่มี"],"district":"บึงกุ่ม"},"geometry":{"type":"Point","coordinates":[100.65406,13.81882]}},{"type":"Feature","properties":{"title":"ทางม้าลาย สามแยกตัดถนนนวมินทร์","info":["ถนน: ถนนโพธิ์แก้ว(ถนนนวมินทร์-คลองตาหนัง)","เขต: บึงกุ่ม","จำนวนช่องจราจร: 6","ไฟกดข้าม: ไม่มี"],"district":"บึงกุ่ม"},"geometry":{"type":"Point","coordinates":[100.64811,13.80199]}},{"type":"Feature","properties":{"title":"ทางม้าลาย สามแยกปากทางถนนประดิษฐ์มนูธรรม","info":["ถนน: ถนนนวลจันทร์(ถนนประดิษฐ์มนูธรรม-ถนนประเสริฐมนูกิจ)","เขต: บึงกุ่ม","จำนวนช่องจราจร: 4","ไฟกดข้าม: ไม่มี"],"district":"บึงกุ่ม"},"geometry":{"type":"Point","coordinates":[100.63481,13.83973]}},{"type":"Feature","properties":{"title":"ทางม้าลาย สามแยกตัดถนนสุคนธสวัสดิ์","info":["ถนน: ถนนนวลจันทร์(ถนนประดิษฐ์มนูธรรม-ถนนประเสริฐมนูกิจ)","เขต: บึงกุ่ม","จำนวนช่องจราจร: 4","ไฟกดข้าม: ไม่มี"],"district":"บึงกุ่ม"},"geometry":{"type":"Point","coordinates":[100.63531,13.83888]}},{"type":"Feature","properties":{"title":"ทางม้าลาย หน้า Team Tower","info":["ถนน: ถนนนวลจันทร์(ถนนประดิษฐ์มนูธรรม-ถนนประเสริฐมนูกิจ)","เขต: บึงกุ่ม","จำนวนช่องจราจร: 8","ไฟกดข้าม: ไม่มี"],"district":"บึงกุ่ม"},"geometry":{"type":"Point","coordinates":[100.63565,13.83832]}},{"type":"Feature","properties":{"title":"ทางม้าลาย สามแยกตัดซอยรามอินทรา 40","info":["ถนน: ถนนนวลจันทร์(ถนนประดิษฐ์มนูธรรม-ถนนประเสริฐมนูกิจ)","เขต: บึงกุ่ม","จำนวนช่องจราจร: 4","ไฟกดข้าม: ไม่มี"],"district":"บึงกุ่ม"},"geometry":{"type":"Point","coordinates":[100.6361,13.83764]}},{"type":"Feature","properties":{"title":"ทางม้าลาย ซอยนวลจันทร์ 56","info":["ถนน: ถนนนวลจันทร์(ถนนประดิษฐ์มนูธรรม-ถนนประเสริฐมนูกิจ)","เขต: บึงกุ่ม","จำนวนช่องจราจร: 12","ไฟกดข้าม: ไม่มี"],"district":"บึงกุ่ม"},"geometry":{"type":"Point","coordinates":[100.63765,13.83241]}},{"type":"Feature","properties":{"title":"ทางม้าลาย ซอยนวลจันทร์ 36","info":["ถนน: ถนนนวลจันทร์(ถนนประดิษฐ์มนูธรรม-ถนนประเสริฐมนูกิจ)","เขต: บึงกุ่ม","จำนวนช่องจราจร: 4","ไฟกดข้าม: ไม่มี"],"district":"บึงกุ่ม"},"geometry":{"type":"Point","coordinates":[100.64029,13.82699]}},{"type":"Feature","properties":{"title":"ทางม้าลาย ซอยนวลจันทร์ 24","info":["ถนน: ถนนนวลจันทร์(ถนนประดิษฐ์มนูธรรม-ถนนประเสริฐมนูกิจ)","เขต: บึงกุ่ม","จำนวนช่องจราจร: 4","ไฟกดข้าม: ไม่มี"],"district":"บึงกุ่ม"},"geometry":{"type":"Point","coordinates":[100.64311,13.82161]}},{"type":"Feature","properties":{"title":"ทางม้าลาย สามแยกตัดถนนคลองลำเจียก","info":["ถนน: ถนนนวลจันทร์(ถนนประดิษฐ์มนูธรรม-ถนนประเสริฐมนูกิจ)","เขต: บึงกุ่ม","จำนวนช่องจราจร: 4","ไฟกดข้าม: ไม่มี"],"district":"บึงกุ่ม"},"geometry":{"type":"Point","coordinates":[100.64417,13.81957]}},{"type":"Feature","properties":{"title":"ทางม้าลาย ซอยนวลจันทร์ 1","info":["ถนน: ถนนนวลจันทร์(ถนนประดิษฐ์มนูธรรม-ถนนประเสริฐมนูกิจ)","เขต: บึงกุ่ม","จำนวนช่องจราจร: 12","ไฟกดข้าม: ไม่มี"],"district":"บึงกุ่ม"},"geometry":{"type":"Point","coordinates":[100.64696,13.8135]}},{"type":"Feature","properties":{"title":"ทางม้าลาย สามแยกตัดถนนนวลจันทร์","info":["ถนน: ถนนนวลจันทร์(ถนนประดิษฐ์มนูธรรม-ถนนประเสริฐมนูกิจ)","เขต: บึงกุ่ม","จำนวนช่องจราจร: 4","ไฟกดข้าม: ไม่มี"],"district":"บึงกุ่ม"},"geometry":{"type":"Point","coordinates":[100.63531,13.83874]}},{"type":"Feature","properties":{"title":"ทางม้าลาย สามแยกปากทางถนนประดิษฐ์มนูธรรม","info":["ถนน: ถนนนวลจันทร์(ถนนประดิษฐ์มนูธรรม-ถนนประเสริฐมนูกิจ)","เขต: บึงกุ่ม","จำนวนช่องจราจร: 8","ไฟกดข้าม: ไม่มี"],"district":"ลาดพร้าว"},"geometry":{"type":"Point","coordinates":[100.63205,13.8363]}},{"type":"Feature","properties":{"title":"ทางม้าลาย สามแยกตัดถนนนวลจันทร์","info":["ถนน: ถนนคลองลำเจียก(ถนนนวลจันทร์-ถนนประดิษฐ์มนูธรรม)","เขต: บึงกุ่ม","จำนวนช่องจราจร: 4","ไฟกดข้าม: ไม่มี"],"district":"บึงกุ่ม"},"geometry":{"type":"Point","coordinates":[100.64403,13.81956]}},{"type":"Feature","properties":{"title":"ทางม้าลาย ซอยคลองลำเจียก 1","info":["ถนน: ถนนคลองลำเจียก(ถนนนวลจันทร์-ถนนประดิษฐ์มนูธรรม)","เขต: บึงกุ่ม","จำนวนช่องจราจร: 4","ไฟกดข้าม: ไม่มี"],"district":"บึงกุ่ม"},"geometry":{"type":"Point","coordinates":[100.64237,13.81956]}},{"type":"Feature","properties":{"title":"ทางม้าลาย ซอยคลองลำเจียก 7","info":["ถนน: ถนนคลองลำเจียก(ถนนนวลจันทร์-ถนนประดิษฐ์มนูธรรม)","เขต: บึงกุ่ม","จำนวนช่องจราจร: 4","ไฟกดข้าม: ไม่มี"],"district":"บึงกุ่ม"},"geometry":{"type":"Point","coordinates":[100.64087,13.81994]}},{"type":"Feature","properties":{"title":"ทางม้าลาย ซอยคลองลำเจียก 15","info":["ถนน: ถนนคลองลำเจียก(ถนนนวลจันทร์-ถนนประดิษฐ์มนูธรรม)","เขต: บึงกุ่ม","จำนวนช่องจราจร: 4","ไฟกดข้าม: ไม่มี"],"district":"บึงกุ่ม"},"geometry":{"type":"Point","coordinates":[100.63829,13.82013]}},{"type":"Feature","properties":{"title":"ทางม้าลาย ซอยคลองลำเจียก 39","info":["ถนน: ถนนคลองลำเจียก(ถนนนวลจันทร์-ถนนประดิษฐ์มนูธรรม)","เขต: บึงกุ่ม","จำนวนช่องจราจร: 4","ไฟกดข้าม: ไม่มี"],"district":"บึงกุ่ม"},"geometry":{"type":"Point","coordinates":[100.62879,13.82121]}},{"type":"Feature","properties":{"title":"ทางม้าลาย หน้า โรงเรียนสายอักษร","info":["ถนน: ถนนรามอินทรา 40(ถนนรามอินทรา-ถนนวลจันทร์)","เขต: บึงกุ่ม","จำนวนช่องจราจร: 4","ไฟกดข้าม: ไม่มี"],"district":"บึงกุ่ม"},"geometry":{"type":"Point","coordinates":[100.64781,13.84509]}},{"type":"Feature","properties":{"title":"ทางม้าลาย รามอินทรา 40 แยก 33","info":["ถนน: ถนนรามอินทรา 40(ถนนรามอินทรา-ถนนวลจันทร์)","เขต: บึงกุ่ม","จำนวนช่องจราจร: 4","ไฟกดข้าม: ไม่มี"],"district":"บึงกุ่ม"},"geometry":{"type":"Point","coordinates":[100.64158,13.84169]}},{"type":"Feature","properties":{"title":"ทางม้าลาย หน้า โรงเรียนวัดนวลจันทร์","info":["ถนน: ถนนรามอินทรา 40(ถนนรามอินทรา-ถนนวลจันทร์)","เขต: บึงกุ่ม","จำนวนช่องจราจร: 4","ไฟกดข้าม: ไม่มี"],"district":"บึงกุ่ม"},"geometry":{"type":"Point","coordinates":[100.63813,13.83914]}},{"type":"Feature","properties":{"title":"ทางม้าลาย แยกลาดบัวขาว (2 ด้าน)","info":["ถนน: ถนนรามคำแหง","เขต: มีนบุรี","จำนวนช่องจราจร: 8","ไฟกดข้าม: ไม่มี"],"district":"มีนบุรี"},"geometry":{"type":"Point","coordinates":[100.71555,13.79956]}},{"type":"Feature","properties":{"title":"ทางม้าลาย แยกรามคำแหง-ร่มเกล้า (2 ด้าน)","info":["ถนน: ถนนรามคำแหง","เขต: มีนบุรี","จำนวนช่องจราจร: 8","ไฟกดข้าม: ไม่มี"],"district":"มีนบุรี"},"geometry":{"type":"Point","coordinates":[100.73679,13.81236]}},{"type":"Feature","properties":{"title":"ทางม้าลาย หน้าคลินิกทันตกรรมยิ้มฟันใส","info":["ถนน: ถนนพระยาสุเรนทร์","เขต: มีนบุรี","จำนวนช่องจราจร: 4","ไฟกดข้าม: ไม่มี"],"district":"มีนบุรี"},"geometry":{"type":"Point","coordinates":[100.69912,13.81379]}},{"type":"Feature","properties":{"title":"ทางม้าลาย ทางแยกถนนสุวินทวงศ์","info":["ถนน: ถนนสามวา","เขต: มีนบุรี","จำนวนช่องจราจร: 4","ไฟกดข้าม: ไม่มี"],"district":"มีนบุรี"},"geometry":{"type":"Point","coordinates":[100.72594,13.81863]}},{"type":"Feature","properties":{"title":"ทางม้าลาย หน้าโรงเรียนเอกบูรพา","info":["ถนน: ถนนสามวา","เขต: มีนบุรี","จำนวนช่องจราจร: 4","ไฟกดข้าม: ไม่มี"],"district":"มีนบุรี"},"geometry":{"type":"Point","coordinates":[100.72593,13.82503]}},{"type":"Feature","properties":{"title":"ทางม้าลาย ซอยสามวา 5","info":["ถนน: ถนนสามวา","เขต: มีนบุรี","จำนวนช่องจราจร: 4","ไฟกดข้าม: ไม่มี"],"district":"มีนบุรี"},"geometry":{"type":"Point","coordinates":[100.72587,13.82161]}},{"type":"Feature","properties":{"title":"ทางม้าลาย สี่แยกมีนบุรี","info":["ถนน: ถนนเสรีไทย","เขต: มีนบุรี","จำนวนช่องจราจร: 6","ไฟกดข้าม: ไม่มี"],"district":"มีนบุรี"},"geometry":{"type":"Point","coordinates":[100.71741,13.81251]}},{"type":"Feature","properties":{"title":"ทางม้าลาย สามแยกมีนพัฒนา 2 ด้าน","info":["ถนน: ถนนเสรีไทย","เขต: มีนบุรี","จำนวนช่องจราจร: 6","ไฟกดข้าม: ไม่มี"],"district":"มีนบุรี"},"geometry":{"type":"Point","coordinates":[100.71223,13.80526]}},{"type":"Feature","properties":{"title":"ทางม้าลาย หน้าร้านอาหารชานกรุง","info":["ถนน: ถนนเสรีไทย","เขต: มีนบุรี","จำนวนช่องจราจร: 6","ไฟกดข้าม: ไม่มี"],"district":"มีนบุรี"},"geometry":{"type":"Point","coordinates":[100.71379,13.80657]}},{"type":"Feature","properties":{"title":"ทางม้าลาย ซอยเสรีไทย 58","info":["ถนน: ถนนเสรีไทย","เขต: มีนบุรี","จำนวนช่องจราจร: 6","ไฟกดข้าม: ไม่มี"],"district":"มีนบุรี"},"geometry":{"type":"Point","coordinates":[100.70617,13.80174]}},{"type":"Feature","properties":{"title":"ทางม้าลาย ทางแยกถนนสุวินทวงศ์","info":["ถนน: ถนนนิมิตใหม่","เขต: มีนบุรี","จำนวนช่องจราจร: 6","ไฟกดข้าม: ไม่มี"],"district":"มีนบุรี"},"geometry":{"type":"Point","coordinates":[100.74208,13.82017]}},{"type":"Feature","properties":{"title":"ทางม้าลาย หน้าบริษัทไทยเมชโปรดักส์ จำกัด","info":["ถนน: ถนนนิมิตใหม่","เขต: มีนบุรี","จำนวนช่องจราจร: 6","ไฟกดข้าม: ไม่มี"],"district":"มีนบุรี"},"geometry":{"type":"Point","coordinates":[100.74093,13.82325]}},{"type":"Feature","properties":{"title":"ทางม้าลาย ซอยนิมิตรใหม่ 6/1","info":["ถนน: ถนนนิมิตใหม่","เขต: มีนบุรี","จำนวนช่องจราจร: 6","ไฟกดข้าม: ไม่มี"],"district":"มีนบุรี"},"geometry":{"type":"Point","coordinates":[100.73905,13.82798]}},{"type":"Feature","properties":{"title":"ทางม้าลาย ซอยนิมิตรใหม่ 6/2","info":["ถนน: ถนนนิมิตใหม่","เขต: มีนบุรี","จำนวนช่องจราจร: 6","ไฟกดข้าม: ไม่มี"],"district":"มีนบุรี"},"geometry":{"type":"Point","coordinates":[100.7383,13.82981]}},{"type":"Feature","properties":{"title":"ทางม้าลาย ทางแยกถนนสุวินทวงศ์","info":["ถนน: ถนนหทัยราษฎร์","เขต: มีนบุรี","จำนวนช่องจราจร: 4","ไฟกดข้าม: ไม่มี"],"district":"มีนบุรี"},"geometry":{"type":"Point","coordinates":[100.72199,13.81676]}},{"type":"Feature","properties":{"title":"ทางม้าลาย ซอยหทัยราษฎร์ 11","info":["ถนน: ถนนหทัยราษฎร์","เขต: มีนบุรี","จำนวนช่องจราจร: 4","ไฟกดข้าม: ไม่มี"],"district":"มีนบุรี"},"geometry":{"type":"Point","coordinates":[100.7205,13.82365]}},{"type":"Feature","properties":{"title":"ทางม้าลาย หน้าโรงเรียนสุดใจวิทยา","info":["ถนน: ถนนหทัยราษฎร์","เขต: มีนบุรี","จำนวนช่องจราจร: 4","ไฟกดข้าม: ไม่มี"],"district":"มีนบุรี"},"geometry":{"type":"Point","coordinates":[100.72021,13.82913]}},{"type":"Feature","properties":{"title":"ทางม้าลาย หน้าโรงเรียนภูมิสมิทธ์","info":["ถนน: ถนนหทัยราษฎร์","เขต: มีนบุรี","จำนวนช่องจราจร: 4","ไฟกดข้าม: ไม่มี"],"district":"มีนบุรี"},"geometry":{"type":"Point","coordinates":[100.72065,13.82211]}},{"type":"Feature","properties":{"title":"ทางม้าลาย ทางเข้าโรงเรียนอินเตอร์คิด","info":["ถนน: ถนนประชาร่วมใจ","เขต: มีนบุรี","จำนวนช่องจราจร: 4","ไฟกดข้าม: ไม่มี"],"district":"มีนบุรี"},"geometry":{"type":"Point","coordinates":[100.74532,13.82335]}},{"type":"Feature","properties":{"title":"ทางม้าลาย หน้าโรงเรียนคลองสาม","info":["ถนน: ถนนบึงขวาง","เขต: มีนบุรี","จำนวนช่องจราจร: 2","ไฟกดข้าม: ไม่มี"],"district":"มีนบุรี"},"geometry":{"type":"Point","coordinates":[100.75093,13.79196]}},{"type":"Feature","properties":{"title":"ทางม้าลาย ทางแยกถนนสุวินทวงศ์","info":["ถนน: ถนนคุ้มเกล้า","เขต: มีนบุรี","จำนวนช่องจราจร: 4","ไฟกดข้าม: ไม่มี"],"district":"มีนบุรี"},"geometry":{"type":"Point","coordinates":[100.78256,13.81201]}},{"type":"Feature","properties":{"title":"ทางม้าลาย หน้าวิทยาลัยเทคนิคกาญจนาภิเษก","info":["ถนน: ถนนคุ้มเกล้า","เขต: มีนบุรี","จำนวนช่องจราจร: 4","ไฟกดข้าม: ไม่มี"],"district":"มีนบุรี"},"geometry":{"type":"Point","coordinates":[100.78319,13.80806]}},{"type":"Feature","properties":{"title":"ทางม้าลาย ซอยคุ้มเกล้า 6","info":["ถนน: ถนนคุ้มเกล้า","เขต: มีนบุรี","จำนวนช่องจราจร: 4","ไฟกดข้าม: ไม่มี"],"district":"มีนบุรี"},"geometry":{"type":"Point","coordinates":[100.78371,13.80492]}},{"type":"Feature","properties":{"title":"ทางม้าลาย ซอยคุ้มเกล้า 3","info":["ถนน: ถนนคุ้มเกล้า","เขต: มีนบุรี","จำนวนช่องจราจร: 4","ไฟกดข้าม: ไม่มี"],"district":"มีนบุรี"},"geometry":{"type":"Point","coordinates":[100.78445,13.80022]}},{"type":"Feature","properties":{"title":"ทางม้าลาย ซอยคุ้มเกล้า 5","info":["ถนน: ถนนคุ้มเกล้า","เขต: มีนบุรี","จำนวนช่องจราจร: 4","ไฟกดข้าม: ไม่มี"],"district":"มีนบุรี"},"geometry":{"type":"Point","coordinates":[100.78125,13.79084]}},{"type":"Feature","properties":{"title":"ทางม้าลาย หน้าปั๊มปตท","info":["ถนน: ถนนคุ้มเกล้า","เขต: มีนบุรี","จำนวนช่องจราจร: 4","ไฟกดข้าม: ไม่มี"],"district":"มีนบุรี"},"geometry":{"type":"Point","coordinates":[100.77951,13.78461]}},{"type":"Feature","properties":{"title":"ทางม้าลาย หน้าสถานีตำรวจนครบาลมีนบุรี","info":["ถนน: ถนนสีหบุรานุกิจ","เขต: มีนบุรี","จำนวนช่องจราจร: 4","ไฟกดข้าม: ไม่มี"],"district":"มีนบุรี"},"geometry":{"type":"Point","coordinates":[100.7347,13.81514]}},{"type":"Feature","properties":{"title":"ทางม้าลาย หน้าโรงเรียนสตรีเศรษฐบุตร","info":["ถนน: ถนนสีหบุรานุกิจ","เขต: มีนบุรี","จำนวนช่องจราจร: 4","ไฟกดข้าม: ไม่มี"],"district":"มีนบุรี"},"geometry":{"type":"Point","coordinates":[100.73288,13.8141]}},{"type":"Feature","properties":{"title":"ทางม้าลาย แยกมีนบุรี","info":["ถนน: ถนนสีหบุรานุกิจ","เขต: มีนบุรี","จำนวนช่องจราจร: 8","ไฟกดข้าม: ไม่มี"],"district":"มีนบุรี"},"geometry":{"type":"Point","coordinates":[100.71796,13.81262]}},{"type":"Feature","properties":{"title":"ทางม้าลาย ซอยราษฎร์อุทิศ 2","info":["ถนน: ถนนราษฎร์อุทิศ","เขต: มีนบุรี","จำนวนช่องจราจร: 6","ไฟกดข้าม: ไม่มี"],"district":"มีนบุรี"},"geometry":{"type":"Point","coordinates":[100.75159,13.81746]}},{"type":"Feature","properties":{"title":"ทางม้าลาย แยกนาคนิวาส 16","info":["ถนน: ถนนนาคนิวาส","เขต: ลาดพร้าว","จำนวนช่องจราจร: 10","ไฟกดข้าม: ไม่มี"],"district":"ลาดพร้าว"},"geometry":{"type":"Point","coordinates":[100.60812,13.80686]}},{"type":"Feature","properties":{"title":"ทางม้าลาย นาคนิวาส 24","info":["ถนน: ถนนนาคนิวาส","เขต: ลาดพร้าว","จำนวนช่องจราจร: 4","ไฟกดข้าม: ไม่มี"],"district":"ลาดพร้าว"},"geometry":{"type":"Point","coordinates":[100.60877,13.80869]}},{"type":"Feature","properties":{"title":"ทางม้าลาย นาคนิวาส 42","info":["ถนน: ถนนนาคนิวาส","เขต: ลาดพร้าว","จำนวนช่องจราจร: 4","ไฟกดข้าม: ไม่มี"],"district":"ลาดพร้าว"},"geometry":{"type":"Point","coordinates":[100.61039,13.81484]}},{"type":"Feature","properties":{"title":"ทางม้าลาย แยกนาคนิวาส 48","info":["ถนน: ถนนนาคนิวาส","เขต: ลาดพร้าว","จำนวนช่องจราจร: 10","ไฟกดข้าม: ไม่มี"],"district":"ลาดพร้าว"},"geometry":{"type":"Point","coordinates":[100.60905,13.82107]}},{"type":"Feature","properties":{"title":"ทางม้าลาย สุคนธสวัสดิ์ 1","info":["ถนน: ถนนสุคนธสวัสดิ์","เขต: ลาดพร้าว","จำนวนช่องจราจร: 4","ไฟกดข้าม: ไม่มี"],"district":"ลาดพร้าว"},"geometry":{"type":"Point","coordinates":[100.61265,13.82417]}},{"type":"Feature","properties":{"title":"ทางม้าลาย สุคนธสวัสดิ์ 3","info":["ถนน: ถนนสุคนธสวัสดิ์","เขต: ลาดพร้าว","จำนวนช่องจราจร: 2","ไฟกดข้าม: ไม่มี"],"district":"ลาดพร้าว"},"geometry":{"type":"Point","coordinates":[100.61766,13.8245]}},{"type":"Feature","properties":{"title":"ทางม้าลาย หน้าโรงเรียนสตรีวิทยา 2","info":["ถนน: ถนนสุคนธสวัสดิ์","เขต: ลาดพร้าว","จำนวนช่องจราจร: 2","ไฟกดข้าม: ไม่มี"],"district":"ลาดพร้าว"},"geometry":{"type":"Point","coordinates":[100.61763,13.82527]}},{"type":"Feature","properties":{"title":"ทางม้าลาย สุคนธสวัสดิ์ 16","info":["ถนน: ถนนสุคนธสวัสดิ์","เขต: ลาดพร้าว","จำนวนช่องจราจร: 4","ไฟกดข้าม: ไม่มี"],"district":"ลาดพร้าว"},"geometry":{"type":"Point","coordinates":[100.61841,13.82484]}},{"type":"Feature","properties":{"title":"ทางม้าลาย สุคนธสวัสดิ์ 7","info":["ถนน: ถนนสุคนธสวัสดิ์","เขต: ลาดพร้าว","จำนวนช่องจราจร: 4","ไฟกดข้าม: ไม่มี"],"district":"ลาดพร้าว"},"geometry":{"type":"Point","coordinates":[100.61945,13.82537]}},{"type":"Feature","properties":{"title":"ทางม้าลาย แยกตัดประเสริฐมนูกิจ","info":["ถนน: ถนนสุคนธสวัสดิ์","เขต: ลาดพร้าว","จำนวนช่องจราจร: 12","ไฟกดข้าม: ไม่มี"],"district":"ลาดพร้าว"},"geometry":{"type":"Point","coordinates":[100.62324,13.82928]}},{"type":"Feature","properties":{"title":"ทางม้าลาย หน้าบริษัท SYNNEX","info":["ถนน: ถนนสุคนธสวัสดิ์","เขต: ลาดพร้าว","จำนวนช่องจราจร: 4","ไฟกดข้าม: ไม่มี"],"district":"ลาดพร้าว"},"geometry":{"type":"Point","coordinates":[100.62962,13.83569]}},{"type":"Feature","properties":{"title":"ทางม้าลาย ตัดประดิษฐ์นูธรรม","info":["ถนน: ถนนสุคนธสวัสดิ์","เขต: ลาดพร้าว","จำนวนช่องจราจร: 4","ไฟกดข้าม: ไม่มี"],"district":"ลาดพร้าว"},"geometry":{"type":"Point","coordinates":[100.63196,13.83628]}},{"type":"Feature","properties":{"title":"ทางม้าลาย ห้างเซ็นทรัลอิสส์วิวล์","info":["ถนน: ถนนสุคนธสวัสดิ์","เขต: ลาดพร้าว","จำนวนช่องจราจร: 6","ไฟกดข้าม: ไม่มี"],"district":"ลาดพร้าว"},"geometry":{"type":"Point","coordinates":[100.61605,13.80323]}},{"type":"Feature","properties":{"title":"ทางม้าลาย ประดิษฐ์มนูธรรม 15","info":["ถนน: ถนนสุคนธสวัสดิ์","เขต: ลาดพร้าว","จำนวนช่องจราจร: 2","ไฟกดข้าม: ไม่มี"],"district":"ลาดพร้าว"},"geometry":{"type":"Point","coordinates":[100.61613,13.8034]}},{"type":"Feature","properties":{"title":"ทางม้าลาย โยธินพัฒนา 3","info":["ถนน: ถนนสุคนธสวัสดิ์","เขต: ลาดพร้าว","จำนวนช่องจราจร: 4","ไฟกดข้าม: ไม่มี"],"district":"ลาดพร้าว"},"geometry":{"type":"Point","coordinates":[100.61894,13.80953]}},{"type":"Feature","properties":{"title":"ทางม้าลาย แยกรามคำแหง","info":["ถนน: ถนนรามคำแหง","เขต: บางกะปิ","จำนวนช่องจราจร: 32","ไฟกดข้าม: ไม่มี"],"district":"บางกะปิ"},"geometry":{"type":"Point","coordinates":[100.60542,13.74735]}},{"type":"Feature","properties":{"title":"ทางม้าลาย ซอยรามคำแหง 9","info":["ถนน: ถนนรามคำแหง","เขต: บางกะปิ","จำนวนช่องจราจร: 8","ไฟกดข้าม: ไม่มี"],"district":"บางกะปิ"},"geometry":{"type":"Point","coordinates":[100.60771,13.74977]}},{"type":"Feature","properties":{"title":"ทางม้าลาย ซอยรามคำแหง 18","info":["ถนน: ถนนรามคำแหง","เขต: บางกะปิ","จำนวนช่องจราจร: 6","ไฟกดข้าม: ไม่มี"],"district":"บางกะปิ"},"geometry":{"type":"Point","coordinates":[100.61221,13.75412]}},{"type":"Feature","properties":{"title":"ทางม้าลาย ซอยรามคำแหง 43/1","info":["ถนน: ถนนรามคำแหง","เขต: บางกะปิ","จำนวนช่องจราจร: 2","ไฟกดข้าม: ไม่มี"],"district":"บางกะปิ"},"geometry":{"type":"Point","coordinates":[100.617,13.7589]}},{"type":"Feature","properties":{"title":"ทางม้าลาย ซอยรามคำแหง 65","info":["ถนน: ถนนรามคำแหง","เขต: บางกะปิ","จำนวนช่องจราจร: 3","ไฟกดข้าม: ไม่มี"],"district":"บางกะปิ"},"geometry":{"type":"Point","coordinates":[100.6245,13.76036]}},{"type":"Feature","properties":{"title":"ทางม้าลาย ซอยรามคำแหง 91","info":["ถนน: ถนนรามคำแหง","เขต: บางกะปิ","จำนวนช่องจราจร: 4","ไฟกดข้าม: ไม่มี"],"district":"บางกะปิ"},"geometry":{"type":"Point","coordinates":[100.64433,13.76267]}},{"type":"Feature","properties":{"title":"ทางม้าลาย แยกลำสาลี","info":["ถนน: ถนนรามคำแหง","เขต: บางกะปิ","จำนวนช่องจราจร: 25","ไฟกดข้าม: ไม่มี"],"district":"บางกะปิ"},"geometry":{"type":"Point","coordinates":[100.64554,13.76281]}},{"type":"Feature","properties":{"title":"ทางม้าลาย ซอยรามคำแหง 58/2","info":["ถนน: ถนนรามคำแหง","เขต: บางกะปิ","จำนวนช่องจราจร: 4","ไฟกดข้าม: ไม่มี"],"district":"บางกะปิ"},"geometry":{"type":"Point","coordinates":[100.64735,13.76282]}},{"type":"Feature","properties":{"title":"ทางม้าลาย ปากซอยรามคำแหง 68","info":["ถนน: ซอยรามคำแหง 68","เขต: บางกะปิ","จำนวนช่องจราจร: 4","ไฟกดข้าม: ไม่มี"],"district":"บางกะปิ"},"geometry":{"type":"Point","coordinates":[100.65576,13.76623]}},{"type":"Feature","properties":{"title":"ทางม้าลาย โรงเรียนเพ็ญสมิทธ์","info":["ถนน: ซอยรามคำแหง 68","เขต: บางกะปิ","จำนวนช่องจราจร: 2","ไฟกดข้าม: ไม่มี"],"district":"บางกะปิ"},"geometry":{"type":"Point","coordinates":[100.66366,13.76238]}},{"type":"Feature","properties":{"title":"ทางม้าลาย อาคารแฟลตฟักข้าวโพด","info":["ถนน: ซอยรามคำแหง 40","เขต: บางกะปิ","จำนวนช่องจราจร: 2","ไฟกดข้าม: ไม่มี"],"district":"บางกะปิ"},"geometry":{"type":"Point","coordinates":[100.63929,13.75798]}},{"type":"Feature","properties":{"title":"ทางม้าลาย ปากซอยรามคำแหง 32","info":["ถนน: ซอยรามคำแหง 32","เขต: บางกะปิ","จำนวนช่องจราจร: 2","ไฟกดข้าม: ไม่มี"],"district":"บางกะปิ"},"geometry":{"type":"Point","coordinates":[100.63571,13.76148]}},{"type":"Feature","properties":{"title":"ทางม้าลาย ปากซอยรามคำแหง 26","info":["ถนน: ซอยรามคำแหง 26","เขต: บางกะปิ","จำนวนช่องจราจร: 2","ไฟกดข้าม: ไม่มี"],"district":"บางกะปิ"},"geometry":{"type":"Point","coordinates":[100.62975,13.76081]}},{"type":"Feature","properties":{"title":"ทางม้าลาย แยกถาวรธวัช","info":["ถนน: ซอยรามคำแหง 24","เขต: บางกะปิ","จำนวนช่องจราจร: 12","ไฟกดข้าม: ไม่มี"],"district":"บางกะปิ"},"geometry":{"type":"Point","coordinates":[100.61737,13.75209]}},{"type":"Feature","properties":{"title":"ทางม้าลาย ซอยรามคำแหง 24 แยก 11","info":["ถนน: ซอยรามคำแหง 24","เขต: บางกะปิ","จำนวนช่องจราจร: 2","ไฟกดข้าม: ไม่มี"],"district":"บางกะปิ"},"geometry":{"type":"Point","coordinates":[100.62046,13.75324]}},{"type":"Feature","properties":{"title":"ทางม้าลาย หน้าสนามกีฬาราชมังคลากีฬาสถาน","info":["ถนน: ซอยรามคำแหง 24","เขต: บางกะปิ","จำนวนช่องจราจร: 2","ไฟกดข้าม: ไม่มี"],"district":"บางกะปิ"},"geometry":{"type":"Point","coordinates":[100.62236,13.75367]}},{"type":"Feature","properties":{"title":"ทางม้าลาย ใกล้ห้างแมคโคร","info":["ถนน: ซอยรามคำแหง 24","เขต: บางกะปิ","จำนวนช่องจราจร: 2","ไฟกดข้าม: ไม่มี"],"district":"บางกะปิ"},"geometry":{"type":"Point","coordinates":[100.6254,13.75471]}},{"type":"Feature","properties":{"title":"ทางม้าลาย มหาวิทยาลัยเอแบค","info":["ถนน: ถนนหัวหมาก","เขต: บางกะปิ","จำนวนช่องจราจร: 6","ไฟกดข้าม: ไม่มี"],"district":"บางกะปิ"},"geometry":{"type":"Point","coordinates":[100.62745,13.75537]}},{"type":"Feature","properties":{"title":"ทางม้าลาย ซอยราษฎร์อุทิศ 27/6","info":["ถนน: ถนนราษฎร์อุทิศ","เขต: มีนบุรี","จำนวนช่องจราจร: 6","ไฟกดข้าม: ไม่มี"],"district":"มีนบุรี"},"geometry":{"type":"Point","coordinates":[100.7858,13.84001]}},{"type":"Feature","properties":{"title":"ทางม้าลาย ซอยราษฎร์อุทิศ 58","info":["ถนน: ถนนราษฎร์อุทิศ","เขต: มีนบุรี","จำนวนช่องจราจร: 6","ไฟกดข้าม: ไม่มี"],"district":"มีนบุรี"},"geometry":{"type":"Point","coordinates":[100.78851,13.8415]}},{"type":"Feature","properties":{"title":"ทางม้าลาย ซอยราษฎร์อุทิศ 60","info":["ถนน: ถนนราษฎร์อุทิศ","เขต: มีนบุรี","จำนวนช่องจราจร: 6","ไฟกดข้าม: ไม่มี"],"district":"มีนบุรี"},"geometry":{"type":"Point","coordinates":[100.78941,13.84199]}},{"type":"Feature","properties":{"title":"ทางม้าลาย ซอยราษฎร์อุทิศ 37/2 และ 66","info":["ถนน: ถนนราษฎร์อุทิศ","เขต: มีนบุรี","จำนวนช่องจราจร: 6","ไฟกดข้าม: ไม่มี"],"district":"มีนบุรี"},"geometry":{"type":"Point","coordinates":[100.7932,13.84416]}},{"type":"Feature","properties":{"title":"ทางม้าลาย ซอยราษฎร์อุทิศ 68/3","info":["ถนน: ถนนราษฎร์อุทิศ","เขต: มีนบุรี","จำนวนช่องจราจร: 6","ไฟกดข้าม: ไม่มี"],"district":"มีนบุรี"},"geometry":{"type":"Point","coordinates":[100.79639,13.84604]}},{"type":"Feature","properties":{"title":"ทางม้าลาย ซอยราษฎร์อุทิศ 49","info":["ถนน: ถนนราษฎร์อุทิศ","เขต: มีนบุรี","จำนวนช่องจราจร: 6","ไฟกดข้าม: ไม่มี"],"district":"มีนบุรี"},"geometry":{"type":"Point","coordinates":[100.79781,13.84677]}},{"type":"Feature","properties":{"title":"ทางม้าลาย ซอยราษฎร์อุทิศ 68/4","info":["ถนน: ถนนราษฎร์อุทิศ","เขต: มีนบุรี","จำนวนช่องจราจร: 6","ไฟกดข้าม: ไม่มี"],"district":"มีนบุรี"},"geometry":{"type":"Point","coordinates":[100.79888,13.84733]}},{"type":"Feature","properties":{"title":"ทางม้าลาย แยกมีนพัฒนา","info":["ถนน: ถนนมีนพัฒนา","เขต: มีนบุรี","จำนวนช่องจราจร: 6","ไฟกดข้าม: ไม่มี"],"district":"มีนบุรี"},"geometry":{"type":"Point","coordinates":[100.71231,13.80515]}},{"type":"Feature","properties":{"title":"ทางม้าลาย แยกลาดบัวขาว","info":["ถนน: ถนนมีนพัฒนา","เขต: มีนบุรี","จำนวนช่องจราจร: 6","ไฟกดข้าม: ไม่มี"],"district":"มีนบุรี"},"geometry":{"type":"Point","coordinates":[100.71547,13.79971]}},{"type":"Feature","properties":{"title":"ทางม้าลาย แยกถนนเสรีไทย","info":["ถนน: ถนนหม่อมเจ้าสง่างามสุประดิษฐ์","เขต: มีนบุรี","จำนวนช่องจราจร: 6","ไฟกดข้าม: ไม่มี"],"district":"มีนบุรี"},"geometry":{"type":"Point","coordinates":[100.70882,13.80304]}},{"type":"Feature","properties":{"title":"ทางม้าลาย ซอยหม่อมเจ้าสง่างามสุขประดิษฐ์ 2","info":["ถนน: ถนนหม่อมเจ้าสง่างามสุประดิษฐ์","เขต: มีนบุรี","จำนวนช่องจราจร: 6","ไฟกดข้าม: ไม่มี"],"district":"มีนบุรี"},"geometry":{"type":"Point","coordinates":[100.70691,13.80702]}},{"type":"Feature","properties":{"title":"ทางม้าลาย แยกถนนรามอินทรา","info":["ถนน: ถนนหม่อมเจ้าสง่างามสุประดิษฐ์","เขต: มีนบุรี","จำนวนช่องจราจร: 6","ไฟกดข้าม: ไม่มี"],"district":"มีนบุรี"},"geometry":{"type":"Point","coordinates":[100.70564,13.81257]}},{"type":"Feature","properties":{"title":"ทางม้าลาย ปากซอยลาดพร้าว - วังหิน 2","info":["ถนน: ถนนลาดพร้าว - วังหิน","เขต: ลาดพร้าว","จำนวนช่องจราจร: 8","ไฟกดข้าม: ไม่มี"],"district":"ลาดพร้าว"},"geometry":{"type":"Point","coordinates":[100.59676,13.8035]}},{"type":"Feature","properties":{"title":"ทางม้าลาย ปากซอยลาดพร้าว - วังหิน 4","info":["ถนน: ถนนลาดพร้าว - วังหิน","เขต: ลาดพร้าว","จำนวนช่องจราจร: 4","ไฟกดข้าม: ไม่มี"],"district":"ลาดพร้าว"},"geometry":{"type":"Point","coordinates":[100.59553,13.80362]}},{"type":"Feature","properties":{"title":"ทางม้าลาย ปากซอยลาดพร้าว - วังหิน 30","info":["ถนน: ถนนลาดพร้าว - วังหิน","เขต: ลาดพร้าว","จำนวนช่องจราจร: 2","ไฟกดข้าม: ไม่มี"],"district":"ลาดพร้าว"},"geometry":{"type":"Point","coordinates":[100.59137,13.81028]}},{"type":"Feature","properties":{"title":"ทางม้าลาย ปากซอยลาดพร้าว - วังหิน 48","info":["ถนน: ถนนลาดพร้าว - วังหิน","เขต: ลาดพร้าว","จำนวนช่องจราจร: 4","ไฟกดข้าม: ไม่มี"],"district":"ลาดพร้าว"},"geometry":{"type":"Point","coordinates":[100.5914,13.81879]}},{"type":"Feature","properties":{"title":"ทางม้าลาย ปากซอยลาดพร้าว - วังหิน 59","info":["ถนน: ถนนลาดพร้าว - วังหิน","เขต: ลาดพร้าว","จำนวนช่องจราจร: 4","ไฟกดข้าม: ไม่มี"],"district":"ลาดพร้าว"},"geometry":{"type":"Point","coordinates":[100.59137,13.81798]}},{"type":"Feature","properties":{"title":"ทางม้าลาย ปากซอยลาดพร้าว - วังหิน 61","info":["ถนน: ถนนลาดพร้าว - วังหิน","เขต: ลาดพร้าว","จำนวนช่องจราจร: 2","ไฟกดข้าม: ไม่มี"],"district":"ลาดพร้าว"},"geometry":{"type":"Point","coordinates":[100.59139,13.81851]}},{"type":"Feature","properties":{"title":"ทางม้าลาย ปากซอยลาดพร้าว - วังหิน 63","info":["ถนน: ถนนลาดพร้าว - วังหิน","เขต: ลาดพร้าว","จำนวนช่องจราจร: 4","ไฟกดข้าม: ไม่มี"],"district":"ลาดพร้าว"},"geometry":{"type":"Point","coordinates":[100.59146,13.81923]}},{"type":"Feature","properties":{"title":"ทางม้าลาย ปากซอยลาดพร้าว - วังหิน 79","info":["ถนน: ถนนลาดพร้าว - วังหิน","เขต: ลาดพร้าว","จำนวนช่องจราจร: 2","ไฟกดข้าม: ไม่มี"],"district":"ลาดพร้าว"},"geometry":{"type":"Point","coordinates":[100.59175,13.82435]}},{"type":"Feature","properties":{"title":"ทางม้าลาย ปากซอยลาดพร้าว - วังหิน 83 (หน้าวัดศิริกมลาวาส)","info":["ถนน: ถนนลาดพร้าว - วังหิน","เขต: ลาดพร้าว","จำนวนช่องจราจร: 4","ไฟกดข้าม: ไม่มี"],"district":"ลาดพร้าว"},"geometry":{"type":"Point","coordinates":[100.59172,13.82553]}},{"type":"Feature","properties":{"title":"ทางม้าลาย ปากซอยลาดพร้าว - วังหิน 87","info":["ถนน: ถนนลาดพร้าว - วังหิน","เขต: ลาดพร้าว","จำนวนช่องจราจร: 4","ไฟกดข้าม: ไม่มี"],"district":"ลาดพร้าว"},"geometry":{"type":"Point","coordinates":[100.5918,13.8271]}},{"type":"Feature","properties":{"title":"ทางม้าลาย ปากซอยลาดพร้าว - วังหิน 91","info":["ถนน: ถนนลาดพร้าว - วังหิน","เขต: ลาดพร้าว","จำนวนช่องจราจร: 4","ไฟกดข้าม: ไม่มี"],"district":"ลาดพร้าว"},"geometry":{"type":"Point","coordinates":[100.59175,13.82877]}},{"type":"Feature","properties":{"title":"ทางม้าลาย ปากซอยลาดปลาเค้า 5","info":["ถนน: ถนนลาดปลาเค้า","เขต: ลาดพร้าว","จำนวนช่องจราจร: 4","ไฟกดข้าม: ไม่มี"],"district":"ลาดพร้าว"},"geometry":{"type":"Point","coordinates":[100.59197,13.8334]}},{"type":"Feature","properties":{"title":"ทางม้าลาย ปากซอยลาดปลาเค้า 23","info":["ถนน: ถนนลาดปลาเค้า","เขต: ลาดพร้าว","จำนวนช่องจราจร: 4","ไฟกดข้าม: ไม่มี"],"district":"ลาดพร้าว"},"geometry":{"type":"Point","coordinates":[100.59401,13.83746]}},{"type":"Feature","properties":{"title":"ทางม้าลาย ลาดปลาเค้า 32","info":["ถนน: ถนนลาดปลาเค้า","เขต: ลาดพร้าว","จำนวนช่องจราจร: 4","ไฟกดข้าม: ไม่มี"],"district":"ลาดพร้าว"},"geometry":{"type":"Point","coordinates":[100.59826,13.84385]}},{"type":"Feature","properties":{"title":"ทางม้าลาย แยกตัดพลาสินธ์","info":["ถนน: ถนนลาดปลาเค้า","เขต: ลาดพร้าว","จำนวนช่องจราจร: 10","ไฟกดข้าม: ไม่มี"],"district":"ลาดพร้าว"},"geometry":{"type":"Point","coordinates":[100.59883,13.84416]}},{"type":"Feature","properties":{"title":"ทางม้าลาย ลาดปลาเค้า 57","info":["ถนน: ถนนลาดปลาเค้า","เขต: ลาดพร้าว","จำนวนช่องจราจร: 4","ไฟกดข้าม: ไม่มี"],"district":"ลาดพร้าว"},"geometry":{"type":"Point","coordinates":[100.59997,13.84475]}},{"type":"Feature","properties":{"title":"ทางม้าลาย ลาดปลาเค้า 63","info":["ถนน: ถนนลาดปลาเค้า","เขต: ลาดพร้าว","จำนวนช่องจราจร: 4","ไฟกดข้าม: ไม่มี"],"district":"ลาดพร้าว"},"geometry":{"type":"Point","coordinates":[100.60084,13.84515]}},{"type":"Feature","properties":{"title":"ทางม้าลาย ลาดปลาเค้า 52","info":["ถนน: ถนนลาดปลาเค้า","เขต: ลาดพร้าว","จำนวนช่องจราจร: 4","ไฟกดข้าม: ไม่มี"],"district":"ลาดพร้าว"},"geometry":{"type":"Point","coordinates":[100.60212,13.84593]}},{"type":"Feature","properties":{"title":"ทางม้าลาย โรงเรียนลาดปลาเค้าพิทยาคม","info":["ถนน: ถนนลาดปลาเค้า","เขต: ลาดพร้าว","จำนวนช่องจราจร: 4","ไฟกดข้าม: ไม่มี"],"district":"ลาดพร้าว"},"geometry":{"type":"Point","coordinates":[100.60333,13.84667]}},{"type":"Feature","properties":{"title":"ทางม้าลาย หน้าโรงพยาบาลเปาโล","info":["ถนน: ถนนโชคชัย 4","เขต: ลาดพร้าว","จำนวนช่องจราจร: 2","ไฟกดข้าม: ไม่มี"],"district":"ลาดพร้าว"},"geometry":{"type":"Point","coordinates":[100.59641,13.8018]}},{"type":"Feature","properties":{"title":"ทางม้าลาย โชคชัย 4 ซอย 23","info":["ถนน: ถนนโชคชัย 4","เขต: ลาดพร้าว","จำนวนช่องจราจร: 4","ไฟกดข้าม: ไม่มี"],"district":"ลาดพร้าว"},"geometry":{"type":"Point","coordinates":[100.59672,13.80536]}},{"type":"Feature","properties":{"title":"ทางม้าลาย โชคชัย 4 ซอย 26","info":["ถนน: ถนนโชคชัย 4","เขต: ลาดพร้าว","จำนวนช่องจราจร: 4","ไฟกดข้าม: ไม่มี"],"district":"ลาดพร้าว"},"geometry":{"type":"Point","coordinates":[100.59665,13.80745]}},{"type":"Feature","properties":{"title":"ทางม้าลาย โชคชัย 4 ซอย 39 (บริเวณหน้า 7-11)","info":["ถนน: ถนนโชคชัย 4","เขต: ลาดพร้าว","จำนวนช่องจราจร: 2","ไฟกดข้าม: ไม่มี"],"district":"ลาดพร้าว"},"geometry":{"type":"Point","coordinates":[100.59624,13.81008]}},{"type":"Feature","properties":{"title":"ทางม้าลาย โชคชัย 4 ซอย 46","info":["ถนน: ถนนโชคชัย 4","เขต: ลาดพร้าว","จำนวนช่องจราจร: 4","ไฟกดข้าม: ไม่มี"],"district":"ลาดพร้าว"},"geometry":{"type":"Point","coordinates":[100.59625,13.81283]}},{"type":"Feature","properties":{"title":"ทางม้าลาย โชคชัย 4 ซอย 50","info":["ถนน: ถนนโชคชัย 4","เขต: ลาดพร้าว","จำนวนช่องจราจร: 4","ไฟกดข้าม: ไม่มี"],"district":"ลาดพร้าว"},"geometry":{"type":"Point","coordinates":[100.59626,13.81406]}},{"type":"Feature","properties":{"title":"ทางม้าลาย โชคชัย 4 ซอย 54 ปากทางเข้า)","info":["ถนน: ถนนโชคชัย 4","เขต: ลาดพร้าว","จำนวนช่องจราจร: 4","ไฟกดข้าม: ไม่มี"],"district":"ลาดพร้าว"},"geometry":{"type":"Point","coordinates":[100.59634,13.81544]}},{"type":"Feature","properties":{"title":"ทางม้าลาย โชคชัย 4 ซอย 54 (ปากซอย)","info":["ถนน: ถนนโชคชัย 4","เขต: ลาดพร้าว","จำนวนช่องจราจร: 4","ไฟกดข้าม: ไม่มี"],"district":"ลาดพร้าว"},"geometry":{"type":"Point","coordinates":[100.59626,13.81554]}},{"type":"Feature","properties":{"title":"ทางม้าลาย บริเวณหน้าร้านปิ้งเนย","info":["ถนน: ถนนโชคชัย 4","เขต: ลาดพร้าว","จำนวนช่องจราจร: 2","ไฟกดข้าม: ไม่มี"],"district":"ลาดพร้าว"},"geometry":{"type":"Point","coordinates":[100.59628,13.81918]}},{"type":"Feature","properties":{"title":"ทางม้าลาย โชคชัย 4 ซอย 69 ( 4 จุด)","info":["ถนน: ถนนโชคชัย 4","เขต: ลาดพร้าว","จำนวนช่องจราจร: 10","ไฟกดข้าม: ไม่มี"],"district":"ลาดพร้าว"},"geometry":{"type":"Point","coordinates":[100.59628,13.82051]}},{"type":"Feature","properties":{"title":"ทางม้าลาย โชคชัย 4 ซอย 73","info":["ถนน: ถนนโชคชัย 4","เขต: ลาดพร้าว","จำนวนช่องจราจร: 2","ไฟกดข้าม: ไม่มี"],"district":"ลาดพร้าว"},"geometry":{"type":"Point","coordinates":[100.59633,13.82186]}},{"type":"Feature","properties":{"title":"ทางม้าลาย แยกตัดลาดพร้าววังหิน","info":["ถนน: ถนนโชคชัย 4","เขต: ลาดพร้าว","จำนวนช่องจราจร: 2","ไฟกดข้าม: ไม่มี"],"district":"ลาดพร้าว"},"geometry":{"type":"Point","coordinates":[100.59177,13.82439]}},{"type":"Feature","properties":{"title":"ทางม้าลาย นาคนิวาส 4","info":["ถนน: ถนนนาคนิวาส","เขต: ลาดพร้าว","จำนวนช่องจราจร: 4","ไฟกดข้าม: ไม่มี"],"district":"ลาดพร้าว"},"geometry":{"type":"Point","coordinates":[100.60671,13.80122]}},{"type":"Feature","properties":{"title":"ทางม้าลาย หน้าศูนย์การศึกษานอกระบบ","info":["ถนน: ถนนเชื่อมสัมพันธ์","เขต: หนองจอก","จำนวนช่องจราจร: 6","ไฟกดข้าม: ไม่มี"],"district":"หนองจอก"},"geometry":{"type":"Point","coordinates":[100.8409,13.81307]}},{"type":"Feature","properties":{"title":"ทางม้าลาย ทางแยกถนนสุวินทวงศ์","info":["ถนน: ถนนเชื่อมสัมพันธ์","เขต: หนองจอก","จำนวนช่องจราจร: 4","ไฟกดข้าม: ไม่มี"],"district":"หนองจอก"},"geometry":{"type":"Point","coordinates":[100.83781,13.80726]}},{"type":"Feature","properties":{"title":"ทางม้าลาย ทางแยกถนนสุวินทวงศ์","info":["ถนน: ถนนฉลองกรุง","เขต: หนองจอก","จำนวนช่องจราจร: 4","ไฟกดข้าม: ไม่มี"],"district":"หนองจอก"},"geometry":{"type":"Point","coordinates":[100.83747,13.80674]}},{"type":"Feature","properties":{"title":"ทางม้าลาย ทางแยกถนนสังฆประชา","info":["ถนน: ถนนฉลองกรุง","เขต: หนองจอก","จำนวนช่องจราจร: 6","ไฟกดข้าม: มี"],"district":"หนองจอก"},"geometry":{"type":"Point","coordinates":[100.82604,13.78789]}},{"type":"Feature","properties":{"title":"ทางม้าลาย ซอยคลองสิบ-สิบสี่ 12 ทางเข้าโรงเรียนลำบุหรี่พวง","info":["ถนน: ถนนคลองสิบ-สิบสี่","เขต: หนองจอก","จำนวนช่องจราจร: 2","ไฟกดข้าม: ไม่มี"],"district":"หนองจอก"},"geometry":{"type":"Point","coordinates":[100.84977,13.89761]}},{"type":"Feature","properties":{"title":"ทางม้าลาย ทางแยกถนนประชาสำราญ (2 ด้าน)","info":["ถนน: ถนนคลองสิบ-สิบสี่","เขต: หนองจอก","จำนวนช่องจราจร: 2","ไฟกดข้าม: ไม่มี"],"district":"หนองจอก"},"geometry":{"type":"Point","coordinates":[100.86281,13.89698]}},{"type":"Feature","properties":{"title":"ทางม้าลาย ทางแยกถนนฉลองกรุง","info":["ถนน: ถนนสังฆประชา","เขต: หนองจอก","จำนวนช่องจราจร: 2","ไฟกดข้าม: ไม่มี"],"district":"หนองจอก"},"geometry":{"type":"Point","coordinates":[100.82609,13.78778]}},{"type":"Feature","properties":{"title":"ทางม้าลาย ซอยสังฆประชา 7","info":["ถนน: ถนนสังฆประชา","เขต: หนองจอก","จำนวนช่องจราจร: 2","ไฟกดข้าม: ไม่มี"],"district":"หนองจอก"},"geometry":{"type":"Point","coordinates":[100.83225,13.7784]}},{"type":"Feature","properties":{"title":"ทางม้าลาย ซอยสังฆประชา 13 เคหะฉลองกรุง","info":["ถนน: ถนนสังฆประชา","เขต: หนองจอก","จำนวนช่องจราจร: 2","ไฟกดข้าม: ไม่มี"],"district":"หนองจอก"},"geometry":{"type":"Point","coordinates":[100.83443,13.77558]}},{"type":"Feature","properties":{"title":"ทางม้าลาย ทางเข้าโรงเรียนสังฆประชานุสรณ์ 2 ด้าน","info":["ถนน: ถนนสังฆประชา","เขต: หนองจอก","จำนวนช่องจราจร: 2","ไฟกดข้าม: ไม่มี"],"district":"หนองจอก"},"geometry":{"type":"Point","coordinates":[100.83314,13.76945]}},{"type":"Feature","properties":{"title":"ทางม้าลาย หน้าวัดลำพะอง","info":["ถนน: ถนนสังฆประชา","เขต: หนองจอก","จำนวนช่องจราจร: 2","ไฟกดข้าม: ไม่มี"],"district":"หนองจอก"},"geometry":{"type":"Point","coordinates":[100.83319,13.76887]}},{"type":"Feature","properties":{"title":"ทางม้าลาย ทางแยกถนนประชาสำราญ","info":["ถนน: ถนนมิตรไมตรี","เขต: หนองจอก","จำนวนช่องจราจร: 4","ไฟกดข้าม: ไม่มี"],"district":"หนองจอก"},"geometry":{"type":"Point","coordinates":[100.861,13.86104]}},{"type":"Feature","properties":{"title":"ทางม้าลาย ทางแยกซอยมิตรไมตรี 3 (3 ด้าน)","info":["ถนน: ถนนมิตรไมตรี","เขต: หนองจอก","จำนวนช่องจราจร: 0","ไฟกดข้าม: ไม่มี"],"district":"หนองจอก"},"geometry":{"type":"Point","coordinates":[100.85395,13.85946]}},{"type":"Feature","properties":{"title":"ทางม้าลาย ซอยมิตรไมตรี 6/2 ศูนย์พัฒนาเด็กก่อนวัยเรียน","info":["ถนน: ถนนมิตรไมตรี","เขต: หนองจอก","จำนวนช่องจราจร: 2","ไฟกดข้าม: ไม่มี"],"district":"หนองจอก"},"geometry":{"type":"Point","coordinates":[100.84952,13.85927]}},{"type":"Feature","properties":{"title":"ทางม้าลาย ซอยมิตรไมตรี 10","info":["ถนน: ถนนมิตรไมตรี","เขต: หนองจอก","จำนวนช่องจราจร: 2","ไฟกดข้าม: ไม่มี"],"district":"หนองจอก"},"geometry":{"type":"Point","coordinates":[100.83327,13.85745]}},{"type":"Feature","properties":{"title":"ทางม้าลาย ซอยมิตรไมตรี 12","info":["ถนน: ถนนมิตรไมตรี","เขต: หนองจอก","จำนวนช่องจราจร: 2","ไฟกดข้าม: ไม่มี"],"district":"หนองจอก"},"geometry":{"type":"Point","coordinates":[100.82554,13.85643]}},{"type":"Feature","properties":{"title":"ทางม้าลาย ซอยมิตรไมตรี 12/2 เคหะชุมชนหนองจอก","info":["ถนน: ถนนมิตรไมตรี","เขต: หนองจอก","จำนวนช่องจราจร: 2","ไฟกดข้าม: ไม่มี"],"district":"หนองจอก"},"geometry":{"type":"Point","coordinates":[100.82028,13.85561]}},{"type":"Feature","properties":{"title":"ทางม้าลาย ซอยมิตรไมตรี 14","info":["ถนน: ถนนมิตรไมตรี","เขต: หนองจอก","จำนวนช่องจราจร: 2","ไฟกดข้าม: ไม่มี"],"district":"หนองจอก"},"geometry":{"type":"Point","coordinates":[100.81731,13.85527]}},{"type":"Feature","properties":{"title":"ทางม้าลาย ซอยมิตรไมตรี 16","info":["ถนน: ถนนมิตรไมตรี","เขต: หนองจอก","จำนวนช่องจราจร: 2","ไฟกดข้าม: ไม่มี"],"district":"หนองจอก"},"geometry":{"type":"Point","coordinates":[100.81834,13.85519]}},{"type":"Feature","properties":{"title":"ทางม้าลาย ซอยมิตรไมตรี 18/5 หมู่บ้านกิตติชัยวิลล่า 9","info":["ถนน: ถนนมิตรไมตรี","เขต: หนองจอก","จำนวนช่องจราจร: 2","ไฟกดข้าม: ไม่มี"],"district":"หนองจอก"},"geometry":{"type":"Point","coordinates":[100.81106,13.85474]}},{"type":"Feature","properties":{"title":"ทางม้าลาย ปากซอยหัวหมาก 27","info":["ถนน: ถนนหัวหมาก","เขต: บางกะปิ","จำนวนช่องจราจร: 2","ไฟกดข้าม: ไม่มี"],"district":"บางกะปิ"},"geometry":{"type":"Point","coordinates":[100.62997,13.75438]}},{"type":"Feature","properties":{"title":"ทางม้าลาย ปากซอยหัวหมาก 25","info":["ถนน: ถนนหัวหมาก","เขต: บางกะปิ","จำนวนช่องจราจร: 2","ไฟกดข้าม: ไม่มี"],"district":"บางกะปิ"},"geometry":{"type":"Point","coordinates":[100.63057,13.75395]}},{"type":"Feature","properties":{"title":"ทางม้าลาย ปากซอยหัวหมาก 28","info":["ถนน: ถนนหัวหมาก","เขต: บางกะปิ","จำนวนช่องจราจร: 2","ไฟกดข้าม: ไม่มี"],"district":"บางกะปิ"},"geometry":{"type":"Point","coordinates":[100.63057,13.75438]}},{"type":"Feature","properties":{"title":"ทางม้าลาย ซอยหัวหมาก 22","info":["ถนน: ถนนหัวหมาก","เขต: บางกะปิ","จำนวนช่องจราจร: 6","ไฟกดข้าม: ไม่มี"],"district":"บางกะปิ"},"geometry":{"type":"Point","coordinates":[100.63468,13.75232]}},{"type":"Feature","properties":{"title":"ทางม้าลาย โรงเรียนอนุบาลชุติมา","info":["ถนน: ถนนศรีนครินทร์","เขต: บางกะปิ","จำนวนช่องจราจร: 6","ไฟกดข้าม: ไม่มี"],"district":"บางกะปิ"},"geometry":{"type":"Point","coordinates":[100.64394,13.74749]}},{"type":"Feature","properties":{"title":"ทางม้าลาย แยกกรุงเทพกรีฑา","info":["ถนน: ถนนศรีนครินทร์","เขต: บางกะปิ","จำนวนช่องจราจร: 2","ไฟกดข้าม: ไม่มี"],"district":"บางกะปิ"},"geometry":{"type":"Point","coordinates":[100.64509,13.7517]}},{"type":"Feature","properties":{"title":"ทางม้าลาย ซอยศรีนครินทร์ 2","info":["ถนน: ถนนศรีนครินทร์","เขต: บางกะปิ","จำนวนช่องจราจร: 4","ไฟกดข้าม: ไม่มี"],"district":"บางกะปิ"},"geometry":{"type":"Point","coordinates":[100.64563,13.7536]}},{"type":"Feature","properties":{"title":"ทางม้าลาย หน้ามูลนิธิ ชิน โสภณพานิช","info":["ถนน: ถนนศรีนครินทร์","เขต: บางกะปิ","จำนวนช่องจราจร: 7","ไฟกดข้าม: ไม่มี"],"district":"บางกะปิ"},"geometry":{"type":"Point","coordinates":[100.64585,13.75563]}},{"type":"Feature","properties":{"title":"ทางม้าลาย แยกตัดลาดพร้าว","info":["ถนน: ถนนศรีนครินทร์","เขต: บางกะปิ","จำนวนช่องจราจร: 0","ไฟกดข้าม: ไม่มี"],"district":"บางกะปิ"},"geometry":{"type":"Point","coordinates":[100.64538,13.76599]}},{"type":"Feature","properties":{"title":"ทางม้าลาย แยกบางกะปิ","info":["ถนน: ถนนนวมินทร์","เขต: บางกะปิ","จำนวนช่องจราจร: 6","ไฟกดข้าม: ไม่มี"],"district":"บางกะปิ"},"geometry":{"type":"Point","coordinates":[100.64779,13.76655]}},{"type":"Feature","properties":{"title":"ทางม้าลาย สถานีตำรวจนครบาลลาดพร้าว","info":["ถนน: ถนนนวมินทร์","เขต: บางกะปิ","จำนวนช่องจราจร: 6","ไฟกดข้าม: ไม่มี"],"district":"บางกะปิ"},"geometry":{"type":"Point","coordinates":[100.64756,13.76812]}},{"type":"Feature","properties":{"title":"ทางม้าลาย แยกแฮปปี้แลนด์","info":["ถนน: ถนนนวมินทร์","เขต: บางกะปิ","จำนวนช่องจราจร: 4","ไฟกดข้าม: ไม่มี"],"district":"บางกะปิ"},"geometry":{"type":"Point","coordinates":[100.64494,13.78039]}},{"type":"Feature","properties":{"title":"ทางม้าลาย แยกตัดศรีบูรพา","info":["ถนน: ถนนนวมินทร์","เขต: บางกะปิ","จำนวนช่องจราจร: 0","ไฟกดข้าม: ไม่มี"],"district":"บางกะปิ"},"geometry":{"type":"Point","coordinates":[100.64744,13.78409]}},{"type":"Feature","properties":{"title":"ทางม้าลาย แยกนิด้า","info":["ถนน: ถนนศรีบูรพา","เขต: บางกะปิ","จำนวนช่องจราจร: 4","ไฟกดข้าม: ไม่มี"],"district":"บางกะปิ"},"geometry":{"type":"Point","coordinates":[100.65463,13.77257]}},{"type":"Feature","properties":{"title":"ทางม้าลาย ซอยศรีบูรพา 14","info":["ถนน: ถนนศรีบูรพา","เขต: บางกะปิ","จำนวนช่องจราจร: 4","ไฟกดข้าม: ไม่มี"],"district":"บางกะปิ"},"geometry":{"type":"Point","coordinates":[100.65176,13.7784]}},{"type":"Feature","properties":{"title":"ทางม้าลาย แยกสวนนวมินทร์ภิรมย์","info":["ถนน: ถนนศรีบูรพา","เขต: บางกะปิ","จำนวนช่องจราจร: 0","ไฟกดข้าม: ไม่มี"],"district":"บางกะปิ"},"geometry":{"type":"Point","coordinates":[100.65056,13.78031]}},{"type":"Feature","properties":{"title":"ทางม้าลาย แยกแฮปปี้แลนด์ตัดลาดพร้าว","info":["ถนน: ถนนแฮปปี้แลนด์","เขต: บางกะปิ","จำนวนช่องจราจร: 6","ไฟกดข้าม: ไม่มี"],"district":"บางกะปิ"},"geometry":{"type":"Point","coordinates":[100.64197,13.76811]}},{"type":"Feature","properties":{"title":"ทางม้าลาย หน้าตลาด","info":["ถนน: ถนนแฮปปี้แลนด์","เขต: บางกะปิ","จำนวนช่องจราจร: 6","ไฟกดข้าม: ไม่มี"],"district":"บางกะปิ"},"geometry":{"type":"Point","coordinates":[100.64179,13.76916]}},{"type":"Feature","properties":{"title":"ทางม้าลาย หมู่บ้านเสนนาวิลล่า","info":["ถนน: ถนนแฮปปี้แลนด์","เขต: บางกะปิ","จำนวนช่องจราจร: 4","ไฟกดข้าม: ไม่มี"],"district":"บางกะปิ"},"geometry":{"type":"Point","coordinates":[100.64142,13.77923]}},{"type":"Feature","properties":{"title":"ทางม้าลาย แยกตัดลาดพร้าว","info":["ถนน: ถนนลาดพร้าว 101","เขต: บางกะปิ","จำนวนช่องจราจร: 4","ไฟกดข้าม: ไม่มี"],"district":"วังทองหลาง"},"geometry":{"type":"Point","coordinates":[100.62927,13.77512]}},{"type":"Feature","properties":{"title":"ทางม้าลาย ลาดพร้าว 101 ซอย 7","info":["ถนน: ถนนลาดพร้าว 101","เขต: บางกะปิ","จำนวนช่องจราจร: 4","ไฟกดข้าม: ไม่มี"],"district":"วังทองหลาง"},"geometry":{"type":"Point","coordinates":[100.6302,13.77992]}},{"type":"Feature","properties":{"title":"ทางม้าลาย ปั๊มแก๊ส ใกล้ซอยลาดพร้าว 101 ซอย 36","info":["ถนน: ถนนลาดพร้าว 101","เขต: บางกะปิ","จำนวนช่องจราจร: 4","ไฟกดข้าม: ไม่มี"],"district":"วังทองหลาง"},"geometry":{"type":"Point","coordinates":[100.63058,13.78371]}},{"type":"Feature","properties":{"title":"ทางม้าลาย อันนาคอนโดมิเนียม","info":["ถนน: ถนนลาดพร้าว 101","เขต: บางกะปิ","จำนวนช่องจราจร: 4","ไฟกดข้าม: ไม่มี"],"district":"วังทองหลาง"},"geometry":{"type":"Point","coordinates":[100.63008,13.78553]}},{"type":"Feature","properties":{"title":"ทางม้าลาย ใกล้ห้างแฮปปี้อเวนิวส์","info":["ถนน: ถนนลาดพร้าว 101","เขต: บางกะปิ","จำนวนช่องจราจร: 4","ไฟกดข้าม: ไม่มี"],"district":"วังทองหลาง"},"geometry":{"type":"Point","coordinates":[100.62925,13.78794]}},{"type":"Feature","properties":{"title":"ทางม้าลาย ลาดพร้าว 101 ซอย 40","info":["ถนน: ถนนลาดพร้าว 101","เขต: บางกะปิ","จำนวนช่องจราจร: 4","ไฟกดข้าม: ไม่มี"],"district":"บางกะปิ"},"geometry":{"type":"Point","coordinates":[100.6289,13.78925]}},{"type":"Feature","properties":{"title":"ทางม้าลาย ลาดพร้าว 101 ซอย 42","info":["ถนน: ถนนลาดพร้าว 101","เขต: บางกะปิ","จำนวนช่องจราจร: 4","ไฟกดข้าม: ไม่มี"],"district":"บางกะปิ"},"geometry":{"type":"Point","coordinates":[100.62874,13.78995]}},{"type":"Feature","properties":{"title":"ทางม้าลาย ลาดพร้าว 101 ซอย 39","info":["ถนน: ถนนลาดพร้าว 101","เขต: บางกะปิ","จำนวนช่องจราจร: 4","ไฟกดข้าม: ไม่มี"],"district":"บางกะปิ"},"geometry":{"type":"Point","coordinates":[100.62819,13.79226]}},{"type":"Feature","properties":{"title":"ทางม้าลาย วิทยาลัยหัตถศิลป์กรุงเทพ","info":["ถนน: ถนนลาดพร้าว 101","เขต: บางกะปิ","จำนวนช่องจราจร: 4","ไฟกดข้าม: ไม่มี"],"district":"บางกะปิ"},"geometry":{"type":"Point","coordinates":[100.62811,13.79262]}},{"type":"Feature","properties":{"title":"ทางม้าลาย โรงเรียนมัธยมวัดบึงทองหลาง","info":["ถนน: ถนนลาดพร้าว 101","เขต: บางกะปิ","จำนวนช่องจราจร: 8","ไฟกดข้าม: ไม่มี"],"district":"บางกะปิ"},"geometry":{"type":"Point","coordinates":[100.62776,13.79416]}},{"type":"Feature","properties":{"title":"ทางม้าลาย แยกวัดบึงทองหลาง","info":["ถนน: ถนนลาดพร้าว 101","เขต: บางกะปิ","จำนวนช่องจราจร: 0","ไฟกดข้าม: ไม่มี"],"district":"บางกะปิ"},"geometry":{"type":"Point","coordinates":[100.62718,13.79728]}},{"type":"Feature","properties":{"title":"ทางม้าลาย ใกล้ซอยลาดพร้าว 111","info":["ถนน: ถนนลาดพร้าว","เขต: บางกะปิ","จำนวนช่องจราจร: 0","ไฟกดข้าม: ไม่มี"],"district":"บางกะปิ"},"geometry":{"type":"Point","coordinates":[100.6361,13.77123]}},{"type":"Feature","properties":{"title":"ทางม้าลาย ซอยกรุงเทพกรีฑา 10","info":["ถนน: ถนนกรุงเทพกรีฑา","เขต: บางกะปิ","จำนวนช่องจราจร: 2","ไฟกดข้าม: ไม่มี"],"district":"บางกะปิ"},"geometry":{"type":"Point","coordinates":[100.66448,13.74626]}},{"type":"Feature","properties":{"title":"ทางม้าลาย แยกกรุเทพกรีฑาตัดศรีนครินทร์ร่มเกล้า","info":["ถนน: ถนนกรุงเทพกรีฑา","เขต: บางกะปิ","จำนวนช่องจราจร: 18","ไฟกดข้าม: ไม่มี"],"district":"บางกะปิ"},"geometry":{"type":"Point","coordinates":[100.65679,13.74783]}},{"type":"Feature","properties":{"title":"ทางม้าลาย กรุงเทพกรีฑา 7 แยก 1","info":["ถนน: ซอยกรุงเทพกรีฑา 7","เขต: บางกะปิ","จำนวนช่องจราจร: 2","ไฟกดข้าม: ไม่มี"],"district":"บางกะปิ"},"geometry":{"type":"Point","coordinates":[100.65693,13.75011]}},{"type":"Feature","properties":{"title":"ทางม้าลาย หมู่บ้าน Town Rama 9","info":["ถนน: ซอยกรุงเทพกรีฑา 7","เขต: บางกะปิ","จำนวนช่องจราจร: 2","ไฟกดข้าม: ไม่มี"],"district":"บางกะปิ"},"geometry":{"type":"Point","coordinates":[100.65686,13.75249]}},{"type":"Feature","properties":{"title":"ทางม้าลาย ซอยลาดปลาเค้า 71","info":["ถนน: ถนนลาดปลาเค้า","เขต: บางเขน","จำนวนช่องจราจร: 4","ไฟกดข้าม: ไม่มี"],"district":"บางเขน"},"geometry":{"type":"Point","coordinates":[100.60443,13.84879]}},{"type":"Feature","properties":{"title":"ทางม้าลาย ซอยลาดปลาเค้า 79","info":["ถนน: ถนนลาดปลาเค้า","เขต: บางเขน","จำนวนช่องจราจร: 4","ไฟกดข้าม: ไม่มี"],"district":"บางเขน"},"geometry":{"type":"Point","coordinates":[100.60711,13.85302]}},{"type":"Feature","properties":{"title":"ทางม้าลาย หน้าปั้มน้ำมัน SUSCO","info":["ถนน: ถนนลาดปลาเค้า","เขต: บางเขน","จำนวนช่องจราจร: 4","ไฟกดข้าม: ไม่มี"],"district":"บางเขน"},"geometry":{"type":"Point","coordinates":[100.61196,13.86047]}},{"type":"Feature","properties":{"title":"ทางม้าลาย เลยซอยลาดปลาเค้า 89/1","info":["ถนน: ถนนลาดปลาเค้า","เขต: บางเขน","จำนวนช่องจราจร: 4","ไฟกดข้าม: ไม่มี"],"district":"บางเขน"},"geometry":{"type":"Point","coordinates":[100.61277,13.86157]}},{"type":"Feature","properties":{"title":"ทางม้าลาย ปั้มน้ำมัน ESSO","info":["ถนน: ถนนลาดปลาเค้า","เขต: บางเขน","จำนวนช่องจราจร: 4","ไฟกดข้าม: ไม่มี"],"district":"บางเขน"},"geometry":{"type":"Point","coordinates":[100.61303,13.86212]}},{"type":"Feature","properties":{"title":"ทางม้าลาย หน้าคอนโดลุมพินี","info":["ถนน: ถนนลาดปลาเค้า","เขต: บางเขน","จำนวนช่องจราจร: 4","ไฟกดข้าม: ไม่มี"],"district":"บางเขน"},"geometry":{"type":"Point","coordinates":[100.61333,13.86259]}},{"type":"Feature","properties":{"title":"ทางม้าลาย หน้าธนาคารกรุงเทพ","info":["ถนน: ถนนพหลโยธิน","เขต: บางเขน","จำนวนช่องจราจร: 6","ไฟกดข้าม: ไม่มี"],"district":"บางเขน"},"geometry":{"type":"Point","coordinates":[100.60727,13.89362]}},{"type":"Feature","properties":{"title":"ทางม้าลาย ถ.พหลโยธิน-ถ.เทพรักษ์","info":["ถนน: ถนนเทพรักษ์","เขต: บางเขน","จำนวนช่องจราจร: 6","ไฟกดข้าม: ไม่มี"],"district":"บางเขน"},"geometry":{"type":"Point","coordinates":[100.60559,13.89052]}},{"type":"Feature","properties":{"title":"ทางม้าลาย ทางเข้า รร.กองทับบกอุปถัมภ์ 1","info":["ถนน: ถนนผลาสินธุ์","เขต: บางเขน","จำนวนช่องจราจร: 4","ไฟกดข้าม: ไม่มี"],"district":"บางเขน"},"geometry":{"type":"Point","coordinates":[100.59382,13.8454]}},{"type":"Feature","properties":{"title":"ทางม้าลาย ทางเข้า รร.กองทับบกอุปถัมภ์ 2","info":["ถนน: ถนนผลาสินธุ์","เขต: บางเขน","จำนวนช่องจราจร: 4","ไฟกดข้าม: ไม่มี"],"district":"บางเขน"},"geometry":{"type":"Point","coordinates":[100.59241,13.84486]}},{"type":"Feature","properties":{"title":"ทางม้าลาย เสถียรธรรมสถาน","info":["ถนน: ถนนวัชรพล","เขต: บางเขน","จำนวนช่องจราจร: 4","ไฟกดข้าม: ไม่มี"],"district":"บางเขน"},"geometry":{"type":"Point","coordinates":[100.64096,13.85652]}},{"type":"Feature","properties":{"title":"ทางม้าลาย ปากทางเข้าถนอมมิตรปาร์ค TMB","info":["ถนน: ถนนวัชรพล","เขต: บางเขน","จำนวนช่องจราจร: 4","ไฟกดข้าม: ไม่มี"],"district":"บางเขน"},"geometry":{"type":"Point","coordinates":[100.64292,13.85857]}},{"type":"Feature","properties":{"title":"ทางม้าลาย ทางเข้าสำนักงานที่ดินลาดพร้าว","info":["ถนน: ถนนวัชรพล","เขต: บางเขน","จำนวนช่องจราจร: 4","ไฟกดข้าม: ไม่มี"],"district":"บางเขน"},"geometry":{"type":"Point","coordinates":[100.64558,13.85873]}},{"type":"Feature","properties":{"title":"ทางม้าลาย รร.รัตนโกสินทร์สมโภชน์บางเขน","info":["ถนน: ถนนวัชรพล","เขต: บางเขน","จำนวนช่องจราจร: 4","ไฟกดข้าม: ไม่มี"],"district":"บางเขน"},"geometry":{"type":"Point","coordinates":[100.64441,13.8702]}},{"type":"Feature","properties":{"title":"ทางม้าลาย วัชรพล 2/5","info":["ถนน: ถนนวัชรพล","เขต: บางเขน","จำนวนช่องจราจร: 4","ไฟกดข้าม: ไม่มี"],"district":"บางเขน"},"geometry":{"type":"Point","coordinates":[100.64338,13.87704]}},{"type":"Feature","properties":{"title":"ทางม้าลาย วัชรพล 1/9 (รร.อนุบาลจารุวรรณ)","info":["ถนน: ถนนวัชรพล","เขต: บางเขน","จำนวนช่องจราจร: 4","ไฟกดข้าม: ไม่มี"],"district":"บางเขน"},"geometry":{"type":"Point","coordinates":[100.6432,13.87828]}},{"type":"Feature","properties":{"title":"ทางม้าลาย รร.บ้านบัวมล","info":["ถนน: ถนนสุขภิบาล 5","เขต: บางเขน","จำนวนช่องจราจร: 6","ไฟกดข้าม: ไม่มี"],"district":"บางเขน"},"geometry":{"type":"Point","coordinates":[100.6511,13.88019]}},{"type":"Feature","properties":{"title":"ทางม้าลาย ห้าแยกวัชรพล","info":["ถนน: ถนนสุขภิบาล 5","เขต: บางเขน","จำนวนช่องจราจร: 4","ไฟกดข้าม: ไม่มี"],"district":"บางเขน"},"geometry":{"type":"Point","coordinates":[100.64645,13.86685]}},{"type":"Feature","properties":{"title":"ทางม้าลาย รร.บ้านคลองบัว (เอี่ยมแสงโรจน์)","info":["ถนน: ถนนสุขภิบาล 5","เขต: บางเขน","จำนวนช่องจราจร: 4","ไฟกดข้าม: ไม่มี"],"district":"บางเขน"},"geometry":{"type":"Point","coordinates":[100.64063,13.86364]}},{"type":"Feature","properties":{"title":"ทางม้าลาย สุขาภิบาล 5 ซอย 8/1","info":["ถนน: ถนนสุขภิบาล 5","เขต: บางเขน","จำนวนช่องจราจร: 4","ไฟกดข้าม: ไม่มี"],"district":"บางเขน"},"geometry":{"type":"Point","coordinates":[100.63933,13.86345]}},{"type":"Feature","properties":{"title":"ทางม้าลาย สุขาภิบาล 5 ซอย 7","info":["ถนน: ถนนสุขภิบาล 5","เขต: บางเขน","จำนวนช่องจราจร: 4","ไฟกดข้าม: ไม่มี"],"district":"บางเขน"},"geometry":{"type":"Point","coordinates":[100.63616,13.86308]}},{"type":"Feature","properties":{"title":"ทางม้าลาย วิบูลย์บริหารธุรกิจรามอินทรา","info":["ถนน: ซอยรามอินทรา 39 แยก 3","เขต: บางเขน","จำนวนช่องจราจร: 2","ไฟกดข้าม: ไม่มี"],"district":"บางเขน"},"geometry":{"type":"Point","coordinates":[100.62646,13.86339]}},{"type":"Feature","properties":{"title":"ทางม้าลาย รร.นานาชาติกีรพัฒน์","info":["ถนน: ซอยรามอินทรา 34 (ซอยอยู่เย็น)","เขต: บางเขน","จำนวนช่องจราจร: 4","ไฟกดข้าม: ไม่มี"],"district":"บางเขน"},"geometry":{"type":"Point","coordinates":[100.63294,13.84516]}},{"type":"Feature","properties":{"title":"ทางม้าลาย รร.สุขฤทัย","info":["ถนน: ซอยรามอินทรา 65 แยก 2","เขต: บางเขน","จำนวนช่องจราจร: 2","ไฟกดข้าม: ไม่มี"],"district":"บางเขน"},"geometry":{"type":"Point","coordinates":[100.6505,13.84972]}},{"type":"Feature","properties":{"title":"ทางม้าลาย แยก สุขาภิบาล 5 ซอย 32-ทางด่วน","info":["ถนน: ซอยสุขาภิบาล 5 ซอย 32","เขต: บางเขน","จำนวนช่องจราจร: 6","ไฟกดข้าม: ไม่มี"],"district":"บางเขน"},"geometry":{"type":"Point","coordinates":[100.65392,13.88441]}},{"type":"Feature","properties":{"title":"ทางม้าลาย รร.อนุบาลอมาตยกุล","info":["ถนน: ซอยพหลโยธิน 51","เขต: บางเขน","จำนวนช่องจราจร: 2","ไฟกดข้าม: ไม่มี"],"district":"บางเขน"},"geometry":{"type":"Point","coordinates":[100.58969,13.86801]}},{"type":"Feature","properties":{"title":"ทางม้าลาย ทางแยกถนนสกุลดี","info":["ถนน: ถนนเชื่อมสัมพันธ์","เขต: หนองจอก","จำนวนช่องจราจร: 2","ไฟกดข้าม: ไม่มี"],"district":"หนองจอก"},"geometry":{"type":"Point","coordinates":[100.86444,13.85988]}},{"type":"Feature","properties":{"title":"ทางม้าลาย ทางแยกวงเวียนหอนาฬิกา 4 ด้าน","info":["ถนน: ถนนเชื่อมสัมพันธ์","เขต: หนองจอก","จำนวนช่องจราจร: 0","ไฟกดข้าม: ไม่มี"],"district":"หนองจอก"},"geometry":{"type":"Point","coordinates":[100.86304,13.85631]}},{"type":"Feature","properties":{"title":"ทางม้าลาย หน้าสำนักงานเขตหนองจอก","info":["ถนน: ถนนเชื่อมสัมพันธ์","เขต: หนองจอก","จำนวนช่องจราจร: 4","ไฟกดข้าม: ไม่มี"],"district":"หนองจอก"},"geometry":{"type":"Point","coordinates":[100.86288,13.85579]}},{"type":"Feature","properties":{"title":"ทางม้าลาย ซอยเชื่อมสัมพันธ์ 13","info":["ถนน: ถนนเชื่อมสัมพันธ์","เขต: หนองจอก","จำนวนช่องจราจร: 6","ไฟกดข้าม: ไม่มี"],"district":"หนองจอก"},"geometry":{"type":"Point","coordinates":[100.85764,13.84545]}},{"type":"Feature","properties":{"title":"ทางม้าลาย หน้าสนามกีฬาบางกอกอารีน่า","info":["ถนน: ถนนเชื่อมสัมพันธ์","เขต: หนองจอก","จำนวนช่องจราจร: 6","ไฟกดข้าม: ไม่มี"],"district":"หนองจอก"},"geometry":{"type":"Point","coordinates":[100.85053,13.83167]}},{"type":"Feature","properties":{"title":"ทางม้าลาย ซอยเลียบวารี 27 (หมู่บ้านเพ็ญศิริ 4)","info":["ถนน: ถนนเลียบวารี","เขต: หนองจอก","จำนวนช่องจราจร: 6","ไฟกดข้าม: ไม่มี"],"district":"หนองจอก"},"geometry":{"type":"Point","coordinates":[100.83891,13.85471]}},{"type":"Feature","properties":{"title":"ทางม้าลาย ซอยเลียบวารี 29","info":["ถนน: ถนนเลียบวารี","เขต: หนองจอก","จำนวนช่องจราจร: 6","ไฟกดข้าม: ไม่มี"],"district":"หนองจอก"},"geometry":{"type":"Point","coordinates":[100.83785,13.85461]}},{"type":"Feature","properties":{"title":"ทางม้าลาย ซอยเลียบวารี 33","info":["ถนน: ถนนเลียบวารี","เขต: หนองจอก","จำนวนช่องจราจร: 6","ไฟกดข้าม: ไม่มี"],"district":"หนองจอก"},"geometry":{"type":"Point","coordinates":[100.83661,13.85449]}},{"type":"Feature","properties":{"title":"ทางม้าลาย ใกล้ซอยเลียบวารี 35 (หน้าอู่อ๊าด ออโต้ช็อป)","info":["ถนน: ถนนเลียบวารี","เขต: หนองจอก","จำนวนช่องจราจร: 6","ไฟกดข้าม: ไม่มี"],"district":"หนองจอก"},"geometry":{"type":"Point","coordinates":[100.83556,13.8544]}},{"type":"Feature","properties":{"title":"ทางม้าลาย ซอยเลียบวารี 37","info":["ถนน: ถนนเลียบวารี","เขต: หนองจอก","จำนวนช่องจราจร: 6","ไฟกดข้าม: ไม่มี"],"district":"หนองจอก"},"geometry":{"type":"Point","coordinates":[100.83438,13.85429]}},{"type":"Feature","properties":{"title":"ทางม้าลาย ใกล้ร้านวันฟิตเนส","info":["ถนน: ถนนเลียบวารี","เขต: หนองจอก","จำนวนช่องจราจร: 6","ไฟกดข้าม: ไม่มี"],"district":"หนองจอก"},"geometry":{"type":"Point","coordinates":[100.83308,13.85416]}},{"type":"Feature","properties":{"title":"ทางม้าลาย ซอยเลียบวารี 39","info":["ถนน: ถนนเลียบวารี","เขต: หนองจอก","จำนวนช่องจราจร: 6","ไฟกดข้าม: ไม่มี"],"district":"หนองจอก"},"geometry":{"type":"Point","coordinates":[100.83153,13.85402]}},{"type":"Feature","properties":{"title":"ทางม้าลาย ซอยเลียบวารี 41","info":["ถนน: ถนนเลียบวารี","เขต: หนองจอก","จำนวนช่องจราจร: 6","ไฟกดข้าม: ไม่มี"],"district":"หนองจอก"},"geometry":{"type":"Point","coordinates":[100.82987,13.85386]}},{"type":"Feature","properties":{"title":"ทางม้าลาย ใกล้คลองเจียรดับ","info":["ถนน: ถนนเลียบวารี","เขต: หนองจอก","จำนวนช่องจราจร: 6","ไฟกดข้าม: ไม่มี"],"district":"หนองจอก"},"geometry":{"type":"Point","coordinates":[100.82649,13.85354]}},{"type":"Feature","properties":{"title":"ทางม้าลาย หน้าสันติสุข สปอร์ตคลับ","info":["ถนน: ถนนเลียบวารี","เขต: หนองจอก","จำนวนช่องจราจร: 6","ไฟกดข้าม: ไม่มี"],"district":"หนองจอก"},"geometry":{"type":"Point","coordinates":[100.82531,13.85343]}},{"type":"Feature","properties":{"title":"ทางม้าลาย ซอยเลียบวารี 55","info":["ถนน: ถนนเลียบวารี","เขต: หนองจอก","จำนวนช่องจราจร: 6","ไฟกดข้าม: ไม่มี"],"district":"หนองจอก"},"geometry":{"type":"Point","coordinates":[100.82189,13.85311]}},{"type":"Feature","properties":{"title":"ทางม้าลาย ซอยเลียบวารี 59","info":["ถนน: ถนนเลียบวารี","เขต: หนองจอก","จำนวนช่องจราจร: 6","ไฟกดข้าม: ไม่มี"],"district":"หนองจอก"},"geometry":{"type":"Point","coordinates":[100.81879,13.85281]}},{"type":"Feature","properties":{"title":"ทางม้าลาย ทางแยกเชื่อมถนนมิตรไมตรี","info":["ถนน: ถนนเลียบวารี","เขต: หนองจอก","จำนวนช่องจราจร: 6","ไฟกดข้าม: ไม่มี"],"district":"มีนบุรี"},"geometry":{"type":"Point","coordinates":[100.80727,13.85171]}},{"type":"Feature","properties":{"title":"ทางม้าลาย ซอยเลียบวารี 85","info":["ถนน: ถนนเลียบวารี","เขต: หนองจอก","จำนวนช่องจราจร: 6","ไฟกดข้าม: ไม่มี"],"district":"มีนบุรี"},"geometry":{"type":"Point","coordinates":[100.8026,13.84922]}},{"type":"Feature","properties":{"title":"ทางม้าลาย หน้าร้าน เอ บี ออโต้แม็กซ์","info":["ถนน: ถนนเลียบวารี","เขต: หนองจอก","จำนวนช่องจราจร: 6","ไฟกดข้าม: ไม่มี"],"district":"มีนบุรี"},"geometry":{"type":"Point","coordinates":[100.80136,13.84859]}},{"type":"Feature","properties":{"title":"ทางม้าลาย ทางแยกถนนเชื่อมสัมพันธ์","info":["ถนน: ถนนสังฆสันติสุข","เขต: หนองจอก","จำนวนช่องจราจร: 7","ไฟกดข้าม: ไม่มี"],"district":"หนองจอก"},"geometry":{"type":"Point","coordinates":[100.86286,13.85523]}},{"type":"Feature","properties":{"title":"ทางม้าลาย ซอยสังฆสันติสุข 25 ,27","info":["ถนน: ถนนสังฆสันติสุข","เขต: หนองจอก","จำนวนช่องจราจร: 2","ไฟกดข้าม: ไม่มี"],"district":"หนองจอก"},"geometry":{"type":"Point","coordinates":[100.87612,13.85218]}},{"type":"Feature","properties":{"title":"ทางม้าลาย หน้าโรงเรียนเซนเทเรซา","info":["ถนน: ถนนสังฆสันติสุข","เขต: หนองจอก","จำนวนช่องจราจร: 2","ไฟกดข้าม: ไม่มี"],"district":"หนองจอก"},"geometry":{"type":"Point","coordinates":[100.87724,13.85191]}},{"type":"Feature","properties":{"title":"ทางม้าลาย ซอยสังฆสันติสุข 34","info":["ถนน: ถนนสังฆสันติสุข","เขต: หนองจอก","จำนวนช่องจราจร: 2","ไฟกดข้าม: ไม่มี"],"district":"หนองจอก"},"geometry":{"type":"Point","coordinates":[100.88381,13.85017]}},{"type":"Feature","properties":{"title":"ทางม้าลาย ซอยสังฆสันติสุข 45","info":["ถนน: ถนนสังฆสันติสุข","เขต: หนองจอก","จำนวนช่องจราจร: 2","ไฟกดข้าม: ไม่มี"],"district":"หนองจอก"},"geometry":{"type":"Point","coordinates":[100.88504,13.84989]}},{"type":"Feature","properties":{"title":"ทางม้าลาย หน้าโรงเรียนสามแยกท่าไข่","info":["ถนน: ถนนสังฆสันติสุข","เขต: หนองจอก","จำนวนช่องจราจร: 2","ไฟกดข้าม: ไม่มี"],"district":"หนองจอก"},"geometry":{"type":"Point","coordinates":[100.89095,13.84852]}},{"type":"Feature","properties":{"title":"ทางม้าลาย ซอยสังฆสันติสุข 46","info":["ถนน: ถนนสังฆสันติสุข","เขต: หนองจอก","จำนวนช่องจราจร: 2","ไฟกดข้าม: ไม่มี"],"district":"หนองจอก"},"geometry":{"type":"Point","coordinates":[100.897,13.84471]}},{"type":"Feature","properties":{"title":"ทางม้าลาย ซอยสังฆสันติสุข 75","info":["ถนน: ถนนสังฆสันติสุข","เขต: หนองจอก","จำนวนช่องจราจร: 2","ไฟกดข้าม: ไม่มี"],"district":"หนองจอก"},"geometry":{"type":"Point","coordinates":[100.90262,13.83845]}},{"type":"Feature","properties":{"title":"ทางม้าลาย ซอยสังฆสันติสุข 52","info":["ถนน: ถนนสังฆสันติสุข","เขต: หนองจอก","จำนวนช่องจราจร: 2","ไฟกดข้าม: ไม่มี"],"district":"หนองจอก"},"geometry":{"type":"Point","coordinates":[100.9079,13.83531]}},{"type":"Feature","properties":{"title":"ทางม้าลาย หน้าโรงเรียนนีลราษฎร์อุปถัมภ์","info":["ถนน: ถนนสังฆสันติสุข","เขต: หนองจอก","จำนวนช่องจราจร: 2","ไฟกดข้าม: ไม่มี"],"district":"หนองจอก"},"geometry":{"type":"Point","coordinates":[100.90925,13.83419]}},{"type":"Feature","properties":{"title":"ทางม้าลาย ทางแยกถนนทหารอากาศอุทิศ 2 ด้าน","info":["ถนน: ถนนสังฆสันติสุข","เขต: หนองจอก","จำนวนช่องจราจร: 0","ไฟกดข้าม: ไม่มี"],"district":"หนองจอก"},"geometry":{"type":"Point","coordinates":[100.93365,13.81598]}},{"type":"Feature","properties":{"title":"ทางม้าลาย หน้าโรงเรียนหลวงแพ่ง(บำรุงรัฐกิจ)","info":["ถนน: ถนนสังฆสันติสุข","เขต: หนองจอก","จำนวนช่องจราจร: 2","ไฟกดข้าม: ไม่มี"],"district":"หนองจอก"},"geometry":{"type":"Point","coordinates":[100.93485,13.81509]}},{"type":"Feature","properties":{"title":"ทางม้าลาย ทางแยกถนนบุรีภิรมย์สามด้าน","info":["ถนน: ถนนผดุงพันธ์","เขต: หนองจอก","จำนวนช่องจราจร: 2","ไฟกดข้าม: ไม่มี"],"district":"หนองจอก"},"geometry":{"type":"Point","coordinates":[100.86814,13.85749]}},{"type":"Feature","properties":{"title":"ทางม้าลาย ซอยผดุงพันธ์ 15","info":["ถนน: ถนนผดุงพันธ์","เขต: หนองจอก","จำนวนช่องจราจร: 2","ไฟกดข้าม: ไม่มี"],"district":"หนองจอก"},"geometry":{"type":"Point","coordinates":[100.87788,13.8556]}},{"type":"Feature","properties":{"title":"ทางม้าลาย หน้าโรงเรียนสุเหร่าศาลาแดง","info":["ถนน: ถนนผดุงพันธ์","เขต: หนองจอก","จำนวนช่องจราจร: 2","ไฟกดข้าม: ไม่มี"],"district":"หนองจอก"},"geometry":{"type":"Point","coordinates":[100.89716,13.85156]}},{"type":"Feature","properties":{"title":"ทางม้าลาย ทางแยกถนนคู้คลอง 10 สองด้าน","info":["ถนน: ถนนมิตรไมตรี","เขต: หนองจอก","จำนวนช่องจราจร: 0","ไฟกดข้าม: ไม่มี"],"district":"หนองจอก"},"geometry":{"type":"Point","coordinates":[100.80728,13.85439]}},{"type":"Feature","properties":{"title":"ทางม้าลาย ซอยมิตรไมตรี 26 ทางเข้าโรงเรียนวัดทรัพย์สโมสรด้านหลัง","info":["ถนน: ถนนมิตรไมตรี","เขต: หนองจอก","จำนวนช่องจราจร: 2","ไฟกดข้าม: ไม่มี"],"district":"หนองจอก"},"geometry":{"type":"Point","coordinates":[100.80203,13.85232]}},{"type":"Feature","properties":{"title":"ทางม้าลาย ซอยมิตรไมตรี 8","info":["ถนน: ถนนมิตรไมตรี","เขต: หนองจอก","จำนวนช่องจราจร: 2","ไฟกดข้าม: ไม่มี"],"district":"หนองจอก"},"geometry":{"type":"Point","coordinates":[100.84369,13.8586]}},{"type":"Feature","properties":{"title":"ทางม้าลาย ทางเข้าโรงเรียนเจียรดับด้านหลัง","info":["ถนน: ถนนมิตรไมตรี","เขต: หนองจอก","จำนวนช่องจราจร: 2","ไฟกดข้าม: ไม่มี"],"district":"หนองจอก"},"geometry":{"type":"Point","coordinates":[100.82852,13.85692]}},{"type":"Feature","properties":{"title":"ทางม้าลาย ทางแยกถนนสุวินทวงศ์","info":["ถนน: ถนนร่วมพัฒนา","เขต: หนองจอก","จำนวนช่องจราจร: 2","ไฟกดข้าม: ไม่มี"],"district":"หนองจอก"},"geometry":{"type":"Point","coordinates":[100.87202,13.80346]}},{"type":"Feature","properties":{"title":"ทางม้าลาย ซอยร่วมพัฒนา 2","info":["ถนน: ถนนร่วมพัฒนา","เขต: หนองจอก","จำนวนช่องจราจร: 2","ไฟกดข้าม: ไม่มี"],"district":"หนองจอก"},"geometry":{"type":"Point","coordinates":[100.87225,13.80018]}},{"type":"Feature","properties":{"title":"ทางม้าลาย ซอยร่วมพัฒนา 6","info":["ถนน: ถนนร่วมพัฒนา","เขต: หนองจอก","จำนวนช่องจราจร: 2","ไฟกดข้าม: ไม่มี"],"district":"หนองจอก"},"geometry":{"type":"Point","coordinates":[100.87238,13.7978]}},{"type":"Feature","properties":{"title":"ทางม้าลาย ซอยร่วมพัฒนา 5 2 ด้าน ทางเข้าขนส่งพื้นที่ 4","info":["ถนน: ถนนร่วมพัฒนา","เขต: หนองจอก","จำนวนช่องจราจร: 2","ไฟกดข้าม: ไม่มี"],"district":"หนองจอก"},"geometry":{"type":"Point","coordinates":[100.87214,13.79407]}},{"type":"Feature","properties":{"title":"ทางม้าลาย หน้าวัดใหม่กระทุ่มล้ม (โรงเรียนวัดใหม่กระทุ่มล้ม)","info":["ถนน: ถนนร่วมพัฒนา","เขต: หนองจอก","จำนวนช่องจราจร: 2","ไฟกดข้าม: ไม่มี"],"district":"หนองจอก"},"geometry":{"type":"Point","coordinates":[100.87039,13.77928]}},{"type":"Feature","properties":{"title":"ทางม้าลาย ทางแยกถนนวิบูลย์สาธุกิจ","info":["ถนน: ถนนร่วมพัฒนา","เขต: หนองจอก","จำนวนช่องจราจร: 2","ไฟกดข้าม: ไม่มี"],"district":"หนองจอก"},"geometry":{"type":"Point","coordinates":[100.86971,13.76345]}},{"type":"Feature","properties":{"title":"ทางม้าลาย ทางแยกถนนร่วมพัฒนา","info":["ถนน: ถนนวิบูลย์สาธุกิจ","เขต: หนองจอก","จำนวนช่องจราจร: 2","ไฟกดข้าม: ไม่มี"],"district":"หนองจอก"},"geometry":{"type":"Point","coordinates":[100.86978,13.7634]}},{"type":"Feature","properties":{"title":"ทางม้าลาย ทางแยกถนนสังฆสันติสุข","info":["ถนน: ถนนอยู่วิทยา","เขต: หนองจอก","จำนวนช่องจราจร: 2","ไฟกดข้าม: ไม่มี"],"district":"หนองจอก"},"geometry":{"type":"Point","coordinates":[100.86891,13.85391]}},{"type":"Feature","properties":{"title":"ทางม้าลาย ใกล้คลองลำโคล่","info":["ถนน: ถนนอยู่วิทยา","เขต: หนองจอก","จำนวนช่องจราจร: 2","ไฟกดข้าม: ไม่มี"],"district":"หนองจอก"},"geometry":{"type":"Point","coordinates":[100.87164,13.81069]}},{"type":"Feature","properties":{"title":"ทางม้าลาย ทางแยกถนนสุวินทวงศ์","info":["ถนน: ถนนอยู่วิทยา","เขต: หนองจอก","จำนวนช่องจราจร: 4","ไฟกดข้าม: ไม่มี"],"district":"หนองจอก"},"geometry":{"type":"Point","coordinates":[100.87199,13.804]}},{"type":"Feature","properties":{"title":"ทางม้าลาย ทางแยกถนนมิตรไมตรี","info":["ถนน: ถนนคู้คลองสิบ","เขต: หนองจอก","จำนวนช่องจราจร: 2","ไฟกดข้าม: ไม่มี"],"district":"หนองจอก"},"geometry":{"type":"Point","coordinates":[100.80738,13.85449]}},{"type":"Feature","properties":{"title":"ทางม้าลาย ทางเข้าโรงเรียนดารุ้ลอิ้ลมิ์","info":["ถนน: ถนนคู้คลองสิบ","เขต: หนองจอก","จำนวนช่องจราจร: 2","ไฟกดข้าม: ไม่มี"],"district":"หนองจอก"},"geometry":{"type":"Point","coordinates":[100.80822,13.86902]}},{"type":"Feature","properties":{"title":"ทางม้าลาย ซอยคู้คลองสิบ 4","info":["ถนน: ถนนคู้คลองสิบ","เขต: หนองจอก","จำนวนช่องจราจร: 2","ไฟกดข้าม: ไม่มี"],"district":"หนองจอก"},"geometry":{"type":"Point","coordinates":[100.80958,13.88359]}},{"type":"Feature","properties":{"title":"ทางม้าลาย ซอยคู้คลองสิบ 7","info":["ถนน: ถนนคู้คลองสิบ","เขต: หนองจอก","จำนวนช่องจราจร: 2","ไฟกดข้าม: ไม่มี"],"district":"หนองจอก"},"geometry":{"type":"Point","coordinates":[100.8098,13.88582]}},{"type":"Feature","properties":{"title":"ทางม้าลาย ทางเข้าโรงเรียนวัดสามง่าม","info":["ถนน: ถนนคู้คลองสิบ","เขต: หนองจอก","จำนวนช่องจราจร: 2","ไฟกดข้าม: ไม่มี"],"district":"หนองจอก"},"geometry":{"type":"Point","coordinates":[100.81007,13.88861]}},{"type":"Feature","properties":{"title":"ทางม้าลาย ทางแยกถนนคลองเก้า","info":["ถนน: ถนนคู้คลองสิบ","เขต: หนองจอก","จำนวนช่องจราจร: 2","ไฟกดข้าม: ไม่มี"],"district":"หนองจอก"},"geometry":{"type":"Point","coordinates":[100.81026,13.8904]}},{"type":"Feature","properties":{"title":"ทางม้าลาย ทางแยกถนนคลองสิบ-สิบสี่","info":["ถนน: ถนนคู้คลองสิบ","เขต: หนองจอก","จำนวนช่องจราจร: 2","ไฟกดข้าม: ไม่มี"],"district":"หนองจอก"},"geometry":{"type":"Point","coordinates":[100.81035,13.8921]}},{"type":"Feature","properties":{"title":"ทางม้าลาย หน้าโรงเรียนสุเหร่าคลองสิบ","info":["ถนน: ถนนคู้คลองสิบ","เขต: หนองจอก","จำนวนช่องจราจร: 2","ไฟกดข้าม: ไม่มี"],"district":"หนองจอก"},"geometry":{"type":"Point","coordinates":[100.81103,13.90447]}},{"type":"Feature","properties":{"title":"ทางม้าลาย ซอยคูคลองสิบ 9","info":["ถนน: ถนนคู้คลองสิบ","เขต: หนองจอก","จำนวนช่องจราจร: 2","ไฟกดข้าม: ไม่มี"],"district":"หนองจอก"},"geometry":{"type":"Point","coordinates":[100.81236,13.91802]}},{"type":"Feature","properties":{"title":"ทางม้าลาย ทางแยกถนนคู้คลองสิบ","info":["ถนน: ถนนคลองเก้า","เขต: หนองจอก","จำนวนช่องจราจร: 2","ไฟกดข้าม: ไม่มี"],"district":"หนองจอก"},"geometry":{"type":"Point","coordinates":[100.81016,13.89052]}},{"type":"Feature","properties":{"title":"ทางม้าลาย ซอยคลองเก้า 3","info":["ถนน: ถนนคลองเก้า","เขต: หนองจอก","จำนวนช่องจราจร: 2","ไฟกดข้าม: ไม่มี"],"district":"หนองจอก"},"geometry":{"type":"Point","coordinates":[100.80806,13.89115]}},{"type":"Feature","properties":{"title":"ทางม้าลาย หน้าโรงเรียนสุเหร่าคลองเก้า","info":["ถนน: ถนนคลองเก้า","เขต: หนองจอก","จำนวนช่องจราจร: 2","ไฟกดข้าม: ไม่มี"],"district":"หนองจอก"},"geometry":{"type":"Point","coordinates":[100.79373,13.90496]}},{"type":"Feature","properties":{"title":"ทางม้าลาย ทางแยกถนนไมตรีจิต (2 ด้าน)","info":["ถนน: ถนนคลองเก้า","เขต: หนองจอก","จำนวนช่องจราจร: 6","ไฟกดข้าม: ไม่มี"],"district":"หนองจอก"},"geometry":{"type":"Point","coordinates":[100.79379,13.91862]}},{"type":"Feature","properties":{"title":"ทางม้าลาย หน้าศูนย์บริหารกิจการศาสนาอิสลามแห่งชาติเฉลิมพระเกียรติ (2 ด้าน)","info":["ถนน: ถนนคลองเก้า","เขต: หนองจอก","จำนวนช่องจราจร: 4","ไฟกดข้าม: ไม่มี"],"district":"หนองจอก"},"geometry":{"type":"Point","coordinates":[100.79386,13.92373]}},{"type":"Feature","properties":{"title":"ทางม้าลาย ทางแยกถนนเชื่อมสัมพันธ์","info":["ถนน: ถนนเลียบวารี","เขต: หนองจอก","จำนวนช่องจราจร: 7","ไฟกดข้าม: ไม่มี"],"district":"หนองจอก"},"geometry":{"type":"Point","coordinates":[100.86258,13.85523]}},{"type":"Feature","properties":{"title":"ทางม้าลาย หน้าโรงพยาบาลเวชการุณรัศมิ์","info":["ถนน: ถนนเลียบวารี","เขต: หนองจอก","จำนวนช่องจราจร: 7","ไฟกดข้าม: ไม่มี"],"district":"หนองจอก"},"geometry":{"type":"Point","coordinates":[100.85877,13.85581]}},{"type":"Feature","properties":{"title":"ทางม้าลาย หน้าบิ๊กซีหนองจอก","info":["ถนน: ถนนเลียบวารี","เขต: หนองจอก","จำนวนช่องจราจร: 7","ไฟกดข้าม: ไม่มี"],"district":"หนองจอก"},"geometry":{"type":"Point","coordinates":[100.85479,13.85586]}},{"type":"Feature","properties":{"title":"ทางม้าลาย ซอยเลียบวารี 5","info":["ถนน: ถนนเลียบวารี","เขต: หนองจอก","จำนวนช่องจราจร: 6","ไฟกดข้าม: ไม่มี"],"district":"หนองจอก"},"geometry":{"type":"Point","coordinates":[100.85157,13.85571]}},{"type":"Feature","properties":{"title":"ทางม้าลาย ซอยเลียบวารี 9 และ 16","info":["ถนน: ถนนเลียบวารี","เขต: หนองจอก","จำนวนช่องจราจร: 6","ไฟกดข้าม: ไม่มี"],"district":"หนองจอก"},"geometry":{"type":"Point","coordinates":[100.84998,13.85564]}},{"type":"Feature","properties":{"title":"ทางม้าลาย ใกล้ซอยเลียบวารี 18 (ใกล้ร้านหล่อซีเฮง กาแฟ)","info":["ถนน: ถนนเลียบวารี","เขต: หนองจอก","จำนวนช่องจราจร: 6","ไฟกดข้าม: ไม่มี"],"district":"หนองจอก"},"geometry":{"type":"Point","coordinates":[100.84938,13.85562]}},{"type":"Feature","properties":{"title":"ทางม้าลาย ใกล้ร้านซุปหางวัวสุไลมา","info":["ถนน: ถนนเลียบวารี","เขต: หนองจอก","จำนวนช่องจราจร: 6","ไฟกดข้าม: ไม่มี"],"district":"หนองจอก"},"geometry":{"type":"Point","coordinates":[100.8486,13.85558]}},{"type":"Feature","properties":{"title":"ทางม้าลาย ซอยเลียบวารี 11 (หมู่บ้านนันทวัน 5)","info":["ถนน: ถนนเลียบวารี","เขต: หนองจอก","จำนวนช่องจราจร: 6","ไฟกดข้าม: ไม่มี"],"district":"หนองจอก"},"geometry":{"type":"Point","coordinates":[100.84688,13.85546]}},{"type":"Feature","properties":{"title":"ทางม้าลาย ซอยเลียบวารี 22","info":["ถนน: ถนนเลียบวารี","เขต: หนองจอก","จำนวนช่องจราจร: 6","ไฟกดข้าม: ไม่มี"],"district":"หนองจอก"},"geometry":{"type":"Point","coordinates":[100.84611,13.85538]}},{"type":"Feature","properties":{"title":"ทางม้าลาย ซอยเลียบวารี 15","info":["ถนน: ถนนเลียบวารี","เขต: หนองจอก","จำนวนช่องจราจร: 6","ไฟกดข้าม: ไม่มี"],"district":"หนองจอก"},"geometry":{"type":"Point","coordinates":[100.84443,13.85523]}},{"type":"Feature","properties":{"title":"ทางม้าลาย ซอยเลียบวารี 19","info":["ถนน: ถนนเลียบวารี","เขต: หนองจอก","จำนวนช่องจราจร: 6","ไฟกดข้าม: ไม่มี"],"district":"หนองจอก"},"geometry":{"type":"Point","coordinates":[100.84346,13.85514]}},{"type":"Feature","properties":{"title":"ทางม้าลาย ซอยเลียบวารี 23","info":["ถนน: ถนนเลียบวารี","เขต: หนองจอก","จำนวนช่องจราจร: 6","ไฟกดข้าม: ไม่มี"],"district":"หนองจอก"},"geometry":{"type":"Point","coordinates":[100.84025,13.85483]}},{"type":"Feature","properties":{"title":"ทางม้าลาย มหาวิทยาลัยนอร์ทกรุงเทพ","info":["ถนน: ซอยพหลโยธิน 52","เขต: สายไหม","จำนวนช่องจราจร: 2","ไฟกดข้าม: ไม่มี"],"district":"สายไหม"},"geometry":{"type":"Point","coordinates":[100.6156,13.89386]}},{"type":"Feature","properties":{"title":"ทางม้าลาย รร.วัดราษฏร์นิยมธรรม","info":["ถนน: ซอยพหลโยธิน 52 แยก 45","เขต: สายไหม","จำนวนช่องจราจร: 2","ไฟกดข้าม: ไม่มี"],"district":"สายไหม"},"geometry":{"type":"Point","coordinates":[100.62487,13.88516]}},{"type":"Feature","properties":{"title":"ทางม้าลาย รร.ประชานุกูล","info":["ถนน: ซอยสายไหม 6 ซอยประชานุกูล","เขต: สายไหม","จำนวนช่องจราจร: 2","ไฟกดข้าม: ไม่มี"],"district":"สายไหม"},"geometry":{"type":"Point","coordinates":[100.63597,13.91837]}},{"type":"Feature","properties":{"title":"ทางม้าลาย สามแยกเสรีไทย 59","info":["ถนน: ถนนเสรีไทย(แยกนิด้า-คลองชัน)","เขต: คันนายาว","จำนวนช่องจราจร: 15","ไฟกดข้าม: ไม่มี"],"district":"คันนายาว"},"geometry":{"type":"Point","coordinates":[100.67762,13.78831]}},{"type":"Feature","properties":{"title":"ทางม้าลาย ซอยเสรีไทย 71/1","info":["ถนน: ถนนเสรีไทย(แยกนิด้า-คลองชัน)","เขต: คันนายาว","จำนวนช่องจราจร: 6","ไฟกดข้าม: ไม่มี"],"district":"คันนายาว"},"geometry":{"type":"Point","coordinates":[100.68896,13.79442]}},{"type":"Feature","properties":{"title":"ทางม้าลาย สามแยกสวนสยาม","info":["ถนน: ถนนเสรีไทย(แยกนิด้า-คลองชัน)","เขต: คันนายาว","จำนวนช่องจราจร: 12","ไฟกดข้าม: ไม่มี"],"district":"คันนายาว"},"geometry":{"type":"Point","coordinates":[100.69134,13.7955]}},{"type":"Feature","properties":{"title":"ทางม้าลาย ซอยเสรีไทย 81/1","info":["ถนน: ถนนเสรีไทย(แยกนิด้า-คลองชัน)","เขต: คันนายาว","จำนวนช่องจราจร: 6","ไฟกดข้าม: ไม่มี"],"district":"คันนายาว"},"geometry":{"type":"Point","coordinates":[100.69341,13.79632]}},{"type":"Feature","properties":{"title":"ทางม้าลาย สี่แยกตัดถนนรามอินทรา (แยก กม.8)","info":["ถนน: ถนนนวมินทร์(คลองพังพวย-ซอยนวมินทร์ 157)","เขต: คันนายาว","จำนวนช่องจราจร: 6","ไฟกดข้าม: ไม่มี"],"district":"คันนายาว"},"geometry":{"type":"Point","coordinates":[100.6624,13.83843]}},{"type":"Feature","properties":{"title":"ทางม้าลาย หน้าปตท.","info":["ถนน: ถนนเสรีไทย","เขต: คันนายาว","จำนวนช่องจราจร: 14","ไฟกดข้าม: ไม่มี"],"district":"คันนายาว"},"geometry":{"type":"Point","coordinates":[100.67762,13.78831]}},{"type":"Feature","properties":{"title":"ทางม้าลาย หน้าร้านเงินติดล้อ","info":["ถนน: ถนนเสรีไทย","เขต: คันนายาว","จำนวนช่องจราจร: 6","ไฟกดข้าม: ไม่มี"],"district":"คันนายาว"},"geometry":{"type":"Point","coordinates":[100.69341,13.79632]}},{"type":"Feature","properties":{"title":"ทางม้าลาย สี่แยก ธนาคารกรุงเทพ","info":["ถนน: ถนนเสรีไทย","เขต: คันนายาว","จำนวนช่องจราจร: 7","ไฟกดข้าม: ไม่มี"],"district":"คันนายาว"},"geometry":{"type":"Point","coordinates":[100.69115,13.79519]}},{"type":"Feature","properties":{"title":"ทางม้าลาย House lights โครงการ 2","info":["ถนน: ถนนคู้บอน","เขต: คันนายาว","จำนวนช่องจราจร: 4","ไฟกดข้าม: ไม่มี"],"district":"คันนายาว"},"geometry":{"type":"Point","coordinates":[100.66999,13.8521]}},{"type":"Feature","properties":{"title":"ทางม้าลาย สามแยกคลินิกกล้วยน้ำไท","info":["ถนน: ถนนคู้บอน","เขต: คันนายาว","จำนวนช่องจราจร: 6","ไฟกดข้าม: ไม่มี"],"district":"คันนายาว"},"geometry":{"type":"Point","coordinates":[100.66764,13.85003]}},{"type":"Feature","properties":{"title":"ทางม้าลาย แยกคู้บอน 25","info":["ถนน: ถนนคู้บอน","เขต: คันนายาว","จำนวนช่องจราจร: 4","ไฟกดข้าม: ไม่มี"],"district":"คันนายาว"},"geometry":{"type":"Point","coordinates":[100.66531,13.84871]}},{"type":"Feature","properties":{"title":"ทางม้าลาย แยกคู้บอน 6","info":["ถนน: ถนนคู้บอน","เขต: คันนายาว","จำนวนช่องจราจร: 4","ไฟกดข้าม: ไม่มี"],"district":"คันนายาว"},"geometry":{"type":"Point","coordinates":[100.66276,13.84258]}},{"type":"Feature","properties":{"title":"ทางม้าลาย หน้า ห้างทองเยาวราช","info":["ถนน: ถนนคู้บอน","เขต: คันนายาว","จำนวนช่องจราจร: 4","ไฟกดข้าม: ไม่มี"],"district":"คันนายาว"},"geometry":{"type":"Point","coordinates":[100.66163,13.83932]}},{"type":"Feature","properties":{"title":"ทางม้าลาย ถนนสวนสยาม หน้าเซเว่น","info":["ถนน: ถนนสวนสยาม","เขต: คันนายาว","จำนวนช่องจราจร: 6","ไฟกดข้าม: ไม่มี"],"district":"คันนายาว"},"geometry":{"type":"Point","coordinates":[100.69118,13.80241]}},{"type":"Feature","properties":{"title":"ทางม้าลาย หน้าสวนสยาม","info":["ถนน: ถนนสวนสยาม","เขต: คันนายาว","จำนวนช่องจราจร: 6","ไฟกดข้าม: ไม่มี"],"district":"คันนายาว"},"geometry":{"type":"Point","coordinates":[100.6916,13.80538]}},{"type":"Feature","properties":{"title":"ทางม้าลาย หน้าที่จอดรถสวนสยาม","info":["ถนน: ถนนสวนสยาม","เขต: คันนายาว","จำนวนช่องจราจร: 6","ไฟกดข้าม: ไม่มี"],"district":"คันนายาว"},"geometry":{"type":"Point","coordinates":[100.69129,13.80694]}},{"type":"Feature","properties":{"title":"ทางม้าลาย หน้าสนามกอล์ฟยูนิโก้","info":["ถนน: ถนนกรุงเทพกรีฑา","เขต: สะพานสูง","จำนวนช่องจราจร: 2","ไฟกดข้าม: ไม่มี"],"district":"สะพานสูง"},"geometry":{"type":"Point","coordinates":[100.66949,13.74532]}},{"type":"Feature","properties":{"title":"ทางม้าลาย หน้าโรงเรียนนานาชาติเวลลิงตันคอลเลค กรุงเทพ","info":["ถนน: ถนนกรุงเทพกรีฑา","เขต: สะพานสูง","จำนวนช่องจราจร: 2","ไฟกดข้าม: ไม่มี"],"district":"สะพานสูง"},"geometry":{"type":"Point","coordinates":[100.67178,13.74428]}},{"type":"Feature","properties":{"title":"ทางม้าลาย ทางแยกถนนผดุงพันธ์","info":["ถนน: ถนนยังพัธนา","เขต: หนองจอก","จำนวนช่องจราจร: 2","ไฟกดข้าม: ไม่มี"],"district":"หนองจอก"},"geometry":{"type":"Point","coordinates":[100.9008,13.85087]}},{"type":"Feature","properties":{"title":"ทางม้าลาย ทางแยกถนนมิตรไมตรี","info":["ถนน: ถนนประชาสำราญ","เขต: หนองจอก","จำนวนช่องจราจร: 2","ไฟกดข้าม: ไม่มี"],"district":"หนองจอก"},"geometry":{"type":"Point","coordinates":[100.86095,13.8614]}},{"type":"Feature","properties":{"title":"ทางม้าลาย ทางแยกถนนแสนเกษม","info":["ถนน: ถนนประชาสำราญ","เขต: หนองจอก","จำนวนช่องจราจร: 2","ไฟกดข้าม: ไม่มี"],"district":"หนองจอก"},"geometry":{"type":"Point","coordinates":[100.86307,13.89487]}},{"type":"Feature","properties":{"title":"ทางม้าลาย ทางแยกถนนคลองสิบ-สิบสี่ 2 ด้าน","info":["ถนน: ถนนประชาสำราญ","เขต: หนองจอก","จำนวนช่องจราจร: 2","ไฟกดข้าม: ไม่มี"],"district":"หนองจอก"},"geometry":{"type":"Point","coordinates":[100.86286,13.89687]}},{"type":"Feature","properties":{"title":"ทางม้าลาย หน้าโรงเรียนวัดพระยาปลา","info":["ถนน: ถนนประชาสำราญ","เขต: หนองจอก","จำนวนช่องจราจร: 2","ไฟกดข้าม: ไม่มี"],"district":"หนองจอก"},"geometry":{"type":"Point","coordinates":[100.86372,13.91341]}},{"type":"Feature","properties":{"title":"ทางม้าลาย หน้าโรงเรียนมัธยมวัดพระยาปลา","info":["ถนน: ถนนประชาสำราญ","เขต: หนองจอก","จำนวนช่องจราจร: 2","ไฟกดข้าม: ไม่มี"],"district":"หนองจอก"},"geometry":{"type":"Point","coordinates":[100.86383,13.91912]}},{"type":"Feature","properties":{"title":"ทางม้าลาย ทางแยกซอยประชาสำราญ 1","info":["ถนน: ถนนประชาสำราญ","เขต: หนองจอก","จำนวนช่องจราจร: 2","ไฟกดข้าม: ไม่มี"],"district":"หนองจอก"},"geometry":{"type":"Point","coordinates":[100.86432,13.93153]}},{"type":"Feature","properties":{"title":"ทางม้าลาย ทางแยกถนนประชาสำราญ","info":["ถนน: ซอยประชาสำราญ 1","เขต: หนองจอก","จำนวนช่องจราจร: 2","ไฟกดข้าม: ไม่มี"],"district":"หนองจอก"},"geometry":{"type":"Point","coordinates":[100.86539,13.93158]}},{"type":"Feature","properties":{"title":"ทางม้าลาย หน้าโรงเรียนหนองจอกพิทยานุสรณ์มัธยม(2 ประตู) จุดที่ 1","info":["ถนน: ซอยมิตรไมตรี 4","เขต: หนองจอก","จำนวนช่องจราจร: 2","ไฟกดข้าม: ไม่มี"],"district":"หนองจอก"},"geometry":{"type":"Point","coordinates":[100.8543,13.86078]}},{"type":"Feature","properties":{"title":"ทางม้าลาย หน้าโรงเรียนหนองจอกพิทยานุสรณ์มัธยม(2 ประตู) จุดที่ 2","info":["ถนน: ซอยมิตรไมตรี 4","เขต: หนองจอก","จำนวนช่องจราจร: 2","ไฟกดข้าม: ไม่มี"],"district":"หนองจอก"},"geometry":{"type":"Point","coordinates":[100.85434,13.86215]}},{"type":"Feature","properties":{"title":"ทางม้าลาย หน้าโรงเรียนสังฆประชุสรณ์","info":["ถนน: ซอยกำนันสอิตย์ เกษประดาฐ 2","เขต: หนองจอก","จำนวนช่องจราจร: 2","ไฟกดข้าม: ไม่มี"],"district":"หนองจอก"},"geometry":{"type":"Point","coordinates":[100.83567,13.76934]}},{"type":"Feature","properties":{"title":"ทางม้าลาย หน้าตลาดสะพานใหม่","info":["ถนน: ถนนพหลโยธิน","เขต: สายไหม","จำนวนช่องจราจร: 6","ไฟกดข้าม: ไม่มี"],"district":"บางเขน"},"geometry":{"type":"Point","coordinates":[100.60838,13.89552]}},{"type":"Feature","properties":{"title":"ทางม้าลาย สมาคมแม่บ้านทหารอากาศ","info":["ถนน: ถนนพหลโยธิน","เขต: สายไหม","จำนวนช่องจราจร: 6","ไฟกดข้าม: ไม่มี"],"district":"ดอนเมือง"},"geometry":{"type":"Point","coordinates":[100.61827,13.91227]}},{"type":"Feature","properties":{"title":"ทางม้าลาย หอประชุมกาญธนรัตน์","info":["ถนน: ถนนพหลโยธิน","เขต: สายไหม","จำนวนช่องจราจร: 6","ไฟกดข้าม: ไม่มี"],"district":"ดอนเมือง"},"geometry":{"type":"Point","coordinates":[100.62234,13.91923]}},{"type":"Feature","properties":{"title":"ทางม้าลาย หอประชุมกาญธนรัตน์ 2","info":["ถนน: ถนนพหลโยธิน","เขต: สายไหม","จำนวนช่องจราจร: 6","ไฟกดข้าม: ไม่มี"],"district":"ดอนเมือง"},"geometry":{"type":"Point","coordinates":[100.62256,13.9196]}},{"type":"Feature","properties":{"title":"ทางม้าลาย แยก คปอ. (ถ.พหลธิน - ถ. จันทรุเบกษา)","info":["ถนน: ถนนพหลโยธิน","เขต: สายไหม","จำนวนช่องจราจร: 6","ไฟกดข้าม: ไม่มี"],"district":"ดอนเมือง"},"geometry":{"type":"Point","coordinates":[100.62482,13.92337]}},{"type":"Feature","properties":{"title":"ทางม้าลาย แยกถ.พหลโยธิน-ถ.จันทรุเบกษา","info":["ถนน: ถนนจันทรุเบกษา","เขต: สายไหม","จำนวนช่องจราจร: 4","ไฟกดข้าม: ไม่มี"],"district":"สายไหม"},"geometry":{"type":"Point","coordinates":[100.6252,13.9234]}},{"type":"Feature","properties":{"title":"ทางม้าลาย โรงพยาบาล ซี จี เอส สายไหม","info":["ถนน: ถนนเฉลิมพงษ์","เขต: สายไหม","จำนวนช่องจราจร: 4","ไฟกดข้าม: ไม่มี"],"district":"สายไหม"},"geometry":{"type":"Point","coordinates":[100.68376,13.92416]}},{"type":"Feature","properties":{"title":"ทางม้าลาย รร.ไทยรัฐวิทยา 75 (วัชรพล 4/3)","info":["ถนน: ถนนวัชรพล","เขต: สายไหม","จำนวนช่องจราจร: 4","ไฟกดข้าม: ไม่มี"],"district":"สายไหม"},"geometry":{"type":"Point","coordinates":[100.64232,13.88992]}},{"type":"Feature","properties":{"title":"ทางม้าลาย แยกเพิ่มสิน (ถ.วัชรพล - ถ.เพิ่มสิน)","info":["ถนน: ถนนวัชรพล","เขต: สายไหม","จำนวนช่องจราจร: 4","ไฟกดข้าม: ไม่มี"],"district":"สายไหม"},"geometry":{"type":"Point","coordinates":[100.63788,13.9004]}},{"type":"Feature","properties":{"title":"ทางม้าลาย ซอยสายไหม 5 (6)","info":["ถนน: ถนนสายไหม","เขต: สายไหม","จำนวนช่องจราจร: 4","ไฟกดข้าม: ไม่มี"],"district":"สายไหม"},"geometry":{"type":"Point","coordinates":[100.63733,13.92215]}},{"type":"Feature","properties":{"title":"ทางม้าลาย ซอยสายไหม 7 (10)","info":["ถนน: ถนนสายไหม","เขต: สายไหม","จำนวนช่องจราจร: 4","ไฟกดข้าม: ไม่มี"],"district":"สายไหม"},"geometry":{"type":"Point","coordinates":[100.6384,13.92207]}},{"type":"Feature","properties":{"title":"ทางม้าลาย ซอยสายไหม 11","info":["ถนน: ถนนสายไหม","เขต: สายไหม","จำนวนช่องจราจร: 4","ไฟกดข้าม: ไม่มี"],"district":"สายไหม"},"geometry":{"type":"Point","coordinates":[100.63997,13.92199]}},{"type":"Feature","properties":{"title":"ทางม้าลาย ซอยสายไหม 13 (20)","info":["ถนน: ถนนสายไหม","เขต: สายไหม","จำนวนช่องจราจร: 4","ไฟกดข้าม: ไม่มี"],"district":"สายไหม"},"geometry":{"type":"Point","coordinates":[100.64197,13.92191]}},{"type":"Feature","properties":{"title":"ทางม้าลาย ซอยสายไหม 15 (32)","info":["ถนน: ถนนสายไหม","เขต: สายไหม","จำนวนช่องจราจร: 4","ไฟกดข้าม: ไม่มี"],"district":"สายไหม"},"geometry":{"type":"Point","coordinates":[100.64464,13.92184]}},{"type":"Feature","properties":{"title":"ทางม้าลาย ซอยสายไหม 23 (34/1)","info":["ถนน: ถนนสายไหม","เขต: สายไหม","จำนวนช่องจราจร: 4","ไฟกดข้าม: ไม่มี"],"district":"สายไหม"},"geometry":{"type":"Point","coordinates":[100.64701,13.92172]}},{"type":"Feature","properties":{"title":"ทางม้าลาย ซอยสายไหม 27 (40)","info":["ถนน: ถนนสายไหม","เขต: สายไหม","จำนวนช่องจราจร: 4","ไฟกดข้าม: ไม่มี"],"district":"สายไหม"},"geometry":{"type":"Point","coordinates":[100.64914,13.92162]}},{"type":"Feature","properties":{"title":"ทางม้าลาย ซอยสายไหม 42 (31)","info":["ถนน: ถนนสายไหม","เขต: สายไหม","จำนวนช่องจราจร: 4","ไฟกดข้าม: ไม่มี"],"district":"สายไหม"},"geometry":{"type":"Point","coordinates":[100.65083,13.92155]}},{"type":"Feature","properties":{"title":"ทางม้าลาย ซอยสายไหม 48 (31/1)","info":["ถนน: ถนนสายไหม","เขต: สายไหม","จำนวนช่องจราจร: 4","ไฟกดข้าม: ไม่มี"],"district":"สายไหม"},"geometry":{"type":"Point","coordinates":[100.65522,13.92136]}},{"type":"Feature","properties":{"title":"ทางม้าลาย ซอยสายไหม 50 (37)","info":["ถนน: ถนนสายไหม","เขต: สายไหม","จำนวนช่องจราจร: 4","ไฟกดข้าม: ไม่มี"],"district":"สายไหม"},"geometry":{"type":"Point","coordinates":[100.65656,13.92134]}},{"type":"Feature","properties":{"title":"ทางม้าลาย รร.สายไหม ปาก ซ. 43","info":["ถนน: ถนนสายไหม","เขต: สายไหม","จำนวนช่องจราจร: 4","ไฟกดข้าม: ไม่มี"],"district":"สายไหม"},"geometry":{"type":"Point","coordinates":[100.65882,13.92137]}},{"type":"Feature","properties":{"title":"ทางม้าลาย แยกซอยสายไหม 56 (ถนนสายไหม - ซอยสายไหม 56)","info":["ถนน: ถนนสายไหม","เขต: สายไหม","จำนวนช่องจราจร: 4","ไฟกดข้าม: ไม่มี"],"district":"สายไหม"},"geometry":{"type":"Point","coordinates":[100.66073,13.92115]}},{"type":"Feature","properties":{"title":"ทางม้าลาย ซอยสายไหม 45","info":["ถนน: ถนนสายไหม","เขต: สายไหม","จำนวนช่องจราจร: 4","ไฟกดข้าม: ไม่มี"],"district":"สายไหม"},"geometry":{"type":"Point","coordinates":[100.6629,13.92106]}},{"type":"Feature","properties":{"title":"ทางม้าลาย ซอยสายไหม 51 (64/1)","info":["ถนน: ถนนสายไหม","เขต: สายไหม","จำนวนช่องจราจร: 4","ไฟกดข้าม: ไม่มี"],"district":"สายไหม"},"geometry":{"type":"Point","coordinates":[100.67003,13.92117]}},{"type":"Feature","properties":{"title":"ทางม้าลาย ซอยสายไหม 55 (66/1)","info":["ถนน: ถนนสายไหม","เขต: สายไหม","จำนวนช่องจราจร: 4","ไฟกดข้าม: ไม่มี"],"district":"สายไหม"},"geometry":{"type":"Point","coordinates":[100.67223,13.92121]}},{"type":"Feature","properties":{"title":"ทางม้าลาย ซอยสายไหม 61 (74)","info":["ถนน: ถนนสายไหม","เขต: สายไหม","จำนวนช่องจราจร: 4","ไฟกดข้าม: ไม่มี"],"district":"สายไหม"},"geometry":{"type":"Point","coordinates":[100.6742,13.92125]}},{"type":"Feature","properties":{"title":"ทางม้าลาย ซอยสายไหม 67 (78)","info":["ถนน: ถนนสายไหม","เขต: สายไหม","จำนวนช่องจราจร: 4","ไฟกดข้าม: ไม่มี"],"district":"สายไหม"},"geometry":{"type":"Point","coordinates":[100.67937,13.92135]}},{"type":"Feature","properties":{"title":"ทางม้าลาย ซอยสายไหม 69","info":["ถนน: ถนนสายไหม","เขต: สายไหม","จำนวนช่องจราจร: 4","ไฟกดข้าม: ไม่มี"],"district":"สายไหม"},"geometry":{"type":"Point","coordinates":[100.68012,13.92136]}},{"type":"Feature","properties":{"title":"ทางม้าลาย รร.วรนาถวิทยา ซ.75 (82)","info":["ถนน: ถนนสายไหม","เขต: สายไหม","จำนวนช่องจราจร: 4","ไฟกดข้าม: ไม่มี"],"district":"สายไหม"},"geometry":{"type":"Point","coordinates":[100.68139,13.92138]}},{"type":"Feature","properties":{"title":"ทางม้าลาย ซอยสายไหม 84/2 (สามแยก)","info":["ถนน: ถนนสายไหม","เขต: สายไหม","จำนวนช่องจราจร: 4","ไฟกดข้าม: ไม่มี"],"district":"สายไหม"},"geometry":{"type":"Point","coordinates":[100.68382,13.92147]}},{"type":"Feature","properties":{"title":"ทางม้าลาย แยก ถ.สายไหม - ถ.สุขา 5 - ถ.หทัยราษฏร","info":["ถนน: ถนนสายไหม","เขต: สายไหม","จำนวนช่องจราจร: 4","ไฟกดข้าม: ไม่มี"],"district":"สายไหม"},"geometry":{"type":"Point","coordinates":[100.68686,13.92153]}},{"type":"Feature","properties":{"title":"ทางม้าลาย โรงเรียนสารสาสน์วิเทศน์","info":["ถนน: ถนนสุขภิบาล 5","เขต: สายไหม","จำนวนช่องจราจร: 4","ไฟกดข้าม: ไม่มี"],"district":"สายไหม"},"geometry":{"type":"Point","coordinates":[100.68109,13.91602]}},{"type":"Feature","properties":{"title":"ทางม้าลาย สุขาภิบาล 5 ซอย 80","info":["ถนน: ถนนสุขภิบาล 5","เขต: สายไหม","จำนวนช่องจราจร: 4","ไฟกดข้าม: ไม่มี"],"district":"สายไหม"},"geometry":{"type":"Point","coordinates":[100.67766,13.91275]}},{"type":"Feature","properties":{"title":"ทางม้าลาย สุขาภิบาล 5 ซอย 65","info":["ถนน: ถนนสุขภิบาล 5","เขต: สายไหม","จำนวนช่องจราจร: 4","ไฟกดข้าม: ไม่มี"],"district":"สายไหม"},"geometry":{"type":"Point","coordinates":[100.6757,13.91095]}},{"type":"Feature","properties":{"title":"ทางม้าลาย สุขาภิบาล 5 ซอย 45","info":["ถนน: ถนนสุขภิบาล 5","เขต: สายไหม","จำนวนช่องจราจร: 4","ไฟกดข้าม: ไม่มี"],"district":"สายไหม"},"geometry":{"type":"Point","coordinates":[100.66291,13.89908]}},{"type":"Feature","properties":{"title":"ทางม้าลาย แยกสุขาภิบาล 5 -จตุโชติ","info":["ถนน: ถนนสุขภิบาล 5","เขต: สายไหม","จำนวนช่องจราจร: 4","ไฟกดข้าม: ไม่มี"],"district":"สายไหม"},"geometry":{"type":"Point","coordinates":[100.66189,13.89822]}},{"type":"Feature","properties":{"title":"ทางม้าลาย สุขาภิบาล 5 ซอย 48","info":["ถนน: ถนนสุขภิบาล 5","เขต: สายไหม","จำนวนช่องจราจร: 4","ไฟกดข้าม: ไม่มี"],"district":"สายไหม"},"geometry":{"type":"Point","coordinates":[100.66013,13.89525]}},{"type":"Feature","properties":{"title":"ทางม้าลาย สุขาภิบาล 5 ซอย 33","info":["ถนน: ถนนสุขภิบาล 5","เขต: สายไหม","จำนวนช่องจราจร: 4","ไฟกดข้าม: ไม่มี"],"district":"สายไหม"},"geometry":{"type":"Point","coordinates":[100.65682,13.88949]}},{"type":"Feature","properties":{"title":"ทางม้าลาย รร.พรพระร่วงประสิทธิ์","info":["ถนน: ซอยสุขาภิบาล 5 ซอย 32","เขต: สายไหม","จำนวนช่องจราจร: 2","ไฟกดข้าม: ไม่มี"],"district":"สายไหม"},"geometry":{"type":"Point","coordinates":[100.66241,13.8846]}},{"type":"Feature","properties":{"title":"ทางม้าลาย ซอยเพิ่มสิน 24/1","info":["ถนน: ถนนเพิ่มสิน","เขต: สายไหม","จำนวนช่องจราจร: 4","ไฟกดข้าม: ไม่มี"],"district":"สายไหม"},"geometry":{"type":"Point","coordinates":[100.63169,13.89957]}},{"type":"Feature","properties":{"title":"ทางม้าลาย หน้าบ้านลุมพินี ทาวน์วิว(ก่อนซอยเพิ่มสิน 29)","info":["ถนน: ถนนเพิ่มสิน","เขต: สายไหม","จำนวนช่องจราจร: 4","ไฟกดข้าม: ไม่มี"],"district":"สายไหม"},"geometry":{"type":"Point","coordinates":[100.66148,13.90348]}},{"type":"Feature","properties":{"title":"ทางม้าลาย ซอยเพิ่มสิน 34","info":["ถนน: ถนนเพิ่มสิน","เขต: สายไหม","จำนวนช่องจราจร: 4","ไฟกดข้าม: ไม่มี"],"district":"สายไหม"},"geometry":{"type":"Point","coordinates":[100.64482,13.90223]}},{"type":"Feature","properties":{"title":"ทางม้าลาย รร.ออเงิน","info":["ถนน: ถนนเพิ่มสิน","เขต: สายไหม","จำนวนช่องจราจร: 2","ไฟกดข้าม: ไม่มี"],"district":"สายไหม"},"geometry":{"type":"Point","coordinates":[100.66555,13.90366]}},{"type":"Feature","properties":{"title":"ทางม้าลาย แยก สายไหม 43 (ถ.สายไหม 43-ถ.สายไหม)","info":["ถนน: ซอยสายไหม 43","เขต: สายไหม","จำนวนช่องจราจร: 4","ไฟกดข้าม: ไม่มี"],"district":"สายไหม"},"geometry":{"type":"Point","coordinates":[100.65883,13.92135]}},{"type":"Feature","properties":{"title":"ทางม้าลาย รร.สายไหม","info":["ถนน: ซอยสายไหม 43","เขต: สายไหม","จำนวนช่องจราจร: 4","ไฟกดข้าม: ไม่มี"],"district":"สายไหม"},"geometry":{"type":"Point","coordinates":[100.65985,13.92932]}},{"type":"Feature","properties":{"title":"ทางม้าลาย รร.ฤทธยะวรรณาลัย 2","info":["ถนน: ซอยสายไหม 43","เขต: สายไหม","จำนวนช่องจราจร: 4","ไฟกดข้าม: ไม่มี"],"district":"สายไหม"},"geometry":{"type":"Point","coordinates":[100.6616,13.92968]}},{"type":"Feature","properties":{"title":"ทางม้าลาย รร.ระเบียบศึกษา","info":["ถนน: ซอยพหลโยธิน 54/1 แยก 4","เขต: สายไหม","จำนวนช่องจราจร: 2","ไฟกดข้าม: ไม่มี"],"district":"สายไหม"},"geometry":{"type":"Point","coordinates":[100.62752,13.90697]}},{"type":"Feature","properties":{"title":"ทางม้าลาย รร.ประเทืองวิทยา 2","info":["ถนน: ซอยพหลโยธิน 54/1 แยก 4","เขต: สายไหม","จำนวนช่องจราจร: 2","ไฟกดข้าม: ไม่มี"],"district":"สายไหม"},"geometry":{"type":"Point","coordinates":[100.63196,13.90721]}},{"type":"Feature","properties":{"title":"ทางม้าลาย รร.ประเทืองทิพย์วิทยา","info":["ถนน: ซอยพหลโยธิน 54/1 แยก 4","เขต: สายไหม","จำนวนช่องจราจร: 2","ไฟกดข้าม: ไม่มี"],"district":"สายไหม"},"geometry":{"type":"Point","coordinates":[100.62831,13.90647]}},{"type":"Feature","properties":{"title":"ทางม้าลาย รร.วัดเกาะสุวรรณาราม","info":["ถนน: ซอยพหลโยธิน 54/1 แยก 4","เขต: สายไหม","จำนวนช่องจราจร: 2","ไฟกดข้าม: ไม่มี"],"district":"สายไหม"},"geometry":{"type":"Point","coordinates":[100.63409,13.90776]}},{"type":"Feature","properties":{"title":"ทางม้าลาย รร.อนุบาลมะลิวรรณ","info":["ถนน: ซอยพหลโยธิน 54/1 แยก 8","เขต: สายไหม","จำนวนช่องจราจร: 2","ไฟกดข้าม: ไม่มี"],"district":"สายไหม"},"geometry":{"type":"Point","coordinates":[100.63333,13.91768]}},{"type":"Feature","properties":{"title":"ทางม้าลาย รร.ผ่องสุวรรณวิทยา สายไหม","info":["ถนน: ซอยสายไหม 39 ซอยผ่องสุวรรณ","เขต: สายไหม","จำนวนช่องจราจร: 2","ไฟกดข้าม: ไม่มี"],"district":"สายไหม"},"geometry":{"type":"Point","coordinates":[100.65721,13.92852]}},{"type":"Feature","properties":{"title":"ทางม้าลาย รร.เอกวิทยา","info":["ถนน: ซอยเพิ่มสิน 29 (ทองงอก)","เขต: สายไหม","จำนวนช่องจราจร: 2","ไฟกดข้าม: ไม่มี"],"district":"สายไหม"},"geometry":{"type":"Point","coordinates":[100.64012,13.90336]}},{"type":"Feature","properties":{"title":"ทางม้าลาย รร.หนองใหญ่ (ซ.รร.วัดหนองใหญ่","info":["ถนน: สุขาภิบาล 5 ซอย 94","เขต: สายไหม","จำนวนช่องจราจร: 2","ไฟกดข้าม: ไม่มี"],"district":"สายไหม"},"geometry":{"type":"Point","coordinates":[100.6857,13.91849]}},{"type":"Feature","properties":{"title":"ทางม้าลาย รร.ซอยแอนเน็กซ์ (กาญจนาภิเษก 2)","info":["ถนน: ซอยพหลโยธิน 58","เขต: สายไหม","จำนวนช่องจราจร: 2","ไฟกดข้าม: ไม่มี"],"district":"สายไหม"},"geometry":{"type":"Point","coordinates":[100.63892,13.93623]}},{"type":"Feature","properties":{"title":"ทางม้าลาย หน้าห้างแมคโคร","info":["ถนน: ถนนอินทราภรณ์","เขต: วังทองหลาง","จำนวนช่องจราจร: 4","ไฟกดข้าม: ไม่มี"],"district":"วังทองหลาง"},"geometry":{"type":"Point","coordinates":[100.61431,13.77124]}},{"type":"Feature","properties":{"title":"ทางม้าลาย แยกหน้าโรงเรียนบดินเดชา สิงห์ สิงหเสนี ประตู 1","info":["ถนน: ถนนอินทราภรณ์","เขต: วังทองหลาง","จำนวนช่องจราจร: 2","ไฟกดข้าม: ไม่มี"],"district":"วังทองหลาง"},"geometry":{"type":"Point","coordinates":[100.61484,13.77077]}},{"type":"Feature","properties":{"title":"ทางม้าลาย โรงเรียนบดินเดชา สิงห์ สิงหเสนี ประตู 2","info":["ถนน: ถนนอินทราภรณ์","เขต: วังทองหลาง","จำนวนช่องจราจร: 2","ไฟกดข้าม: ไม่มี"],"district":"วังทองหลาง"},"geometry":{"type":"Point","coordinates":[100.61456,13.76788]}},{"type":"Feature","properties":{"title":"ทางม้าลาย โรงเรียนบดินเดชา สิงห์ สิงหเสนี ประตู 3","info":["ถนน: ถนนอินทราภรณ์","เขต: วังทองหลาง","จำนวนช่องจราจร: 2","ไฟกดข้าม: ไม่มี"],"district":"วังทองหลาง"},"geometry":{"type":"Point","coordinates":[100.61478,13.76662]}},{"type":"Feature","properties":{"title":"ทางม้าลาย หน้าโรงเรียนวัดสามัคคีธรรม","info":["ถนน: ซอยลาดพร้าว 64","เขต: วังทองหลาง","จำนวนช่องจราจร: 2","ไฟกดข้าม: ไม่มี"],"district":"วังทองหลาง"},"geometry":{"type":"Point","coordinates":[100.59973,13.78456]}},{"type":"Feature","properties":{"title":"ทางม้าลาย ปากซอยลาดพร้าว 80","info":["ถนน: ซอยลาดพร้าว 80","เขต: วังทองหลาง","จำนวนช่องจราจร: 2","ไฟกดข้าม: ไม่มี"],"district":"วังทองหลาง"},"geometry":{"type":"Point","coordinates":[100.60513,13.78835]}},{"type":"Feature","properties":{"title":"ทางม้าลาย หน้าหมู่บ้านรุ่งเรือง","info":["ถนน: ซอยลาดพร้าว 80","เขต: วังทองหลาง","จำนวนช่องจราจร: 2","ไฟกดข้าม: ไม่มี"],"district":"วังทองหลาง"},"geometry":{"type":"Point","coordinates":[100.59434,13.78207]}},{"type":"Feature","properties":{"title":"ทางม้าลาย ปากซอยโชคชัย 4","info":["ถนน: ถนนโชคชัย 4","เขต: วังทองหลาง","จำนวนช่องจราจร: 4","ไฟกดข้าม: ไม่มี"],"district":"วังทองหลาง"},"geometry":{"type":"Point","coordinates":[100.5938,13.79487]}},{"type":"Feature","properties":{"title":"ทางม้าลาย โชคชัย 4 ซอย 1","info":["ถนน: ถนนโชคชัย 4","เขต: วังทองหลาง","จำนวนช่องจราจร: 4","ไฟกดข้าม: ไม่มี"],"district":"วังทองหลาง"},"geometry":{"type":"Point","coordinates":[100.59536,13.79629]}},{"type":"Feature","properties":{"title":"ทางม้าลาย โชคชัย 4 ซอย 7","info":["ถนน: ถนนโชคชัย 4","เขต: วังทองหลาง","จำนวนช่องจราจร: 2","ไฟกดข้าม: ไม่มี"],"district":"วังทองหลาง"},"geometry":{"type":"Point","coordinates":[100.59579,13.7987]}},{"type":"Feature","properties":{"title":"ทางม้าลาย แยกสังคมสงเคราะห์","info":["ถนน: ถนนโชคชัย 4","เขต: วังทองหลาง","จำนวนช่องจราจร: 2","ไฟกดข้าม: ไม่มี"],"district":"วังทองหลาง"},"geometry":{"type":"Point","coordinates":[100.59591,13.79923]}},{"type":"Feature","properties":{"title":"ทางม้าลาย หน้าโรงเรียนเทพเสนานุสรณ์","info":["ถนน: ถนนสังคมสงเคราะห์","เขต: วังทองหลาง","จำนวนช่องจราจร: 2","ไฟกดข้าม: ไม่มี"],"district":"วังทองหลาง"},"geometry":{"type":"Point","coordinates":[100.60436,13.79527]}},{"type":"Feature","properties":{"title":"ทางม้าลาย แยกนาคนิวาส","info":["ถนน: ถนนสังคมสงเคราะห์","เขต: วังทองหลาง","จำนวนช่องจราจร: 10","ไฟกดข้าม: ไม่มี"],"district":"วังทองหลาง"},"geometry":{"type":"Point","coordinates":[100.60692,13.79527]}},{"type":"Feature","properties":{"title":"ทางม้าลาย ซอยสังคมสงเคราะห์ 12","info":["ถนน: ถนนสังคมสงเคราะห์","เขต: วังทองหลาง","จำนวนช่องจราจร: 4","ไฟกดข้าม: ไม่มี"],"district":"วังทองหลาง"},"geometry":{"type":"Point","coordinates":[100.6079,13.79524]}},{"type":"Feature","properties":{"title":"ทางม้าลาย แยกลาดพร้าว 71","info":["ถนน: ถนนสังคมสงเคราะห์","เขต: วังทองหลาง","จำนวนช่องจราจร: 10","ไฟกดข้าม: ไม่มี"],"district":"วังทองหลาง"},"geometry":{"type":"Point","coordinates":[100.60897,13.79505]}},{"type":"Feature","properties":{"title":"ทางม้าลาย ด้านถนนประดิษฐ์มนูธรรม","info":["ถนน: ถนนสังคมสงเคราะห์","เขต: วังทองหลาง","จำนวนช่องจราจร: 2","ไฟกดข้าม: ไม่มี"],"district":"วังทองหลาง"},"geometry":{"type":"Point","coordinates":[100.61202,13.79487]}},{"type":"Feature","properties":{"title":"ทางม้าลาย ซอยประดิษฐ์มนูธรรม 1","info":["ถนน: ถนนประดิษฐ์มนูธรรม","เขต: วังทองหลาง","จำนวนช่องจราจร: 6","ไฟกดข้าม: ไม่มี"],"district":"วังทองหลาง"},"geometry":{"type":"Point","coordinates":[100.59962,13.76432]}},{"type":"Feature","properties":{"title":"ทางม้าลาย แยกตัดลาดพร้าว","info":["ถนน: ถนนประดิษฐ์มนูธรรม","เขต: วังทองหลาง","จำนวนช่องจราจร: 8","ไฟกดข้าม: ไม่มี"],"district":"วังทองหลาง"},"geometry":{"type":"Point","coordinates":[100.60814,13.78644]}},{"type":"Feature","properties":{"title":"ทางม้าลาย ปากซอยลาดพร้าว 71","info":["ถนน: ซอยลาดพร้าว 71","เขต: วังทองหลาง","จำนวนช่องจราจร: 5","ไฟกดข้าม: ไม่มี"],"district":"วังทองหลาง"},"geometry":{"type":"Point","coordinates":[100.60786,13.78713]}},{"type":"Feature","properties":{"title":"ทางม้าลาย แยกใกล้ปั๊มคาลล์เท็กซ์","info":["ถนน: ซอยลาดพร้าว 71","เขต: วังทองหลาง","จำนวนช่องจราจร: 4","ไฟกดข้าม: ไม่มี"],"district":"วังทองหลาง"},"geometry":{"type":"Point","coordinates":[100.60876,13.79314]}},{"type":"Feature","properties":{"title":"ทางม้าลาย ซอยลาดพร้าว 63","info":["ถนน: ถนนลาดพร้าว","เขต: วังทองหลาง","จำนวนช่องจราจร: 4","ไฟกดข้าม: ไม่มี"],"district":"วังทองหลาง"},"geometry":{"type":"Point","coordinates":[100.60166,13.79049]}},{"type":"Feature","properties":{"title":"ทางม้าลาย ซอยลาดพร้าว 67/2","info":["ถนน: ถนนลาดพร้าว","เขต: วังทองหลาง","จำนวนช่องจราจร: 4","ไฟกดข้าม: ไม่มี"],"district":"วังทองหลาง"},"geometry":{"type":"Point","coordinates":[100.60612,13.78799]}},{"type":"Feature","properties":{"title":"ทางม้าลาย ซอยลาดพร้าว 99","info":["ถนน: ถนนลาดพร้าว","เขต: วังทองหลาง","จำนวนช่องจราจร: 4","ไฟกดข้าม: ไม่มี"],"district":"วังทองหลาง"},"geometry":{"type":"Point","coordinates":[100.62628,13.77673]}},{"type":"Feature","properties":{"title":"ทางม้าลาย ปากซอยลาดพร้าว 122","info":["ถนน: ถนนลาดพร้าว","เขต: วังทองหลาง","จำนวนช่องจราจร: 2","ไฟกดข้าม: ไม่มี"],"district":"วังทองหลาง"},"geometry":{"type":"Point","coordinates":[100.6242,13.77769]}},{"type":"Feature","properties":{"title":"ทางม้าลาย ห้างฟู๊ดแลนด์ ลาดพร้าว","info":["ถนน: ถนนลาดพร้าว","เขต: วังทองหลาง","จำนวนช่องจราจร: 4","ไฟกดข้าม: ไม่มี"],"district":"วังทองหลาง"},"geometry":{"type":"Point","coordinates":[100.6225,13.77868]}},{"type":"Feature","properties":{"title":"ทางม้าลาย ซอยลาดพร้าว 93","info":["ถนน: ถนนลาดพร้าว","เขต: วังทองหลาง","จำนวนช่องจราจร: 4","ไฟกดข้าม: ไม่มี"],"district":"วังทองหลาง"},"geometry":{"type":"Point","coordinates":[100.61976,13.78018]}},{"type":"Feature","properties":{"title":"ทางม้าลาย ปากซอยลาดพร้าว 87","info":["ถนน: ซอยลาดพร้าว 87","เขต: วังทองหลาง","จำนวนช่องจราจร: 2","ไฟกดข้าม: ไม่มี"],"district":"วังทองหลาง"},"geometry":{"type":"Point","coordinates":[100.61753,13.78172]}},{"type":"Feature","properties":{"title":"ทางม้าลาย โรงเรียนอนุบาลจิตต์ณัฐดา","info":["ถนน: ซอยลาดพร้าว 87","เขต: วังทองหลาง","จำนวนช่องจราจร: 2","ไฟกดข้าม: ไม่มี"],"district":"วังทองหลาง"},"geometry":{"type":"Point","coordinates":[100.61766,13.7831]}},{"type":"Feature","properties":{"title":"ทางม้าลาย ปากซอยลาดพร้าว 112","info":["ถนน: ซอยลาดพร้าว 112","เขต: วังทองหลาง","จำนวนช่องจราจร: 2","ไฟกดข้าม: ไม่มี"],"district":"วังทองหลาง"},"geometry":{"type":"Point","coordinates":[100.61816,13.78105]}},{"type":"Feature","properties":{"title":"ทางม้าลาย หน้าโรงเรียนบางกอกศึกษา","info":["ถนน: ซอยลาดพร้าว 112","เขต: วังทองหลาง","จำนวนช่องจราจร: 2","ไฟกดข้าม: ไม่มี"],"district":"วังทองหลาง"},"geometry":{"type":"Point","coordinates":[100.61839,13.77992]}},{"type":"Feature","properties":{"title":"ทางม้าลาย หน้าโรงเรียนอิสลามสันติชน","info":["ถนน: ซอยลาดพร้าว 112","เขต: วังทองหลาง","จำนวนช่องจราจร: 2","ไฟกดข้าม: ไม่มี"],"district":"วังทองหลาง"},"geometry":{"type":"Point","coordinates":[100.61957,13.7724]}},{"type":"Feature","properties":{"title":"ทางม้าลาย สามแยกตัดถนนหน้า รร.คู้บอน","info":["ถนน: ซอยคู้บอน 35(ถนนคู้บอน-ถนนกาญจนาภิเษก)","เขต: คลองสามวา","จำนวนช่องจราจร: 0","ไฟกดข้าม: ไม่มี"],"district":"คลองสามวา"},"geometry":{"type":"Point","coordinates":[100.67287,13.85325]}},{"type":"Feature","properties":{"title":"ทางม้าลาย หน้าบริษัทจระเข้","info":["ถนน: ถนนกรุงเทพกรีฑา","เขต: สะพานสูง","จำนวนช่องจราจร: 2","ไฟกดข้าม: ไม่มี"],"district":"สะพานสูง"},"geometry":{"type":"Point","coordinates":[100.67743,13.74228]}},{"type":"Feature","properties":{"title":"ทางม้าลาย ซอยกรุงเทพกรีฑา 18","info":["ถนน: ถนนกรุงเทพกรีฑา","เขต: สะพานสูง","จำนวนช่องจราจร: 2","ไฟกดข้าม: ไม่มี"],"district":"สะพานสูง"},"geometry":{"type":"Point","coordinates":[100.67647,13.74242]}},{"type":"Feature","properties":{"title":"ทางม้าลาย ซอยกรุงเทพกรีฑา 39","info":["ถนน: ถนนกรุงเทพกรีฑา","เขต: สะพานสูง","จำนวนช่องจราจร: 2","ไฟกดข้าม: ไม่มี"],"district":"สะพานสูง"},"geometry":{"type":"Point","coordinates":[100.68576,13.74059]}},{"type":"Feature","properties":{"title":"ทางม้าลาย ซอยกรุงเทพกรีฑา 26","info":["ถนน: ถนนกรุงเทพกรีฑา","เขต: สะพานสูง","จำนวนช่องจราจร: 2","ไฟกดข้าม: ไม่มี"],"district":"สะพานสูง"},"geometry":{"type":"Point","coordinates":[100.69014,13.73965]}},{"type":"Feature","properties":{"title":"ทางม้าลาย ซอยนักกีฬาแหลมทอง 4 (โรงเรียนสมโภชน์อนุสรณ์ 200 ปี)","info":["ถนน: ถนนนักกีฬาแหลมทอง","เขต: สะพานสูง","จำนวนช่องจราจร: 4","ไฟกดข้าม: ไม่มี"],"district":"สะพานสูง"},"geometry":{"type":"Point","coordinates":[100.69356,13.74013]}},{"type":"Feature","properties":{"title":"ทางม้าลาย ซอยนักกีฬาแหลมทอง 14","info":["ถนน: ถนนนักกีฬาแหลมทอง","เขต: สะพานสูง","จำนวนช่องจราจร: 4","ไฟกดข้าม: ไม่มี"],"district":"สะพานสูง"},"geometry":{"type":"Point","coordinates":[100.69511,13.74298]}},{"type":"Feature","properties":{"title":"ทางม้าลาย ซอยนักกีฬาแหลมทอง 20 (โรงเรียนศรีพฤฒา)","info":["ถนน: ถนนนักกีฬาแหลมทอง","เขต: สะพานสูง","จำนวนช่องจราจร: 4","ไฟกดข้าม: ไม่มี"],"district":"สะพานสูง"},"geometry":{"type":"Point","coordinates":[100.69553,13.74424]}},{"type":"Feature","properties":{"title":"ทางม้าลาย ซอยนักกีฬาแหลมทอง 24 (โรงเรียนศรีพฤฒา)","info":["ถนน: ถนนนักกีฬาแหลมทอง","เขต: สะพานสูง","จำนวนช่องจราจร: 4","ไฟกดข้าม: ไม่มี"],"district":"สะพานสูง"},"geometry":{"type":"Point","coordinates":[100.6958,13.7452]}},{"type":"Feature","properties":{"title":"ทางม้าลาย ซอยนักกีฬาแหลมทอง 30","info":["ถนน: ถนนนักกีฬาแหลมทอง","เขต: สะพานสูง","จำนวนช่องจราจร: 4","ไฟกดข้าม: ไม่มี"],"district":"สะพานสูง"},"geometry":{"type":"Point","coordinates":[100.69606,13.74607]}},{"type":"Feature","properties":{"title":"ทางม้าลาย ซอยรามคำแหง 159/1","info":["ถนน: ถนนรามคำแหง","เขต: สะพานสูง","จำนวนช่องจราจร: 6","ไฟกดข้าม: ไม่มี"],"district":"สะพานสูง"},"geometry":{"type":"Point","coordinates":[100.69934,13.79121]}},{"type":"Feature","properties":{"title":"ทางม้าลาย ทางแยกมิสทีน","info":["ถนน: ถนนราษฎร์พัฒนา","เขต: สะพานสูง","จำนวนช่องจราจร: 4","ไฟกดข้าม: ไม่มี"],"district":"สะพานสูง"},"geometry":{"type":"Point","coordinates":[100.70213,13.79254]}},{"type":"Feature","properties":{"title":"ทางม้าลาย หน้าหมู่บ้านเวร่า (มิสทีนประตู 2 )","info":["ถนน: ถนนราษฎร์พัฒนา","เขต: สะพานสูง","จำนวนช่องจราจร: 4","ไฟกดข้าม: ไม่มี"],"district":"สะพานสูง"},"geometry":{"type":"Point","coordinates":[100.70247,13.79184]}},{"type":"Feature","properties":{"title":"ทางม้าลาย หน้าหมู่บ้านเวร่า (มิสทีนประตู 4 )","info":["ถนน: ถนนราษฎร์พัฒนา","เขต: สะพานสูง","จำนวนช่องจราจร: 4","ไฟกดข้าม: ไม่มี"],"district":"สะพานสูง"},"geometry":{"type":"Point","coordinates":[100.70322,13.79009]}},{"type":"Feature","properties":{"title":"ทางม้าลาย ซอยสกุลชัย 2","info":["ถนน: ถนนราษฎร์พัฒนา","เขต: สะพานสูง","จำนวนช่องจราจร: 4","ไฟกดข้าม: ไม่มี"],"district":"สะพานสูง"},"geometry":{"type":"Point","coordinates":[100.70368,13.78906]}},{"type":"Feature","properties":{"title":"ทางม้าลาย หน้าโรงเรียนวิทยานนท์","info":["ถนน: ถนนราษฎร์พัฒนา","เขต: สะพานสูง","จำนวนช่องจราจร: 4","ไฟกดข้าม: ไม่มี"],"district":"สะพานสูง"},"geometry":{"type":"Point","coordinates":[100.70493,13.78623]}},{"type":"Feature","properties":{"title":"ทางม้าลาย ซอยราษฎร์พัฒนา 4 ,5 (หมู่บ้านเคหะธานี 4)","info":["ถนน: ถนนราษฎร์พัฒนา","เขต: สะพานสูง","จำนวนช่องจราจร: 4","ไฟกดข้าม: ไม่มี"],"district":"สะพานสูง"},"geometry":{"type":"Point","coordinates":[100.70548,13.78485]}},{"type":"Feature","properties":{"title":"ทางม้าลาย ซอยราษฎร์พัฒนา 9","info":["ถนน: ถนนราษฎร์พัฒนา","เขต: สะพานสูง","จำนวนช่องจราจร: 4","ไฟกดข้าม: ไม่มี"],"district":"สะพานสูง"},"geometry":{"type":"Point","coordinates":[100.70599,13.78237]}},{"type":"Feature","properties":{"title":"ทางม้าลาย หน้าหมู่บ้านระเบียงสวน 5","info":["ถนน: ถนนราษฎร์พัฒนา","เขต: สะพานสูง","จำนวนช่องจราจร: 4","ไฟกดข้าม: ไม่มี"],"district":"สะพานสูง"},"geometry":{"type":"Point","coordinates":[100.70577,13.7802]}},{"type":"Feature","properties":{"title":"ทางม้าลาย ซอยราษฎร์พัฒนา 10","info":["ถนน: ถนนราษฎร์พัฒนา","เขต: สะพานสูง","จำนวนช่องจราจร: 4","ไฟกดข้าม: ไม่มี"],"district":"สะพานสูง"},"geometry":{"type":"Point","coordinates":[100.70566,13.77913]}},{"type":"Feature","properties":{"title":"ทางม้าลาย ทางแยกแว็กซี่ (2 ด้าน)","info":["ถนน: ถนนราษฎร์พัฒนา","เขต: สะพานสูง","จำนวนช่องจราจร: 4","ไฟกดข้าม: ไม่มี"],"district":"สะพานสูง"},"geometry":{"type":"Point","coordinates":[100.70609,13.77459]}},{"type":"Feature","properties":{"title":"ทางม้าลาย ซอยราษฎร์พัฒนา 23","info":["ถนน: ถนนราษฎร์พัฒนา","เขต: สะพานสูง","จำนวนช่องจราจร: 4","ไฟกดข้าม: ไม่มี"],"district":"สะพานสูง"},"geometry":{"type":"Point","coordinates":[100.70241,13.76835]}},{"type":"Feature","properties":{"title":"ทางม้าลาย ซอยราษฎร์พัฒนา 25","info":["ถนน: ถนนราษฎร์พัฒนา","เขต: สะพานสูง","จำนวนช่องจราจร: 4","ไฟกดข้าม: ไม่มี"],"district":"สะพานสูง"},"geometry":{"type":"Point","coordinates":[100.70062,13.76854]}},{"type":"Feature","properties":{"title":"ทางม้าลาย ซอยราษฎร์พัฒนา 27/1","info":["ถนน: ถนนราษฎร์พัฒนา","เขต: สะพานสูง","จำนวนช่องจราจร: 4","ไฟกดข้าม: ไม่มี"],"district":"สะพานสูง"},"geometry":{"type":"Point","coordinates":[100.69858,13.76829]}},{"type":"Feature","properties":{"title":"ทางม้าลาย ซอยราษฎร์พัฒนา 28 (ทางเข้าโรงเรียนสุเหร่าซีรอ)","info":["ถนน: ถนนราษฎร์พัฒนา","เขต: สะพานสูง","จำนวนช่องจราจร: 4","ไฟกดข้าม: ไม่มี"],"district":"สะพานสูง"},"geometry":{"type":"Point","coordinates":[100.69483,13.7683]}},{"type":"Feature","properties":{"title":"ทางม้าลาย แยกแว็กซี่","info":["ถนน: ถนนเคหะร่มเกล้า","เขต: สะพานสูง","จำนวนช่องจราจร: 4","ไฟกดข้าม: ไม่มี"],"district":"สะพานสูง"},"geometry":{"type":"Point","coordinates":[100.70618,13.77459]}},{"type":"Feature","properties":{"title":"ทางม้าลาย หน้าหมู่บ้านนลินวิลล์พลัส","info":["ถนน: ถนนเคหะร่มเกล้า","เขต: สะพานสูง","จำนวนช่องจราจร: 4","ไฟกดข้าม: ไม่มี"],"district":"สะพานสูง"},"geometry":{"type":"Point","coordinates":[100.71015,13.77115]}},{"type":"Feature","properties":{"title":"ทางม้าลาย หน้าโรงเรียนสุเหร่าลาดบัวขาว","info":["ถนน: ถนนเคหะร่มเกล้า","เขต: สะพานสูง","จำนวนช่องจราจร: 4","ไฟกดข้าม: ไม่มี"],"district":"สะพานสูง"},"geometry":{"type":"Point","coordinates":[100.71416,13.77026]}},{"type":"Feature","properties":{"title":"ทางม้าลาย ทางแยกถนรามคำแหง","info":["ถนน: ซอยรามคำแหง 118","เขต: สะพานสูง","จำนวนช่องจราจร: 2","ไฟกดข้าม: ไม่มี"],"district":"สะพานสูง"},"geometry":{"type":"Point","coordinates":[100.67902,13.77988]}},{"type":"Feature","properties":{"title":"ทางม้าลาย หน้าสำนักงานเขตสะพานสูง","info":["ถนน: ซอยรามคำแหง 118","เขต: สะพานสูง","จำนวนช่องจราจร: 2","ไฟกดข้าม: ไม่มี"],"district":"สะพานสูง"},"geometry":{"type":"Point","coordinates":[100.68528,13.7688]}},{"type":"Feature","properties":{"title":"ทางม้าลาย ทางแยกซอยรามคำแหง 118 แยก 33 ( 3 ด้าน)","info":["ถนน: ซอยรามคำแหง 118","เขต: สะพานสูง","จำนวนช่องจราจร: 2","ไฟกดข้าม: ไม่มี"],"district":"สะพานสูง"},"geometry":{"type":"Point","coordinates":[100.68545,13.7684]}},{"type":"Feature","properties":{"title":"ทางม้าลาย ทางแยกถนนราษฎร์พัฒนา","info":["ถนน: ซอยราษฎร์พัฒนา 15","เขต: สะพานสูง","จำนวนช่องจราจร: 2","ไฟกดข้าม: ไม่มี"],"district":"สะพานสูง"},"geometry":{"type":"Point","coordinates":[100.70515,13.76827]}},{"type":"Feature","properties":{"title":"ทางม้าลาย ซอยสหการประมูล","info":["ถนน: ถนนประชาอุทิศ","เขต: วังทองหลาง","จำนวนช่องจราจร: 6","ไฟกดข้าม: ไม่มี"],"district":"วังทองหลาง"},"geometry":{"type":"Point","coordinates":[100.59609,13.7682]}},{"type":"Feature","properties":{"title":"ทางม้าลาย ซอยจำเนียรเสริม","info":["ถนน: ถนนประชาอุทิศ","เขต: วังทองหลาง","จำนวนช่องจราจร: 4","ไฟกดข้าม: ไม่มี"],"district":"วังทองหลาง"},"geometry":{"type":"Point","coordinates":[100.59824,13.76786]}},{"type":"Feature","properties":{"title":"ทางม้าลาย แยกประชาอุทิศ-ประดิษฐ์มนูธรรม","info":["ถนน: ถนนประชาอุทิศ","เขต: วังทองหลาง","จำนวนช่องจราจร: 26","ไฟกดข้าม: ไม่มี"],"district":"วังทองหลาง"},"geometry":{"type":"Point","coordinates":[100.60186,13.76711]}},{"type":"Feature","properties":{"title":"ทางม้าลาย แยกตัดศรีวรา","info":["ถนน: ถนนประชาอุทิศ","เขต: วังทองหลาง","จำนวนช่องจราจร: 14","ไฟกดข้าม: ไม่มี"],"district":"วังทองหลาง"},"geometry":{"type":"Point","coordinates":[100.60359,13.76646]}},{"type":"Feature","properties":{"title":"ทางม้าลาย ซอยรามคำแหง 39 แยก 23","info":["ถนน: ถนนรามคำแหง 39","เขต: วังทองหลาง","จำนวนช่องจราจร: 4","ไฟกดข้าม: ไม่มี"],"district":"วังทองหลาง"},"geometry":{"type":"Point","coordinates":[100.60507,13.76515]}},{"type":"Feature","properties":{"title":"ทางม้าลาย สภาวิศวกร","info":["ถนน: ถนนรามคำแหง 39","เขต: วังทองหลาง","จำนวนช่องจราจร: 4","ไฟกดข้าม: ไม่มี"],"district":"วังทองหลาง"},"geometry":{"type":"Point","coordinates":[100.60664,13.76384]}},{"type":"Feature","properties":{"title":"ทางม้าลาย ซอยรามคำแหง 39 แยก 15","info":["ถนน: ถนนรามคำแหง 39","เขต: วังทองหลาง","จำนวนช่องจราจร: 4","ไฟกดข้าม: ไม่มี"],"district":"วังทองหลาง"},"geometry":{"type":"Point","coordinates":[100.60851,13.76228]}},{"type":"Feature","properties":{"title":"ทางม้าลาย โรงเรียนราชานุชิต","info":["ถนน: ถนนรามคำแหง 21","เขต: วังทองหลาง","จำนวนช่องจราจร: 2","ไฟกดข้าม: ไม่มี"],"district":"วังทองหลาง"},"geometry":{"type":"Point","coordinates":[100.60347,13.76088]}},{"type":"Feature","properties":{"title":"ทางม้าลาย แยกหน้าคอนโด JW Boulevard ศรีวรา","info":["ถนน: ถนนศรีวรา","เขต: วังทองหลาง","จำนวนช่องจราจร: 4","ไฟกดข้าม: ไม่มี"],"district":"วังทองหลาง"},"geometry":{"type":"Point","coordinates":[100.60775,13.77087]}},{"type":"Feature","properties":{"title":"ทางม้าลาย หน้าธนาคารยูโอบี","info":["ถนน: ถนนศรีวรา","เขต: วังทองหลาง","จำนวนช่องจราจร: 4","ไฟกดข้าม: ไม่มี"],"district":"วังทองหลาง"},"geometry":{"type":"Point","coordinates":[100.60905,13.77234]}},{"type":"Feature","properties":{"title":"ทางม้าลาย แยกหน้าโลตัส ศรีวรา","info":["ถนน: ถนนศรีวรา","เขต: วังทองหลาง","จำนวนช่องจราจร: 12","ไฟกดข้าม: ไม่มี"],"district":"วังทองหลาง"},"geometry":{"type":"Point","coordinates":[100.61095,13.77476]}},{"type":"Feature","properties":{"title":"ทางม้าลาย ปากซอยอินทราภรณ์","info":["ถนน: ถนนอินทราภรณ์","เขต: วังทองหลาง","จำนวนช่องจราจร: 2","ไฟกดข้าม: ไม่มี"],"district":"วังทองหลาง"},"geometry":{"type":"Point","coordinates":[100.60752,13.77778]}},{"type":"Feature","properties":{"title":"ทางม้าลาย หน้าโรงเรียนอุดมศึกษา","info":["ถนน: ถนนอินทราภรณ์","เขต: วังทองหลาง","จำนวนช่องจราจร: 4","ไฟกดข้าม: ไม่มี"],"district":"วังทองหลาง"},"geometry":{"type":"Point","coordinates":[100.61173,13.77375]}},{"type":"Feature","properties":{"title":"ทางม้าลาย ซอยพระยาสุเรนทร์ 40 (รร.กลางคลองสอง)","info":["ถนน: ถนนพระยาสุเรนทร์","เขต: คลองสามวา","จำนวนช่องจราจร: 2","ไฟกดข้าม: ไม่มี"],"district":"คลองสามวา"},"geometry":{"type":"Point","coordinates":[100.69267,13.86227]}},{"type":"Feature","properties":{"title":"ทางม้าลาย โรงเรียนวัดพระยาสุเรณทร์","info":["ถนน: ถนนพระยาสุเรนทร์","เขต: คลองสามวา","จำนวนช่องจราจร: 2","ไฟกดข้าม: ไม่มี"],"district":"คลองสามวา"},"geometry":{"type":"Point","coordinates":[100.68746,13.87465]}},{"type":"Feature","properties":{"title":"ทางม้าลาย โรงเรียนโสมาพาพัฒนา (ซอยพระยาสุเรนทร์ 35)","info":["ถนน: ถนนพระยาสุเรนทร์","เขต: คลองสามวา","จำนวนช่องจราจร: 2","ไฟกดข้าม: ไม่มี"],"district":"คลองสามวา"},"geometry":{"type":"Point","coordinates":[100.68924,13.85299]}},{"type":"Feature","properties":{"title":"ทางม้าลาย แยกตัดซอยหนองระแหง 5","info":["ถนน: ถนนไทยรามัญ","เขต: คลองสามวา","จำนวนช่องจราจร: 2","ไฟกดข้าม: ไม่มี"],"district":"คลองสามวา"},"geometry":{"type":"Point","coordinates":[100.70341,13.89407]}},{"type":"Feature","properties":{"title":"ทางม้าลาย สามแยกโรงเรียนนวมินทราชินูทิศ เบญจมราชาลัย 1","info":["ถนน: ถนนไทยรามัญ","เขต: คลองสามวา","จำนวนช่องจราจร: 2","ไฟกดข้าม: ไม่มี"],"district":"คลองสามวา"},"geometry":{"type":"Point","coordinates":[100.69644,13.89262]}},{"type":"Feature","properties":{"title":"ทางม้าลาย สามแยกโรงเรียนนวมินทราชินูทิศ เบญจมราชาลัย 2","info":["ถนน: ถนนไทยรามัญ","เขต: คลองสามวา","จำนวนช่องจราจร: 2","ไฟกดข้าม: ไม่มี"],"district":"คลองสามวา"},"geometry":{"type":"Point","coordinates":[100.69606,13.89307]}},{"type":"Feature","properties":{"title":"ทางม้าลาย โรงเรียนแบนชะโด (ซอยแบนชะโด 2)","info":["ถนน: ถนนแบนชะโด","เขต: คลองสามวา","จำนวนช่องจราจร: 2","ไฟกดข้าม: ไม่มี"],"district":"คลองสามวา"},"geometry":{"type":"Point","coordinates":[100.78383,13.87563]}},{"type":"Feature","properties":{"title":"ทางม้าลาย แยกเจริญกรุงตัดสาทรเหนือ-ใต้","info":["ถนน: ถนนเจริญกรุง","เขต: บางรัก","จำนวนช่องจราจร: 12","ไฟกดข้าม: ไม่มี"],"district":"สาทร"},"geometry":{"type":"Point","coordinates":[100.51497,13.71825]}},{"type":"Feature","properties":{"title":"ทางม้าลาย หน้าโรบิลสันบางรัก","info":["ถนน: ถนนเจริญกรุง","เขต: บางรัก","จำนวนช่องจราจร: 4","ไฟกดข้าม: ไม่มี"],"district":"บางรัก"},"geometry":{"type":"Point","coordinates":[100.51562,13.7199]}},{"type":"Feature","properties":{"title":"ทางม้าลาย หน้าถนนศรีเวียง","info":["ถนน: ถนนเจริญกรุง","เขต: บางรัก","จำนวนช่องจราจร: 4","ไฟกดข้าม: ไม่มี"],"district":"บางรัก"},"geometry":{"type":"Point","coordinates":[100.51621,13.72116]}},{"type":"Feature","properties":{"title":"ทางม้าลาย แยกบางรัก","info":["ถนน: ถนนเจริญกรุง","เขต: บางรัก","จำนวนช่องจราจร: 15","ไฟกดข้าม: ไม่มี"],"district":"บางรัก"},"geometry":{"type":"Point","coordinates":[100.51666,13.72221]}},{"type":"Feature","properties":{"title":"ทางม้าลาย หน้าซอยอาคารธนาคาร UOB","info":["ถนน: ถนนเจริญกรุง","เขต: บางรัก","จำนวนช่องจราจร: 4","ไฟกดข้าม: ไม่มี"],"district":"บางรัก"},"geometry":{"type":"Point","coordinates":[100.51647,13.72381]}},{"type":"Feature","properties":{"title":"ทางม้าลาย หน้าซอยเจริญกรุง 40","info":["ถนน: ถนนเจริญกรุง","เขต: บางรัก","จำนวนช่องจราจร: 4","ไฟกดข้าม: ไม่มี"],"district":"บางรัก"},"geometry":{"type":"Point","coordinates":[100.51641,13.72421]}},{"type":"Feature","properties":{"title":"ทางม้าลาย ใกล้ปากซอยเจริญกรุง 36","info":["ถนน: ถนนเจริญกรุง","เขต: บางรัก","จำนวนช่องจราจร: 4","ไฟกดข้าม: ไม่มี"],"district":"บางรัก"},"geometry":{"type":"Point","coordinates":[100.51634,13.72492]}},{"type":"Feature","properties":{"title":"ทางม้าลาย หน้าโรงเรียนวัดม่วงแค","info":["ถนน: ถนนเจริญกรุง","เขต: บางรัก","จำนวนช่องจราจร: 4","ไฟกดข้าม: ไม่มี"],"district":"บางรัก"},"geometry":{"type":"Point","coordinates":[100.51619,13.72618]}},{"type":"Feature","properties":{"title":"ทางม้าลาย หน้าซอยเจริญกรุง 32","info":["ถนน: ถนนเจริญกรุง","เขต: บางรัก","จำนวนช่องจราจร: 4","ไฟกดข้าม: ไม่มี"],"district":"บางรัก"},"geometry":{"type":"Point","coordinates":[100.51594,13.72768]}},{"type":"Feature","properties":{"title":"ทางม้าลาย หน้าซอยเจริญกรุง 30","info":["ถนน: ถนนเจริญกรุง","เขต: บางรัก","จำนวนช่องจราจร: 4","ไฟกดข้าม: ไม่มี"],"district":"บางรัก"},"geometry":{"type":"Point","coordinates":[100.51577,13.72899]}},{"type":"Feature","properties":{"title":"ทางม้าลาย แยกสี่พระยา","info":["ถนน: ถนนเจริญกรุง","เขต: บางรัก","จำนวนช่องจราจร: 11","ไฟกดข้าม: ไม่มี"],"district":"บางรัก"},"geometry":{"type":"Point","coordinates":[100.51564,13.73019]}},{"type":"Feature","properties":{"title":"ทางม้าลาย ปากซอยเจริญกรุง 39","info":["ถนน: ซอยเจริญกรุง 39","เขต: บางรัก","จำนวนช่องจราจร: 2","ไฟกดข้าม: ไม่มี"],"district":"บางรัก"},"geometry":{"type":"Point","coordinates":[100.51594,13.72921]}},{"type":"Feature","properties":{"title":"ทางม้าลาย แยกสุรวงศ์","info":["ถนน: ถนนสุรวงศ์","เขต: บางรัก","จำนวนช่องจราจร: 4","ไฟกดข้าม: ไม่มี"],"district":"บางรัก"},"geometry":{"type":"Point","coordinates":[100.51622,13.72538]}},{"type":"Feature","properties":{"title":"ทางม้าลาย หน้า รร.วัดคู้บอน","info":["ถนน: ซอยคู้บอน 35(ถนนคู้บอน-ถนนกาญจนาภิเษก)","เขต: คลองสามวา","จำนวนช่องจราจร: 0","ไฟกดข้าม: ไม่มี"],"district":"คลองสามวา"},"geometry":{"type":"Point","coordinates":[100.6737,13.85359]}},{"type":"Feature","properties":{"title":"ทางม้าลาย สี่แยกตัดถนนพระยาสุเรนทร์","info":["ถนน: ถนนเลียบคลองสอง(ถนนคู้บอน ถึงถนนหทัยราษฏร์)","เขต: คลองสามวา","จำนวนช่องจราจร: 6","ไฟกดข้าม: ไม่มี"],"district":"คลองสามวา"},"geometry":{"type":"Point","coordinates":[100.69344,13.85905]}},{"type":"Feature","properties":{"title":"ทางม้าลาย บริเวณหน้าสำนักงานเขตคลองสามวา","info":["ถนน: ถนนเลียบคลองสอง(ถนนคู้บอน ถึงถนนหทัยราษฏร์)","เขต: คลองสามวา","จำนวนช่องจราจร: 6","ไฟกดข้าม: มี"],"district":"คลองสามวา"},"geometry":{"type":"Point","coordinates":[100.70415,13.86012]}},{"type":"Feature","properties":{"title":"ทางม้าลาย สี่แยกซาฟารีเวิลด์","info":["ถนน: ถนนเลียบคลองสอง(ถนนคู้บอน ถึงถนนหทัยราษฏร์)","เขต: คลองสามวา","จำนวนช่องจราจร: 0","ไฟกดข้าม: ไม่มี"],"district":"คลองสามวา"},"geometry":{"type":"Point","coordinates":[100.70747,13.86058]}},{"type":"Feature","properties":{"title":"ทางม้าลาย วิทยาลัยบริหารธุรกิจและการการท่องเที่ยวกรุงเทพ","info":["ถนน: ถนนเลียบคลองสอง(ถนนคู้บอน ถึงถนนหทัยราษฏร์)","เขต: คลองสามวา","จำนวนช่องจราจร: 6","ไฟกดข้าม: ไม่มี"],"district":"คลองสามวา"},"geometry":{"type":"Point","coordinates":[100.70933,13.86075]}},{"type":"Feature","properties":{"title":"ทางม้าลาย สามแยกตัดถนนหทัยราษฏร์","info":["ถนน: ถนนเลียบคลองสอง(ถนนคู้บอน ถึงถนนหทัยราษฏร์)","เขต: คลองสามวา","จำนวนช่องจราจร: 6","ไฟกดข้าม: มี"],"district":"คลองสามวา"},"geometry":{"type":"Point","coordinates":[100.72222,13.86186]}},{"type":"Feature","properties":{"title":"ทางม้าลาย บริเวณหน้าโรงเรียนนีรชาศึกษา","info":["ถนน: ถนนพระยาสุเรนทร์(คลองลำควายหาย ถึงถนนคู่ขนานมอเตอร์เตอร์เวย์)","เขต: คลองสามวา","จำนวนช่องจราจร: 6","ไฟกดข้าม: ไม่มี"],"district":"คลองสามวา"},"geometry":{"type":"Point","coordinates":[100.699,13.82945]}},{"type":"Feature","properties":{"title":"ทางม้าลาย สี่แยกตัดถนนสุเหร่าคลองหนึ่ง","info":["ถนน: ถนนพระยาสุเรนทร์(คลองลำควายหาย ถึงถนนคู่ขนานมอเตอร์เตอร์เวย์)","เขต: คลองสามวา","จำนวนช่องจราจร: 0","ไฟกดข้าม: ไม่มี"],"district":"คลองสามวา"},"geometry":{"type":"Point","coordinates":[100.69657,13.84023]}},{"type":"Feature","properties":{"title":"ทางม้าลาย บริเวณซอยพระยาสุเรนทร์ 32","info":["ถนน: ถนนพระยาสุเรนทร์(คลองลำควายหาย ถึงถนนคู่ขนานมอเตอร์เตอร์เวย์)","เขต: คลองสามวา","จำนวนช่องจราจร: 6","ไฟกดข้าม: ไม่มี"],"district":"คลองสามวา"},"geometry":{"type":"Point","coordinates":[100.69569,13.8475]}},{"type":"Feature","properties":{"title":"ทางม้าลาย บริเวณซอยพระยาสุเรนทร์ 40 (โรงเรียนกลางคลองสอง)","info":["ถนน: ถนนพระยาสุเรนทร์(คลองลำควายหาย ถึงถนนคู่ขนานมอเตอร์เตอร์เวย์)","เขต: คลองสามวา","จำนวนช่องจราจร: 2","ไฟกดข้าม: ไม่มี"],"district":"คลองสามวา"},"geometry":{"type":"Point","coordinates":[100.69269,13.86217]}},{"type":"Feature","properties":{"title":"ทางม้าลาย บริเวณหน้าโรงเรียนวัดพระยาสุเรนทร์","info":["ถนน: ถนนพระยาสุเรนทร์(คลองลำควายหาย ถึงถนนคู่ขนานมอเตอร์เตอร์เวย์)","เขต: คลองสามวา","จำนวนช่องจราจร: 2","ไฟกดข้าม: ไม่มี"],"district":"คลองสามวา"},"geometry":{"type":"Point","coordinates":[100.68746,13.87465]}},{"type":"Feature","properties":{"title":"ทางม้าลาย สามแยกตัดถนนสุเหร่าคลองหนึ่ง","info":["ถนน: ถนนหทัยราษฎร์","เขต: คลองสามวา","จำนวนช่องจราจร: 4","ไฟกดข้าม: ไม่มี"],"district":"คลองสามวา"},"geometry":{"type":"Point","coordinates":[100.72043,13.84172]}},{"type":"Feature","properties":{"title":"ทางม้าลาย โรงเรียนโชคชัยหทัยราษฏร์","info":["ถนน: ถนนหทัยราษฎร์","เขต: คลองสามวา","จำนวนช่องจราจร: 4","ไฟกดข้าม: ไม่มี"],"district":"คลองสามวา"},"geometry":{"type":"Point","coordinates":[100.72089,13.84735]}},{"type":"Feature","properties":{"title":"ทางม้าลาย สามแยกตัดถนนหทัยมิตร","info":["ถนน: ถนนหทัยราษฎร์","เขต: คลองสามวา","จำนวนช่องจราจร: 0","ไฟกดข้าม: ไม่มี"],"district":"คลองสามวา"},"geometry":{"type":"Point","coordinates":[100.72211,13.85866]}},{"type":"Feature","properties":{"title":"ทางม้าลาย สามแยกตัดถนนเลียบคลองสอง","info":["ถนน: ถนนหทัยราษฎร์","เขต: คลองสามวา","จำนวนช่องจราจร: 0","ไฟกดข้าม: ไม่มี"],"district":"คลองสามวา"},"geometry":{"type":"Point","coordinates":[100.72232,13.8617]}},{"type":"Feature","properties":{"title":"ทางม้าลาย สามแยกตัดซอยหทัยราษฏร์ 39","info":["ถนน: ถนนหทัยราษฎร์","เขต: คลองสามวา","จำนวนช่องจราจร: 0","ไฟกดข้าม: ไม่มี"],"district":"คลองสามวา"},"geometry":{"type":"Point","coordinates":[100.72216,13.88743]}},{"type":"Feature","properties":{"title":"ทางม้าลาย สามแยกตัดถนนไทยรามัญ","info":["ถนน: ถนนหทัยราษฎร์","เขต: คลองสามวา","จำนวนช่องจราจร: 0","ไฟกดข้าม: ไม่มี"],"district":"คลองสามวา"},"geometry":{"type":"Point","coordinates":[100.72193,13.89674]}},{"type":"Feature","properties":{"title":"ทางม้าลาย โรงเรียนสุเหร่าสามวา","info":["ถนน: ถนนหทัยราษฎร์","เขต: คลองสามวา","จำนวนช่องจราจร: 4","ไฟกดข้าม: ไม่มี"],"district":"คลองสามวา"},"geometry":{"type":"Point","coordinates":[100.72179,13.90551]}},{"type":"Feature","properties":{"title":"ทางม้าลาย สามแยกตัดซอยราษฎร์นิมิตร","info":["ถนน: ถนนหทัยราษฎร์","เขต: คลองสามวา","จำนวนช่องจราจร: 0","ไฟกดข้าม: ไม่มี"],"district":"คลองสามวา"},"geometry":{"type":"Point","coordinates":[100.7217,13.91043]}},{"type":"Feature","properties":{"title":"ทางม้าลาย ซอยสามวา 11/1","info":["ถนน: ถนนสามวา","เขต: คลองสามวา","จำนวนช่องจราจร: 4","ไฟกดข้าม: ไม่มี"],"district":"คลองสามวา"},"geometry":{"type":"Point","coordinates":[100.72581,13.83117]}},{"type":"Feature","properties":{"title":"ทางม้าลาย บริเวณหน้า บจก. สินธุ แอนด์ คิว. พี. เอส.","info":["ถนน: ถนนสามวา","เขต: คลองสามวา","จำนวนช่องจราจร: 4","ไฟกดข้าม: ไม่มี"],"district":"คลองสามวา"},"geometry":{"type":"Point","coordinates":[100.72617,13.83619]}},{"type":"Feature","properties":{"title":"ทางม้าลาย บริเวณปากซอยสามวา 25","info":["ถนน: ถนนสามวา","เขต: คลองสามวา","จำนวนช่องจราจร: 4","ไฟกดข้าม: ไม่มี"],"district":"คลองสามวา"},"geometry":{"type":"Point","coordinates":[100.72648,13.83938]}},{"type":"Feature","properties":{"title":"ทางม้าลาย โรงเรียนสุเหร่าคลองหนึ่ง (มานะราษฏร์บำรุง) 1","info":["ถนน: ถนนสุเหร่าคลองหนึ่ง(ถนนปัญญาอินทรา ถึงถนนถนนหทัยราษฏร์)","เขต: คลองสามวา","จำนวนช่องจราจร: 2","ไฟกดข้าม: ไม่มี"],"district":"คลองสามวา"},"geometry":{"type":"Point","coordinates":[100.71031,13.84218]}},{"type":"Feature","properties":{"title":"ทางม้าลาย โรงเรียนสุเหร่าคลองหนึ่ง (มานะราษฏร์บำรุง) 2","info":["ถนน: ถนนสุเหร่าคลองหนึ่ง(ถนนปัญญาอินทรา ถึงถนนถนนหทัยราษฏร์)","เขต: คลองสามวา","จำนวนช่องจราจร: 2","ไฟกดข้าม: ไม่มี"],"district":"คลองสามวา"},"geometry":{"type":"Point","coordinates":[100.71117,13.84233]}},{"type":"Feature","properties":{"title":"ทางม้าลาย แยกตัดถนนเจริญพัฒนา (สุเหร่าคลองหนึ่ง 15)","info":["ถนน: ถนนสุเหร่าคลองหนึ่ง(ถนนปัญญาอินทรา ถึงถนนถนนหทัยราษฏร์)","เขต: คลองสามวา","จำนวนช่องจราจร: 2","ไฟกดข้าม: ไม่มี"],"district":"คลองสามวา"},"geometry":{"type":"Point","coordinates":[100.71315,13.84191]}},{"type":"Feature","properties":{"title":"ทางม้าลาย สามแยกตัดถนนหทัยราษฏร์","info":["ถนน: ถนนสุเหร่าคลองหนึ่ง(ถนนปัญญาอินทรา ถึงถนนถนนหทัยราษฏร์)","เขต: คลองสามวา","จำนวนช่องจราจร: 4","ไฟกดข้าม: ไม่มี"],"district":"คลองสามวา"},"geometry":{"type":"Point","coordinates":[100.72039,13.84176]}},{"type":"Feature","properties":{"title":"ทางม้าลาย ซอยเจริญพัฒนา- ซอยพระยาสุเรนทร์ 30","info":["ถนน: ซอยเจริญพัฒนา","เขต: คลองสามวา","จำนวนช่องจราจร: 2","ไฟกดข้าม: ไม่มี"],"district":"คลองสามวา"},"geometry":{"type":"Point","coordinates":[100.71255,13.835]}},{"type":"Feature","properties":{"title":"ทางม้าลาย โรงน้ำแข็งตั้งเจริญ","info":["ถนน: ซอยเจริญพัฒนา","เขต: คลองสามวา","จำนวนช่องจราจร: 2","ไฟกดข้าม: ไม่มี"],"district":"คลองสามวา"},"geometry":{"type":"Point","coordinates":[100.71256,13.82861]}},{"type":"Feature","properties":{"title":"ทางม้าลาย โรงเรียนนูรุลอิสลามศาสนวิทยา","info":["ถนน: ซอยเจริญพัฒนา","เขต: คลองสามวา","จำนวนช่องจราจร: 2","ไฟกดข้าม: ไม่มี"],"district":"มีนบุรี"},"geometry":{"type":"Point","coordinates":[100.70744,13.82032]}},{"type":"Feature","properties":{"title":"ทางม้าลาย ซอยเจริญพัฒนา- ซอยรามอินทรา 117 แยก 16","info":["ถนน: ซอยเจริญพัฒนา","เขต: คลองสามวา","จำนวนช่องจราจร: 2","ไฟกดข้าม: ไม่มี"],"district":"มีนบุรี"},"geometry":{"type":"Point","coordinates":[100.70744,13.82004]}},{"type":"Feature","properties":{"title":"ทางม้าลาย บริเวณซอยนิมิตรใหม่ 14","info":["ถนน: ถนนนิมิตรใหม่(ซอยนิมิตรใหม่ 14 ถึงสุดเขต กทม.)","เขต: คลองสามวา","จำนวนช่องจราจร: 6","ไฟกดข้าม: ไม่มี"],"district":"คลองสามวา"},"geometry":{"type":"Point","coordinates":[100.73549,13.83753]}},{"type":"Feature","properties":{"title":"ทางม้าลาย บริเวณซอยนิมิตรใหม่ 16","info":["ถนน: ถนนนิมิตรใหม่(ซอยนิมิตรใหม่ 14 ถึงสุดเขต กทม.)","เขต: คลองสามวา","จำนวนช่องจราจร: 6","ไฟกดข้าม: ไม่มี"],"district":"คลองสามวา"},"geometry":{"type":"Point","coordinates":[100.73501,13.83994]}},{"type":"Feature","properties":{"title":"ทางม้าลาย บริเวณซอยนิมิตรใหม่ 20","info":["ถนน: ถนนนิมิตรใหม่(ซอยนิมิตรใหม่ 14 ถึงสุดเขต กทม.)","เขต: คลองสามวา","จำนวนช่องจราจร: 6","ไฟกดข้าม: ไม่มี"],"district":"คลองสามวา"},"geometry":{"type":"Point","coordinates":[100.73441,13.84232]}},{"type":"Feature","properties":{"title":"ทางม้าลาย สามแยกตัดถนนหทัยมิตร","info":["ถนน: ถนนนิมิตรใหม่(ซอยนิมิตรใหม่ 14 ถึงสุดเขต กทม.)","เขต: คลองสามวา","จำนวนช่องจราจร: 0","ไฟกดข้าม: ไม่มี"],"district":"คลองสามวา"},"geometry":{"type":"Point","coordinates":[100.73196,13.85991]}},{"type":"Feature","properties":{"title":"ทางม้าลาย บริเวณซอยนิมิตรใหม่ 28","info":["ถนน: ถนนนิมิตรใหม่(ซอยนิมิตรใหม่ 14 ถึงสุดเขต กทม.)","เขต: คลองสามวา","จำนวนช่องจราจร: 6","ไฟกดข้าม: ไม่มี"],"district":"คลองสามวา"},"geometry":{"type":"Point","coordinates":[100.73178,13.8668]}},{"type":"Feature","properties":{"title":"ทางม้าลาย บริเวณหน้าโรงเรียนสารสาสน์วิเทศนิมิตใหม่","info":["ถนน: ถนนนิมิตรใหม่(ซอยนิมิตรใหม่ 14 ถึงสุดเขต กทม.)","เขต: คลองสามวา","จำนวนช่องจราจร: 6","ไฟกดข้าม: ไม่มี"],"district":"คลองสามวา"},"geometry":{"type":"Point","coordinates":[100.73189,13.86973]}},{"type":"Feature","properties":{"title":"ทางม้าลาย บริเวณซอยนิมิตรใหม่ 40","info":["ถนน: ถนนนิมิตรใหม่(ซอยนิมิตรใหม่ 14 ถึงสุดเขต กทม.)","เขต: คลองสามวา","จำนวนช่องจราจร: 6","ไฟกดข้าม: ไม่มี"],"district":"คลองสามวา"},"geometry":{"type":"Point","coordinates":[100.73174,13.88341]}},{"type":"Feature","properties":{"title":"ทางม้าลาย ระหว่างซอยนิมิตรใหม่ 42-44","info":["ถนน: ถนนนิมิตรใหม่(ซอยนิมิตรใหม่ 14 ถึงสุดเขต กทม.)","เขต: คลองสามวา","จำนวนช่องจราจร: 6","ไฟกดข้าม: ไม่มี"],"district":"คลองสามวา"},"geometry":{"type":"Point","coordinates":[100.73168,13.88614]}},{"type":"Feature","properties":{"title":"ทางม้าลาย สามแยกตัดถนนไมตรีจิต","info":["ถนน: ถนนนิมิตรใหม่(ซอยนิมิตรใหม่ 14 ถึงสุดเขต กทม.)","เขต: คลองสามวา","จำนวนช่องจราจร: 0","ไฟกดข้าม: ไม่มี"],"district":"คลองสามวา"},"geometry":{"type":"Point","coordinates":[100.74687,13.91192]}},{"type":"Feature","properties":{"title":"ทางม้าลาย สามแยกแยกตัดถนนนิมิตรใหม่","info":["ถนน: ถนนไมตรีจิต(ถนนนิมิตรใหม่ ถึงถนนคลองเก้า)","เขต: คลองสามวา","จำนวนช่องจราจร: 6","ไฟกดข้าม: ไม่มี"],"district":"คลองสามวา"},"geometry":{"type":"Point","coordinates":[100.74697,13.91155]}},{"type":"Feature","properties":{"title":"ทางม้าลาย โรงพยาบาลคลองสามวา","info":["ถนน: ถนนไมตรีจิต(ถนนนิมิตรใหม่ ถึงถนนคลองเก้า)","เขต: คลองสามวา","จำนวนช่องจราจร: 4","ไฟกดข้าม: ไม่มี"],"district":"คลองสามวา"},"geometry":{"type":"Point","coordinates":[100.75349,13.90974]}},{"type":"Feature","properties":{"title":"ทางม้าลาย โรงเรียนสุเหร่าคลองสี่","info":["ถนน: ถนนไมตรีจิต(ถนนนิมิตรใหม่ ถึงถนนคลองเก้า)","เขต: คลองสามวา","จำนวนช่องจราจร: 4","ไฟกดข้าม: ไม่มี"],"district":"คลองสามวา"},"geometry":{"type":"Point","coordinates":[100.77078,13.91192]}},{"type":"Feature","properties":{"title":"ทางม้าลาย โรงเรียนวัดศรีสุก(แย้มเยื้อนอุปถัมภ์) จุดที่ 1","info":["ถนน: ถนนไมตรีจิต(ถนนนิมิตรใหม่ ถึงถนนคลองเก้า)","เขต: คลองสามวา","จำนวนช่องจราจร: 2","ไฟกดข้าม: ไม่มี"],"district":"คลองสามวา"},"geometry":{"type":"Point","coordinates":[100.79104,13.91889]}},{"type":"Feature","properties":{"title":"ทางม้าลาย โรงเรียนวัดศรีสุก(แย้มเยื้อนอุปถัมภ์) จุดที่ 2","info":["ถนน: ถนนไมตรีจิต(ถนนนิมิตรใหม่ ถึงถนนคลองเก้า)","เขต: คลองสามวา","จำนวนช่องจราจร: 2","ไฟกดข้าม: ไม่มี"],"district":"คลองสามวา"},"geometry":{"type":"Point","coordinates":[100.79175,13.91888]}},{"type":"Feature","properties":{"title":"ทางม้าลาย ซอยประชาร่วมใจ 13","info":["ถนน: ถนนประชาร่วมใจ","เขต: คลองสามวา","จำนวนช่องจราจร: 4","ไฟกดข้าม: ไม่มี"],"district":"คลองสามวา"},"geometry":{"type":"Point","coordinates":[100.75738,13.82869]}},{"type":"Feature","properties":{"title":"ทางม้าลาย ซอยประชาร่วมใจ 14","info":["ถนน: ถนนประชาร่วมใจ","เขต: คลองสามวา","จำนวนช่องจราจร: 4","ไฟกดข้าม: ไม่มี"],"district":"คลองสามวา"},"geometry":{"type":"Point","coordinates":[100.75963,13.83024]}},{"type":"Feature","properties":{"title":"ทางม้าลาย ซอยประชาร่วมใจ 40","info":["ถนน: ถนนประชาร่วมใจ","เขต: คลองสามวา","จำนวนช่องจราจร: 4","ไฟกดข้าม: ไม่มี"],"district":"คลองสามวา"},"geometry":{"type":"Point","coordinates":[100.76693,13.83491]}},{"type":"Feature","properties":{"title":"ทางม้าลาย ซอยประชาร่วมใจ 35","info":["ถนน: ถนนประชาร่วมใจ","เขต: คลองสามวา","จำนวนช่องจราจร: 4","ไฟกดข้าม: ไม่มี"],"district":"คลองสามวา"},"geometry":{"type":"Point","coordinates":[100.77043,13.83737]}},{"type":"Feature","properties":{"title":"ทางม้าลาย สามแยกตัดซอยราษฏร์ร่วมใจ","info":["ถนน: ถนนประชาร่วมใจ","เขต: คลองสามวา","จำนวนช่องจราจร: 4","ไฟกดข้าม: ไม่มี"],"district":"คลองสามวา"},"geometry":{"type":"Point","coordinates":[100.79506,13.84897]}},{"type":"Feature","properties":{"title":"ทางม้าลาย ร.ร.สุเหร่าเกาะขุนเณรขุนเณร (ซ.63)","info":["ถนน: ถนนประชาร่วมใจ","เขต: คลองสามวา","จำนวนช่องจราจร: 4","ไฟกดข้าม: ไม่มี"],"district":"คลองสามวา"},"geometry":{"type":"Point","coordinates":[100.79078,13.84659]}},{"type":"Feature","properties":{"title":"ทางม้าลาย ซอยประชาร่วมใจ 74","info":["ถนน: ถนนประชาร่วมใจ","เขต: คลองสามวา","จำนวนช่องจราจร: 4","ไฟกดข้าม: ไม่มี"],"district":"คลองสามวา"},"geometry":{"type":"Point","coordinates":[100.79335,13.84801]}},{"type":"Feature","properties":{"title":"ทางม้าลาย ซอยประชาร่วมใจ 76","info":["ถนน: ถนนประชาร่วมใจ","เขต: คลองสามวา","จำนวนช่องจราจร: 4","ไฟกดข้าม: ไม่มี"],"district":"คลองสามวา"},"geometry":{"type":"Point","coordinates":[100.79497,13.84892]}},{"type":"Feature","properties":{"title":"ทางม้าลาย สามแยกตัดถนนหทัยราษฏร์","info":["ถนน: ถนนหทัยมิตร(ถนนหทัยราษฏร์ ถึงถนนนิมิตรใหม่)","เขต: คลองสามวา","จำนวนช่องจราจร: 4","ไฟกดข้าม: ไม่มี"],"district":"คลองสามวา"},"geometry":{"type":"Point","coordinates":[100.7224,13.85886]}},{"type":"Feature","properties":{"title":"ทางม้าลาย สามแยกตัดถนนนิมิตรใหม่","info":["ถนน: ถนนหทัยมิตร(ถนนหทัยราษฏร์ ถึงถนนนิมิตรใหม่)","เขต: คลองสามวา","จำนวนช่องจราจร: 4","ไฟกดข้าม: ไม่มี"],"district":"คลองสามวา"},"geometry":{"type":"Point","coordinates":[100.73176,13.85969]}},{"type":"Feature","properties":{"title":"ทางม้าลาย ซอยพระยาสุเรนทร์ 1","info":["ถนน: ถนนพระยาสุเรนทร์","เขต: คลองสามวา","จำนวนช่องจราจร: 0","ไฟกดข้าม: ไม่มี"],"district":"คลองสามวา"},"geometry":{"type":"Point","coordinates":[100.69899,13.81911]}},{"type":"Feature","properties":{"title":"ทางม้าลาย ซอยพระยาสุเรนทร์ 28","info":["ถนน: ถนนพระยาสุเรนทร์","เขต: คลองสามวา","จำนวนช่องจราจร: 6","ไฟกดข้าม: ไม่มี"],"district":"คลองสามวา"},"geometry":{"type":"Point","coordinates":[100.69907,13.82844]}},{"type":"Feature","properties":{"title":"ทางม้าลาย แยกถนนพระยาสุเรนทร์ตัดถนนปัญญอินทรา","info":["ถนน: ถนนพระยาสุเรนทร์","เขต: คลองสามวา","จำนวนช่องจราจร: 6","ไฟกดข้าม: ไม่มี"],"district":"คลองสามวา"},"geometry":{"type":"Point","coordinates":[100.69651,13.84039]}},{"type":"Feature","properties":{"title":"ทางม้าลาย แยกถนนพระยาสุเรนทร์-ถนนรามอินทรา-ถนนเลียบคลองสอง","info":["ถนน: ถนนพระยาสุเรนทร์","เขต: คลองสามวา","จำนวนช่องจราจร: 0","ไฟกดข้าม: ไม่มี"],"district":"คลองสามวา"},"geometry":{"type":"Point","coordinates":[100.69309,13.8588]}},{"type":"Feature","properties":{"title":"ทางม้าลาย แยกเดโช","info":["ถนน: ถนนสีลม","เขต: บางรัก","จำนวนช่องจราจร: 16","ไฟกดข้าม: ไม่มี"],"district":"บางรัก"},"geometry":{"type":"Point","coordinates":[100.5258,13.72549]}},{"type":"Feature","properties":{"title":"ทางม้าลาย ก่อนถึงซอยสีลม 13","info":["ถนน: ถนนสีลม","เขต: บางรัก","จำนวนช่องจราจร: 6","ไฟกดข้าม: ไม่มี"],"district":"บางรัก"},"geometry":{"type":"Point","coordinates":[100.52432,13.7249]}},{"type":"Feature","properties":{"title":"ทางม้าลาย หน้าอาคารห้างทองเยาวราช","info":["ถนน: ถนนสีลม","เขต: บางรัก","จำนวนช่องจราจร: 6","ไฟกดข้าม: ไม่มี"],"district":"บางรัก"},"geometry":{"type":"Point","coordinates":[100.52332,13.72455]}},{"type":"Feature","properties":{"title":"ทางม้าลาย แยกประมวญ","info":["ถนน: ถนนสีลม","เขต: บางรัก","จำนวนช่องจราจร: 8","ไฟกดข้าม: ไม่มี"],"district":"บางรัก"},"geometry":{"type":"Point","coordinates":[100.52171,13.72398]}},{"type":"Feature","properties":{"title":"ทางม้าลาย หน้าซอยสีลม 19","info":["ถนน: ถนนสีลม","เขต: บางรัก","จำนวนช่องจราจร: 6","ไฟกดข้าม: ไม่มี"],"district":"บางรัก"},"geometry":{"type":"Point","coordinates":[100.52057,13.72354]}},{"type":"Feature","properties":{"title":"ทางม้าลาย แยกสีลมตัดใต้ทางด่วน ถ.สาทรเหนือ-ถ.สุรวงศ์","info":["ถนน: ถนนสีลม","เขต: บางรัก","จำนวนช่องจราจร: 23","ไฟกดข้าม: ไม่มี"],"district":"บางรัก"},"geometry":{"type":"Point","coordinates":[100.51792,13.7226]}},{"type":"Feature","properties":{"title":"ทางม้าลาย หน้าอาคาร DECATHLON","info":["ถนน: ถนนสีลม","เขต: บางรัก","จำนวนช่องจราจร: 6","ไฟกดข้าม: ไม่มี"],"district":"บางรัก"},"geometry":{"type":"Point","coordinates":[100.53534,13.72888]}},{"type":"Feature","properties":{"title":"ทางม้าลาย ก่อนถึงซอยสีลม 5","info":["ถนน: ถนนสีลม","เขต: บางรัก","จำนวนช่องจราจร: 6","ไฟกดข้าม: ไม่มี"],"district":"บางรัก"},"geometry":{"type":"Point","coordinates":[100.52979,13.72684]}},{"type":"Feature","properties":{"title":"ทางม้าลาย ใกล้ร้านอาหาร ร้านลาบ","info":["ถนน: ซอยสีลม 3","เขต: บางรัก","จำนวนช่องจราจร: 2","ไฟกดข้าม: ไม่มี"],"district":"บางรัก"},"geometry":{"type":"Point","coordinates":[100.53175,13.72473]}},{"type":"Feature","properties":{"title":"ทางม้าลาย ปากซอยสีลม 9","info":["ถนน: ซอยสีลม 9","เขต: บางรัก","จำนวนช่องจราจร: 2","ไฟกดข้าม: ไม่มี"],"district":"บางรัก"},"geometry":{"type":"Point","coordinates":[100.52687,13.72568]}},{"type":"Feature","properties":{"title":"ทางม้าลาย ปากทางซอยสีลม 20","info":["ถนน: ซอยสีลม 20","เขต: บางรัก","จำนวนช่องจราจร: 2","ไฟกดข้าม: ไม่มี"],"district":"บางรัก"},"geometry":{"type":"Point","coordinates":[100.52306,13.72472]}},{"type":"Feature","properties":{"title":"ทางม้าลาย ปากซอยสีลม 22","info":["ถนน: ซอยสีลม 22","เขต: บางรัก","จำนวนช่องจราจร: 1","ไฟกดข้าม: ไม่มี"],"district":"บางรัก"},"geometry":{"type":"Point","coordinates":[100.52278,13.72464]}},{"type":"Feature","properties":{"title":"ทางม้าลาย ปากซอยสาทร 6","info":["ถนน: ซอยสาทร 6","เขต: บางรัก","จำนวนช่องจราจร: 2","ไฟกดข้าม: ไม่มี"],"district":"บางรัก"},"geometry":{"type":"Point","coordinates":[100.53398,13.72323]}},{"type":"Feature","properties":{"title":"ทางม้าลาย ปากซอยสาทร 8","info":["ถนน: ซอยสาทร 8","เขต: บางรัก","จำนวนช่องจราจร: 2","ไฟกดข้าม: ไม่มี"],"district":"บางรัก"},"geometry":{"type":"Point","coordinates":[100.53151,13.72247]}},{"type":"Feature","properties":{"title":"ทางม้าลาย ปากซอยสาทร 12","info":["ถนน: ซอยสาทร 12","เขต: บางรัก","จำนวนช่องจราจร: 2","ไฟกดข้าม: ไม่มี"],"district":"บางรัก"},"geometry":{"type":"Point","coordinates":[100.52626,13.72092]}},{"type":"Feature","properties":{"title":"ทางม้าลาย ปากถนนศาลาแดง","info":["ถนน: ถนนศาลาแดง","เขต: บางรัก","จำนวนช่องจราจร: 2","ไฟกดข้าม: ไม่มี"],"district":"บางรัก"},"geometry":{"type":"Point","coordinates":[100.53575,13.72881]}},{"type":"Feature","properties":{"title":"ทางม้าลาย ปากถนนศาลาแดงฝั่งถนนสาทรเหนือ","info":["ถนน: ถนนศาลาแดง","เขต: บางรัก","จำนวนช่องจราจร: 2","ไฟกดข้าม: ไม่มี"],"district":"บางรัก"},"geometry":{"type":"Point","coordinates":[100.53781,13.72444]}},{"type":"Feature","properties":{"title":"ทางม้าลาย ปากถนนคอนแวนต์ ฝั่งสีลม","info":["ถนน: ถนนคอนแวนต์","เขต: บางรัก","จำนวนช่องจราจร: 2","ไฟกดข้าม: ไม่มี"],"district":"บางรัก"},"geometry":{"type":"Point","coordinates":[100.5332,13.7279]}},{"type":"Feature","properties":{"title":"ทางม้าลาย โรงเรียนเซนต์โยเซฟคอนแวนต์","info":["ถนน: ถนนคอนแวนต์","เขต: บางรัก","จำนวนช่องจราจร: 2","ไฟกดข้าม: ไม่มี"],"district":"บางรัก"},"geometry":{"type":"Point","coordinates":[100.53397,13.72619]}},{"type":"Feature","properties":{"title":"ทางม้าลาย โรงเรียนเซนต์โยเซฟคอนแวนต์","info":["ถนน: ถนนคอนแวนต์","เขต: บางรัก","จำนวนช่องจราจร: 2","ไฟกดข้าม: ไม่มี"],"district":"บางรัก"},"geometry":{"type":"Point","coordinates":[100.53405,13.72602]}},{"type":"Feature","properties":{"title":"ทางม้าลาย โรงพยาบาลบีเอ็นเอช","info":["ถนน: ถนนคอนแวนต์","เขต: บางรัก","จำนวนช่องจราจร: 2","ไฟกดข้าม: ไม่มี"],"district":"บางรัก"},"geometry":{"type":"Point","coordinates":[100.53447,13.72511]}},{"type":"Feature","properties":{"title":"ทางม้าลาย ปากทางถนนคอนแวนต์ฝั่งสาทรเหนือ","info":["ถนน: ถนนคอนแวนต์","เขต: บางรัก","จำนวนช่องจราจร: 5","ไฟกดข้าม: ไม่มี"],"district":"บางรัก"},"geometry":{"type":"Point","coordinates":[100.53517,13.72374]}},{"type":"Feature","properties":{"title":"ทางม้าลาย ข้างวัดพระศรีมหาอุมาเทวี (วัดแขก)","info":["ถนน: ถนนปั้น","เขต: บางรัก","จำนวนช่องจราจร: 2","ไฟกดข้าม: ไม่มี"],"district":"บางรัก"},"geometry":{"type":"Point","coordinates":[100.52312,13.72432]}},{"type":"Feature","properties":{"title":"ทางม้าลาย ปากถนนปั้นฝั่งถนนสาทรเหนือ","info":["ถนน: ถนนปั้น","เขต: บางรัก","จำนวนช่องจราจร: 2","ไฟกดข้าม: ไม่มี"],"district":"บางรัก"},"geometry":{"type":"Point","coordinates":[100.52434,13.72046]}},{"type":"Feature","properties":{"title":"ทางม้าลาย โรงเรียนอัสสัมชัญคอนแวนต์ สีลม","info":["ถนน: ถนนประมวญ","เขต: บางรัก","จำนวนช่องจราจร: 2","ไฟกดข้าม: ไม่มี"],"district":"บางรัก"},"geometry":{"type":"Point","coordinates":[100.5221,13.72217]}},{"type":"Feature","properties":{"title":"ทางม้าลาย โรงเรียนกรุงเทพคริสเตียนวิทยาลัย ทางประตูออก","info":["ถนน: ถนนประมวญ","เขต: บางรัก","จำนวนช่องจราจร: 2","ไฟกดข้าม: ไม่มี"],"district":"บางรัก"},"geometry":{"type":"Point","coordinates":[100.52218,13.72172]}},{"type":"Feature","properties":{"title":"ทางม้าลาย โรงเรียนกรุงเทพคริสเตียนวิทยาลัย","info":["ถนน: ถนนประมวญ","เขต: บางรัก","จำนวนช่องจราจร: 2","ไฟกดข้าม: ไม่มี"],"district":"บางรัก"},"geometry":{"type":"Point","coordinates":[100.5223,13.72099]}},{"type":"Feature","properties":{"title":"ทางม้าลาย โรงเรียนกรุงเทพคริสเตียนวิทยาลัย","info":["ถนน: ถนนประมวญ","เขต: บางรัก","จำนวนช่องจราจร: 2","ไฟกดข้าม: ไม่มี"],"district":"บางรัก"},"geometry":{"type":"Point","coordinates":[100.52231,13.72094]}},{"type":"Feature","properties":{"title":"ทางม้าลาย ปากถนนประมวณฝั่งสาทรเหนือ","info":["ถนน: ถนนประมวญ","เขต: บางรัก","จำนวนช่องจราจร: 2","ไฟกดข้าม: ไม่มี"],"district":"บางรัก"},"geometry":{"type":"Point","coordinates":[100.5225,13.71983]}},{"type":"Feature","properties":{"title":"ทางม้าลาย ปากถนนศรีเวียง ด้านถนนสุรศักดิ์","info":["ถนน: ถนนศรีเวียง","เขต: บางรัก","จำนวนช่องจราจร: 2","ไฟกดข้าม: ไม่มี"],"district":"บางรัก"},"geometry":{"type":"Point","coordinates":[100.51972,13.72064]}},{"type":"Feature","properties":{"title":"ทางม้าลาย หน้าร้าน BURGER KING","info":["ถนน: ถนนสุรวงศ์","เขต: บางรัก","จำนวนช่องจราจร: 4","ไฟกดข้าม: ไม่มี"],"district":"บางรัก"},"geometry":{"type":"Point","coordinates":[100.53148,13.72995]}},{"type":"Feature","properties":{"title":"ทางม้าลาย หน้าธนาคารกรุงศรี","info":["ถนน: ถนนสุรวงศ์","เขต: บางรัก","จำนวนช่องจราจร: 4","ไฟกดข้าม: ไม่มี"],"district":"บางรัก"},"geometry":{"type":"Point","coordinates":[100.53108,13.72983]}},{"type":"Feature","properties":{"title":"ทางม้าลาย หน้าอาคารตะวันนา The Tawana","info":["ถนน: ถนนสุรวงศ์","เขต: บางรัก","จำนวนช่องจราจร: 4","ไฟกดข้าม: ไม่มี"],"district":"บางรัก"},"geometry":{"type":"Point","coordinates":[100.52981,13.72944]}},{"type":"Feature","properties":{"title":"ทางม้าลาย แยกทรัพย์-สุรวงศ์","info":["ถนน: ถนนสุรวงศ์","เขต: บางรัก","จำนวนช่องจราจร: 12","ไฟกดข้าม: ไม่มี"],"district":"บางรัก"},"geometry":{"type":"Point","coordinates":[100.52819,13.72894]}},{"type":"Feature","properties":{"title":"ทางม้าลาย แยกนราธิวาสราชนครินทร์","info":["ถนน: ถนนสุรวงศ์","เขต: บางรัก","จำนวนช่องจราจร: 16","ไฟกดข้าม: ไม่มี"],"district":"บางรัก"},"geometry":{"type":"Point","coordinates":[100.52691,13.72854]}},{"type":"Feature","properties":{"title":"ทางม้าลาย แยกเดโช-สุรวงศ์","info":["ถนน: ถนนสุรวงศ์","เขต: บางรัก","จำนวนช่องจราจร: 11","ไฟกดข้าม: ไม่มี"],"district":"บางรัก"},"geometry":{"type":"Point","coordinates":[100.52493,13.72772]}},{"type":"Feature","properties":{"title":"ทางม้าลาย ปากซอยประชุม","info":["ถนน: ถนนสุรวงศ์","เขต: บางรัก","จำนวนช่องจราจร: 4","ไฟกดข้าม: ไม่มี"],"district":"บางรัก"},"geometry":{"type":"Point","coordinates":[100.52246,13.72711]}},{"type":"Feature","properties":{"title":"ทางม้าลาย ใกล้บริษัทไทยเจริญคอมเมอร์เชียลกรุ๊ป จำกัด","info":["ถนน: ถนนสุรวงศ์","เขต: บางรัก","จำนวนช่องจราจร: 4","ไฟกดข้าม: ไม่มี"],"district":"บางรัก"},"geometry":{"type":"Point","coordinates":[100.52126,13.72673]}},{"type":"Feature","properties":{"title":"ทางม้าลาย หน้าอาคารหวั่งหลี","info":["ถนน: ถนนสุรวงศ์","เขต: บางรัก","จำนวนช่องจราจร: 4","ไฟกดข้าม: ไม่มี"],"district":"บางรัก"},"geometry":{"type":"Point","coordinates":[100.51859,13.72591]}},{"type":"Feature","properties":{"title":"ทางม้าลาย แยกใต้ทางด่วนตัดสุรวงศ์","info":["ถนน: ถนนสุรวงศ์","เขต: บางรัก","จำนวนช่องจราจร: 10","ไฟกดข้าม: ไม่มี"],"district":"บางรัก"},"geometry":{"type":"Point","coordinates":[100.5175,13.72564]}},{"type":"Feature","properties":{"title":"ทางม้าลาย หน้าโรงเรียนสตรีวัดมหาพฤฒาราม","info":["ถนน: ถนนมหาพฤฒาราม","เขต: บางรัก","จำนวนช่องจราจร: 3","ไฟกดข้าม: ไม่มี"],"district":"บางรัก"},"geometry":{"type":"Point","coordinates":[100.51585,13.73302]}},{"type":"Feature","properties":{"title":"ทางม้าลาย ก่อนถึงซอยสหมิตร","info":["ถนน: ถนนมหาพฤฒาราม","เขต: บางรัก","จำนวนช่องจราจร: 3","ไฟกดข้าม: ไม่มี"],"district":"บางรัก"},"geometry":{"type":"Point","coordinates":[100.51611,13.73474]}},{"type":"Feature","properties":{"title":"ทางม้าลาย คอสะพานข้ามคลองผดุงกรุงเกษม","info":["ถนน: ถนนข้าวหลาม","เขต: บางรัก","จำนวนช่องจราจร: 4","ไฟกดข้าม: ไม่มี"],"district":"สัมพันธวงศ์"},"geometry":{"type":"Point","coordinates":[100.51573,13.73698]}},{"type":"Feature","properties":{"title":"ทางม้าลาย ปากถนนสว่าง","info":["ถนน: ถนนสว่าง","เขต: บางรัก","จำนวนช่องจราจร: 2","ไฟกดข้าม: ไม่มี"],"district":"บางรัก"},"geometry":{"type":"Point","coordinates":[100.51907,13.73548]}},{"type":"Feature","properties":{"title":"ทางม้าลาย หน้าโรงเรียนเยนเฮส์เม็มโมเรียล","info":["ถนน: ถนนสว่าง","เขต: บางรัก","จำนวนช่องจราจร: 2","ไฟกดข้าม: ไม่มี"],"district":"บางรัก"},"geometry":{"type":"Point","coordinates":[100.51948,13.73469]}},{"type":"Feature","properties":{"title":"ทางม้าลาย หน้าซอยสว่าง 6","info":["ถนน: ถนนมหานคร","เขต: บางรัก","จำนวนช่องจราจร: 4","ไฟกดข้าม: ไม่มี"],"district":"บางรัก"},"geometry":{"type":"Point","coordinates":[100.51864,13.73379]}},{"type":"Feature","properties":{"title":"ทางม้าลาย ใกล้อาคาร kerry","info":["ถนน: ถนนมหานคร","เขต: บางรัก","จำนวนช่องจราจร: 4","ไฟกดข้าม: ไม่มี"],"district":"บางรัก"},"geometry":{"type":"Point","coordinates":[100.51879,13.73495]}},{"type":"Feature","properties":{"title":"ทางม้าลาย หน้าซอยแก้วฟ้าทางเข้าด้านหลังโรงเรียนสตรีวัดมหาพฤฒาราม","info":["ถนน: ถนนมหานคร","เขต: บางรัก","จำนวนช่องจราจร: 4","ไฟกดข้าม: ไม่มี"],"district":"บางรัก"},"geometry":{"type":"Point","coordinates":[100.51838,13.73265]}},{"type":"Feature","properties":{"title":"ทางม้าลาย แยกมหานครสี่พระยา","info":["ถนน: ถนนมหานคร","เขต: บางรัก","จำนวนช่องจราจร: 14","ไฟกดข้าม: ไม่มี"],"district":"บางรัก"},"geometry":{"type":"Point","coordinates":[100.51817,13.73062]}},{"type":"Feature","properties":{"title":"ทางม้าลาย หน้าซอยเจริญกรุง 43","info":["ถนน: ถนนมหาเศรษฐ์","เขต: บางรัก","จำนวนช่องจราจร: 4","ไฟกดข้าม: ไม่มี"],"district":"บางรัก"},"geometry":{"type":"Point","coordinates":[100.5185,13.72855]}},{"type":"Feature","properties":{"title":"ทางม้าลาย แยกมเหสักข์","info":["ถนน: ถนนมหาเศรษฐ์","เขต: บางรัก","จำนวนช่องจราจร: 13","ไฟกดข้าม: ไม่มี"],"district":"บางรัก"},"geometry":{"type":"Point","coordinates":[100.5188,13.72597]}},{"type":"Feature","properties":{"title":"ทางม้าลาย หน้าอาคารปิยะมิตร","info":["ถนน: ถนนมเหสักข์","เขต: บางรัก","จำนวนช่องจราจร: 4","ไฟกดข้าม: ไม่มี"],"district":"บางรัก"},"geometry":{"type":"Point","coordinates":[100.51894,13.72526]}},{"type":"Feature","properties":{"title":"ทางม้าลาย แยกสุรศักดิ์","info":["ถนน: ถนนมเหสักข์","เขต: บางรัก","จำนวนช่องจราจร: 21","ไฟกดข้าม: ไม่มี"],"district":"บางรัก"},"geometry":{"type":"Point","coordinates":[100.51923,13.72309]}},{"type":"Feature","properties":{"title":"ทางม้าลาย หน้าถนนศรีเวียงและหน้า รร.เปลงประสิทธิ์","info":["ถนน: ถนนสุรศักดิ์","เขต: บางรัก","จำนวนช่องจราจร: 4","ไฟกดข้าม: ไม่มี"],"district":"บางรัก"},"geometry":{"type":"Point","coordinates":[100.5196,13.72077]}},{"type":"Feature","properties":{"title":"ทางม้าลาย แยกสาทร-สุรศักดิ์","info":["ถนน: ถนนสุรศักดิ์","เขต: บางรัก","จำนวนช่องจราจร: 12","ไฟกดข้าม: ไม่มี"],"district":"บางรัก"},"geometry":{"type":"Point","coordinates":[100.51981,13.71892]}},{"type":"Feature","properties":{"title":"ทางม้าลาย แยกถนนทรัพย์ - สี่พระยา","info":["ถนน: ถนนสี่พระยา","เขต: บางรัก","จำนวนช่องจราจร: 12","ไฟกดข้าม: ไม่มี"],"district":"บางรัก"},"geometry":{"type":"Point","coordinates":[100.52681,13.73214]}},{"type":"Feature","properties":{"title":"ทางม้าลาย หน้าบริษัทมิตรแท้ประกันภัย จำกัด","info":["ถนน: ถนนสี่พระยา","เขต: บางรัก","จำนวนช่องจราจร: 3","ไฟกดข้าม: ไม่มี"],"district":"บางรัก"},"geometry":{"type":"Point","coordinates":[100.52426,13.73172]}},{"type":"Feature","properties":{"title":"ทางม้าลาย แยกนเรศ","info":["ถนน: ถนนสี่พระยา","เขต: บางรัก","จำนวนช่องจราจร: 6","ไฟกดข้าม: ไม่มี"],"district":"บางรัก"},"geometry":{"type":"Point","coordinates":[100.52308,13.73152]}},{"type":"Feature","properties":{"title":"ทางม้าลาย หน้าอาคารศุภาลัย พรีเมียร์","info":["ถนน: ถนนสี่พระยา","เขต: บางรัก","จำนวนช่องจราจร: 3","ไฟกดข้าม: ไม่มี"],"district":"บางรัก"},"geometry":{"type":"Point","coordinates":[100.52237,13.73134]}},{"type":"Feature","properties":{"title":"ทางม้าลาย ร.ร.วัดแจ่มฟ้าและหน้าวิทยาลัยสารพัดช่างสี่พระยา","info":["ถนน: ถนนสี่พระยา","เขต: บางรัก","จำนวนช่องจราจร: 3","ไฟกดข้าม: ไม่มี"],"district":"บางรัก"},"geometry":{"type":"Point","coordinates":[100.51981,13.73095]}},{"type":"Feature","properties":{"title":"ทางม้าลาย หน้าโรงควบคุมคุณภาพน้ำสี่พระยา","info":["ถนน: ถนนสี่พระยา","เขต: บางรัก","จำนวนช่องจราจร: 3","ไฟกดข้าม: ไม่มี"],"district":"บางรัก"},"geometry":{"type":"Point","coordinates":[100.51392,13.72987]}},{"type":"Feature","properties":{"title":"ทางม้าลาย ปากถนนพัฒน์พงศ์ 2","info":["ถนน: ถนนพัฒน์พงศ์ 2","เขต: บางรัก","จำนวนช่องจราจร: 1","ไฟกดข้าม: ไม่มี"],"district":"บางรัก"},"geometry":{"type":"Point","coordinates":[100.53173,13.72983]}},{"type":"Feature","properties":{"title":"ทางม้าลาย ปากถนนพัฒน์พงศ์ 1","info":["ถนน: ถนนพัฒน์พงศ์ 1","เขต: บางรัก","จำนวนช่องจราจร: 2","ไฟกดข้าม: ไม่มี"],"district":"บางรัก"},"geometry":{"type":"Point","coordinates":[100.53135,13.72975]}},{"type":"Feature","properties":{"title":"ทางม้าลาย หน้าสถานทูตสหพันธรัฐรัสเซีย","info":["ถนน: ถนนทรัพย์","เขต: บางรัก","จำนวนช่องจราจร: 2","ไฟกดข้าม: ไม่มี"],"district":"บางรัก"},"geometry":{"type":"Point","coordinates":[100.52782,13.72971]}},{"type":"Feature","properties":{"title":"ทางม้าลาย แยกนเรศตัดถนนสุรวงศ์","info":["ถนน: ถนนนเรศ","เขต: บางรัก","จำนวนช่องจราจร: 4","ไฟกดข้าม: ไม่มี"],"district":"บางรัก"},"geometry":{"type":"Point","coordinates":[100.52431,13.72764]}},{"type":"Feature","properties":{"title":"ทางม้าลาย หน้าซอยสันติภาพ","info":["ถนน: ถนนนเรศ","เขต: บางรัก","จำนวนช่องจราจร: 4","ไฟกดข้าม: ไม่มี"],"district":"บางรัก"},"geometry":{"type":"Point","coordinates":[100.52392,13.72892]}},{"type":"Feature","properties":{"title":"ทางม้าลาย หน้า สน.บางรัก","info":["ถนน: ถนนนเรศ","เขต: บางรัก","จำนวนช่องจราจร: 4","ไฟกดข้าม: ไม่มี"],"district":"บางรัก"},"geometry":{"type":"Point","coordinates":[100.52355,13.73008]}},{"type":"Feature","properties":{"title":"ทางม้าลาย หน้าธนาคารกรุงไทย","info":["ถนน: ถนนสีลม","เขต: บางรัก","จำนวนช่องจราจร: 6","ไฟกดข้าม: ไม่มี"],"district":"บางรัก"},"geometry":{"type":"Point","coordinates":[100.53301,13.72801]}},{"type":"Feature","properties":{"title":"ทางม้าลาย หน้าอาคารอาคเนย์","info":["ถนน: ถนนสีลม","เขต: บางรัก","จำนวนช่องจราจร: 6","ไฟกดข้าม: ไม่มี"],"district":"บางรัก"},"geometry":{"type":"Point","coordinates":[100.53209,13.72768]}},{"type":"Feature","properties":{"title":"ทางม้าลาย แยกพิพัฒน์","info":["ถนน: ถนนสีลม","เขต: บางรัก","จำนวนช่องจราจร: 6","ไฟกดข้าม: ไม่มี"],"district":"บางรัก"},"geometry":{"type":"Point","coordinates":[100.53068,13.72718]}},{"type":"Feature","properties":{"title":"ทางม้าลาย อาคารชิดลม","info":["ถนน: ถนนชิดลม","เขต: ปทุมวัน","จำนวนช่องจราจร: 4","ไฟกดข้าม: มี"],"district":"ปทุมวัน"},"geometry":{"type":"Point","coordinates":[100.54442,13.74685]}},{"type":"Feature","properties":{"title":"ทางม้าลาย โรงเรียนปลูกจิต","info":["ถนน: ซอยปลูกจิต","เขต: ปทุมวัน","จำนวนช่องจราจร: 2","ไฟกดข้าม: ไม่มี"],"district":"ปทุมวัน"},"geometry":{"type":"Point","coordinates":[100.5503,13.72824]}},{"type":"Feature","properties":{"title":"ทางม้าลาย โรงเรียนสุนิพิทยา","info":["ถนน: ซอยปลูกจิต","เขต: ปทุมวัน","จำนวนช่องจราจร: 2","ไฟกดข้าม: ไม่มี"],"district":"ปทุมวัน"},"geometry":{"type":"Point","coordinates":[100.55032,13.72636]}},{"type":"Feature","properties":{"title":"ทางม้าลาย ปากซอยร่วมฤดี ถนนวิทยุ","info":["ถนน: ซอยร่วมฤดี","เขต: ปทุมวัน","จำนวนช่องจราจร: 2","ไฟกดข้าม: ไม่มี"],"district":"ปทุมวัน"},"geometry":{"type":"Point","coordinates":[100.54619,13.73476]}},{"type":"Feature","properties":{"title":"ทางม้าลาย กลางซอยร่วมฤดี","info":["ถนน: ซอยร่วมฤดี","เขต: ปทุมวัน","จำนวนช่องจราจร: 2","ไฟกดข้าม: ไม่มี"],"district":"ปทุมวัน"},"geometry":{"type":"Point","coordinates":[100.54855,13.73512]}},{"type":"Feature","properties":{"title":"ทางม้าลาย กลางซอยร่วมฤดี","info":["ถนน: ซอยร่วมฤดี","เขต: ปทุมวัน","จำนวนช่องจราจร: 2","ไฟกดข้าม: ไม่มี"],"district":"ปทุมวัน"},"geometry":{"type":"Point","coordinates":[100.54922,13.73937]}},{"type":"Feature","properties":{"title":"ทางม้าลาย ปากซอยร่วมฤดี ถนนเพลินจิต","info":["ถนน: ซอยร่วมฤดี","เขต: ปทุมวัน","จำนวนช่องจราจร: 2","ไฟกดข้าม: ไม่มี"],"district":"ปทุมวัน"},"geometry":{"type":"Point","coordinates":[100.54987,13.7428]}},{"type":"Feature","properties":{"title":"ทางม้าลาย ปากซอยสมคิด ถนนเพลินจิต","info":["ถนน: ซอยสมคิด","เขต: ปทุมวัน","จำนวนช่องจราจร: 2","ไฟกดข้าม: ไม่มี"],"district":"ปทุมวัน"},"geometry":{"type":"Point","coordinates":[100.54547,13.74383]}},{"type":"Feature","properties":{"title":"ทางม้าลาย ปากซอยต้นสน ถนนเพลินจิต","info":["ถนน: ซอยต้นสน","เขต: ปทุมวัน","จำนวนช่องจราจร: 2","ไฟกดข้าม: ไม่มี"],"district":"ปทุมวัน"},"geometry":{"type":"Point","coordinates":[100.5454,13.74359]}},{"type":"Feature","properties":{"title":"ทางม้าลาย กลางซอยต้นสน","info":["ถนน: ซอยต้นสน","เขต: ปทุมวัน","จำนวนช่องจราจร: 2","ไฟกดข้าม: ไม่มี"],"district":"ปทุมวัน"},"geometry":{"type":"Point","coordinates":[100.54525,13.74265]}},{"type":"Feature","properties":{"title":"ทางม้าลาย บ.พีเอสซี ออโต้พาร์ท จำกัด","info":["ถนน: ถนนบริพัตร","เขต: ป้อมปราบศัตรูพ่าย","จำนวนช่องจราจร: 2","ไฟกดข้าม: มี"],"district":"ป้อมปราบศัตรูพ่าย"},"geometry":{"type":"Point","coordinates":[100.50471,13.74901]}},{"type":"Feature","properties":{"title":"ทางม้าลาย แยกผ่านฟ้าลีลาศ","info":["ถนน: ถนนราชดำเนินนอก","เขต: ป้อมปราบศัตรูพ่าย","จำนวนช่องจราจร: 6","ไฟกดข้าม: มี"],"district":"ป้อมปราบศัตรูพ่าย"},"geometry":{"type":"Point","coordinates":[100.50637,13.75673]}},{"type":"Feature","properties":{"title":"ทางม้าลาย สำนักปฏิรูปที่ดินเพื่อเกษรกรรม","info":["ถนน: ถนนราชดำเนินนอก","เขต: ป้อมปราบศัตรูพ่าย","จำนวนช่องจราจร: 10","ไฟกดข้าม: มี"],"district":"ป้อมปราบศัตรูพ่าย"},"geometry":{"type":"Point","coordinates":[100.50684,13.75805]}},{"type":"Feature","properties":{"title":"ทางม้าลาย กระทรวงคมนาคม","info":["ถนน: ถนนราชดำเนินนอก","เขต: ป้อมปราบศัตรูพ่าย","จำนวนช่องจราจร: 10","ไฟกดข้าม: มี"],"district":"ป้อมปราบศัตรูพ่าย"},"geometry":{"type":"Point","coordinates":[100.50778,13.75974]}},{"type":"Feature","properties":{"title":"ทางม้าลาย กระทรวงการท่องเที่ยวและกีฬา","info":["ถนน: ถนนราชดำเนินนอก","เขต: ป้อมปราบศัตรูพ่าย","จำนวนช่องจราจร: 10","ไฟกดข้าม: มี"],"district":"ป้อมปราบศัตรูพ่าย"},"geometry":{"type":"Point","coordinates":[100.50775,13.7601]}},{"type":"Feature","properties":{"title":"ทางม้าลาย กองบัญชาการกองทัพบก(มัฆวานฯ)","info":["ถนน: ถนนราชดำเนินนอก","เขต: ป้อมปราบศัตรูพ่าย","จำนวนช่องจราจร: 10","ไฟกดข้าม: มี"],"district":"ป้อมปราบศัตรูพ่าย"},"geometry":{"type":"Point","coordinates":[100.50929,13.76292]}},{"type":"Feature","properties":{"title":"ทางม้าลาย ร้านยาเกอร์เท็คซ์","info":["ถนน: ถนนพะเนียง","เขต: ป้อมปราบศัตรูพ่าย","จำนวนช่องจราจร: 2","ไฟกดข้าม: มี"],"district":"ป้อมปราบศัตรูพ่าย"},"geometry":{"type":"Point","coordinates":[100.51056,13.75874]}},{"type":"Feature","properties":{"title":"ทางม้าลาย องค์การอุตสาหกรรมป่าไม้","info":["ถนน: ถนนพะเนียง","เขต: ป้อมปราบศัตรูพ่าย","จำนวนช่องจราจร: 3","ไฟกดข้าม: มี"],"district":"ป้อมปราบศัตรูพ่าย"},"geometry":{"type":"Point","coordinates":[100.50871,13.76149]}},{"type":"Feature","properties":{"title":"ทางม้าลาย แยกมัฆวาน","info":["ถนน: ถนนกรุงเกษม","เขต: ป้อมปราบศัตรูพ่าย","จำนวนช่องจราจร: 4","ไฟกดข้าม: มี"],"district":"ป้อมปราบศัตรูพ่าย"},"geometry":{"type":"Point","coordinates":[100.50956,13.76313]}},{"type":"Feature","properties":{"title":"ทางม้าลาย โรงเรียนวัดโสมนัสราชวรวิหาร","info":["ถนน: ถนนกรุงเกษม","เขต: ป้อมปราบศัตรูพ่าย","จำนวนช่องจราจร: 4","ไฟกดข้าม: มี"],"district":"ป้อมปราบศัตรูพ่าย"},"geometry":{"type":"Point","coordinates":[100.51136,13.76142]}},{"type":"Feature","properties":{"title":"ทางม้าลาย โรงเรียนฝึกอาชีพกรุงเทพมหานคร(บางรัก)และอนุบาลประสิทธิ์","info":["ถนน: ถนนศรีเวียง","เขต: บางรัก","จำนวนช่องจราจร: 2","ไฟกดข้าม: ไม่มี"],"district":"บางรัก"},"geometry":{"type":"Point","coordinates":[100.5188,13.72057]}},{"type":"Feature","properties":{"title":"ทางม้าลาย ใต้ทางด่วน","info":["ถนน: ถนนสาทรเหนือ-สุรวงศ์","เขต: บางรัก","จำนวนช่องจราจร: 2","ไฟกดข้าม: ไม่มี"],"district":"บางรัก"},"geometry":{"type":"Point","coordinates":[100.5176,13.72454]}},{"type":"Feature","properties":{"title":"ทางม้าลาย ใต้ทางด่วนใกล้ถนนศรีเวียง","info":["ถนน: ถนนสาทรเหนือ-สุรวงศ์","เขต: บางรัก","จำนวนช่องจราจร: 5","ไฟกดข้าม: ไม่มี"],"district":"บางรัก"},"geometry":{"type":"Point","coordinates":[100.51839,13.72046]}},{"type":"Feature","properties":{"title":"ทางม้าลาย ใต้ทางด่วนหน้าอาคาร Chartered Squarf","info":["ถนน: ถนนสาทรเหนือ-สุรวงศ์","เขต: บางรัก","จำนวนช่องจราจร: 4","ไฟกดข้าม: ไม่มี"],"district":"บางรัก"},"geometry":{"type":"Point","coordinates":[100.51905,13.71896]}},{"type":"Feature","properties":{"title":"ทางม้าลาย ข้างร้านอาหาร ร้านลาบ","info":["ถนน: ซอยนราธิวาสราชนครินทร์ 3","เขต: บางรัก","จำนวนช่องจราจร: 2","ไฟกดข้าม: ไม่มี"],"district":"บางรัก"},"geometry":{"type":"Point","coordinates":[100.53167,13.72459]}},{"type":"Feature","properties":{"title":"ทางม้าลาย ใกล้บ้านเลขที่ 19/1","info":["ถนน: ซอยนราธิวาสราชนครินทร์ 3","เขต: บางรัก","จำนวนช่องจราจร: 2","ไฟกดข้าม: ไม่มี"],"district":"บางรัก"},"geometry":{"type":"Point","coordinates":[100.53191,13.7247]}},{"type":"Feature","properties":{"title":"ทางม้าลาย แยกพงษ์พระราม","info":["ถนน: ถนนพระรามที่ 1","เขต: ปทุมวัน","จำนวนช่องจราจร: 5","ไฟกดข้าม: ไม่มี"],"district":"ปทุมวัน"},"geometry":{"type":"Point","coordinates":[100.52068,13.74796]}},{"type":"Feature","properties":{"title":"ทางม้าลาย วัดชัยมงคล","info":["ถนน: ถนนพระรามที่ 1","เขต: ปทุมวัน","จำนวนช่องจราจร: 5","ไฟกดข้าม: ไม่มี"],"district":"ปทุมวัน"},"geometry":{"type":"Point","coordinates":[100.52278,13.74759]}},{"type":"Feature","properties":{"title":"ทางม้าลาย วัดชัยมงคล","info":["ถนน: ถนนพระรามที่ 1","เขต: ปทุมวัน","จำนวนช่องจราจร: 5","ไฟกดข้าม: ไม่มี"],"district":"ปทุมวัน"},"geometry":{"type":"Point","coordinates":[100.52278,13.74759]}},{"type":"Feature","properties":{"title":"ทางม้าลาย แยกเจริญผล","info":["ถนน: ถนนพระรามที่ 1","เขต: ปทุมวัน","จำนวนช่องจราจร: 5","ไฟกดข้าม: ไม่มี"],"district":"ปทุมวัน"},"geometry":{"type":"Point","coordinates":[100.52376,13.74742]}},{"type":"Feature","properties":{"title":"ทางม้าลาย หน้าสำนักงานตำรวจแห่งชาติ","info":["ถนน: ถนนพระรามที่ 1","เขต: ปทุมวัน","จำนวนช่องจราจร: 6","ไฟกดข้าม: ไม่มี"],"district":"ปทุมวัน"},"geometry":{"type":"Point","coordinates":[100.53794,13.7449]}},{"type":"Feature","properties":{"title":"ทางม้าลาย แยกเฉลิมเผ่า","info":["ถนน: ถนนพระรามที่ 1","เขต: ปทุมวัน","จำนวนช่องจราจร: 7","ไฟกดข้าม: ไม่มี"],"district":"ปทุมวัน"},"geometry":{"type":"Point","coordinates":[100.53592,13.74514]}},{"type":"Feature","properties":{"title":"ทางม้าลาย แยกราชประสงค์","info":["ถนน: ถนนพระรามที่ 1","เขต: ปทุมวัน","จำนวนช่องจราจร: 6","ไฟกดข้าม: ไม่มี"],"district":"ปทุมวัน"},"geometry":{"type":"Point","coordinates":[100.54021,13.74461]}},{"type":"Feature","properties":{"title":"ทางม้าลาย แยกชิดลม","info":["ถนน: ถนนเพลินจิต","เขต: ปทุมวัน","จำนวนช่องจราจร: 6","ไฟกดข้าม: ไม่มี"],"district":"ปทุมวัน"},"geometry":{"type":"Point","coordinates":[100.54387,13.74399]}},{"type":"Feature","properties":{"title":"ทางม้าลาย แยกหัวลำโพง","info":["ถนน: พระรามที่ 4","เขต: ปทุมวัน","จำนวนช่องจราจร: 12","ไฟกดข้าม: ไม่มี"],"district":"ปทุมวัน"},"geometry":{"type":"Point","coordinates":[100.51644,13.73794]}},{"type":"Feature","properties":{"title":"ทางม้าลาย แยกมหานคร","info":["ถนน: พระรามที่ 4","เขต: ปทุมวัน","จำนวนช่องจราจร: 10","ไฟกดข้าม: ไม่มี"],"district":"ปทุมวัน"},"geometry":{"type":"Point","coordinates":[100.51913,13.73677]}},{"type":"Feature","properties":{"title":"ทางม้าลาย แยกสะพานเหลือง","info":["ถนน: พระรามที่ 4","เขต: ปทุมวัน","จำนวนช่องจราจร: 10","ไฟกดข้าม: ไม่มี"],"district":"ปทุมวัน"},"geometry":{"type":"Point","coordinates":[100.5215,13.73581]}},{"type":"Feature","properties":{"title":"ทางม้าลาย แยกสามย่าน","info":["ถนน: พระรามที่ 4","เขต: ปทุมวัน","จำนวนช่องจราจร: 8","ไฟกดข้าม: ไม่มี"],"district":"ปทุมวัน"},"geometry":{"type":"Point","coordinates":[100.52881,13.73293]}},{"type":"Feature","properties":{"title":"ทางม้าลาย แยกอังรีดูนังต์","info":["ถนน: พระรามที่ 4","เขต: ปทุมวัน","จำนวนช่องจราจร: 8","ไฟกดข้าม: ไม่มี"],"district":"ปทุมวัน"},"geometry":{"type":"Point","coordinates":[100.5337,13.73088]}},{"type":"Feature","properties":{"title":"ทางม้าลาย แยกศาลาแดง","info":["ถนน: พระรามที่ 4","เขต: ปทุมวัน","จำนวนช่องจราจร: 8","ไฟกดข้าม: ไม่มี"],"district":"ปทุมวัน"},"geometry":{"type":"Point","coordinates":[100.53653,13.7296]}},{"type":"Feature","properties":{"title":"ทางม้าลาย แยกวิทยุ","info":["ถนน: พระรามที่ 4","เขต: ปทุมวัน","จำนวนช่องจราจร: 8","ไฟกดข้าม: ไม่มี"],"district":"ปทุมวัน"},"geometry":{"type":"Point","coordinates":[100.54447,13.72641]}},{"type":"Feature","properties":{"title":"ทางม้าลาย แยกวัดดวงแค","info":["ถนน: ถนนจารุเมือง","เขต: ปทุมวัน","จำนวนช่องจราจร: 4","ไฟกดข้าม: ไม่มี"],"district":"ปทุมวัน"},"geometry":{"type":"Point","coordinates":[100.5197,13.74061]}},{"type":"Feature","properties":{"title":"ทางม้าลาย หน้าวัดดวงแค","info":["ถนน: ถนนจารุเมือง","เขต: ปทุมวัน","จำนวนช่องจราจร: 0","ไฟกดข้าม: ไม่มี"],"district":"ปทุมวัน"},"geometry":{"type":"Point","coordinates":[100.51989,13.74193]}},{"type":"Feature","properties":{"title":"ทางม้าลาย แยกตัดกับถนนจรัสเมือง","info":["ถนน: ถนนจารุเมือง","เขต: ปทุมวัน","จำนวนช่องจราจร: 4","ไฟกดข้าม: ไม่มี"],"district":"ปทุมวัน"},"geometry":{"type":"Point","coordinates":[100.52002,13.74287]}},{"type":"Feature","properties":{"title":"ทางม้าลาย พระรามที่ 6 ซอย 1","info":["ถนน: พระรามที่ 6","เขต: ปทุมวัน","จำนวนช่องจราจร: 4","ไฟกดข้าม: ไม่มี"],"district":"ปทุมวัน"},"geometry":{"type":"Point","coordinates":[100.52018,13.74403]}},{"type":"Feature","properties":{"title":"ทางม้าลาย พระรามที่ 6 ซอย 3","info":["ถนน: พระรามที่ 6","เขต: ปทุมวัน","จำนวนช่องจราจร: 4","ไฟกดข้าม: ไม่มี"],"district":"ปทุมวัน"},"geometry":{"type":"Point","coordinates":[100.52028,13.74489]}},{"type":"Feature","properties":{"title":"ทางม้าลาย โรงแรมเดอะทวินทาวเวอร์","info":["ถนน: พระรามที่ 6","เขต: ปทุมวัน","จำนวนช่องจราจร: 4","ไฟกดข้าม: ไม่มี"],"district":"ปทุมวัน"},"geometry":{"type":"Point","coordinates":[100.52038,13.74554]}},{"type":"Feature","properties":{"title":"ทางม้าลาย พระรามที่ 6 ซอย 5","info":["ถนน: พระรามที่ 6","เขต: ปทุมวัน","จำนวนช่องจราจร: 4","ไฟกดข้าม: ไม่มี"],"district":"ปทุมวัน"},"geometry":{"type":"Point","coordinates":[100.52044,13.74598]}},{"type":"Feature","properties":{"title":"ทางม้าลาย พระรามที่ 6 ซอย 7","info":["ถนน: พระรามที่ 6","เขต: ปทุมวัน","จำนวนช่องจราจร: 4","ไฟกดข้าม: ไม่มี"],"district":"ปทุมวัน"},"geometry":{"type":"Point","coordinates":[100.52058,13.74701]}},{"type":"Feature","properties":{"title":"ทางม้าลาย โรงเรียนวัดบรมนิวาส","info":["ถนน: พระรามที่ 6","เขต: ปทุมวัน","จำนวนช่องจราจร: 4","ไฟกดข้าม: ไม่มี"],"district":"ปทุมวัน"},"geometry":{"type":"Point","coordinates":[100.52166,13.75069]}},{"type":"Feature","properties":{"title":"ทางม้าลาย หน้าตึก สก. (รพ. จุฬาฯ)","info":["ถนน: ถนนราชดำริ","เขต: ปทุมวัน","จำนวนช่องจราจร: 6","ไฟกดข้าม: ไม่มี"],"district":"ปทุมวัน"},"geometry":{"type":"Point","coordinates":[100.53733,13.73149]}},{"type":"Feature","properties":{"title":"ทางม้าลาย แยกราชดำริ","info":["ถนน: ถนนราชดำริ","เขต: ปทุมวัน","จำนวนช่องจราจร: 6","ไฟกดข้าม: ไม่มี"],"district":"ปทุมวัน"},"geometry":{"type":"Point","coordinates":[100.53846,13.73431]}},{"type":"Feature","properties":{"title":"ทางม้าลาย หน้าโรงแรมวอลดอร์ฟ แอสโทเรีย กรุงเทพ","info":["ถนน: ถนนราชดำริ","เขต: ปทุมวัน","จำนวนช่องจราจร: 6","ไฟกดข้าม: ไม่มี"],"district":"ปทุมวัน"},"geometry":{"type":"Point","coordinates":[100.54,13.74255]}},{"type":"Feature","properties":{"title":"ทางม้าลาย ศูนย์บริการโลหิตแห่งชาติ สภากาชาดไทย","info":["ถนน: ถนนอังรีดูนังต์","เขต: ปทุมวัน","จำนวนช่องจราจร: 8","ไฟกดข้าม: ไม่มี"],"district":"ปทุมวัน"},"geometry":{"type":"Point","coordinates":[100.53393,13.73319]}},{"type":"Feature","properties":{"title":"ทางม้าลาย หอพักพยาบาลสถิติ รพ. จุฬาฯ","info":["ถนน: ถนนอังรีดูนังต์","เขต: ปทุมวัน","จำนวนช่องจราจร: 8","ไฟกดข้าม: ไม่มี"],"district":"ปทุมวัน"},"geometry":{"type":"Point","coordinates":[100.53425,13.73557]}},{"type":"Feature","properties":{"title":"ทางม้าลาย สมาคมราชกรีฑาสโมสร","info":["ถนน: ถนนอังรีดูนังต์","เขต: ปทุมวัน","จำนวนช่องจราจร: 8","ไฟกดข้าม: ไม่มี"],"district":"ปทุมวัน"},"geometry":{"type":"Point","coordinates":[100.53461,13.73808]}},{"type":"Feature","properties":{"title":"ทางม้าลาย สมาคมนักเรียนเก่าเตรียมอุดมศึกษา","info":["ถนน: ถนนอังรีดูนังต์","เขต: ปทุมวัน","จำนวนช่องจราจร: 8","ไฟกดข้าม: ไม่มี"],"district":"ปทุมวัน"},"geometry":{"type":"Point","coordinates":[100.53524,13.74186]}},{"type":"Feature","properties":{"title":"ทางม้าลาย หน้าโรงพยาบาลตำรวจ","info":["ถนน: ถนนอังรีดูนังต์","เขต: ปทุมวัน","จำนวนช่องจราจร: 8","ไฟกดข้าม: ไม่มี"],"district":"ปทุมวัน"},"geometry":{"type":"Point","coordinates":[100.53546,13.74339]}},{"type":"Feature","properties":{"title":"ทางม้าลาย สวนลุมพินี","info":["ถนน: ถนนวิทยุ","เขต: ปทุมวัน","จำนวนช่องจราจร: 8","ไฟกดข้าม: ไม่มี"],"district":"ปทุมวัน"},"geometry":{"type":"Point","coordinates":[100.54482,13.72815]}},{"type":"Feature","properties":{"title":"ทางม้าลาย สวนลุมพินี","info":["ถนน: ถนนวิทยุ","เขต: ปทุมวัน","จำนวนช่องจราจร: 8","ไฟกดข้าม: ไม่มี"],"district":"ปทุมวัน"},"geometry":{"type":"Point","coordinates":[100.54505,13.72956]}},{"type":"Feature","properties":{"title":"ทางม้าลาย ซอยพระเจน","info":["ถนน: ถนนวิทยุ","เขต: ปทุมวัน","จำนวนช่องจราจร: 8","ไฟกดข้าม: ไม่มี"],"district":"ปทุมวัน"},"geometry":{"type":"Point","coordinates":[100.54523,13.73057]}},{"type":"Feature","properties":{"title":"ทางม้าลาย ซอยร่วมฤดี","info":["ถนน: ถนนวิทยุ","เขต: ปทุมวัน","จำนวนช่องจราจร: 8","ไฟกดข้าม: ไม่มี"],"district":"ปทุมวัน"},"geometry":{"type":"Point","coordinates":[100.54602,13.73477]}},{"type":"Feature","properties":{"title":"ทางม้าลาย หน้าอาคาร all seasons place","info":["ถนน: ถนนวิทยุ","เขต: ปทุมวัน","จำนวนช่องจราจร: 8","ไฟกดข้าม: ไม่มี"],"district":"ปทุมวัน"},"geometry":{"type":"Point","coordinates":[100.54675,13.73937]}},{"type":"Feature","properties":{"title":"ทางม้าลาย ซอยวิทยุ 1","info":["ถนน: ถนนวิทยุ","เขต: ปทุมวัน","จำนวนช่องจราจร: 8","ไฟกดข้าม: ไม่มี"],"district":"ปทุมวัน"},"geometry":{"type":"Point","coordinates":[100.54695,13.74056]}},{"type":"Feature","properties":{"title":"ทางม้าลาย ก่อนถึงซอนนายเลิศ","info":["ถนน: ถนนวิทยุ","เขต: ปทุมวัน","จำนวนช่องจราจร: 4","ไฟกดข้าม: ไม่มี"],"district":"ปทุมวัน"},"geometry":{"type":"Point","coordinates":[100.54815,13.7465]}},{"type":"Feature","properties":{"title":"ทางม้าลาย อาคารบางกอก เคเบิ้ล 2","info":["ถนน: ถนนสารสิน","เขต: ปทุมวัน","จำนวนช่องจราจร: 6","ไฟกดข้าม: ไม่มี"],"district":"ปทุมวัน"},"geometry":{"type":"Point","coordinates":[100.54066,13.73436]}},{"type":"Feature","properties":{"title":"ทางม้าลาย แยกหลังสวน","info":["ถนน: ถนนสารสิน","เขต: ปทุมวัน","จำนวนช่องจราจร: 6","ไฟกดข้าม: ไม่มี"],"district":"ปทุมวัน"},"geometry":{"type":"Point","coordinates":[100.54237,13.73416]}},{"type":"Feature","properties":{"title":"ทางม้าลาย แยกสะพานอ่อน","info":["ถนน: ถนนบรรทัดทอง","เขต: ปทุมวัน","จำนวนช่องจราจร: 4","ไฟกดข้าม: ไม่มี"],"district":"ปทุมวัน"},"geometry":{"type":"Point","coordinates":[100.52244,13.74]}},{"type":"Feature","properties":{"title":"ทางม้าลาย ตัดแยกซอยจุฬา 16","info":["ถนน: ถนนบรรทัดทอง","เขต: ปทุมวัน","จำนวนช่องจราจร: 4","ไฟกดข้าม: ไม่มี"],"district":"ปทุมวัน"},"geometry":{"type":"Point","coordinates":[100.52281,13.74214]}},{"type":"Feature","properties":{"title":"ทางม้าลาย ซอยจุฬา 12","info":["ถนน: ถนนบรรทัดทอง","เขต: ปทุมวัน","จำนวนช่องจราจร: 4","ไฟกดข้าม: ไม่มี"],"district":"ปทุมวัน"},"geometry":{"type":"Point","coordinates":[100.52313,13.74385]}},{"type":"Feature","properties":{"title":"ทางม้าลาย ซอยจุฬา 8","info":["ถนน: ถนนบรรทัดทอง","เขต: ปทุมวัน","จำนวนช่องจราจร: 4","ไฟกดข้าม: ไม่มี"],"district":"ปทุมวัน"},"geometry":{"type":"Point","coordinates":[100.52335,13.74505]}},{"type":"Feature","properties":{"title":"ทางม้าลาย โลตัสพระรามที่ 1","info":["ถนน: ถนนบรรทัดทอง","เขต: ปทุมวัน","จำนวนช่องจราจร: 4","ไฟกดข้าม: ไม่มี"],"district":"ปทุมวัน"},"geometry":{"type":"Point","coordinates":[100.52396,13.74858]}},{"type":"Feature","properties":{"title":"ทางม้าลาย สถานีหัวลำโพง","info":["ถนน: ถนนรองเมือง","เขต: ปทุมวัน","จำนวนช่องจราจร: 4","ไฟกดข้าม: ไม่มี"],"district":"ปทุมวัน"},"geometry":{"type":"Point","coordinates":[100.51713,13.73863]}},{"type":"Feature","properties":{"title":"ทางม้าลาย ตัดถนนเจริญเมือง","info":["ถนน: ถนนรองเมือง","เขต: ปทุมวัน","จำนวนช่องจราจร: 2","ไฟกดข้าม: ไม่มี"],"district":"ปทุมวัน"},"geometry":{"type":"Point","coordinates":[100.51752,13.74084]}},{"type":"Feature","properties":{"title":"ทางม้าลาย ตัดถนนจรัสเมือง","info":["ถนน: ถนนรองเมือง","เขต: ปทุมวัน","จำนวนช่องจราจร: 2","ไฟกดข้าม: ไม่มี"],"district":"ปทุมวัน"},"geometry":{"type":"Point","coordinates":[100.51788,13.74335]}},{"type":"Feature","properties":{"title":"ทางม้าลาย โรงเรียนวัดสระบัว","info":["ถนน: ถนนรองเมือง","เขต: ปทุมวัน","จำนวนช่องจราจร: 2","ไฟกดข้าม: ไม่มี"],"district":"ปทุมวัน"},"geometry":{"type":"Point","coordinates":[100.51806,13.74765]}},{"type":"Feature","properties":{"title":"ทางม้าลาย โรงเรียนวัดดวงแข","info":["ถนน: ถนนเจริญเมือง","เขต: ปทุมวัน","จำนวนช่องจราจร: 5","ไฟกดข้าม: ไม่มี"],"district":"ปทุมวัน"},"geometry":{"type":"Point","coordinates":[100.51832,13.74078]}},{"type":"Feature","properties":{"title":"ทางม้าลาย หลังสวน 2","info":["ถนน: ถนนหลังสวน","เขต: ปทุมวัน","จำนวนช่องจราจร: 4","ไฟกดข้าม: ไม่มี"],"district":"ปทุมวัน"},"geometry":{"type":"Point","coordinates":[100.5429,13.7384]}},{"type":"Feature","properties":{"title":"ทางม้าลาย หน้าอาคาร CIMB THAI","info":["ถนน: ถนนหลังสวน","เขต: ปทุมวัน","จำนวนช่องจราจร: 4","ไฟกดข้าม: ไม่มี"],"district":"ปทุมวัน"},"geometry":{"type":"Point","coordinates":[100.54327,13.74053]}},{"type":"Feature","properties":{"title":"ทางม้าลาย โรงเรียนมาแตร์เดอี","info":["ถนน: ถนนหลังสวน","เขต: ปทุมวัน","จำนวนช่องจราจร: 4","ไฟกดข้าม: ไม่มี"],"district":"ปทุมวัน"},"geometry":{"type":"Point","coordinates":[100.54356,13.74226]}},{"type":"Feature","properties":{"title":"ทางม้าลาย วาวา ชาบู","info":["ถนน: ถนนยุคล","เขต: ป้อมปราบศัตรูพ่าย","จำนวนช่องจราจร: 4","ไฟกดข้าม: มี"],"district":"ป้อมปราบศัตรูพ่าย"},"geometry":{"type":"Point","coordinates":[100.51132,13.74872]}},{"type":"Feature","properties":{"title":"ทางม้าลาย ธ.กรุงศรี (สาขาสวนมะลิ)","info":["ถนน: ถนนยุคล","เขต: ป้อมปราบศัตรูพ่าย","จำนวนช่องจราจร: 4","ไฟกดข้าม: มี"],"district":"ป้อมปราบศัตรูพ่าย"},"geometry":{"type":"Point","coordinates":[100.51203,13.75066]}},{"type":"Feature","properties":{"title":"ทางม้าลาย แยกแปลงนาม(ร้านสว่างศิลป์การแว่น)","info":["ถนน: ถนนพลับพลาไชย","เขต: ป้อมปราบศัตรูพ่าย","จำนวนช่องจราจร: 4","ไฟกดข้าม: มี"],"district":"ป้อมปราบศัตรูพ่าย"},"geometry":{"type":"Point","coordinates":[100.51043,13.74194]}},{"type":"Feature","properties":{"title":"ทางม้าลาย ถ.พลับพลาไชย ตัดกับ ถ.บำรุงเมือง","info":["ถนน: ถนนพลับพลาไชย","เขต: ป้อมปราบศัตรูพ่าย","จำนวนช่องจราจร: 4","ไฟกดข้าม: มี"],"district":"ป้อมปราบศัตรูพ่าย"},"geometry":{"type":"Point","coordinates":[100.51448,13.74975]}},{"type":"Feature","properties":{"title":"ทางม้าลาย แยกไมตรีจิตต์","info":["ถนน: ถนนไมตรีจิตต์","เขต: ป้อมปราบศัตรูพ่าย","จำนวนช่องจราจร: 4","ไฟกดข้าม: มี"],"district":"ป้อมปราบศัตรูพ่าย"},"geometry":{"type":"Point","coordinates":[100.51523,13.73837]}},{"type":"Feature","properties":{"title":"ทางม้าลาย ร้านยั่งยืนพลาสติก (1972)","info":["ถนน: ถนนไมตรีจิตต์","เขต: ป้อมปราบศัตรูพ่าย","จำนวนช่องจราจร: 4","ไฟกดข้าม: มี"],"district":"ป้อมปราบศัตรูพ่าย"},"geometry":{"type":"Point","coordinates":[100.5138,13.74167]}},{"type":"Feature","properties":{"title":"ทางม้าลาย บ.กวงฮวดไทร์ จำกัด","info":["ถนน: ถนนไมตรีจิตต์","เขต: ป้อมปราบศัตรูพ่าย","จำนวนช่องจราจร: 4","ไฟกดข้าม: มี"],"district":"ป้อมปราบศัตรูพ่าย"},"geometry":{"type":"Point","coordinates":[100.51332,13.74271]}},{"type":"Feature","properties":{"title":"ทางม้าลาย วัดพลับพลาไชย","info":["ถนน: ถนนไมตรีจิตต์","เขต: ป้อมปราบศัตรูพ่าย","จำนวนช่องจราจร: 4","ไฟกดข้าม: มี"],"district":"ป้อมปราบศัตรูพ่าย"},"geometry":{"type":"Point","coordinates":[100.51215,13.74538]}},{"type":"Feature","properties":{"title":"ทางม้าลาย ถ.สันติภาพตัดกับถ.วงเวียน22กรกฏา","info":["ถนน: ถนนสันติภาพ","เขต: ป้อมปราบศัตรูพ่าย","จำนวนช่องจราจร: 4","ไฟกดข้าม: มี"],"district":"ป้อมปราบศัตรูพ่าย"},"geometry":{"type":"Point","coordinates":[100.5141,13.74215]}},{"type":"Feature","properties":{"title":"ทางม้าลาย ถ.สันติภาพตัดกับถ.วงเวียน22กรกฏา","info":["ถนน: ถนนสันติภาพ","เขต: ป้อมปราบศัตรูพ่าย","จำนวนช่องจราจร: 4","ไฟกดข้าม: มี"],"district":"ป้อมปราบศัตรูพ่าย"},"geometry":{"type":"Point","coordinates":[100.51306,13.74229]}},{"type":"Feature","properties":{"title":"ทางม้าลาย ถ.มิตรพันธ์ตัดกับถ.วงเวียน 22กรกฏา","info":["ถนน: ถนนมิตรพันธ์","เขต: ป้อมปราบศัตรูพ่าย","จำนวนช่องจราจร: 4","ไฟกดข้าม: มี"],"district":"ป้อมปราบศัตรูพ่าย"},"geometry":{"type":"Point","coordinates":[100.51385,13.7426]}},{"type":"Feature","properties":{"title":"ทางม้าลาย ถ.มิตรพันธ์ ตัดกับ ถ.มังกร","info":["ถนน: ถนนมิตรพันธ์","เขต: ป้อมปราบศัตรูพ่าย","จำนวนช่องจราจร: 4","ไฟกดข้าม: มี"],"district":"ป้อมปราบศัตรูพ่าย"},"geometry":{"type":"Point","coordinates":[100.51475,13.74286]}},{"type":"Feature","properties":{"title":"ทางม้าลาย ถ.มิตรพันธ์ตัดกับถ.วงเวียน 22กรกฏา","info":["ถนน: ถนนมิตรพันธ์","เขต: ป้อมปราบศัตรูพ่าย","จำนวนช่องจราจร: 2","ไฟกดข้าม: มี"],"district":"ป้อมปราบศัตรูพ่าย"},"geometry":{"type":"Point","coordinates":[100.51322,13.74176]}},{"type":"Feature","properties":{"title":"ทางม้าลาย แยกหมอมี (ตั้งจิ้นฮั้ว)","info":["ถนน: ถนนมิตรพันธ์","เขต: ป้อมปราบศัตรูพ่าย","จำนวนช่องจราจร: 4","ไฟกดข้าม: มี"],"district":"ป้อมปราบศัตรูพ่าย"},"geometry":{"type":"Point","coordinates":[100.51243,13.74065]}},{"type":"Feature","properties":{"title":"ทางม้าลาย อาคารเสรีวัฒนา","info":["ถนน: ถนนมิตรพันธ์","เขต: ป้อมปราบศัตรูพ่าย","จำนวนช่องจราจร: 4","ไฟกดข้าม: มี"],"district":"ป้อมปราบศัตรูพ่าย"},"geometry":{"type":"Point","coordinates":[100.51587,13.74554]}},{"type":"Feature","properties":{"title":"ทางม้าลาย ถ.มังกร ตัดกับ ถ.ไมตรีจิตต์","info":["ถนน: ถนนมังกร","เขต: ป้อมปราบศัตรูพ่าย","จำนวนช่องจราจร: 2","ไฟกดข้าม: มี"],"district":"ป้อมปราบศัตรูพ่าย"},"geometry":{"type":"Point","coordinates":[100.51244,13.74494]}},{"type":"Feature","properties":{"title":"ทางม้าลาย สี่แยก เอส.เอ.บี.","info":["ถนน: ถนนเจริญกรุง","เขต: สัมพันธวงศ์","จำนวนช่องจราจร: 4","ไฟกดข้าม: ไม่มี"],"district":"ป้อมปราบศัตรูพ่าย"},"geometry":{"type":"Point","coordinates":[100.50554,13.74574]}},{"type":"Feature","properties":{"title":"ทางม้าลาย หน้าร้านโลหะกาญจน์แมชชินเนอรี","info":["ถนน: ถนนเจริญกรุง","เขต: สัมพันธวงศ์","จำนวนช่องจราจร: 4","ไฟกดข้าม: ไม่มี"],"district":"ป้อมปราบศัตรูพ่าย"},"geometry":{"type":"Point","coordinates":[100.50672,13.74481]}},{"type":"Feature","properties":{"title":"ทางม้าลาย สี่แยก เสือป่า","info":["ถนน: ถนนเจริญกรุง","เขต: สัมพันธวงศ์","จำนวนช่องจราจร: 4","ไฟกดข้าม: ไม่มี"],"district":"ป้อมปราบศัตรูพ่าย"},"geometry":{"type":"Point","coordinates":[100.50787,13.7439]}},{"type":"Feature","properties":{"title":"ทางม้าลาย ร้านยิ่งเจริญ","info":["ถนน: ถนนเจริญกรุง","เขต: สัมพันธวงศ์","จำนวนช่องจราจร: 4","ไฟกดข้าม: ไม่มี"],"district":"ป้อมปราบศัตรูพ่าย"},"geometry":{"type":"Point","coordinates":[100.50874,13.74322]}},{"type":"Feature","properties":{"title":"ทางม้าลาย ห้างทองเอี่ยเซ่งเฮง","info":["ถนน: ถนนเจริญกรุง","เขต: สัมพันธวงศ์","จำนวนช่องจราจร: 4","ไฟกดข้าม: ไม่มี"],"district":"สัมพันธวงศ์"},"geometry":{"type":"Point","coordinates":[100.50931,13.74276]}},{"type":"Feature","properties":{"title":"ทางม้าลาย แยกแปลงนาม (ทางขึ้นรถไฟใต้ดิน)","info":["ถนน: ถนนเจริญกรุง","เขต: สัมพันธวงศ์","จำนวนช่องจราจร: 4","ไฟกดข้าม: ไม่มี"],"district":"สัมพันธวงศ์"},"geometry":{"type":"Point","coordinates":[100.51037,13.74193]}},{"type":"Feature","properties":{"title":"ทางม้าลาย บ.เบ๊ยงฮงเส็ง จำกัด","info":["ถนน: ถนนเจริญกรุง","เขต: สัมพันธวงศ์","จำนวนช่องจราจร: 4","ไฟกดข้าม: ไม่มี"],"district":"สัมพันธวงศ์"},"geometry":{"type":"Point","coordinates":[100.51232,13.74029]}},{"type":"Feature","properties":{"title":"ทางม้าลาย ร้านเจริญกรุง","info":["ถนน: ถนนเจริญกรุง","เขต: สัมพันธวงศ์","จำนวนช่องจราจร: 4","ไฟกดข้าม: ไม่มี"],"district":"สัมพันธวงศ์"},"geometry":{"type":"Point","coordinates":[100.51257,13.73945]}},{"type":"Feature","properties":{"title":"ทางม้าลาย บ.เอส.พี.เจ.ซัพพลายส์","info":["ถนน: ถนนเจริญกรุง","เขต: สัมพันธวงศ์","จำนวนช่องจราจร: 4","ไฟกดข้าม: ไม่มี"],"district":"สัมพันธวงศ์"},"geometry":{"type":"Point","coordinates":[100.51266,13.73915]}},{"type":"Feature","properties":{"title":"ทางม้าลาย ห้างหุ้นส่วนจำกัด แว่นทอง","info":["ถนน: ถนนเจริญกรุง","เขต: สัมพันธวงศ์","จำนวนช่องจราจร: 4","ไฟกดข้าม: ไม่มี"],"district":"สัมพันธวงศ์"},"geometry":{"type":"Point","coordinates":[100.51294,13.73823]}},{"type":"Feature","properties":{"title":"ทางม้าลาย ห้างหุ้นส่วนเซ้นทรัลรับเบอร์","info":["ถนน: ถนนเจริญกรุง","เขต: สัมพันธวงศ์","จำนวนช่องจราจร: 4","ไฟกดข้าม: ไม่มี"],"district":"สัมพันธวงศ์"},"geometry":{"type":"Point","coordinates":[100.51321,13.73737]}},{"type":"Feature","properties":{"title":"ทางม้าลาย ธกส.","info":["ถนน: ถนนเจริญกรุง","เขต: สัมพันธวงศ์","จำนวนช่องจราจร: 4","ไฟกดข้าม: ไม่มี"],"district":"สัมพันธวงศ์"},"geometry":{"type":"Point","coordinates":[100.51335,13.73695]}},{"type":"Feature","properties":{"title":"ทางม้าลาย ร้านง่วนฮงเส็ง","info":["ถนน: ถนนเจริญกรุง","เขต: สัมพันธวงศ์","จำนวนช่องจราจร: 4","ไฟกดข้าม: ไม่มี"],"district":"สัมพันธวงศ์"},"geometry":{"type":"Point","coordinates":[100.51357,13.73632]}},{"type":"Feature","properties":{"title":"ทางม้าลาย ร้านลออหลิ่มเซ่งท่าย","info":["ถนน: ถนนเจริญกรุง","เขต: สัมพันธวงศ์","จำนวนช่องจราจร: 4","ไฟกดข้าม: ไม่มี"],"district":"สัมพันธวงศ์"},"geometry":{"type":"Point","coordinates":[100.51359,13.73602]}},{"type":"Feature","properties":{"title":"ทางม้าลาย แยกเทวราช","info":["ถนน: ถนนกรุงเกษม","เขต: ป้อมปราบศัตรูพ่าย","จำนวนช่องจราจร: 4","ไฟกดข้าม: มี"],"district":"ป้อมปราบศัตรูพ่าย"},"geometry":{"type":"Point","coordinates":[100.51264,13.76019]}},{"type":"Feature","properties":{"title":"ทางม้าลาย สนง.สภาพัฒนาการเศรษฐกิจและสังคม","info":["ถนน: ถนนกรุงเกษม","เขต: ป้อมปราบศัตรูพ่าย","จำนวนช่องจราจร: 5","ไฟกดข้าม: มี"],"district":"ป้อมปราบศัตรูพ่าย"},"geometry":{"type":"Point","coordinates":[100.51521,13.75767]}},{"type":"Feature","properties":{"title":"ทางม้าลาย กระทรวงการพัฒนาสังคมและความมั่น","info":["ถนน: ถนนกรุงเกษม","เขต: ป้อมปราบศัตรูพ่าย","จำนวนช่องจราจร: 4","ไฟกดข้าม: มี"],"district":"ป้อมปราบศัตรูพ่าย"},"geometry":{"type":"Point","coordinates":[100.51694,13.75507]}},{"type":"Feature","properties":{"title":"ทางม้าลาย กระทรวงการพัฒนาสังคมและความมั่น","info":["ถนน: ถนนกรุงเกษม","เขต: ป้อมปราบศัตรูพ่าย","จำนวนช่องจราจร: 2","ไฟกดข้าม: มี"],"district":"ป้อมปราบศัตรูพ่าย"},"geometry":{"type":"Point","coordinates":[100.51689,13.75486]}},{"type":"Feature","properties":{"title":"ทางม้าลาย บมจ.วิริยะประกันภัย","info":["ถนน: ถนนกรุงเกษม","เขต: ป้อมปราบศัตรูพ่าย","จำนวนช่องจราจร: 3","ไฟกดข้าม: มี"],"district":"ป้อมปราบศัตรูพ่าย"},"geometry":{"type":"Point","coordinates":[100.51707,13.75168]}},{"type":"Feature","properties":{"title":"ทางม้าลาย ทางข้ามถนนอนันตนาค","info":["ถนน: ถนนกรุงเกษม","เขต: ป้อมปราบศัตรูพ่าย","จำนวนช่องจราจร: 3","ไฟกดข้าม: มี"],"district":"ป้อมปราบศัตรูพ่าย"},"geometry":{"type":"Point","coordinates":[100.51698,13.7508]}},{"type":"Feature","properties":{"title":"ทางม้าลาย โรงเรียนสายปัญญา","info":["ถนน: ถนนกรุงเกษม","เขต: ป้อมปราบศัตรูพ่าย","จำนวนช่องจราจร: 4","ไฟกดข้าม: มี"],"district":"ป้อมปราบศัตรูพ่าย"},"geometry":{"type":"Point","coordinates":[100.51573,13.74306]}},{"type":"Feature","properties":{"title":"ทางม้าลาย แยกสะพานเจริญสวัสดิ์","info":["ถนน: ถนนกรุงเกษม","เขต: ป้อมปราบศัตรูพ่าย","จำนวนช่องจราจร: 4","ไฟกดข้าม: มี"],"district":"ป้อมปราบศัตรูพ่าย"},"geometry":{"type":"Point","coordinates":[100.51549,13.73839]}},{"type":"Feature","properties":{"title":"ทางม้าลาย แยกพลับพลาไชย(ร.ร.สะพานลอย)","info":["ถนน: ถนนหลวง","เขต: ป้อมปราบศัตรูพ่าย","จำนวนช่องจราจร: 4","ไฟกดข้าม: มี"],"district":"ป้อมปราบศัตรูพ่าย"},"geometry":{"type":"Point","coordinates":[100.51204,13.74633]}},{"type":"Feature","properties":{"title":"ทางม้าลาย แยกพลับพลาไชยยาหอมประสาททอง","info":["ถนน: ถนนหลวง","เขต: ป้อมปราบศัตรูพ่าย","จำนวนช่องจราจร: 4","ไฟกดข้าม: มี"],"district":"ป้อมปราบศัตรูพ่าย"},"geometry":{"type":"Point","coordinates":[100.5116,13.74639]}},{"type":"Feature","properties":{"title":"ทางม้าลาย แยกโรงพยาบาลกลาง(โรงจำนำ)","info":["ถนน: ถนนหลวง","เขต: ป้อมปราบศัตรูพ่าย","จำนวนช่องจราจร: 4","ไฟกดข้าม: มี"],"district":"ป้อมปราบศัตรูพ่าย"},"geometry":{"type":"Point","coordinates":[100.5105,13.7469]}},{"type":"Feature","properties":{"title":"ทางม้าลาย ร.ร.สมานศึกษาวิทยา","info":["ถนน: ถนนหลวง","เขต: ป้อมปราบศัตรูพ่าย","จำนวนช่องจราจร: 4","ไฟกดข้าม: มี"],"district":"ป้อมปราบศัตรูพ่าย"},"geometry":{"type":"Point","coordinates":[100.50939,13.74721]}},{"type":"Feature","properties":{"title":"ทางม้าลาย แยกวรจักร","info":["ถนน: ถนนหลวง","เขต: ป้อมปราบศัตรูพ่าย","จำนวนช่องจราจร: 4","ไฟกดข้าม: มี"],"district":"ป้อมปราบศัตรูพ่าย"},"geometry":{"type":"Point","coordinates":[100.50712,13.748]}},{"type":"Feature","properties":{"title":"ทางม้าลาย บำรุงเมือง","info":["ถนน: ถนนหลวง","เขต: ป้อมปราบศัตรูพ่าย","จำนวนช่องจราจร: 4","ไฟกดข้าม: มี"],"district":"ป้อมปราบศัตรูพ่าย"},"geometry":{"type":"Point","coordinates":[100.50688,13.7481]}},{"type":"Feature","properties":{"title":"ทางม้าลาย บ.ยุทธกิจกลการอินปอร์ต จำกัด","info":["ถนน: ถนนหลวง","เขต: ป้อมปราบศัตรูพ่าย","จำนวนช่องจราจร: 4","ไฟกดข้าม: มี"],"district":"ป้อมปราบศัตรูพ่าย"},"geometry":{"type":"Point","coordinates":[100.5048,13.74882]}},{"type":"Feature","properties":{"title":"ทางม้าลาย โรงพิมพ์การศาสนา","info":["ถนน: ถนนบำรุงเมือง","เขต: ป้อมปราบศัตรูพ่าย","จำนวนช่องจราจร: 4","ไฟกดข้าม: มี"],"district":"ป้อมปราบศัตรูพ่าย"},"geometry":{"type":"Point","coordinates":[100.50664,13.75208]}},{"type":"Feature","properties":{"title":"ทางม้าลาย ซอยสวนมะลิ","info":["ถนน: ถนนบำรุงเมือง","เขต: ป้อมปราบศัตรูพ่าย","จำนวนช่องจราจร: 4","ไฟกดข้าม: มี"],"district":"ป้อมปราบศัตรูพ่าย"},"geometry":{"type":"Point","coordinates":[100.51036,13.75135]}},{"type":"Feature","properties":{"title":"ทางม้าลาย บ.เนเซอร์ด ศรีเอชั่น จำกัด (ยุคล 2)","info":["ถนน: ถนนบำรุงเมือง","เขต: ป้อมปราบศัตรูพ่าย","จำนวนช่องจราจร: 4","ไฟกดข้าม: มี"],"district":"ป้อมปราบศัตรูพ่าย"},"geometry":{"type":"Point","coordinates":[100.51193,13.75081]}},{"type":"Feature","properties":{"title":"ทางม้าลาย ร้านพิมพิษา","info":["ถนน: ถนนบำรุงเมือง","เขต: ป้อมปราบศัตรูพ่าย","จำนวนช่องจราจร: 4","ไฟกดข้าม: มี"],"district":"ป้อมปราบศัตรูพ่าย"},"geometry":{"type":"Point","coordinates":[100.51303,13.75042]}},{"type":"Feature","properties":{"title":"ทางม้าลาย แยกเมรุปูน อัลไพนสตา","info":["ถนน: ถนนบำรุงเมือง","เขต: ป้อมปราบศัตรูพ่าย","จำนวนช่องจราจร: 4","ไฟกดข้าม: มี"],"district":"ป้อมปราบศัตรูพ่าย"},"geometry":{"type":"Point","coordinates":[100.5056,13.75214]}},{"type":"Feature","properties":{"title":"ทางม้าลาย ร.พ.ธนบุรี","info":["ถนน: ถนนบำรุงเมือง","เขต: ป้อมปราบศัตรูพ่าย","จำนวนช่องจราจร: 4","ไฟกดข้าม: มี"],"district":"ป้อมปราบศัตรูพ่าย"},"geometry":{"type":"Point","coordinates":[100.51435,13.74996]}},{"type":"Feature","properties":{"title":"ทางม้าลาย ร้านยาองค์การเภสัชกรรม","info":["ถนน: ถนนบำรุงเมือง","เขต: ป้อมปราบศัตรูพ่าย","จำนวนช่องจราจร: 4","ไฟกดข้าม: มี"],"district":"ป้อมปราบศัตรูพ่าย"},"geometry":{"type":"Point","coordinates":[100.51577,13.74947]}},{"type":"Feature","properties":{"title":"ทางม้าลาย ถ.พะเนียงตัดกับ ถ.หลานหลวง","info":["ถนน: ถนนหลานหลวง","เขต: ป้อมปราบศัตรูพ่าย","จำนวนช่องจราจร: 5","ไฟกดข้าม: มี"],"district":"ป้อมปราบศัตรูพ่าย"},"geometry":{"type":"Point","coordinates":[100.51254,13.75646]}},{"type":"Feature","properties":{"title":"ทางม้าลาย แยกหลานหลวง","info":["ถนน: ถนนหลานหลวง","เขต: ป้อมปราบศัตรูพ่าย","จำนวนช่องจราจร: 5","ไฟกดข้าม: มี"],"district":"ป้อมปราบศัตรูพ่าย"},"geometry":{"type":"Point","coordinates":[100.50985,13.75639]}},{"type":"Feature","properties":{"title":"ทางม้าลาย บ.ยูไนเต็ดแมชชินเนิชอรี่ จำกัด","info":["ถนน: ถนนหลานหลวง","เขต: ป้อมปราบศัตรูพ่าย","จำนวนช่องจราจร: 5","ไฟกดข้าม: มี"],"district":"ป้อมปราบศัตรูพ่าย"},"geometry":{"type":"Point","coordinates":[100.5087,13.75639]}},{"type":"Feature","properties":{"title":"ทางม้าลาย แยกผ่านฟ้าลีลาศ พิพิธภัณฑ์พระปกฯ","info":["ถนน: ถนนหลานหลวง","เขต: ป้อมปราบศัตรูพ่าย","จำนวนช่องจราจร: 5","ไฟกดข้าม: มี"],"district":"ป้อมปราบศัตรูพ่าย"},"geometry":{"type":"Point","coordinates":[100.50636,13.75635]}},{"type":"Feature","properties":{"title":"ทางม้าลาย ร้านบัวทอง","info":["ถนน: ถนนดำรงรักษ์","เขต: ป้อมปราบศัตรูพ่าย","จำนวนช่องจราจร: 2","ไฟกดข้าม: มี"],"district":"ป้อมปราบศัตรูพ่าย"},"geometry":{"type":"Point","coordinates":[100.50936,13.75503]}},{"type":"Feature","properties":{"title":"ทางม้าลาย วัดสิตาราม","info":["ถนน: ถนนดำรงรักษ์","เขต: ป้อมปราบศัตรูพ่าย","จำนวนช่องจราจร: 2","ไฟกดข้าม: มี"],"district":"ป้อมปราบศัตรูพ่าย"},"geometry":{"type":"Point","coordinates":[100.51028,13.75484]}},{"type":"Feature","properties":{"title":"ทางม้าลาย วัดโสมนัส","info":["ถนน: ซอยวัดโสมมนัส","เขต: ป้อมปราบศัตรูพ่าย","จำนวนช่องจราจร: 2","ไฟกดข้าม: มี"],"district":"ป้อมปราบศัตรูพ่าย"},"geometry":{"type":"Point","coordinates":[100.51044,13.7616]}},{"type":"Feature","properties":{"title":"ทางม้าลาย แยกผ่านฟ้าลีลาศ","info":["ถนน: ถนนนครสวรรค์","เขต: ป้อมปราบศัตรูพ่าย","จำนวนช่องจราจร: 4","ไฟกดข้าม: มี"],"district":"ป้อมปราบศัตรูพ่าย"},"geometry":{"type":"Point","coordinates":[100.50645,13.75669]}},{"type":"Feature","properties":{"title":"ทางม้าลาย ซอยนครสวรรค์ 7","info":["ถนน: ถนนนครสวรรค์","เขต: ป้อมปราบศัตรูพ่าย","จำนวนช่องจราจร: 5","ไฟกดข้าม: มี"],"district":"ป้อมปราบศัตรูพ่าย"},"geometry":{"type":"Point","coordinates":[100.51191,13.75965]}},{"type":"Feature","properties":{"title":"ทางม้าลาย โรงเรียนสตรีจุลนาค","info":["ถนน: ถนนนครสวรรค์","เขต: ป้อมปราบศัตรูพ่าย","จำนวนช่องจราจร: 4","ไฟกดข้าม: มี"],"district":"ป้อมปราบศัตรูพ่าย"},"geometry":{"type":"Point","coordinates":[100.50804,13.75746]}},{"type":"Feature","properties":{"title":"ทางม้าลาย กระทรวงการท่องเที่ยวและกีฬา","info":["ถนน: ถนนจักรพรรดิพงษ์","เขต: ป้อมปราบศัตรูพ่าย","จำนวนช่องจราจร: 6","ไฟกดข้าม: มี"],"district":"ป้อมปราบศัตรูพ่าย"},"geometry":{"type":"Point","coordinates":[100.50791,13.7598]}},{"type":"Feature","properties":{"title":"ทางม้าลาย แยกจักรพรรดิพงษ์","info":["ถนน: ถนนจักรพรรดิพงษ์","เขต: ป้อมปราบศัตรูพ่าย","จำนวนช่องจราจร: 6","ไฟกดข้าม: มี"],"district":"ป้อมปราบศัตรูพ่าย"},"geometry":{"type":"Point","coordinates":[100.5095,13.7584]}},{"type":"Feature","properties":{"title":"ทางม้าลาย แยกหลานหลวง","info":["ถนน: ถนนจักรพรรดิพงษ์","เขต: ป้อมปราบศัตรูพ่าย","จำนวนช่องจราจร: 6","ไฟกดข้าม: มี"],"district":"ป้อมปราบศัตรูพ่าย"},"geometry":{"type":"Point","coordinates":[100.50964,13.75882]}},{"type":"Feature","properties":{"title":"ทางม้าลาย ซอยบ้านบาตร","info":["ถนน: ถนนวรจักร","เขต: ป้อมปราบศัตรูพ่าย","จำนวนช่องจราจร: 6","ไฟกดข้าม: มี"],"district":"ป้อมปราบศัตรูพ่าย"},"geometry":{"type":"Point","coordinates":[100.50832,13.75088]}},{"type":"Feature","properties":{"title":"ทางม้าลาย วัดดิสานุการาม","info":["ถนน: ถนนวรจักร","เขต: ป้อมปราบศัตรูพ่าย","จำนวนช่องจราจร: 6","ไฟกดข้าม: มี"],"district":"ป้อมปราบศัตรูพ่าย"},"geometry":{"type":"Point","coordinates":[100.50762,13.74934]}},{"type":"Feature","properties":{"title":"ทางม้าลาย บ.สยามวรจักรอีเล็คตริค","info":["ถนน: ถนนวรจักร","เขต: ป้อมปราบศัตรูพ่าย","จำนวนช่องจราจร: 6","ไฟกดข้าม: มี"],"district":"ป้อมปราบศัตรูพ่าย"},"geometry":{"type":"Point","coordinates":[100.50663,13.74715]}},{"type":"Feature","properties":{"title":"ทางม้าลาย ศูนย์รวมเครื่องหนังโรส","info":["ถนน: ถนนเสือป่า","เขต: ป้อมปราบศัตรูพ่าย","จำนวนช่องจราจร: 4","ไฟกดข้าม: มี"],"district":"ป้อมปราบศัตรูพ่าย"},"geometry":{"type":"Point","coordinates":[100.5093,13.74554]}},{"type":"Feature","properties":{"title":"ทางม้าลาย โรงพยาบาลกลาง","info":["ถนน: ถนนเสือป่า","เขต: ป้อมปราบศัตรูพ่าย","จำนวนช่องจราจร: 4","ไฟกดข้าม: มี"],"district":"ป้อมปราบศัตรูพ่าย"},"geometry":{"type":"Point","coordinates":[100.5096,13.74591]}},{"type":"Feature","properties":{"title":"ทางม้าลาย ท่าพระจันทร์ (ทางเข้าด้านหลัง ม. ธรรมศาสตร์)","info":["ถนน: ถนนมหาราช","เขต: พระนคร","จำนวนช่องจราจร: 2","ไฟกดข้าม: ไม่มี"],"district":"พระนคร"},"geometry":{"type":"Point","coordinates":[100.48963,13.75621]}},{"type":"Feature","properties":{"title":"ทางม้าลาย ท่าพระจันทร์ (ทางเข้าด้านหลัง ม. ธรรมศาสตร์)","info":["ถนน: ถนนพระจันทร์","เขต: พระนคร","จำนวนช่องจราจร: 2","ไฟกดข้าม: ไม่มี"],"district":"พระนคร"},"geometry":{"type":"Point","coordinates":[100.48973,13.75627]}},{"type":"Feature","properties":{"title":"ทางม้าลาย หน้าโรงเรียนวัดมหาธาตุ","info":["ถนน: ถนนพระจันทร์","เขต: พระนคร","จำนวนช่องจราจร: 2","ไฟกดข้าม: ไม่มี"],"district":"พระนคร"},"geometry":{"type":"Point","coordinates":[100.49127,13.75574]}},{"type":"Feature","properties":{"title":"ทางม้าลาย จุดตัดถนนหน้าพระธาตุ","info":["ถนน: ถนนพระจันทร์","เขต: พระนคร","จำนวนช่องจราจร: 2","ไฟกดข้าม: ไม่มี"],"district":"พระนคร"},"geometry":{"type":"Point","coordinates":[100.49203,13.75551]}},{"type":"Feature","properties":{"title":"ทางม้าลาย แยกตัดถนนท่าพระจันทร์ (จุดที่ 1)","info":["ถนน: ถนนหน้าพระธาตุ","เขต: พระนคร","จำนวนช่องจราจร: 4","ไฟกดข้าม: ไม่มี"],"district":"พระนคร"},"geometry":{"type":"Point","coordinates":[100.49206,13.75537]}},{"type":"Feature","properties":{"title":"ทางม้าลาย แยกตัดถนนท่าพระจันทร์ (จุดที่ 2)","info":["ถนน: ถนนหน้าพระธาตุ","เขต: พระนคร","จำนวนช่องจราจร: 4","ไฟกดข้าม: ไม่มี"],"district":"พระนคร"},"geometry":{"type":"Point","coordinates":[100.49214,13.75561]}},{"type":"Feature","properties":{"title":"ทางม้าลาย ด้านหน้า ม. ธรรมศาสตร์","info":["ถนน: ถนนหน้าพระธาตุ","เขต: พระนคร","จำนวนช่องจราจร: 4","ไฟกดข้าม: ไม่มี"],"district":"พระนคร"},"geometry":{"type":"Point","coordinates":[100.49254,13.75706]}},{"type":"Feature","properties":{"title":"ทางม้าลาย ด้านข้างป้อมเผด็จดัสกร","info":["ถนน: ถนนหน้าพระธาตุ","เขต: พระนคร","จำนวนช่องจราจร: 4","ไฟกดข้าม: ไม่มี"],"district":"พระนคร"},"geometry":{"type":"Point","coordinates":[100.4934,13.75248]}},{"type":"Feature","properties":{"title":"ทางม้าลาย ประตูวิเศษไชยศรี","info":["ถนน: ถนนหน้าพระธาตุ","เขต: พระนคร","จำนวนช่องจราจร: 4","ไฟกดข้าม: ไม่มี"],"district":"พระนคร"},"geometry":{"type":"Point","coordinates":[100.49114,13.75239]}},{"type":"Feature","properties":{"title":"ทางม้าลาย ประตูวิมานเทเวศร์","info":["ถนน: ถนนหน้าพระธาตุ","เขต: พระนคร","จำนวนช่องจราจร: 4","ไฟกดข้าม: ไม่มี"],"district":"พระนคร"},"geometry":{"type":"Point","coordinates":[100.49024,13.75241]}},{"type":"Feature","properties":{"title":"ทางม้าลาย ท่าช้าง","info":["ถนน: ถนนหน้าพระธาตุ","เขต: พระนคร","จำนวนช่องจราจร: 4","ไฟกดข้าม: ไม่มี"],"district":"พระนคร"},"geometry":{"type":"Point","coordinates":[100.48961,13.75236]}},{"type":"Feature","properties":{"title":"ทางม้าลาย แยกเทเวศร์","info":["ถนน: ถนนสามเสน","เขต: พระนคร","จำนวนช่องจราจร: 4","ไฟกดข้าม: ไม่มี"],"district":"พระนคร"},"geometry":{"type":"Point","coordinates":[100.50359,13.76956]}},{"type":"Feature","properties":{"title":"ทางม้าลาย แยกบางขุนพรหม จุดที่ 1","info":["ถนน: ถนนสามเสน","เขต: พระนคร","จำนวนช่องจราจร: 4","ไฟกดข้าม: ไม่มี"],"district":"พระนคร"},"geometry":{"type":"Point","coordinates":[100.50118,13.76699]}},{"type":"Feature","properties":{"title":"ทางม้าลาย แยกบางขุนพรหม จุดที่ 2","info":["ถนน: ถนนสามเสน","เขต: พระนคร","จำนวนช่องจราจร: 4","ไฟกดข้าม: ไม่มี"],"district":"พระนคร"},"geometry":{"type":"Point","coordinates":[100.50099,13.76678]}},{"type":"Feature","properties":{"title":"ทางม้าลาย ซอยสามเสน 3 (ทางเข้าสำนักงานเขตพระนคร)","info":["ถนน: ถนนสามเสน","เขต: พระนคร","จำนวนช่องจราจร: 4","ไฟกดข้าม: ไม่มี"],"district":"พระนคร"},"geometry":{"type":"Point","coordinates":[100.4999,13.76492]}},{"type":"Feature","properties":{"title":"ทางม้าลาย ซอยลำพู (วัดสังเวชวิศยาราม)","info":["ถนน: ถนนสามเสน","เขต: พระนคร","จำนวนช่องจราจร: 4","ไฟกดข้าม: ไม่มี"],"district":"พระนคร"},"geometry":{"type":"Point","coordinates":[100.49916,13.76375]}},{"type":"Feature","properties":{"title":"ทางม้าลาย หน้าซอยหลังโบสถ์พราหมณ์","info":["ถนน: ถนนดินสอ","เขต: พระนคร","จำนวนช่องจราจร: 4","ไฟกดข้าม: ไม่มี"],"district":"พระนคร"},"geometry":{"type":"Point","coordinates":[100.50098,13.75259]}},{"type":"Feature","properties":{"title":"ทางม้าลาย จุดตัดถนนมหรรณพ","info":["ถนน: ถนนดินสอ","เขต: พระนคร","จำนวนช่องจราจร: 4","ไฟกดข้าม: ไม่มี"],"district":"พระนคร"},"geometry":{"type":"Point","coordinates":[100.5011,13.75336]}},{"type":"Feature","properties":{"title":"ทางม้าลาย จุดตัดบริเวณอนุสาวรีย์ประชาธิปไตย (บ้านดินสอ)","info":["ถนน: ถนนดินสอ","เขต: พระนคร","จำนวนช่องจราจร: 3","ไฟกดข้าม: ไม่มี"],"district":"พระนคร"},"geometry":{"type":"Point","coordinates":[100.5017,13.75614]}},{"type":"Feature","properties":{"title":"ทางม้าลาย จุดตัดบริเวณอนุสาวรีย์ประชาธิปไตย (ด้านสตรีฯ)","info":["ถนน: ถนนดินสอ","เขต: พระนคร","จำนวนช่องจราจร: 3","ไฟกดข้าม: ไม่มี"],"district":"พระนคร"},"geometry":{"type":"Point","coordinates":[100.502,13.75729]}},{"type":"Feature","properties":{"title":"ทางม้าลาย หน้าโรงเรียนสตรีวิทยา","info":["ถนน: ถนนดินสอ","เขต: พระนคร","จำนวนช่องจราจร: 3","ไฟกดข้าม: ไม่มี"],"district":"พระนคร"},"geometry":{"type":"Point","coordinates":[100.50205,13.7576]}},{"type":"Feature","properties":{"title":"ทางม้าลาย กวดวิชา อ. หนุ่ย","info":["ถนน: ถนนดินสอ","เขต: พระนคร","จำนวนช่องจราจร: 3","ไฟกดข้าม: ไม่มี"],"district":"พระนคร"},"geometry":{"type":"Point","coordinates":[100.5023,13.7585]}},{"type":"Feature","properties":{"title":"ทางม้าลาย บ.พีแอนด์ อาร์ ดีไซน์ จำกัด","info":["ถนน: ถนนเจริญกรุง","เขต: สัมพันธวงศ์","จำนวนช่องจราจร: 4","ไฟกดข้าม: ไม่มี"],"district":"สัมพันธวงศ์"},"geometry":{"type":"Point","coordinates":[100.51409,13.73444]}},{"type":"Feature","properties":{"title":"ทางม้าลาย พรชัย ออกซิเจน","info":["ถนน: ถนนเจริญกรุง","เขต: สัมพันธวงศ์","จำนวนช่องจราจร: 4","ไฟกดข้าม: ไม่มี"],"district":"สัมพันธวงศ์"},"geometry":{"type":"Point","coordinates":[100.51446,13.73326]}},{"type":"Feature","properties":{"title":"ทางม้าลาย ห้าแยกหมอมี บ.การไฟฟ้าเต๊กซุ่นเส็ง","info":["ถนน: ถนนพระราม 4","เขต: สัมพันธวงศ์","จำนวนช่องจราจร: 4","ไฟกดข้าม: ไม่มี"],"district":"ป้อมปราบศัตรูพ่าย"},"geometry":{"type":"Point","coordinates":[100.51215,13.74053]}},{"type":"Feature","properties":{"title":"ทางม้าลาย ห้างใบชา ก.มุยกี่","info":["ถนน: ถนนพระราม 4","เขต: สัมพันธวงศ์","จำนวนช่องจราจร: 4","ไฟกดข้าม: ไม่มี"],"district":"สัมพันธวงศ์"},"geometry":{"type":"Point","coordinates":[100.51505,13.73822]}},{"type":"Feature","properties":{"title":"ทางม้าลาย บ.เอเซียไททัน จำกัด","info":["ถนน: ถนนโยธา","เขต: สัมพันธวงศ์","จำนวนช่องจราจร: 4","ไฟกดข้าม: ไม่มี"],"district":"สัมพันธวงศ์"},"geometry":{"type":"Point","coordinates":[100.51476,13.73211]}},{"type":"Feature","properties":{"title":"ทางม้าลาย รพ.สมิติเวช ไชนาทาวน์","info":["ถนน: ถนนเยาวราช","เขต: สัมพันธวงศ์","จำนวนช่องจราจร: 6","ไฟกดข้าม: ไม่มี"],"district":"สัมพันธวงศ์"},"geometry":{"type":"Point","coordinates":[100.51269,13.73806]}},{"type":"Feature","properties":{"title":"ทางม้าลาย แยกเฉลิมบุรี หูฉลามเฉลิมบุรี (ต้าซิน)","info":["ถนน: ถนนเยาวราช","เขต: สัมพันธวงศ์","จำนวนช่องจราจร: 6","ไฟกดข้าม: ไม่มี"],"district":"สัมพันธวงศ์"},"geometry":{"type":"Point","coordinates":[100.51156,13.73939]}},{"type":"Feature","properties":{"title":"ทางม้าลาย เล่าลีหูฉลาม","info":["ถนน: ถนนเยาวราช","เขต: สัมพันธวงศ์","จำนวนช่องจราจร: 5","ไฟกดข้าม: ไม่มี"],"district":"สัมพันธวงศ์"},"geometry":{"type":"Point","coordinates":[100.51062,13.73995]}},{"type":"Feature","properties":{"title":"ทางม้าลาย ธนาคารยูโอบี","info":["ถนน: ถนนเยาวราช","เขต: สัมพันธวงศ์","จำนวนช่องจราจร: 5","ไฟกดข้าม: ไม่มี"],"district":"สัมพันธวงศ์"},"geometry":{"type":"Point","coordinates":[100.50967,13.74045]}},{"type":"Feature","properties":{"title":"ทางม้าลาย ห้างทองฮั้วเซ่งเฮง","info":["ถนน: ถนนเยาวราช","เขต: สัมพันธวงศ์","จำนวนช่องจราจร: 5","ไฟกดข้าม: ไม่มี"],"district":"สัมพันธวงศ์"},"geometry":{"type":"Point","coordinates":[100.50796,13.74143]}},{"type":"Feature","properties":{"title":"ทางม้าลาย แยกราชวงศ์ ห้างทองจิ้นเซ่งเฮง","info":["ถนน: ถนนเยาวราช","เขต: สัมพันธวงศ์","จำนวนช่องจราจร: 5","ไฟกดข้าม: ไม่มี"],"district":"สัมพันธวงศ์"},"geometry":{"type":"Point","coordinates":[100.5071,13.74118]}},{"type":"Feature","properties":{"title":"ทางม้าลาย ธ.กรุงไทย (สาขาราชวงศ์)","info":["ถนน: ถนนเยาวราช","เขต: สัมพันธวงศ์","จำนวนช่องจราจร: 5","ไฟกดข้าม: ไม่มี"],"district":"สัมพันธวงศ์"},"geometry":{"type":"Point","coordinates":[100.50654,13.74287]}},{"type":"Feature","properties":{"title":"ทางม้าลาย ธนาคารไทยเครดิต","info":["ถนน: ถนนเยาวราช","เขต: สัมพันธวงศ์","จำนวนช่องจราจร: 5","ไฟกดข้าม: ไม่มี"],"district":"สัมพันธวงศ์"},"geometry":{"type":"Point","coordinates":[100.50591,13.74344]}},{"type":"Feature","properties":{"title":"ทางม้าลาย แยกวัดตึก ห้างทองเล่งหงษ์","info":["ถนน: ถนนเยาวราช","เขต: สัมพันธวงศ์","จำนวนช่องจราจร: 5","ไฟกดข้าม: ไม่มี"],"district":"สัมพันธวงศ์"},"geometry":{"type":"Point","coordinates":[100.50461,13.74404]}},{"type":"Feature","properties":{"title":"ทางม้าลาย เพชรทองรุ่งสวรรค์","info":["ถนน: ถนนเยาวราช","เขต: สัมพันธวงศ์","จำนวนช่องจราจร: 5","ไฟกดข้าม: ไม่มี"],"district":"สัมพันธวงศ์"},"geometry":{"type":"Point","coordinates":[100.50354,13.74458]}},{"type":"Feature","properties":{"title":"ทางม้าลาย อ.โชคดี","info":["ถนน: ถนนจักรวรรดิ","เขต: สัมพันธวงศ์","จำนวนช่องจราจร: 5","ไฟกดข้าม: ไม่มี"],"district":"สัมพันธวงศ์"},"geometry":{"type":"Point","coordinates":[100.50379,13.74328]}},{"type":"Feature","properties":{"title":"ทางม้าลาย จักรวรรดิเครื่องบวช","info":["ถนน: ถนนจักรวรรดิ","เขต: สัมพันธวงศ์","จำนวนช่องจราจร: 5","ไฟกดข้าม: ไม่มี"],"district":"สัมพันธวงศ์"},"geometry":{"type":"Point","coordinates":[100.50217,13.74109]}},{"type":"Feature","properties":{"title":"ทางม้าลาย วัดจักรวรรดิราชาวาส","info":["ถนน: ถนนจักรวรรดิ","เขต: สัมพันธวงศ์","จำนวนช่องจราจร: 5","ไฟกดข้าม: ไม่มี"],"district":"สัมพันธวงศ์"},"geometry":{"type":"Point","coordinates":[100.5028,13.74049]}},{"type":"Feature","properties":{"title":"ทางม้าลาย LK BEAUTY","info":["ถนน: ถนนราชวงศ์","เขต: สัมพันธวงศ์","จำนวนช่องจราจร: 5","ไฟกดข้าม: ไม่มี"],"district":"สัมพันธวงศ์"},"geometry":{"type":"Point","coordinates":[100.50692,13.74222]}},{"type":"Feature","properties":{"title":"ทางม้าลาย ธนาคารกรุงศรีฯ","info":["ถนน: ถนนราชวงศ์","เขต: สัมพันธวงศ์","จำนวนช่องจราจร: 5","ไฟกดข้าม: ไม่มี"],"district":"สัมพันธวงศ์"},"geometry":{"type":"Point","coordinates":[100.50623,13.74137]}},{"type":"Feature","properties":{"title":"ทางม้าลาย ซอยไมตรีวานิชย์","info":["ถนน: ถนนราชวงศ์","เขต: สัมพันธวงศ์","จำนวนช่องจราจร: 4","ไฟกดข้าม: ไม่มี"],"district":"สัมพันธวงศ์"},"geometry":{"type":"Point","coordinates":[100.50517,13.73999]}},{"type":"Feature","properties":{"title":"ทางม้าลาย ธนาคารกรุงเทพ (สาขาราชวงศ์)","info":["ถนน: ถนนราชวงศ์","เขต: สัมพันธวงศ์","จำนวนช่องจราจร: 4","ไฟกดข้าม: ไม่มี"],"district":"สัมพันธวงศ์"},"geometry":{"type":"Point","coordinates":[100.50498,13.73976]}},{"type":"Feature","properties":{"title":"ทางม้าลาย บ.สัมพันธมิตร (7)","info":["ถนน: ถนนทรงวาด","เขต: สัมพันธวงศ์","จำนวนช่องจราจร: 2","ไฟกดข้าม: ไม่มี"],"district":"สัมพันธวงศ์"},"geometry":{"type":"Point","coordinates":[100.50492,13.73953]}},{"type":"Feature","properties":{"title":"ทางม้าลาย บ.นานาพรรณพัฒนาจำกัดร.ร.เผยอิง","info":["ถนน: ถนนทรงวาด","เขต: สัมพันธวงศ์","จำนวนช่องจราจร: 2","ไฟกดข้าม: ไม่มี"],"district":"สัมพันธวงศ์"},"geometry":{"type":"Point","coordinates":[100.50652,13.73867]}},{"type":"Feature","properties":{"title":"ทางม้าลาย วัดปทุมคงคาราชวรวิหาร (โรงเรียน)","info":["ถนน: ถนนทรงวาด","เขต: สัมพันธวงศ์","จำนวนช่องจราจร: 2","ไฟกดข้าม: ไม่มี"],"district":"สัมพันธวงศ์"},"geometry":{"type":"Point","coordinates":[100.5108,13.73651]}},{"type":"Feature","properties":{"title":"ทางม้าลาย บ.ไทยมุ้ย แอสโซซิเอท จำกัด","info":["ถนน: ถนนทรงวาด","เขต: สัมพันธวงศ์","จำนวนช่องจราจร: 2","ไฟกดข้าม: ไม่มี"],"district":"สัมพันธวงศ์"},"geometry":{"type":"Point","coordinates":[100.51346,13.73618]}},{"type":"Feature","properties":{"title":"ทางม้าลาย นวกิจ ดรักสโตร์ (ขายยา)","info":["ถนน: ถนนข้าวสาร","เขต: สัมพันธวงศ์","จำนวนช่องจราจร: 2","ไฟกดข้าม: ไม่มี"],"district":"สัมพันธวงศ์"},"geometry":{"type":"Point","coordinates":[100.51365,13.73625]}},{"type":"Feature","properties":{"title":"ทางม้าลาย เซ่เว่น","info":["ถนน: ถนนข้าวสาร","เขต: สัมพันธวงศ์","จำนวนช่องจราจร: 4","ไฟกดข้าม: ไม่มี"],"district":"สัมพันธวงศ์"},"geometry":{"type":"Point","coordinates":[100.51504,13.73676]}},{"type":"Feature","properties":{"title":"ทางม้าลาย ร้านลีวัฒน์ (ร.ร.สัมพันธวงศ์)","info":["ถนน: ถนนทรงสวัสดิ์","เขต: สัมพันธวงศ์","จำนวนช่องจราจร: 2","ไฟกดข้าม: ไม่มี"],"district":"สัมพันธวงศ์"},"geometry":{"type":"Point","coordinates":[100.51053,13.73801]}},{"type":"Feature","properties":{"title":"ทางม้าลาย ทางลงรถไฟใต้ดิน","info":["ถนน: ถนนแปลงนาม","เขต: สัมพันธวงศ์","จำนวนช่องจราจร: 3","ไฟกดข้าม: ไม่มี"],"district":"สัมพันธวงศ์"},"geometry":{"type":"Point","coordinates":[100.51036,13.74168]}},{"type":"Feature","properties":{"title":"ทางม้าลาย ถนนตรีมิตรตัดกับถนนเยาวราช","info":["ถนน: ถนนตรีมิตร","เขต: สัมพันธวงศ์","จำนวนช่องจราจร: 4","ไฟกดข้าม: ไม่มี"],"district":"สัมพันธวงศ์"},"geometry":{"type":"Point","coordinates":[100.51268,13.73707]}},{"type":"Feature","properties":{"title":"ทางม้าลาย ซอยเยาวราช1 ตัดกับถนนตรีมิตร","info":["ถนน: ซอยเยาวราช 1","เขต: สัมพันธวงศ์","จำนวนช่องจราจร: 3","ไฟกดข้าม: ไม่มี"],"district":"สัมพันธวงศ์"},"geometry":{"type":"Point","coordinates":[100.5129,13.73699]}},{"type":"Feature","properties":{"title":"ทางม้าลาย ถ.มิตรภาพไทย-จีนตัดกับถ.พระราม4","info":["ถนน: ถนนมิตรภาพไทย-จีน","เขต: สัมพันธวงศ์","จำนวนช่องจราจร: 4","ไฟกดข้าม: ไม่มี"],"district":"สัมพันธวงศ์"},"geometry":{"type":"Point","coordinates":[100.51527,13.73801]}},{"type":"Feature","properties":{"title":"ทางม้าลาย บริเวณแยกศาลหลักเมือง","info":["ถนน: ถนนราชดำเนินใน","เขต: พระนคร","จำนวนช่องจราจร: 8","ไฟกดข้าม: ไม่มี"],"district":"พระนคร"},"geometry":{"type":"Point","coordinates":[100.4937,13.75319]}},{"type":"Feature","properties":{"title":"ทางม้าลาย ทางเข้ากลางสนามหลวง จุดที่ 1","info":["ถนน: ถนนราชดำเนินใน","เขต: พระนคร","จำนวนช่องจราจร: 8","ไฟกดข้าม: ไม่มี"],"district":"พระนคร"},"geometry":{"type":"Point","coordinates":[100.49417,13.75495]}},{"type":"Feature","properties":{"title":"ทางม้าลาย ทางเข้ากลางสนามหลวง จุดที่ 2","info":["ถนน: ถนนราชดำเนินใน","เขต: พระนคร","จำนวนช่องจราจร: 8","ไฟกดข้าม: ไม่มี"],"district":"พระนคร"},"geometry":{"type":"Point","coordinates":[100.49434,13.756]}},{"type":"Feature","properties":{"title":"ทางม้าลาย แยกผ่านพิภพลีลา ต่อถนนราชินี","info":["ถนน: ถนนราชดำเนินใน","เขต: พระนคร","จำนวนช่องจราจร: 2","ไฟกดข้าม: ไม่มี"],"district":"พระนคร"},"geometry":{"type":"Point","coordinates":[100.4945,13.75708]}},{"type":"Feature","properties":{"title":"ทางม้าลาย แยกผ่านพิภพลีลา ต่อถนนราชดำเนินกลาง","info":["ถนน: ถนนราชดำเนินใน","เขต: พระนคร","จำนวนช่องจราจร: 5","ไฟกดข้าม: ไม่มี"],"district":"พระนคร"},"geometry":{"type":"Point","coordinates":[100.49466,13.75705]}},{"type":"Feature","properties":{"title":"ทางม้าลาย เยื้องโรงแรมรัตนโกสินทร์","info":["ถนน: ถนนราชดำเนินกลาง","เขต: พระนคร","จำนวนช่องจราจร: 7","ไฟกดข้าม: ไม่มี"],"district":"พระนคร"},"geometry":{"type":"Point","coordinates":[100.49511,13.75743]}},{"type":"Feature","properties":{"title":"ทางม้าลาย แยกคอกวัว (จุดตัดถนนตะนาว) จุดที่ 1","info":["ถนน: ถนนราชดำเนินกลาง","เขต: พระนคร","จำนวนช่องจราจร: 12","ไฟกดข้าม: ไม่มี"],"district":"พระนคร"},"geometry":{"type":"Point","coordinates":[100.49887,13.75744]}},{"type":"Feature","properties":{"title":"ทางม้าลาย แยกคอกวัว (จุดตัดถนนตะนาว) จุดที่ 2","info":["ถนน: ถนนราชดำเนินกลาง","เขต: พระนคร","จำนวนช่องจราจร: 12","ไฟกดข้าม: ไม่มี"],"district":"พระนคร"},"geometry":{"type":"Point","coordinates":[100.499,13.75742]}},{"type":"Feature","properties":{"title":"ทางม้าลาย ใกล้อนุสาวรีย์ประชาธิปไตย จุดที่ 2","info":["ถนน: ถนนราชดำเนินกลาง","เขต: พระนคร","จำนวนช่องจราจร: 12","ไฟกดข้าม: ไม่มี"],"district":"พระนคร"},"geometry":{"type":"Point","coordinates":[100.50243,13.75672]}},{"type":"Feature","properties":{"title":"ทางม้าลาย หน้าลานพลับพลามหาเจษฎาบดินทร์","info":["ถนน: ถนนราชดำเนินกลาง","เขต: พระนคร","จำนวนช่องจราจร: 12","ไฟกดข้าม: ไม่มี"],"district":"พระนคร"},"geometry":{"type":"Point","coordinates":[100.50496,13.75617]}},{"type":"Feature","properties":{"title":"ทางม้าลาย แยกผ่านฟ้าลีลาศ","info":["ถนน: ถนนราชดำเนินนอก","เขต: พระนคร","จำนวนช่องจราจร: 10","ไฟกดข้าม: ไม่มี"],"district":"พระนคร"},"geometry":{"type":"Point","coordinates":[100.50604,13.75653]}},{"type":"Feature","properties":{"title":"ทางม้าลาย ใกล้จุดตัดถนนกะออม","info":["ถนน: ถนนราชดำเนินนอก","เขต: พระนคร","จำนวนช่องจราจร: 10","ไฟกดข้าม: ไม่มี"],"district":"พระนคร"},"geometry":{"type":"Point","coordinates":[100.5068,13.75813]}},{"type":"Feature","properties":{"title":"ทางม้าลาย แยก จปร.","info":["ถนน: ถนนราชดำเนินนอก","เขต: พระนคร","จำนวนช่องจราจร: 10","ไฟกดข้าม: ไม่มี"],"district":"พระนคร"},"geometry":{"type":"Point","coordinates":[100.50761,13.75985]}},{"type":"Feature","properties":{"title":"ทางม้าลาย แยกสะพานมัฆวาน","info":["ถนน: ถนนราชดำเนินนอก","เขต: พระนคร","จำนวนช่องจราจร: 10","ไฟกดข้าม: ไม่มี"],"district":"ป้อมปราบศัตรูพ่าย"},"geometry":{"type":"Point","coordinates":[100.50919,13.76315]}},{"type":"Feature","properties":{"title":"ทางม้าลาย หน้า สน.พระราชวัง","info":["ถนน: ถนนสนามไชย","เขต: พระนคร","จำนวนช่องจราจร: 4","ไฟกดข้าม: ไม่มี"],"district":"พระนคร"},"geometry":{"type":"Point","coordinates":[100.49485,13.743]}},{"type":"Feature","properties":{"title":"ทางม้าลาย จุดตัดถนนพระพิพิธ จุดที่ 1","info":["ถนน: ถนนสนามไชย","เขต: พระนคร","จำนวนช่องจราจร: 4","ไฟกดข้าม: ไม่มี"],"district":"พระนคร"},"geometry":{"type":"Point","coordinates":[100.49446,13.74529]}},{"type":"Feature","properties":{"title":"ทางม้าลาย จุดตัดถนนพระพิพิธ จุดที่ 2","info":["ถนน: ถนนสนามไชย","เขต: พระนคร","จำนวนช่องจราจร: 4","ไฟกดข้าม: ไม่มี"],"district":"พระนคร"},"geometry":{"type":"Point","coordinates":[100.4944,13.74561]}},{"type":"Feature","properties":{"title":"ทางม้าลาย หน้าวัดพระเชตุพน","info":["ถนน: ถนนสนามไชย","เขต: พระนคร","จำนวนช่องจราจร: 4","ไฟกดข้าม: ไม่มี"],"district":"พระนคร"},"geometry":{"type":"Point","coordinates":[100.4943,13.74619]}},{"type":"Feature","properties":{"title":"ทางม้าลาย หน้า รด. จุดที่ 1","info":["ถนน: ถนนสนามไชย","เขต: พระนคร","จำนวนช่องจราจร: 4","ไฟกดข้าม: ไม่มี"],"district":"พระนคร"},"geometry":{"type":"Point","coordinates":[100.49417,13.74704]}},{"type":"Feature","properties":{"title":"ทางม้าลาย หน้า รด. จุดที่ 2","info":["ถนน: ถนนสนามไชย","เขต: พระนคร","จำนวนช่องจราจร: 4","ไฟกดข้าม: ไม่มี"],"district":"พระนคร"},"geometry":{"type":"Point","coordinates":[100.49425,13.74773]}},{"type":"Feature","properties":{"title":"ทางม้าลาย แยกตัดถนนกัลยาณไมตรี จุดที่ 2","info":["ถนน: ถนนสนามไชย","เขต: พระนคร","จำนวนช่องจราจร: 4","ไฟกดข้าม: ไม่มี"],"district":"พระนคร"},"geometry":{"type":"Point","coordinates":[100.49376,13.75114]}},{"type":"Feature","properties":{"title":"ทางม้าลาย ด้านข้างป้อมเผด็จดัสกร","info":["ถนน: ถนนสนามไชย","เขต: พระนคร","จำนวนช่องจราจร: 4","ไฟกดข้าม: ไม่มี"],"district":"พระนคร"},"geometry":{"type":"Point","coordinates":[100.49356,13.75224]}},{"type":"Feature","properties":{"title":"ทางม้าลาย หน้าโรงเรียนราชินี","info":["ถนน: ถนนมหาราช","เขต: พระนคร","จำนวนช่องจราจร: 2","ไฟกดข้าม: ไม่มี"],"district":"พระนคร"},"geometry":{"type":"Point","coordinates":[100.49435,13.74297]}},{"type":"Feature","properties":{"title":"ทางม้าลาย หน้าวิทยาลัยเทคโนโลยีตั้งตรงจิตรฯ","info":["ถนน: ถนนมหาราช","เขต: พระนคร","จำนวนช่องจราจร: 2","ไฟกดข้าม: ไม่มี"],"district":"พระนคร"},"geometry":{"type":"Point","coordinates":[100.49277,13.74428]}},{"type":"Feature","properties":{"title":"ทางม้าลาย หน้าโรงเรียนวัดโพธิ์","info":["ถนน: ถนนมหาราช","เขต: พระนคร","จำนวนช่องจราจร: 2","ไฟกดข้าม: ไม่มี"],"district":"พระนคร"},"geometry":{"type":"Point","coordinates":[100.49141,13.74602]}},{"type":"Feature","properties":{"title":"ทางม้าลาย หน้าวัดโพธิ์","info":["ถนน: ถนนมหาราช","เขต: พระนคร","จำนวนช่องจราจร: 2","ไฟกดข้าม: ไม่มี"],"district":"พระนคร"},"geometry":{"type":"Point","coordinates":[100.4911,13.74647]}},{"type":"Feature","properties":{"title":"ทางม้าลาย หน้าประตูช่องกุด (โรงเรียนพระตำหนักสวนกุหลาบ)","info":["ถนน: ถนนมหาราช","เขต: พระนคร","จำนวนช่องจราจร: 2","ไฟกดข้าม: ไม่มี"],"district":"พระนคร"},"geometry":{"type":"Point","coordinates":[100.49028,13.74755]}},{"type":"Feature","properties":{"title":"ทางม้าลาย หน้าราชนาวีสโมสร","info":["ถนน: ถนนมหาราช","เขต: พระนคร","จำนวนช่องจราจร: 2","ไฟกดข้าม: ไม่มี"],"district":"พระนคร"},"geometry":{"type":"Point","coordinates":[100.48956,13.7506]}},{"type":"Feature","properties":{"title":"ทางม้าลาย ท่าช้าง จุดที่ 1","info":["ถนน: ถนนมหาราช","เขต: พระนคร","จำนวนช่องจราจร: 2","ไฟกดข้าม: ไม่มี"],"district":"พระนคร"},"geometry":{"type":"Point","coordinates":[100.48933,13.75224]}},{"type":"Feature","properties":{"title":"ทางม้าลาย ท่าช้าง จุดที่ 2","info":["ถนน: ถนนมหาราช","เขต: พระนคร","จำนวนช่องจราจร: 2","ไฟกดข้าม: ไม่มี"],"district":"พระนคร"},"geometry":{"type":"Point","coordinates":[100.48947,13.75252]}},{"type":"Feature","properties":{"title":"ทางม้าลาย ใกล้ซอยจรัญสนิทวงศ์ 66","info":["ถนน: ถนนจรัญสนิทวงศ์","เขต: บางพลัด","จำนวนช่องจราจร: 4","ไฟกดข้าม: ไม่มี"],"district":"บางพลัด"},"geometry":{"type":"Point","coordinates":[100.49563,13.78518]}},{"type":"Feature","properties":{"title":"ทางม้าลาย หน้าสำนักงานเขตบางพลัด","info":["ถนน: ถนนจรัญสนิทวงศ์","เขต: บางพลัด","จำนวนช่องจราจร: 4","ไฟกดข้าม: ไม่มี"],"district":"บางพลัด"},"geometry":{"type":"Point","coordinates":[100.5055,13.79338]}},{"type":"Feature","properties":{"title":"ทางม้าลาย ใกล้ซอยจรัญสนิทวงศ์ 69","info":["ถนน: ถนนจรัญสนิทวงศ์","เขต: บางพลัด","จำนวนช่องจราจร: 6","ไฟกดข้าม: ไม่มี"],"district":"บางพลัด"},"geometry":{"type":"Point","coordinates":[100.4955,13.78537]}},{"type":"Feature","properties":{"title":"ทางม้าลาย แยกบางพลัด","info":["ถนน: ถนนจรัญสนิทวงศ์","เขต: บางพลัด","จำนวนช่องจราจร: 6","ไฟกดข้าม: ไม่มี"],"district":"บางพลัด"},"geometry":{"type":"Point","coordinates":[100.49436,13.78442]}},{"type":"Feature","properties":{"title":"ทางม้าลาย ใกล้จุดกลับรถ สถานีรถไฟฟ้าสิรินธร","info":["ถนน: ถนนจรัญสนิทวงศ์","เขต: บางพลัด","จำนวนช่องจราจร: 4","ไฟกดข้าม: ไม่มี"],"district":"บางพลัด"},"geometry":{"type":"Point","coordinates":[100.49351,13.7838]}},{"type":"Feature","properties":{"title":"ทางม้าลาย ซอยจรัญสนิทวงศ์ 46 (โรงเรียนวัดบวรมงคล)","info":["ถนน: ถนนจรัญสนิทวงศ์","เขต: บางพลัด","จำนวนช่องจราจร: 2","ไฟกดข้าม: ไม่มี"],"district":"บางพลัด"},"geometry":{"type":"Point","coordinates":[100.50162,13.7863]}},{"type":"Feature","properties":{"title":"ทางม้าลาย ซอยจรัญสนิทวงศ์ 46 แยก 17 (โรงเรียนทิวไผ่งาม)","info":["ถนน: ถนนจรัญสนิทวงศ์","เขต: บางพลัด","จำนวนช่องจราจร: 2","ไฟกดข้าม: ไม่มี"],"district":"บางพลัด"},"geometry":{"type":"Point","coordinates":[100.49453,13.77743]}},{"type":"Feature","properties":{"title":"ทางม้าลาย ซอยจรัญสนิทวงศ์ 57 แยก 3 (โรงเรียนวัดรวก)","info":["ถนน: ถนนจรัญสนิทวงศ์","เขต: บางพลัด","จำนวนช่องจราจร: 2","ไฟกดข้าม: ไม่มี"],"district":"บางพลัด"},"geometry":{"type":"Point","coordinates":[100.48437,13.781]}},{"type":"Feature","properties":{"title":"ทางม้าลาย แยกคู่ขนานบรมราชชนนี","info":["ถนน: ถนนจรัญสนิทวงศ์","เขต: บางพลัด","จำนวนช่องจราจร: 8","ไฟกดข้าม: ไม่มี"],"district":"บางพลัด"},"geometry":{"type":"Point","coordinates":[100.48204,13.7736]}},{"type":"Feature","properties":{"title":"ทางม้าลาย ปากซอยจรัญสนิทวงศ์ 40","info":["ถนน: ถนนจรัญสนิทวงศ์","เขต: บางพลัด","จำนวนช่องจราจร: 2","ไฟกดข้าม: ไม่มี"],"district":"บางพลัด"},"geometry":{"type":"Point","coordinates":[100.48348,13.7749]}},{"type":"Feature","properties":{"title":"ทางม้าลาย ทางข้ามบริเวณแยกเชื่อมถนนบางขุนเทียน","info":["ถนน: ซอยบางขุนเทียน 9","เขต: บางขุนเทียน","จำนวนช่องจราจร: 0","ไฟกดข้าม: ไม่มี"],"district":"บางขุนเทียน"},"geometry":{"type":"Point","coordinates":[100.4289,13.6645]}},{"type":"Feature","properties":{"title":"ทางม้าลาย ทางข้ามบริเวณแยกเชื่อมซอยเอกชัย 69","info":["ถนน: ซอยบางขุนเทียน 9","เขต: บางขุนเทียน","จำนวนช่องจราจร: 0","ไฟกดข้าม: ไม่มี"],"district":"บางขุนเทียน"},"geometry":{"type":"Point","coordinates":[100.439,13.6718]}},{"type":"Feature","properties":{"title":"ทางม้าลาย ทางข้ามบริเวณแยกเชื่อมซอยเอกชัย 83/1","info":["ถนน: ซอยบางขุนเทียน 9","เขต: บางขุนเทียน","จำนวนช่องจราจร: 0","ไฟกดข้าม: ไม่มี"],"district":"บางขุนเทียน"},"geometry":{"type":"Point","coordinates":[100.4388,13.6717]}},{"type":"Feature","properties":{"title":"ทางม้าลาย ทางข้ามบริเวณแยกเชื่อมถนนพระรามที่ 2","info":["ถนน: ซอยพระรามที่2 ซอย100","เขต: บางขุนเทียน","จำนวนช่องจราจร: 0","ไฟกดข้าม: ไม่มี"],"district":"บางขุนเทียน"},"geometry":{"type":"Point","coordinates":[100.3817,13.6148]}},{"type":"Feature","properties":{"title":"ทางม้าลาย ทางข้ามบริเวณหน้า บริษัท บิ๊กสตาร์","info":["ถนน: ซอยพระรามที่2 ซอย100","เขต: บางขุนเทียน","จำนวนช่องจราจร: 0","ไฟกดข้าม: ไม่มี"],"district":"บางขุนเทียน"},"geometry":{"type":"Point","coordinates":[100.38,13.6172]}},{"type":"Feature","properties":{"title":"ทางม้าลาย ใกล้ซอยประชาอุทิศ 4","info":["ถนน: ถนนประชาอุทิศ","เขต: ราษฎร์บูรณะ","จำนวนช่องจราจร: 4","ไฟกดข้าม: ไม่มี"],"district":"ราษฎร์บูรณะ"},"geometry":{"type":"Point","coordinates":[100.50468,13.66807]}},{"type":"Feature","properties":{"title":"ทางม้าลาย ใกล้ซอยประชาอุทิศ 19","info":["ถนน: ถนนประชาอุทิศ","เขต: ราษฎร์บูรณะ","จำนวนช่องจราจร: 4","ไฟกดข้าม: ไม่มี"],"district":"ราษฎร์บูรณะ"},"geometry":{"type":"Point","coordinates":[100.5034,13.66428]}},{"type":"Feature","properties":{"title":"ทางม้าลาย ใกล้ซอยประชาอุทิศ 24","info":["ถนน: ถนนประชาอุทิศ","เขต: ราษฎร์บูรณะ","จำนวนช่องจราจร: 4","ไฟกดข้าม: ไม่มี"],"district":"ราษฎร์บูรณะ"},"geometry":{"type":"Point","coordinates":[100.50102,13.65951]}},{"type":"Feature","properties":{"title":"ทางม้าลาย ปากทางถนนประชาอุทิศ เชื่อมถนนสุขสวัสดิ์","info":["ถนน: ถนนประชาอุทิศ","เขต: ราษฎร์บูรณะ","จำนวนช่องจราจร: 4","ไฟกดข้าม: ไม่มี"],"district":"ราษฎร์บูรณะ"},"geometry":{"type":"Point","coordinates":[100.50671,13.67261]}},{"type":"Feature","properties":{"title":"ทางม้าลาย ใกล้ปากซอยราษฎร์บูรณะ 8","info":["ถนน: ถนนราษฎร์บูรณะ","เขต: ราษฎร์บูรณะ","จำนวนช่องจราจร: 4","ไฟกดข้าม: ไม่มี"],"district":"ราษฎร์บูรณะ"},"geometry":{"type":"Point","coordinates":[100.49148,13.68674]}},{"type":"Feature","properties":{"title":"ทางม้าลาย ใกล้ปากซอยราษฎร์บูรณะ 19","info":["ถนน: ถนนราษฎร์บูรณะ","เขต: ราษฎร์บูรณะ","จำนวนช่องจราจร: 4","ไฟกดข้าม: ไม่มี"],"district":"ราษฎร์บูรณะ"},"geometry":{"type":"Point","coordinates":[100.50129,13.68222]}},{"type":"Feature","properties":{"title":"ทางม้าลาย ปากซอยบางแวก 21","info":["ถนน: ถนนบางแวก","เขต: ภาษีเจริญ","จำนวนช่องจราจร: 2","ไฟกดข้าม: มี"],"district":"บางแค"},"geometry":{"type":"Point","coordinates":[100.41522,13.73834]}},{"type":"Feature","properties":{"title":"ทางม้าลาย ปากซอยบางแวก 25","info":["ถนน: ถนนบางแวก","เขต: ภาษีเจริญ","จำนวนช่องจราจร: 2","ไฟกดข้าม: ไม่มี"],"district":"ภาษีเจริญ"},"geometry":{"type":"Point","coordinates":[100.45086,13.73811]}},{"type":"Feature","properties":{"title":"ทางม้าลาย แยกบางแวก ตัดถนนราชพฤกษ์ (จุดที่ 1)","info":["ถนน: ถนนบางแวก","เขต: ภาษีเจริญ","จำนวนช่องจราจร: 2","ไฟกดข้าม: ไม่มี"],"district":"ภาษีเจริญ"},"geometry":{"type":"Point","coordinates":[100.44784,13.7377]}},{"type":"Feature","properties":{"title":"ทางม้าลาย แยกบางแวก ตัดถนนราชพฤกษ์ (จุดที่ 2)","info":["ถนน: ถนนบางแวก","เขต: ภาษีเจริญ","จำนวนช่องจราจร: 2","ไฟกดข้าม: ไม่มี"],"district":"ภาษีเจริญ"},"geometry":{"type":"Point","coordinates":[100.44722,13.7377]}},{"type":"Feature","properties":{"title":"ทางม้าลาย ปากซอยบางแวก 41","info":["ถนน: ถนนบางแวก","เขต: ภาษีเจริญ","จำนวนช่องจราจร: 2","ไฟกดข้าม: ไม่มี"],"district":"ภาษีเจริญ"},"geometry":{"type":"Point","coordinates":[100.44571,13.73768]}},{"type":"Feature","properties":{"title":"ทางม้าลาย แยกไชยฉิมพลี (ซอยบางแวก 69)","info":["ถนน: ถนนบางแวก","เขต: ภาษีเจริญ","จำนวนช่องจราจร: 2","ไฟกดข้าม: ไม่มี"],"district":"ภาษีเจริญ"},"geometry":{"type":"Point","coordinates":[100.43382,13.73719]}},{"type":"Feature","properties":{"title":"ทางม้าลาย หน้าวัดพิกุล (ซอยบางแวก 76)","info":["ถนน: ถนนบางแวก","เขต: ภาษีเจริญ","จำนวนช่องจราจร: 2","ไฟกดข้าม: ไม่มี"],"district":"ภาษีเจริญ"},"geometry":{"type":"Point","coordinates":[100.43324,13.73724]}},{"type":"Feature","properties":{"title":"ทางม้าลาย บริเวณปากซอยบางแวก 75 (มี 2 จุด)","info":["ถนน: ถนนบางแวก","เขต: ภาษีเจริญ","จำนวนช่องจราจร: 2","ไฟกดข้าม: ไม่มี"],"district":"ภาษีเจริญ"},"geometry":{"type":"Point","coordinates":[100.43085,13.73946]}},{"type":"Feature","properties":{"title":"ทางม้าลาย หน้าวัดตะล่อม (ซอยบางแวก 86)","info":["ถนน: ถนนบางแวก","เขต: ภาษีเจริญ","จำนวนช่องจราจร: 2","ไฟกดข้าม: ไม่มี"],"district":"ภาษีเจริญ"},"geometry":{"type":"Point","coordinates":[100.42842,13.74049]}},{"type":"Feature","properties":{"title":"ทางม้าลาย แยกถนนพุทธมณฑลสาย 1 (จุดที่ 1)","info":["ถนน: ถนนบางแวก","เขต: ภาษีเจริญ","จำนวนช่องจราจร: 2","ไฟกดข้าม: ไม่มี"],"district":"ภาษีเจริญ"},"geometry":{"type":"Point","coordinates":[100.42773,13.74053]}},{"type":"Feature","properties":{"title":"ทางม้าลาย โรงเรียนโพธิสารพิทายากร","info":["ถนน: ถนนพุทธมณฑลสาย 1","เขต: ตลิ่งชัน","จำนวนช่องจราจร: 2","ไฟกดข้าม: ไม่มี"],"district":"ตลิ่งชัน"},"geometry":{"type":"Point","coordinates":[100.42645,13.76794]}},{"type":"Feature","properties":{"title":"ทางม้าลาย พุทธมณฑลสาย 1 ซอย 22","info":["ถนน: ถนนพุทธมณฑลสาย 1","เขต: ตลิ่งชัน","จำนวนช่องจราจร: 2","ไฟกดข้าม: ไม่มี"],"district":"ตลิ่งชัน"},"geometry":{"type":"Point","coordinates":[100.42636,13.77023]}},{"type":"Feature","properties":{"title":"ทางม้าลาย ถนนบรมราชชนนี ขาออก (S)","info":["ถนน: ถนนพุทธมณฑลสาย 1","เขต: ตลิ่งชัน","จำนวนช่องจราจร: 3","ไฟกดข้าม: ไม่มี"],"district":"ตลิ่งชัน"},"geometry":{"type":"Point","coordinates":[100.42606,13.78102]}},{"type":"Feature","properties":{"title":"ทางม้าลาย ถนนบรมราชชนนี ขาเข้า (N)","info":["ถนน: ถนนพุทธมณฑลสาย 1","เขต: ตลิ่งชัน","จำนวนช่องจราจร: 2","ไฟกดข้าม: ไม่มี"],"district":"ตลิ่งชัน"},"geometry":{"type":"Point","coordinates":[100.42667,13.7816]}},{"type":"Feature","properties":{"title":"ทางม้าลาย ถนนสวนผัก (S)","info":["ถนน: ถนนพุทธมณฑลสาย 1","เขต: ตลิ่งชัน","จำนวนช่องจราจร: 6","ไฟกดข้าม: มี"],"district":"ตลิ่งชัน"},"geometry":{"type":"Point","coordinates":[100.42621,13.79342]}},{"type":"Feature","properties":{"title":"ทางม้าลาย ถนนสวนผัก (N)","info":["ถนน: ถนนพุทธมณฑลสาย 1","เขต: ตลิ่งชัน","จำนวนช่องจราจร: 6","ไฟกดข้าม: มี"],"district":"ตลิ่งชัน"},"geometry":{"type":"Point","coordinates":[100.4265,13.79365]}},{"type":"Feature","properties":{"title":"ทางม้าลาย ถนนพุทธมณฑลสาย 1 (สายเก่า)","info":["ถนน: ถนนพุทธมณฑลสาย 1","เขต: ตลิ่งชัน","จำนวนช่องจราจร: 2","ไฟกดข้าม: ไม่มี"],"district":"ตลิ่งชัน"},"geometry":{"type":"Point","coordinates":[100.42616,13.77071]}},{"type":"Feature","properties":{"title":"ทางม้าลาย ถนนแก้วเงินทอง + ถนนปากน้ำฝั่งเหนือ","info":["ถนน: ถนนแก้วเงินทอง","เขต: ตลิ่งชัน","จำนวนช่องจราจร: 2","ไฟกดข้าม: ไม่มี"],"district":"ตลิ่งชัน"},"geometry":{"type":"Point","coordinates":[100.45528,13.75514]}},{"type":"Feature","properties":{"title":"ทางม้าลาย ใกล้แก้วเงินทอง ซอย 4","info":["ถนน: ถนนแก้วเงินทอง","เขต: ตลิ่งชัน","จำนวนช่องจราจร: 2","ไฟกดข้าม: ไม่มี"],"district":"ตลิ่งชัน"},"geometry":{"type":"Point","coordinates":[100.45397,13.75776]}},{"type":"Feature","properties":{"title":"ทางม้าลาย ใกล้แก้วเงินทอง ซอย 23","info":["ถนน: ถนนแก้วเงินทอง","เขต: ตลิ่งชัน","จำนวนช่องจราจร: 2","ไฟกดข้าม: ไม่มี"],"district":"ตลิ่งชัน"},"geometry":{"type":"Point","coordinates":[100.45338,13.75858]}},{"type":"Feature","properties":{"title":"ทางม้าลาย แยกหนองใหญ่ (ซอย 7)","info":["ถนน: ถนนบางแค","เขต: บางแค","จำนวนช่องจราจร: 2","ไฟกดข้าม: ไม่มี"],"district":"บางแค"},"geometry":{"type":"Point","coordinates":[100.42204,13.69496]}},{"type":"Feature","properties":{"title":"ทางม้าลาย โรงเรียนพีชญ์ชนก","info":["ถนน: ถนนบางแค","เขต: บางแค","จำนวนช่องจราจร: 2","ไฟกดข้าม: ไม่มี"],"district":"บางแค"},"geometry":{"type":"Point","coordinates":[100.42282,13.69289]}},{"type":"Feature","properties":{"title":"ทางม้าลาย ซอย 16","info":["ถนน: ถนนบางแค","เขต: บางแค","จำนวนช่องจราจร: 2","ไฟกดข้าม: ไม่มี"],"district":"บางแค"},"geometry":{"type":"Point","coordinates":[100.42353,13.69113]}},{"type":"Feature","properties":{"title":"ทางม้าลาย แยกถนนกัลปพฤกษ์","info":["ถนน: ถนนบางแค","เขต: บางแค","จำนวนช่องจราจร: 2","ไฟกดข้าม: ไม่มี"],"district":"บางแค"},"geometry":{"type":"Point","coordinates":[100.42589,13.68702]}},{"type":"Feature","properties":{"title":"ทางม้าลาย แยกถนนกาญจนาภิเษก (1)","info":["ถนน: ถนนบางแวก","เขต: บางแค","จำนวนช่องจราจร: 2","ไฟกดข้าม: ไม่มี"],"district":"บางแค"},"geometry":{"type":"Point","coordinates":[100.40627,13.74425]}},{"type":"Feature","properties":{"title":"ทางม้าลาย แยกถนนกาญจนาภิเษก (2)","info":["ถนน: ถนนบางแวก","เขต: บางแค","จำนวนช่องจราจร: 2","ไฟกดข้าม: ไม่มี"],"district":"บางแค"},"geometry":{"type":"Point","coordinates":[100.40554,13.7443]}},{"type":"Feature","properties":{"title":"ทางม้าลาย แยกพุทธมณฑลสาย 2","info":["ถนน: ถนนบางแวก","เขต: บางแค","จำนวนช่องจราจร: 2","ไฟกดข้าม: ไม่มี"],"district":"บางแค"},"geometry":{"type":"Point","coordinates":[100.39517,13.74471]}},{"type":"Feature","properties":{"title":"ทางม้าลาย ซอยบางแวก 154","info":["ถนน: ถนนบางแวก","เขต: บางแค","จำนวนช่องจราจร: 2","ไฟกดข้าม: ไม่มี"],"district":"บางแค"},"geometry":{"type":"Point","coordinates":[100.39038,13.74536]}},{"type":"Feature","properties":{"title":"ทางม้าลาย แยกถนนพุทธมณฑลสาย 3 (1)","info":["ถนน: ถนนบางแวก","เขต: บางแค","จำนวนช่องจราจร: 2","ไฟกดข้าม: ไม่มี"],"district":"บางแค"},"geometry":{"type":"Point","coordinates":[100.364,13.74813]}},{"type":"Feature","properties":{"title":"ทางม้าลาย แยกถนนทวีวัฒนา","info":["ถนน: ถนนบางแวก","เขต: บางแค","จำนวนช่องจราจร: 2","ไฟกดข้าม: ไม่มี"],"district":"ทวีวัฒนา"},"geometry":{"type":"Point","coordinates":[100.35517,13.74627]}},{"type":"Feature","properties":{"title":"ทางม้าลาย ใกล้ปากซอยราษฎร์บูรณะ 19","info":["ถนน: ถนนราษฎร์บูรณะ","เขต: ราษฎร์บูรณะ","จำนวนช่องจราจร: 4","ไฟกดข้าม: ไม่มี"],"district":"ราษฎร์บูรณะ"},"geometry":{"type":"Point","coordinates":[100.50129,13.68222]}},{"type":"Feature","properties":{"title":"ทางม้าลาย แยกราษฎร์บูรณะ","info":["ถนน: ถนนราษฎร์บูรณะ","เขต: ราษฎร์บูรณะ","จำนวนช่องจราจร: 4","ไฟกดข้าม: ไม่มี"],"district":"ราษฎร์บูรณะ"},"geometry":{"type":"Point","coordinates":[100.50389,13.68199]}},{"type":"Feature","properties":{"title":"ทางม้าลาย ใกล้ปากซอยราษฎร์บูรณะ 32/1","info":["ถนน: ถนนราษฎร์บูรณะ","เขต: ราษฎร์บูรณะ","จำนวนช่องจราจร: 4","ไฟกดข้าม: ไม่มี"],"district":"ราษฎร์บูรณะ"},"geometry":{"type":"Point","coordinates":[100.51336,13.67734]}},{"type":"Feature","properties":{"title":"ทางม้าลาย ใกล้ปากซอยราษฎร์บูรณะ 34","info":["ถนน: ถนนราษฎร์บูรณะ","เขต: ราษฎร์บูรณะ","จำนวนช่องจราจร: 4","ไฟกดข้าม: ไม่มี"],"district":"ราษฎร์บูรณะ"},"geometry":{"type":"Point","coordinates":[100.51466,13.67685]}},{"type":"Feature","properties":{"title":"ทางม้าลาย ใกล้ปากซอยราษฎร์บูรณะ 40","info":["ถนน: ถนนราษฎร์บูรณะ","เขต: ราษฎร์บูรณะ","จำนวนช่องจราจร: 4","ไฟกดข้าม: ไม่มี"],"district":"ราษฎร์บูรณะ"},"geometry":{"type":"Point","coordinates":[100.51636,13.6761]}},{"type":"Feature","properties":{"title":"ทางม้าลาย ใกล้ปากซอยราษฎร์บูรณะ 41","info":["ถนน: ถนนราษฎร์บูรณะ","เขต: ราษฎร์บูรณะ","จำนวนช่องจราจร: 4","ไฟกดข้าม: ไม่มี"],"district":"ราษฎร์บูรณะ"},"geometry":{"type":"Point","coordinates":[100.51845,13.66873]}},{"type":"Feature","properties":{"title":"ทางม้าลาย ใกล้ปากซอยราษฎร์บูรณะ 48","info":["ถนน: ถนนราษฎร์บูรณะ","เขต: ราษฎร์บูรณะ","จำนวนช่องจราจร: 4","ไฟกดข้าม: ไม่มี"],"district":"ราษฎร์บูรณะ"},"geometry":{"type":"Point","coordinates":[100.51913,13.6699]}},{"type":"Feature","properties":{"title":"ทางม้าลาย หน้าวัดประเสริฐสุทธาวาส","info":["ถนน: ถนนราษฎร์พัฒนา","เขต: ราษฎร์บูรณะ","จำนวนช่องจราจร: 4","ไฟกดข้าม: ไม่มี"],"district":"ราษฎร์บูรณะ"},"geometry":{"type":"Point","coordinates":[100.50334,13.68037]}},{"type":"Feature","properties":{"title":"ทางม้าลาย หน้าโรงเรียนโรจนนิมิตวิทยา","info":["ถนน: ถนนราษฎร์พัฒนา","เขต: ราษฎร์บูรณะ","จำนวนช่องจราจร: 4","ไฟกดข้าม: ไม่มี"],"district":"ราษฎร์บูรณะ"},"geometry":{"type":"Point","coordinates":[100.50313,13.67855]}},{"type":"Feature","properties":{"title":"ทางม้าลาย หน้าโรงพยาบาลราษฎร์บูรณะ","info":["ถนน: ถนนราษฎร์พัฒนา","เขต: ราษฎร์บูรณะ","จำนวนช่องจราจร: 4","ไฟกดข้าม: ไม่มี"],"district":"ราษฎร์บูรณะ"},"geometry":{"type":"Point","coordinates":[100.50298,13.67797]}},{"type":"Feature","properties":{"title":"ทางม้าลาย แยกถนนพุทธมณฑลสาย 1 (จุดที่ 2)","info":["ถนน: ถนนบางแวก","เขต: ภาษีเจริญ","จำนวนช่องจราจร: 2","ไฟกดข้าม: ไม่มี"],"district":"ภาษีเจริญ"},"geometry":{"type":"Point","coordinates":[100.42735,13.74062]}},{"type":"Feature","properties":{"title":"ทางม้าลาย หน้าหมู่บ้านนิศาชล (ซอยบางแวก 79)","info":["ถนน: ถนนบางแวก","เขต: ภาษีเจริญ","จำนวนช่องจราจร: 2","ไฟกดข้าม: ไม่มี"],"district":"ภาษีเจริญ"},"geometry":{"type":"Point","coordinates":[100.42254,13.74151]}},{"type":"Feature","properties":{"title":"ทางม้าลาย หน้าวัดมะพร้าวเตี้ย (ซอยบางแวก 104)","info":["ถนน: ถนนบางแวก","เขต: ภาษีเจริญ","จำนวนช่องจราจร: 2","ไฟกดข้าม: ไม่มี"],"district":"ภาษีเจริญ"},"geometry":{"type":"Point","coordinates":[100.41746,13.74228]}},{"type":"Feature","properties":{"title":"ทางม้าลาย ซอยเพชรเกษม 48 (ใกล้ซอยเพชรเกษม 48 แยก 7)","info":["ถนน: ถนนเพชรเกษม","เขต: ภาษีเจริญ","จำนวนช่องจราจร: 2","ไฟกดข้าม: ไม่มี"],"district":"ภาษีเจริญ"},"geometry":{"type":"Point","coordinates":[100.44285,13.71831]}},{"type":"Feature","properties":{"title":"ทางม้าลาย ซอยเพชรเกษม 48 (ใกล้ซอยเพชรเกษม 48 แยก 9)","info":["ถนน: ถนนเพชรเกษม","เขต: ภาษีเจริญ","จำนวนช่องจราจร: 2","ไฟกดข้าม: ไม่มี"],"district":"ภาษีเจริญ"},"geometry":{"type":"Point","coordinates":[100.44243,13.71836]}},{"type":"Feature","properties":{"title":"ทางม้าลาย ซอยเพชรเกษม 48 (หน้าโรงเรียนวลีรัตน์วิทยา)","info":["ถนน: ถนนเพชรเกษม","เขต: ภาษีเจริญ","จำนวนช่องจราจร: 2","ไฟกดข้าม: ไม่มี"],"district":"ภาษีเจริญ"},"geometry":{"type":"Point","coordinates":[100.43748,13.72442]}},{"type":"Feature","properties":{"title":"ทางม้าลาย ซอยเพชรเกษม 48 (โรงเรียนวัดชัยฉิมพลี)","info":["ถนน: ถนนเพชรเกษม","เขต: ภาษีเจริญ","จำนวนช่องจราจร: 2","ไฟกดข้าม: ไม่มี"],"district":"ภาษีเจริญ"},"geometry":{"type":"Point","coordinates":[100.4339,13.73487]}},{"type":"Feature","properties":{"title":"ทางม้าลาย แยกถนนภาษีเจริญฝั่งใต้ (2)","info":["ถนน: ถนนบางบอน 5","เขต: หนองแขม","จำนวนช่องจราจร: 4","ไฟกดข้าม: ไม่มี"],"district":"หนองแขม"},"geometry":{"type":"Point","coordinates":[100.34534,13.67833]}},{"type":"Feature","properties":{"title":"ทางม้าลาย Eiama Coffi ใกล้ซอยหรรษา 2","info":["ถนน: ถนนบางบอน 5","เขต: หนองแขม","จำนวนช่องจราจร: 4","ไฟกดข้าม: ไม่มี"],"district":"หนองแขม"},"geometry":{"type":"Point","coordinates":[100.34615,13.67391]}},{"type":"Feature","properties":{"title":"ทางม้าลาย ใกล้แยกถนนบางบอน สายเดิม","info":["ถนน: ถนนบางบอน 5","เขต: หนองแขม","จำนวนช่องจราจร: 4","ไฟกดข้าม: ไม่มี"],"district":"หนองแขม"},"geometry":{"type":"Point","coordinates":[100.3485,13.66968]}},{"type":"Feature","properties":{"title":"ทางม้าลาย ใกล้แก้วเงินทอง ซอย 27","info":["ถนน: ถนนแก้วเงินทอง","เขต: ตลิ่งชัน","จำนวนช่องจราจร: 2","ไฟกดข้าม: ไม่มี"],"district":"ตลิ่งชัน"},"geometry":{"type":"Point","coordinates":[100.45335,13.76029]}},{"type":"Feature","properties":{"title":"ทางม้าลาย ใกล้แก้วเงินทอง ซอย 51","info":["ถนน: ถนนแก้วเงินทอง","เขต: ตลิ่งชัน","จำนวนช่องจราจร: 2","ไฟกดข้าม: ไม่มี"],"district":"ตลิ่งชัน"},"geometry":{"type":"Point","coordinates":[100.45078,13.77285]}},{"type":"Feature","properties":{"title":"ทางม้าลาย ถนนแก้วเงินทอง + ถนนฉิมพลี","info":["ถนน: ถนนแก้วเงินทอง","เขต: ตลิ่งชัน","จำนวนช่องจราจร: 2","ไฟกดข้าม: ไม่มี"],"district":"ตลิ่งชัน"},"geometry":{"type":"Point","coordinates":[100.45125,13.77869]}},{"type":"Feature","properties":{"title":"ทางม้าลาย ถนนปากน้ำฝั่งเหนือ + ถนนพรานนก-พุทธมณฑลสาย 4 (N)","info":["ถนน: ถนนปากน้ำฝั่งเหนือ","เขต: ตลิ่งชัน","จำนวนช่องจราจร: 2","ไฟกดข้าม: ไม่มี"],"district":"ตลิ่งชัน"},"geometry":{"type":"Point","coordinates":[100.45519,13.75348]}},{"type":"Feature","properties":{"title":"ทางม้าลาย ถนนปากน้ำฝั่งเหนือ + ถนนพรานนก-พุทธมณฑลสาย 4 (S)","info":["ถนน: ถนนปากน้ำฝั่งเหนือ","เขต: ตลิ่งชัน","จำนวนช่องจราจร: 2","ไฟกดข้าม: ไม่มี"],"district":"ตลิ่งชัน"},"geometry":{"type":"Point","coordinates":[100.4552,13.753]}},{"type":"Feature","properties":{"title":"ทางม้าลาย โรงเรียนอุบลรัตนราชกัญญาราชวิทยาลัย","info":["ถนน: ถนนปากน้ำฝั่งเหนือ","เขต: ตลิ่งชัน","จำนวนช่องจราจร: 2","ไฟกดข้าม: ไม่มี"],"district":"ตลิ่งชัน"},"geometry":{"type":"Point","coordinates":[100.4581,13.74509]}},{"type":"Feature","properties":{"title":"ทางม้าลาย ปากซอยสวนผัก 43 (ถนนอัศวพิเชษฐ์)","info":["ถนน: ถนนอัศวพิเชษฐ์","เขต: ตลิ่งชัน","จำนวนช่องจราจร: 2","ไฟกดข้าม: ไม่มี"],"district":"ตลิ่งชัน"},"geometry":{"type":"Point","coordinates":[100.41565,13.79109]}},{"type":"Feature","properties":{"title":"ทางม้าลาย ถนนอัศวพิเชษฐ์ + ถนนบรมราชชนนี (N)","info":["ถนน: ถนนอัศวพิเชษฐ์","เขต: ตลิ่งชัน","จำนวนช่องจราจร: 2","ไฟกดข้าม: ไม่มี"],"district":"ตลิ่งชัน"},"geometry":{"type":"Point","coordinates":[100.41637,13.78254]}},{"type":"Feature","properties":{"title":"ทางม้าลาย ถนนอัศวพิเชษฐ์ + ถนนบรมราชชนนี (S)","info":["ถนน: ถนนอัศวพิเชษฐ์","เขต: ตลิ่งชัน","จำนวนช่องจราจร: 2","ไฟกดข้าม: ไม่มี"],"district":"ตลิ่งชัน"},"geometry":{"type":"Point","coordinates":[100.41654,13.78198]}},{"type":"Feature","properties":{"title":"ทางม้าลาย โรงเรียนนานาชาติฮัมมิ่งเบิร์ด","info":["ถนน: ถนนอัศวพิเชษฐ์","เขต: ตลิ่งชัน","จำนวนช่องจราจร: 2","ไฟกดข้าม: ไม่มี"],"district":"ตลิ่งชัน"},"geometry":{"type":"Point","coordinates":[100.41673,13.78128]}},{"type":"Feature","properties":{"title":"ทางม้าลาย แยกถนนเพชรเกษม","info":["ถนน: เพชรเกษม 63","เขต: บางแค","จำนวนช่องจราจร: 2","ไฟกดข้าม: ไม่มี"],"district":"บางแค"},"geometry":{"type":"Point","coordinates":[100.39061,13.70916]}},{"type":"Feature","properties":{"title":"ทางม้าลาย โรงเรียนปัญญาวรคุณ","info":["ถนน: เพชรเกษม 63","เขต: บางแค","จำนวนช่องจราจร: 2","ไฟกดข้าม: ไม่มี"],"district":"บางแค"},"geometry":{"type":"Point","coordinates":[100.39153,13.69358]}},{"type":"Feature","properties":{"title":"ทางม้าลาย แยกถนนพุทธมณฑลสาย 2","info":["ถนน: ถนนนครลุง","เขต: บางแค","จำนวนช่องจราจร: 2","ไฟกดข้าม: ไม่มี"],"district":"บางแค"},"geometry":{"type":"Point","coordinates":[100.3955,13.72436]}},{"type":"Feature","properties":{"title":"ทางม้าลาย แยกถนนเพชรเกษม","info":["ถนน: ถนนหมู่บ้านเศรษฐกิจ","เขต: บางแค","จำนวนช่องจราจร: 2","ไฟกดข้าม: ไม่มี"],"district":"บางแค"},"geometry":{"type":"Point","coordinates":[100.37813,13.7085]}},{"type":"Feature","properties":{"title":"ทางม้าลาย วงเวียน 1 (1)","info":["ถนน: ถนนหมู่บ้านเศรษฐกิจ","เขต: บางแค","จำนวนช่องจราจร: 2","ไฟกดข้าม: ไม่มี"],"district":"บางแค"},"geometry":{"type":"Point","coordinates":[100.37784,13.71823]}},{"type":"Feature","properties":{"title":"ทางม้าลาย วงเวียน 1 (2)","info":["ถนน: ถนนหมู่บ้านเศรษฐกิจ","เขต: บางแค","จำนวนช่องจราจร: 2","ไฟกดข้าม: ไม่มี"],"district":"บางแค"},"geometry":{"type":"Point","coordinates":[100.37749,13.71851]}},{"type":"Feature","properties":{"title":"ทางม้าลาย วงเวียน 2","info":["ถนน: ถนนหมู่บ้านเศรษฐกิจ","เขต: บางแค","จำนวนช่องจราจร: 2","ไฟกดข้าม: ไม่มี"],"district":"บางแค"},"geometry":{"type":"Point","coordinates":[100.37585,13.71831]}},{"type":"Feature","properties":{"title":"ทางม้าลาย วงเวียน 3","info":["ถนน: ถนนหมู่บ้านเศรษฐกิจ","เขต: บางแค","จำนวนช่องจราจร: 2","ไฟกดข้าม: ไม่มี"],"district":"บางแค"},"geometry":{"type":"Point","coordinates":[100.37526,13.73115]}},{"type":"Feature","properties":{"title":"ทางม้าลาย ร้านเภสัชกรหมู่บ้าน","info":["ถนน: ถนนหมู่บ้านเศรษฐกิจ","เขต: บางแค","จำนวนช่องจราจร: 2","ไฟกดข้าม: ไม่มี"],"district":"บางแค"},"geometry":{"type":"Point","coordinates":[100.37782,13.71775]}},{"type":"Feature","properties":{"title":"ทางม้าลาย ใกล้ซอยเศรษฐกิจ 33","info":["ถนน: ถนนหมู่บ้านเศรษฐกิจ","เขต: บางแค","จำนวนช่องจราจร: 2","ไฟกดข้าม: ไม่มี"],"district":"บางแค"},"geometry":{"type":"Point","coordinates":[100.37525,13.72018]}},{"type":"Feature","properties":{"title":"ทางม้าลาย แยกราษฎร์พัฒนา","info":["ถนน: ถนนราษฎร์พัฒนา","เขต: ราษฎร์บูรณะ","จำนวนช่องจราจร: 4","ไฟกดข้าม: ไม่มี"],"district":"ราษฎร์บูรณะ"},"geometry":{"type":"Point","coordinates":[100.50231,13.67585]}},{"type":"Feature","properties":{"title":"ทางม้าลาย ใกล้ซอยประชาอุทิศ 28","info":["ถนน: ถนนประชาอุทิศ","เขต: ทุ่งครุ","จำนวนช่องจราจร: 4","ไฟกดข้าม: มี"],"district":"ทุ่งครุ"},"geometry":{"type":"Point","coordinates":[100.49769,13.65407]}},{"type":"Feature","properties":{"title":"ทางม้าลาย แยกนาหลวง","info":["ถนน: ถนนประชาอุทิศ","เขต: ทุ่งครุ","จำนวนช่องจราจร: 4","ไฟกดข้าม: ไม่มี"],"district":"ทุ่งครุ"},"geometry":{"type":"Point","coordinates":[100.49578,13.6473]}},{"type":"Feature","properties":{"title":"ทางม้าลาย ใกล้ซอยประชาอุทิศ 53","info":["ถนน: ถนนประชาอุทิศ","เขต: ทุ่งครุ","จำนวนช่องจราจร: 4","ไฟกดข้าม: ไม่มี"],"district":"ทุ่งครุ"},"geometry":{"type":"Point","coordinates":[100.49697,13.64665]}},{"type":"Feature","properties":{"title":"ทางม้าลาย ใกล้ซอยประชาอุทิศ 55","info":["ถนน: ถนนประชาอุทิศ","เขต: ทุ่งครุ","จำนวนช่องจราจร: 4","ไฟกดข้าม: มี"],"district":"ทุ่งครุ"},"geometry":{"type":"Point","coordinates":[100.49774,13.64622]}},{"type":"Feature","properties":{"title":"ทางม้าลาย ใกล้ซอยประชาอุทิศ 63","info":["ถนน: ถนนประชาอุทิศ","เขต: ทุ่งครุ","จำนวนช่องจราจร: 4","ไฟกดข้าม: ไม่มี"],"district":"ทุ่งครุ"},"geometry":{"type":"Point","coordinates":[100.49902,13.6439]}},{"type":"Feature","properties":{"title":"ทางม้าลาย ใกล้ซอยประชาอุทิศ 69","info":["ถนน: ถนนประชาอุทิศ","เขต: ทุ่งครุ","จำนวนช่องจราจร: 4","ไฟกดข้าม: มี"],"district":"ทุ่งครุ"},"geometry":{"type":"Point","coordinates":[100.49994,13.64123]}},{"type":"Feature","properties":{"title":"ทางม้าลาย ใกล้ซอยประชาอุทิศ 73","info":["ถนน: ถนนประชาอุทิศ","เขต: ทุ่งครุ","จำนวนช่องจราจร: 4","ไฟกดข้าม: ไม่มี"],"district":"ทุ่งครุ"},"geometry":{"type":"Point","coordinates":[100.5019,13.63647]}},{"type":"Feature","properties":{"title":"ทางม้าลาย ใกล้ซอยประชาอุทิศ 91/1","info":["ถนน: ถนนประชาอุทิศ","เขต: ทุ่งครุ","จำนวนช่องจราจร: 4","ไฟกดข้าม: มี"],"district":"ทุ่งครุ"},"geometry":{"type":"Point","coordinates":[100.50466,13.6285]}},{"type":"Feature","properties":{"title":"ทางม้าลาย แยกตัดถนนครุใน","info":["ถนน: ถนนประชาอุทิศ","เขต: ทุ่งครุ","จำนวนช่องจราจร: 4","ไฟกดข้าม: ไม่มี"],"district":"ทุ่งครุ"},"geometry":{"type":"Point","coordinates":[100.5102,13.62245]}},{"type":"Feature","properties":{"title":"ทางม้าลาย ชุมชนซอย 99","info":["ถนน: ถนนบางบอน 5","เขต: หนองแขม","จำนวนช่องจราจร: 4","ไฟกดข้าม: ไม่มี"],"district":"หนองแขม"},"geometry":{"type":"Point","coordinates":[100.34967,13.66768]}},{"type":"Feature","properties":{"title":"ทางม้าลาย เอกเพชรยานยนต์ ใกล้คลองหนามแดง","info":["ถนน: ถนนบางบอน 5","เขต: หนองแขม","จำนวนช่องจราจร: 4","ไฟกดข้าม: ไม่มี"],"district":"หนองแขม"},"geometry":{"type":"Point","coordinates":[100.35303,13.65907]}},{"type":"Feature","properties":{"title":"ทางม้าลาย แยกถนนเพชรเกษม","info":["ถนน: ถนนมาเจริญ (เพชรเกษม 81)","เขต: หนองแขม","จำนวนช่องจราจร: 4","ไฟกดข้าม: ไม่มี"],"district":"หนองแขม"},"geometry":{"type":"Point","coordinates":[100.34328,13.70534]}},{"type":"Feature","properties":{"title":"ทางม้าลาย หมู่บาน GRANDIO","info":["ถนน: ถนนมาเจริญ (เพชรเกษม 81)","เขต: หนองแขม","จำนวนช่องจราจร: 4","ไฟกดข้าม: ไม่มี"],"district":"หนองแขม"},"geometry":{"type":"Point","coordinates":[100.34178,13.70224]}},{"type":"Feature","properties":{"title":"ทางม้าลาย บ.ไทยรุ่งยูเนี่ยนคาร์ จำกัด","info":["ถนน: ถนนมาเจริญ (เพชรเกษม 81)","เขต: หนองแขม","จำนวนช่องจราจร: 4","ไฟกดข้าม: ไม่มี"],"district":"หนองแขม"},"geometry":{"type":"Point","coordinates":[100.34056,13.69914]}},{"type":"Feature","properties":{"title":"ทางม้าลาย หมู่บ้าน บุษรา","info":["ถนน: ถนนมาเจริญ (เพชรเกษม 81)","เขต: หนองแขม","จำนวนช่องจราจร: 4","ไฟกดข้าม: ไม่มี"],"district":"หนองแขม"},"geometry":{"type":"Point","coordinates":[100.3409,13.69732]}},{"type":"Feature","properties":{"title":"ทางม้าลาย ใกล้หมู่บ้านหรรษามาเจริญ 3","info":["ถนน: ถนนมาเจริญ (เพชรเกษม 81)","เขต: หนองแขม","จำนวนช่องจราจร: 4","ไฟกดข้าม: ไม่มี"],"district":"หนองแขม"},"geometry":{"type":"Point","coordinates":[100.34157,13.69392]}},{"type":"Feature","properties":{"title":"ทางม้าลาย TESCO LOTUS","info":["ถนน: ถนนมาเจริญ (เพชรเกษม 81)","เขต: หนองแขม","จำนวนช่องจราจร: 4","ไฟกดข้าม: ไม่มี"],"district":"หนองแขม"},"geometry":{"type":"Point","coordinates":[100.34203,13.69141]}},{"type":"Feature","properties":{"title":"ทางม้าลาย ซอยชุมชนหรรษา 1 (ซอย 3)","info":["ถนน: ถนนมาเจริญ (เพชรเกษม 81)","เขต: หนองแขม","จำนวนช่องจราจร: 4","ไฟกดข้าม: ไม่มี"],"district":"หนองแขม"},"geometry":{"type":"Point","coordinates":[100.34227,13.69021]}},{"type":"Feature","properties":{"title":"ทางม้าลาย โรงเรียนอนุบาลเสริมปัญญาพุฒตาล","info":["ถนน: ถนนมาเจริญ (เพชรเกษม 81)","เขต: หนองแขม","จำนวนช่องจราจร: 4","ไฟกดข้าม: ไม่มี"],"district":"หนองแขม"},"geometry":{"type":"Point","coordinates":[100.34255,13.68917]}},{"type":"Feature","properties":{"title":"ทางม้าลาย ถนนอัศวพิเชษฐ์ + ถนนกาญจนาภิเษก (N)","info":["ถนน: ถนนอัศวพิเชษฐ์","เขต: ตลิ่งชัน","จำนวนช่องจราจร: 2","ไฟกดข้าม: ไม่มี"],"district":"ตลิ่งชัน"},"geometry":{"type":"Point","coordinates":[100.40856,13.77485]}},{"type":"Feature","properties":{"title":"ทางม้าลาย โรงเรียนอนุบาลปษิตา (อัศวพิเชษฐ์ ซอย 10)","info":["ถนน: ถนนอัศวพิเชษฐ์","เขต: ตลิ่งชัน","จำนวนช่องจราจร: 2","ไฟกดข้าม: ไม่มี"],"district":"ตลิ่งชัน"},"geometry":{"type":"Point","coordinates":[100.41502,13.78786]}},{"type":"Feature","properties":{"title":"ทางม้าลาย ถนนสวนผัก + ถนนชัยพฤกษ์","info":["ถนน: ถนนสวนผัก","เขต: ตลิ่งชัน","จำนวนช่องจราจร: 2","ไฟกดข้าม: ไม่มี"],"district":"ตลิ่งชัน"},"geometry":{"type":"Point","coordinates":[100.46342,13.79171]}},{"type":"Feature","properties":{"title":"ทางม้าลาย ใกล้สวนผัก ซอย 4","info":["ถนน: ถนนสวนผัก","เขต: ตลิ่งชัน","จำนวนช่องจราจร: 2","ไฟกดข้าม: ไม่มี"],"district":"ตลิ่งชัน"},"geometry":{"type":"Point","coordinates":[100.45638,13.79433]}},{"type":"Feature","properties":{"title":"ทางม้าลาย โรงเรียนวรรัตน์ศึกษา","info":["ถนน: ถนนสวนผัก","เขต: ตลิ่งชัน","จำนวนช่องจราจร: 2","ไฟกดข้าม: ไม่มี"],"district":"ตลิ่งชัน"},"geometry":{"type":"Point","coordinates":[100.45525,13.7954]}},{"type":"Feature","properties":{"title":"ทางม้าลาย ถนนสวนผัก + ถนนชัยพฤกษ์ (E. 1)","info":["ถนน: ถนนสวนผัก","เขต: ตลิ่งชัน","จำนวนช่องจราจร: 2","ไฟกดข้าม: ไม่มี"],"district":"ตลิ่งชัน"},"geometry":{"type":"Point","coordinates":[100.45043,13.79778]}},{"type":"Feature","properties":{"title":"ทางม้าลาย ถนนสวนผัก + ถนนชัยพฤกษ์ (E. 2)","info":["ถนน: ถนนสวนผัก","เขต: ตลิ่งชัน","จำนวนช่องจราจร: 2","ไฟกดข้าม: ไม่มี"],"district":"ตลิ่งชัน"},"geometry":{"type":"Point","coordinates":[100.45027,13.79775]}},{"type":"Feature","properties":{"title":"ทางม้าลาย ถนนสวนผัก + ถนนชัยพฤกษ์ (W. 3)","info":["ถนน: ถนนสวนผัก","เขต: ตลิ่งชัน","จำนวนช่องจราจร: 2","ไฟกดข้าม: ไม่มี"],"district":"ตลิ่งชัน"},"geometry":{"type":"Point","coordinates":[100.45003,13.79776]}},{"type":"Feature","properties":{"title":"ทางม้าลาย ถนนสวนผัก + ถนนชัยพฤกษ์ (W.4)","info":["ถนน: ถนนสวนผัก","เขต: ตลิ่งชัน","จำนวนช่องจราจร: 2","ไฟกดข้าม: ไม่มี"],"district":"ตลิ่งชัน"},"geometry":{"type":"Point","coordinates":[100.44983,13.79776]}},{"type":"Feature","properties":{"title":"ทางม้าลาย ใกล้สวนผัก ซอย 19","info":["ถนน: ถนนสวนผัก","เขต: ตลิ่งชัน","จำนวนช่องจราจร: 2","ไฟกดข้าม: ไม่มี"],"district":"ตลิ่งชัน"},"geometry":{"type":"Point","coordinates":[100.44397,13.79826]}},{"type":"Feature","properties":{"title":"ทางม้าลาย โรงเรียนธีรนิตย์ ใกล้ซอยเศรษฐกิจ 42","info":["ถนน: ถนนหมู่บ้านเศรษฐกิจ","เขต: บางแค","จำนวนช่องจราจร: 2","ไฟกดข้าม: ไม่มี"],"district":"บางแค"},"geometry":{"type":"Point","coordinates":[100.37483,13.72428]}},{"type":"Feature","properties":{"title":"ทางม้าลาย โรงเรียนอัสสัมชัญธนบุรี (1)","info":["ถนน: ถนนอัสสัมชัญ","เขต: บางแค","จำนวนช่องจราจร: 2","ไฟกดข้าม: ไม่มี"],"district":"บางแค"},"geometry":{"type":"Point","coordinates":[100.37089,13.73175]}},{"type":"Feature","properties":{"title":"ทางม้าลาย โรงเรียนอัสสัมชัญธนบุรี (2)","info":["ถนน: ถนนอัสสัมชัญ","เขต: บางแค","จำนวนช่องจราจร: 2","ไฟกดข้าม: ไม่มี"],"district":"บางแค"},"geometry":{"type":"Point","coordinates":[100.37015,13.73178]}},{"type":"Feature","properties":{"title":"ทางม้าลาย โรงพยาบาลราชพิพัฒน์","info":["ถนน: อัสสัมชัญ 13","เขต: บางแค","จำนวนช่องจราจร: 2","ไฟกดข้าม: ไม่มี"],"district":"บางแค"},"geometry":{"type":"Point","coordinates":[100.36672,13.73099]}},{"type":"Feature","properties":{"title":"ทางม้าลาย โรงเรียนสารสาสน์ธนบุรี","info":["ถนน: ถนนพุทธมณฑล สาย 3","เขต: บางแค","จำนวนช่องจราจร: 4","ไฟกดข้าม: ไม่มี"],"district":"บางแค"},"geometry":{"type":"Point","coordinates":[100.364,13.73329]}},{"type":"Feature","properties":{"title":"ทางม้าลาย RENITA HOME","info":["ถนน: ถนนพุทธมณฑล สาย 3","เขต: บางแค","จำนวนช่องจราจร: 4","ไฟกดข้าม: ไม่มี"],"district":"บางแค"},"geometry":{"type":"Point","coordinates":[100.36394,13.73653]}},{"type":"Feature","properties":{"title":"ทางม้าลาย ร้านเบญจพลเคหะภัณฑ์","info":["ถนน: ถนนพุทธมณฑล สาย 3","เขต: บางแค","จำนวนช่องจราจร: 4","ไฟกดข้าม: ไม่มี"],"district":"บางแค"},"geometry":{"type":"Point","coordinates":[100.36393,13.73745]}},{"type":"Feature","properties":{"title":"ทางม้าลาย โรงเรียนกสินธร อคาเดมี่","info":["ถนน: ถนนพุทธมณฑล สาย 3","เขต: บางแค","จำนวนช่องจราจร: 4","ไฟกดข้าม: ไม่มี"],"district":"บางแค"},"geometry":{"type":"Point","coordinates":[100.36395,13.7433]}},{"type":"Feature","properties":{"title":"ทางม้าลาย แยกถนนบางแวก (1)","info":["ถนน: ถนนพุทธมณฑล สาย 3","เขต: บางแค","จำนวนช่องจราจร: 4","ไฟกดข้าม: ไม่มี"],"district":"บางแค"},"geometry":{"type":"Point","coordinates":[100.36396,13.74793]}},{"type":"Feature","properties":{"title":"ทางม้าลาย พุทธมณฑลสาย 3 ซอย 13 (1)","info":["ถนน: ถนนพุทธมณฑล สาย 3","เขต: บางแค","จำนวนช่องจราจร: 2","ไฟกดข้าม: ไม่มี"],"district":"บางแค"},"geometry":{"type":"Point","coordinates":[100.36364,13.73493]}},{"type":"Feature","properties":{"title":"ทางม้าลาย ใกล้ซอยประชาอุทิศ 121","info":["ถนน: ถนนประชาอุทิศ","เขต: ทุ่งครุ","จำนวนช่องจราจร: 4","ไฟกดข้าม: มี"],"district":"ทุ่งครุ"},"geometry":{"type":"Point","coordinates":[100.50466,13.6285]}},{"type":"Feature","properties":{"title":"ทางม้าลาย ใกล้ซอยประชาอุทิศ 86","info":["ถนน: ถนนประชาอุทิศ","เขต: ทุ่งครุ","จำนวนช่องจราจร: 4","ไฟกดข้าม: มี"],"district":"ทุ่งครุ"},"geometry":{"type":"Point","coordinates":[100.51016,13.61204]}},{"type":"Feature","properties":{"title":"ทางม้าลาย แยกตัดซอยประชาอุทิศ 90","info":["ถนน: ถนนประชาอุทิศ","เขต: ทุ่งครุ","จำนวนช่องจราจร: 4","ไฟกดข้าม: ไม่มี"],"district":"ทุ่งครุ"},"geometry":{"type":"Point","coordinates":[100.51064,13.61146]}},{"type":"Feature","properties":{"title":"ทางม้าลาย ใกล้ซอยประชาอุทิศ 129","info":["ถนน: ถนนประชาอุทิศ","เขต: ทุ่งครุ","จำนวนช่องจราจร: 4","ไฟกดข้าม: ไม่มี"],"district":"ทุ่งครุ"},"geometry":{"type":"Point","coordinates":[100.51204,13.60925]}},{"type":"Feature","properties":{"title":"ทางม้าลาย ซอยประชาอุทิศ 27 (โรงเรียนชูสินทองประดิษฐ์อนุสรณ์)","info":["ถนน: ถนนประชาอุทิศ","เขต: ทุ่งครุ","จำนวนช่องจราจร: 2","ไฟกดข้าม: ไม่มี"],"district":"ทุ่งครุ"},"geometry":{"type":"Point","coordinates":[100.50923,13.65694]}},{"type":"Feature","properties":{"title":"ทางม้าลาย ปากซอยประชาอุทิศ 54","info":["ถนน: ถนนประชาอุทิศ","เขต: ทุ่งครุ","จำนวนช่องจราจร: 2","ไฟกดข้าม: ไม่มี"],"district":"ทุ่งครุ"},"geometry":{"type":"Point","coordinates":[100.49898,13.64366]}},{"type":"Feature","properties":{"title":"ทางม้าลาย ปากซอยประชาอุทิศ 69","info":["ถนน: ถนนประชาอุทิศ","เขต: ทุ่งครุ","จำนวนช่องจราจร: 2","ไฟกดข้าม: ไม่มี"],"district":"ทุ่งครุ"},"geometry":{"type":"Point","coordinates":[100.49994,13.64149]}},{"type":"Feature","properties":{"title":"ทางม้าลาย ซอยประชาอุทิศ 76 (โรงเรียนบูรณะศึกษา)","info":["ถนน: ถนนประชาอุทิศ","เขต: ทุ่งครุ","จำนวนช่องจราจร: 2","ไฟกดข้าม: ไม่มี"],"district":"ทุ่งครุ"},"geometry":{"type":"Point","coordinates":[100.50243,13.62436]}},{"type":"Feature","properties":{"title":"ทางม้าลาย ซอยประชาอุทิศ 90 (แยกศูนย์บริการสาธารณสุข 59)","info":["ถนน: ถนนประชาอุทิศ","เขต: ทุ่งครุ","จำนวนช่องจราจร: 4","ไฟกดข้าม: ไม่มี"],"district":"ทุ่งครุ"},"geometry":{"type":"Point","coordinates":[100.50696,13.60804]}},{"type":"Feature","properties":{"title":"ทางม้าลาย ซอยประชาอุทิศ 90 (โรงเรียนสารสาสน์ประชาอุทิศฯ)","info":["ถนน: ถนนประชาอุทิศ","เขต: ทุ่งครุ","จำนวนช่องจราจร: 4","ไฟกดข้าม: มี"],"district":"ทุ่งครุ"},"geometry":{"type":"Point","coordinates":[100.50686,13.60589]}},{"type":"Feature","properties":{"title":"ทางม้าลาย หมู่บ้านชวนชื่น (ปตท.)","info":["ถนน: ถนนมาเจริญ (เพชรเกษม 81)","เขต: หนองแขม","จำนวนช่องจราจร: 4","ไฟกดข้าม: ไม่มี"],"district":"หนองแขม"},"geometry":{"type":"Point","coordinates":[100.34306,13.68704]}},{"type":"Feature","properties":{"title":"ทางม้าลาย 7 - ELEVEN พฤกษาทาวน์ เพชรเกษม","info":["ถนน: ถนนมาเจริญ (เพชรเกษม 81)","เขต: หนองแขม","จำนวนช่องจราจร: 4","ไฟกดข้าม: ไม่มี"],"district":"หนองแขม"},"geometry":{"type":"Point","coordinates":[100.34397,13.68345]}},{"type":"Feature","properties":{"title":"ทางม้าลาย แยกถนนเลียบคลองภาษีเจริญฝั่งเหนือ (1)","info":["ถนน: ถนนมาเจริญ (เพชรเกษม 81)","เขต: หนองแขม","จำนวนช่องจราจร: 4","ไฟกดข้าม: ไม่มี"],"district":"หนองแขม"},"geometry":{"type":"Point","coordinates":[100.34451,13.6813]}},{"type":"Feature","properties":{"title":"ทางม้าลาย แยกถนนเลียบคลองภาษีเจริญฝั่งเหนือ (2)","info":["ถนน: ถนนมาเจริญ (เพชรเกษม 81)","เขต: หนองแขม","จำนวนช่องจราจร: 4","ไฟกดข้าม: ไม่มี"],"district":"หนองแขม"},"geometry":{"type":"Point","coordinates":[100.34458,13.68103]}},{"type":"Feature","properties":{"title":"ทางม้าลาย แยกถนนเพชรเกษม","info":["ถนน: ถนนพุทธมณฑล สาย 3","เขต: หนองแขม","จำนวนช่องจราจร: 4","ไฟกดข้าม: ไม่มี"],"district":"หนองแขม"},"geometry":{"type":"Point","coordinates":[100.36401,13.70735]}},{"type":"Feature","properties":{"title":"ทางม้าลาย สำนักงานสรรพากรพื้นที่หนองแขม","info":["ถนน: ถนนพุทธมณฑล สาย 3","เขต: หนองแขม","จำนวนช่องจราจร: 4","ไฟกดข้าม: ไม่มี"],"district":"หนองแขม"},"geometry":{"type":"Point","coordinates":[100.36421,13.70816]}},{"type":"Feature","properties":{"title":"ทางม้าลาย ร้านวัสดุก่อสร้าง เจริญศิลป์","info":["ถนน: ถนนพุทธมณฑล สาย 3","เขต: หนองแขม","จำนวนช่องจราจร: 4","ไฟกดข้าม: ไม่มี"],"district":"หนองแขม"},"geometry":{"type":"Point","coordinates":[100.36415,13.7138]}},{"type":"Feature","properties":{"title":"ทางม้าลาย โรงเรียนวัดศรีนวลธรรมวิมล","info":["ถนน: ถนนหนองแขม วัดศรีนวล","เขต: หนองแขม","จำนวนช่องจราจร: 2","ไฟกดข้าม: ไม่มี"],"district":"หนองแขม"},"geometry":{"type":"Point","coordinates":[100.34362,13.65719]}},{"type":"Feature","properties":{"title":"ทางม้าลาย โรงเรียนวิทยาลัยเทคโนโลยีการจัดการเพชรเกษม","info":["ถนน: ถนนหนองแขม วัดศรีนวล","เขต: หนองแขม","จำนวนช่องจราจร: 2","ไฟกดข้าม: ไม่มี"],"district":"หนองแขม"},"geometry":{"type":"Point","coordinates":[100.34149,13.6673]}},{"type":"Feature","properties":{"title":"ทางม้าลาย แยกถนนเพชรเกษม 69","info":["ถนน: ถนนเลียบคลองภาษีเจริญฝั่งใต้","เขต: หนองแขม","จำนวนช่องจราจร: 2","ไฟกดข้าม: ไม่มี"],"district":"หนองแขม"},"geometry":{"type":"Point","coordinates":[100.38197,13.68873]}},{"type":"Feature","properties":{"title":"ทางม้าลาย ใกล้สวนผัก ซอย 32 (ต.อ.)","info":["ถนน: ถนนสวนผัก","เขต: ตลิ่งชัน","จำนวนช่องจราจร: 2","ไฟกดข้าม: ไม่มี"],"district":"ตลิ่งชัน"},"geometry":{"type":"Point","coordinates":[100.43792,13.79775]}},{"type":"Feature","properties":{"title":"ทางม้าลาย ปากซอยสวนผัก ซอย 32","info":["ถนน: ถนนสวนผัก","เขต: ตลิ่งชัน","จำนวนช่องจราจร: 2","ไฟกดข้าม: ไม่มี"],"district":"ตลิ่งชัน"},"geometry":{"type":"Point","coordinates":[100.43784,13.79783]}},{"type":"Feature","properties":{"title":"ทางม้าลาย ใกล้สวนผัก ซอย 23","info":["ถนน: ถนนสวนผัก","เขต: ตลิ่งชัน","จำนวนช่องจราจร: 2","ไฟกดข้าม: ไม่มี"],"district":"ตลิ่งชัน"},"geometry":{"type":"Point","coordinates":[100.43702,13.79787]}},{"type":"Feature","properties":{"title":"ทางม้าลาย สวนผัก ซอย 29 (โรงเรียนชุมทางตลิ่งชัน)","info":["ถนน: ถนนสวนผัก","เขต: ตลิ่งชัน","จำนวนช่องจราจร: 2","ไฟกดข้าม: ไม่มี"],"district":"ตลิ่งชัน"},"geometry":{"type":"Point","coordinates":[100.43716,13.79548]}},{"type":"Feature","properties":{"title":"ทางม้าลาย ถนนสวนผัก + ถนนทุ่งมังกร (N)","info":["ถนน: ถนนสวนผัก","เขต: ตลิ่งชัน","จำนวนช่องจราจร: 2","ไฟกดข้าม: ไม่มี"],"district":"ตลิ่งชัน"},"geometry":{"type":"Point","coordinates":[100.42896,13.79337]}},{"type":"Feature","properties":{"title":"ทางม้าลาย ถนนสวนผัก + ถนนทุ่งมังกร (S)","info":["ถนน: ถนนสวนผัก","เขต: ตลิ่งชัน","จำนวนช่องจราจร: 2","ไฟกดข้าม: ไม่มี"],"district":"ตลิ่งชัน"},"geometry":{"type":"Point","coordinates":[100.42884,13.7933]}},{"type":"Feature","properties":{"title":"ทางม้าลาย ถนนสวนผัก + ถนนพุทธมณฑสาย 1 (E )","info":["ถนน: ถนนสวนผัก","เขต: ตลิ่งชัน","จำนวนช่องจราจร: 2","ไฟกดข้าม: ไม่มี"],"district":"ตลิ่งชัน"},"geometry":{"type":"Point","coordinates":[100.42666,13.79349]}},{"type":"Feature","properties":{"title":"ทางม้าลาย ถนนสวนผัก + ถนนพุทธมณฑสาย 1 (W )","info":["ถนน: ถนนสวนผัก","เขต: ตลิ่งชัน","จำนวนช่องจราจร: 2","ไฟกดข้าม: ไม่มี"],"district":"ตลิ่งชัน"},"geometry":{"type":"Point","coordinates":[100.42611,13.79355]}},{"type":"Feature","properties":{"title":"ทางม้าลาย โรงเรียนฉิมพลี (ใกล้สวนผัก ซอย 45)","info":["ถนน: ถนนสวนผัก","เขต: ตลิ่งชัน","จำนวนช่องจราจร: 2","ไฟกดข้าม: ไม่มี"],"district":"ตลิ่งชัน"},"geometry":{"type":"Point","coordinates":[100.4131,13.79066]}},{"type":"Feature","properties":{"title":"ทางม้าลาย ถนนสวนผัก + ถนนกาญจนาภิเษก (E)","info":["ถนน: ถนนสวนผัก","เขต: ตลิ่งชัน","จำนวนช่องจราจร: 2","ไฟกดข้าม: ไม่มี"],"district":"ตลิ่งชัน"},"geometry":{"type":"Point","coordinates":[100.41021,13.79088]}},{"type":"Feature","properties":{"title":"ทางม้าลาย พุทธมณฑลสาย 3 ซอย 13 (2)","info":["ถนน: ถนนพุทธมณฑล สาย 3","เขต: บางแค","จำนวนช่องจราจร: 2","ไฟกดข้าม: ไม่มี"],"district":"บางแค"},"geometry":{"type":"Point","coordinates":[100.36403,13.73494]}},{"type":"Feature","properties":{"title":"ทางม้าลาย หมู่บ้านภัสรี (พุทธมณฑลสาย 2 ซอย 5)","info":["ถนน: ถนนพุทธมณฑลสาย 2","เขต: บางแค","จำนวนช่องจราจร: 6","ไฟกดข้าม: ไม่มี"],"district":"บางแค"},"geometry":{"type":"Point","coordinates":[100.39562,13.71957]}},{"type":"Feature","properties":{"title":"ทางม้าลาย พุทธมณฑลสาย 2 ซอย 7","info":["ถนน: ถนนพุทธมณฑลสาย 2","เขต: บางแค","จำนวนช่องจราจร: 6","ไฟกดข้าม: ไม่มี"],"district":"บางแค"},"geometry":{"type":"Point","coordinates":[100.39555,13.72421]}},{"type":"Feature","properties":{"title":"ทางม้าลาย พุทธมณฑลสาย 2 ซอย 11","info":["ถนน: ถนนพุทธมณฑลสาย 2","เขต: บางแค","จำนวนช่องจราจร: 6","ไฟกดข้าม: ไม่มี"],"district":"บางแค"},"geometry":{"type":"Point","coordinates":[100.39543,13.73446]}},{"type":"Feature","properties":{"title":"ทางม้าลาย แยกบางแวก (1)","info":["ถนน: ถนนพุทธมณฑลสาย 2","เขต: บางแค","จำนวนช่องจราจร: 6","ไฟกดข้าม: ไม่มี"],"district":"บางแค"},"geometry":{"type":"Point","coordinates":[100.39526,13.74456]}},{"type":"Feature","properties":{"title":"ทางม้าลาย แยกบางแวก (2)","info":["ถนน: ถนนพุทธมณฑลสาย 2","เขต: บางแค","จำนวนช่องจราจร: 6","ไฟกดข้าม: ไม่มี"],"district":"บางแค"},"geometry":{"type":"Point","coordinates":[100.39525,13.74485]}},{"type":"Feature","properties":{"title":"ทางม้าลาย ปากซอยพุทธมณฑลสาย 2 ซอย 12","info":["ถนน: ถนนพุทธมณฑลสาย 2","เขต: บางแค","จำนวนช่องจราจร: 2","ไฟกดข้าม: ไม่มี"],"district":"บางแค"},"geometry":{"type":"Point","coordinates":[100.39578,13.73052]}},{"type":"Feature","properties":{"title":"ทางม้าลาย ปากซอยพุทธมณฑลสาย 2 ซอย 10","info":["ถนน: ถนนพุทธมณฑลสาย 2","เขต: บางแค","จำนวนช่องจราจร: 2","ไฟกดข้าม: ไม่มี"],"district":"บางแค"},"geometry":{"type":"Point","coordinates":[100.3959,13.72449]}},{"type":"Feature","properties":{"title":"ทางม้าลาย ปากซอยพุทธมณฑลสาย 2 ซอย 11","info":["ถนน: ถนนพุทธมณฑลสาย 2","เขต: บางแค","จำนวนช่องจราจร: 2","ไฟกดข้าม: ไม่มี"],"district":"บางแค"},"geometry":{"type":"Point","coordinates":[100.39535,13.73455]}},{"type":"Feature","properties":{"title":"ทางม้าลาย ตัดถนนพุทธมณฑลสาย 3","info":["ถนน: ถนนศิริเกษม","เขต: บางแค","จำนวนช่องจราจร: 2","ไฟกดข้าม: ไม่มี"],"district":"บางแค"},"geometry":{"type":"Point","coordinates":[100.364,13.73765]}},{"type":"Feature","properties":{"title":"ทางม้าลาย ทางข้ามบริเวณแยกเชื่อมถนนกาญจนาภิเษก","info":["ถนน: ซอย 001 กาญจนาภิเษก 3 (ร่มไทร)","เขต: บางบอน","จำนวนช่องจราจร: 0","ไฟกดข้าม: ไม่มี"],"district":"บางบอน"},"geometry":{"type":"Point","coordinates":[100.4056,13.6694]}},{"type":"Feature","properties":{"title":"ทางม้าลาย ทางข้ามบริเวณแยกเชื่อมถนนเอกชัย","info":["ถนน: ซอยเอกชัย 88","เขต: บางบอน","จำนวนช่องจราจร: 0","ไฟกดข้าม: ไม่มี"],"district":"บางบอน"},"geometry":{"type":"Point","coordinates":[100.4087,13.6648]}},{"type":"Feature","properties":{"title":"ทางม้าลาย ทางข้ามบริเวณหน้า รร.คงโครัดอุทิศ","info":["ถนน: ซอยเอกชัย 50","เขต: บางบอน","จำนวนช่องจราจร: 0","ไฟกดข้าม: ไม่มี"],"district":"บางบอน"},"geometry":{"type":"Point","coordinates":[100.4345,13.684]}},{"type":"Feature","properties":{"title":"ทางม้าลาย ทางข้ามบริเวณหน้า รร.พรหมราษฎร์รังสรรค์","info":["ถนน: ซอยพระรามที่2 ซอย82","เขต: บางบอน","จำนวนช่องจราจร: 0","ไฟกดข้าม: ไม่มี"],"district":"บางบอน"},"geometry":{"type":"Point","coordinates":[100.3952,13.6424]}},{"type":"Feature","properties":{"title":"ทางม้าลาย ทางข้ามบริเวณแยกเชื่อมซอยพระรามที่2 ซอย82","info":["ถนน: ถนนพรหมราษฎร์","เขต: บางบอน","จำนวนช่องจราจร: 0","ไฟกดข้าม: ไม่มี"],"district":"บางบอน"},"geometry":{"type":"Point","coordinates":[100.3953,13.6417]}},{"type":"Feature","properties":{"title":"ทางม้าลาย ทางข้ามบริเวณสถานีรถไฟรางโพธิ์ ถนนพรหมราษฎร์","info":["ถนน: ถนนพรหมราษฎร์","เขต: บางบอน","จำนวนช่องจราจร: 0","ไฟกดข้าม: ไม่มี"],"district":"บางบอน"},"geometry":{"type":"Point","coordinates":[100.3978,13.639]}},{"type":"Feature","properties":{"title":"ทางม้าลาย ทางข้ามบริเวณแยกเชื่อมถนนบางบอน 3","info":["ถนน: ซอยบ้านนายเหรียญ (บางบอน3 ซอย5)","เขต: บางบอน","จำนวนช่องจราจร: 0","ไฟกดข้าม: ไม่มี"],"district":"บางบอน"},"geometry":{"type":"Point","coordinates":[100.3848,13.6677]}},{"type":"Feature","properties":{"title":"ทางม้าลาย ทางข้ามบริเวณหน้า รร.บ้านนายเหรียญ","info":["ถนน: ซอยบ้านนายเหรียญ (บางบอน3 ซอย5)","เขต: บางบอน","จำนวนช่องจราจร: 0","ไฟกดข้าม: ไม่มี"],"district":"บางบอน"},"geometry":{"type":"Point","coordinates":[100.3778,13.6661]}},{"type":"Feature","properties":{"title":"ทางม้าลาย ทางข้ามบริเวณแยกเชื่อมถนนบางบอน 5","info":["ถนน: ซอยบางบอน3 ซอย1","เขต: บางบอน","จำนวนช่องจราจร: 0","ไฟกดข้าม: ไม่มี"],"district":"บางบอน"},"geometry":{"type":"Point","coordinates":[100.3639,13.645]}},{"type":"Feature","properties":{"title":"ทางม้าลาย ทางข้ามบริเวณแยกเชื่อมถนนเอกชัย","info":["ถนน: ซอยเอกชัย 132","เขต: บางบอน","จำนวนช่องจราจร: 0","ไฟกดข้าม: ไม่มี"],"district":"บางบอน"},"geometry":{"type":"Point","coordinates":[100.3676,13.635]}},{"type":"Feature","properties":{"title":"ทางม้าลาย ทางข้ามบริเวณหน้า รร.นวลนรดิศ","info":["ถนน: ซอยบางบอน5 ซอย5","เขต: บางบอน","จำนวนช่องจราจร: 0","ไฟกดข้าม: ไม่มี"],"district":""},"geometry":{"type":"Point","coordinates":[100.3463,13.6492]}},{"type":"Feature","properties":{"title":"ทางม้าลาย ทางข้ามบริเวณแยกเชื่อมถนนบางขุนเทียน","info":["ถนน: ถนนมนธาตุราชศรีพิจิตร","เขต: บางบอน","จำนวนช่องจราจร: 0","ไฟกดข้าม: ไม่มี"],"district":"บางบอน"},"geometry":{"type":"Point","coordinates":[100.4277,13.6687]}},{"type":"Feature","properties":{"title":"ทางม้าลาย ทางข้ามบริเวณหน้า รร.พระยามนธาตุราชศรีพิจิตร์","info":["ถนน: ถนนมนธาตุราชศรีพิจิตร","เขต: บางบอน","จำนวนช่องจราจร: 0","ไฟกดข้าม: ไม่มี"],"district":"บางบอน"},"geometry":{"type":"Point","coordinates":[100.426,13.6678]}},{"type":"Feature","properties":{"title":"ทางม้าลาย ทางข้ามบริเวณหน้า รร. บ้านนายผล","info":["ถนน: ซอยบางบอน 5 ซอย 3","เขต: บางบอน","จำนวนช่องจราจร: 0","ไฟกดข้าม: ไม่มี"],"district":"บางบอน"},"geometry":{"type":"Point","coordinates":[100.3569,13.6433]}},{"type":"Feature","properties":{"title":"ทางม้าลาย หมู่บ้านเดอะเนเจอร์ซิตี้","info":["ถนน: ถนนเลียบคลองภาษีเจริญฝั่งใต้","เขต: หนองแขม","จำนวนช่องจราจร: 2","ไฟกดข้าม: ไม่มี"],"district":"หนองแขม"},"geometry":{"type":"Point","coordinates":[100.38102,13.68852]}},{"type":"Feature","properties":{"title":"ทางม้าลาย ศูนย์เด็กเล็กก่อนวัยเรียน","info":["ถนน: ถนนเลียบคลองภาษีเจริญฝั่งใต้","เขต: หนองแขม","จำนวนช่องจราจร: 2","ไฟกดข้าม: ไม่มี"],"district":"หนองแขม"},"geometry":{"type":"Point","coordinates":[100.36832,13.68443]}},{"type":"Feature","properties":{"title":"ทางม้าลาย โรงเรียนมัธยวัดหนองแขม","info":["ถนน: ถนนเลียบคลองภาษีเจริญฝั่งใต้","เขต: หนองแขม","จำนวนช่องจราจร: 2","ไฟกดข้าม: ไม่มี"],"district":"หนองแขม"},"geometry":{"type":"Point","coordinates":[100.34004,13.67666]}},{"type":"Feature","properties":{"title":"ทางม้าลาย โรงเรียนวัดหนองแขม","info":["ถนน: ถนนเลียบคลองภาษีเจริญฝั่งใต้","เขต: หนองแขม","จำนวนช่องจราจร: 2","ไฟกดข้าม: ไม่มี"],"district":"หนองแขม"},"geometry":{"type":"Point","coordinates":[100.33993,13.67674]}},{"type":"Feature","properties":{"title":"ทางม้าลาย หมู่บ้านพีเอส วิลล่า","info":["ถนน: ถนนเลียบคลองภาษีเจริญฝั่งใต้","เขต: หนองแขม","จำนวนช่องจราจร: 2","ไฟกดข้าม: ไม่มี"],"district":"หนองแขม"},"geometry":{"type":"Point","coordinates":[100.35939,13.68198]}},{"type":"Feature","properties":{"title":"ทางม้าลาย แยกถนนเพชรเกษม 69","info":["ถนน: ถนนเลียบคลองภาษีเจริญฝั่งเหนือ","เขต: หนองแขม","จำนวนช่องจราจร: 4","ไฟกดข้าม: ไม่มี"],"district":"หนองแขม"},"geometry":{"type":"Point","coordinates":[100.38057,13.69317]}},{"type":"Feature","properties":{"title":"ทางม้าลาย หมู่บ้านปริญญาซิตี้","info":["ถนน: ถนนเลียบคลองภาษีเจริญฝั่งเหนือ","เขต: หนองแขม","จำนวนช่องจราจร: 4","ไฟกดข้าม: ไม่มี"],"district":"หนองแขม"},"geometry":{"type":"Point","coordinates":[100.37215,13.69048]}},{"type":"Feature","properties":{"title":"ทางม้าลาย ศูนย์บริการสาธารณสุข 48","info":["ถนน: ถนนเลียบคลองภาษีเจริญฝั่งเหนือ","เขต: หนองแขม","จำนวนช่องจราจร: 4","ไฟกดข้าม: ไม่มี"],"district":"หนองแขม"},"geometry":{"type":"Point","coordinates":[100.37001,13.68904]}},{"type":"Feature","properties":{"title":"ทางม้าลาย โรงเรียนประชาบำรุง","info":["ถนน: ถนนเลียบคลองภาษีเจริญฝั่งเหนือ","เขต: หนองแขม","จำนวนช่องจราจร: 4","ไฟกดข้าม: ไม่มี"],"district":"หนองแขม"},"geometry":{"type":"Point","coordinates":[100.36351,13.68726]}},{"type":"Feature","properties":{"title":"ทางม้าลาย ใกล้ถนนสวัสดิการ 1","info":["ถนน: ถนนเลียบคลองภาษีเจริญฝั่งเหนือ","เขต: หนองแขม","จำนวนช่องจราจร: 4","ไฟกดข้าม: ไม่มี"],"district":"หนองแขม"},"geometry":{"type":"Point","coordinates":[100.36185,13.68663]}},{"type":"Feature","properties":{"title":"ทางม้าลาย โรงเรียนพิชญ์ชนกหนองแขม","info":["ถนน: ถนนเลียบคลองภาษีเจริญฝั่งเหนือ","เขต: หนองแขม","จำนวนช่องจราจร: 4","ไฟกดข้าม: ไม่มี"],"district":"หนองแขม"},"geometry":{"type":"Point","coordinates":[100.35759,13.68531]}},{"type":"Feature","properties":{"title":"ทางม้าลาย หมู่บ้านหนองแขม (ตลาดคุณพ่อ)","info":["ถนน: ถนนเลียบคลองภาษีเจริญฝั่งเหนือ","เขต: หนองแขม","จำนวนช่องจราจร: 4","ไฟกดข้าม: ไม่มี"],"district":"หนองแขม"},"geometry":{"type":"Point","coordinates":[100.3534,13.68404]}},{"type":"Feature","properties":{"title":"ทางม้าลาย ถนนชัยพฤกษ์ + ถนนชักพระ","info":["ถนน: ถนนชัยพฤกษ์","เขต: ตลิ่งชัน","จำนวนช่องจราจร: 2","ไฟกดข้าม: ไม่มี"],"district":"ตลิ่งชัน"},"geometry":{"type":"Point","coordinates":[100.42887,13.79311]}},{"type":"Feature","properties":{"title":"ทางม้าลาย ชัยพฤกษ์ ซอย 10 (วัดไก่เตี๊ย)","info":["ถนน: ถนนชัยพฤกษ์","เขต: ตลิ่งชัน","จำนวนช่องจราจร: 2","ไฟกดข้าม: ไม่มี"],"district":"ตลิ่งชัน"},"geometry":{"type":"Point","coordinates":[100.46343,13.78499]}},{"type":"Feature","properties":{"title":"ทางม้าลาย ถนนชัยพฤกษ์ + ถนนบรมราชชนนี (ขาออก)","info":["ถนน: ถนนชัยพฤกษ์","เขต: ตลิ่งชัน","จำนวนช่องจราจร: 2","ไฟกดข้าม: ไม่มี"],"district":"ตลิ่งชัน"},"geometry":{"type":"Point","coordinates":[100.46279,13.78577]}},{"type":"Feature","properties":{"title":"ทางม้าลาย ถนนชัยพฤกษ์ + ถนนบรมราชชนนี (ขาเข้า)","info":["ถนน: ถนนชัยพฤกษ์","เขต: ตลิ่งชัน","จำนวนช่องจราจร: 2","ไฟกดข้าม: ไม่มี"],"district":"ตลิ่งชัน"},"geometry":{"type":"Point","coordinates":[100.46241,13.78618]}},{"type":"Feature","properties":{"title":"ทางม้าลาย โรงเรียนทีปังกรฯ วัดน้อยใน (ชัยพฤกษ์ ซอย 10)","info":["ถนน: ถนนชัยพฤกษ์","เขต: ตลิ่งชัน","จำนวนช่องจราจร: 2","ไฟกดข้าม: ไม่มี"],"district":"ตลิ่งชัน"},"geometry":{"type":"Point","coordinates":[100.46429,13.79265]}},{"type":"Feature","properties":{"title":"ทางม้าลาย โรงเรียนอนุบาลอภิรักษ์ชัยพฤกษ์","info":["ถนน: ถนนชัยพฤกษ์","เขต: ตลิ่งชัน","จำนวนช่องจราจร: 2","ไฟกดข้าม: ไม่มี"],"district":"ตลิ่งชัน"},"geometry":{"type":"Point","coordinates":[100.46503,13.79427]}},{"type":"Feature","properties":{"title":"ทางม้าลาย ถนนชัยพฤกษ์ + ชัยพฤกษ์ ซอย 33","info":["ถนน: ถนนชัยพฤกษ์","เขต: ตลิ่งชัน","จำนวนช่องจราจร: 2","ไฟกดข้าม: ไม่มี"],"district":"ตลิ่งชัน"},"geometry":{"type":"Point","coordinates":[100.46538,13.79511]}},{"type":"Feature","properties":{"title":"ทางม้าลาย ถนนชัยพฤกษ์ + วัดชัยพฤกษ์","info":["ถนน: ถนนชัยพฤกษ์","เขต: ตลิ่งชัน","จำนวนช่องจราจร: 2","ไฟกดข้าม: ไม่มี"],"district":"ตลิ่งชัน"},"geometry":{"type":"Point","coordinates":[100.46548,13.79517]}},{"type":"Feature","properties":{"title":"ทางม้าลาย ถนนทุ่งมังกร + ถนนบรมราชชนนี","info":["ถนน: ถนนทุ่งมังกร","เขต: ตลิ่งชัน","จำนวนช่องจราจร: 2","ไฟกดข้าม: ไม่มี"],"district":"ตลิ่งชัน"},"geometry":{"type":"Point","coordinates":[100.43013,13.78113]}},{"type":"Feature","properties":{"title":"ทางม้าลาย ถนนทุ่งมังกร + ถนนสวนผัก","info":["ถนน: ถนนทุ่งมังกร","เขต: ตลิ่งชัน","จำนวนช่องจราจร: 2","ไฟกดข้าม: ไม่มี"],"district":"ตลิ่งชัน"},"geometry":{"type":"Point","coordinates":[100.42887,13.79311]}},{"type":"Feature","properties":{"title":"ทางม้าลาย ปากซอยพุทธมณฑลสาย 2 ซอย 7","info":["ถนน: ถนนพุทธมณฑลสาย 2 ซอย 7","เขต: บางแค","จำนวนช่องจราจร: 2","ไฟกดข้าม: ไม่มี"],"district":"บางแค"},"geometry":{"type":"Point","coordinates":[100.3955,13.72437]}},{"type":"Feature","properties":{"title":"ทางม้าลาย แยกถนนลาดหญ้า","info":["ถนน: ถนนท่าดินแดง","เขต: คลองสาน","จำนวนช่องจราจร: 4","ไฟกดข้าม: ไม่มี"],"district":"คลองสาน"},"geometry":{"type":"Point","coordinates":[100.50084,13.72833]}},{"type":"Feature","properties":{"title":"ทางม้าลาย แยกถนนอิสรภาพ (1)","info":["ถนน: ถนนท่าดินแดง","เขต: คลองสาน","จำนวนช่องจราจร: 4","ไฟกดข้าม: ไม่มี"],"district":"คลองสาน"},"geometry":{"type":"Point","coordinates":[100.50087,13.72877]}},{"type":"Feature","properties":{"title":"ทางม้าลาย แยกถนนอิสรภาพ (2)","info":["ถนน: ถนนท่าดินแดง","เขต: คลองสาน","จำนวนช่องจราจร: 4","ไฟกดข้าม: ไม่มี"],"district":"คลองสาน"},"geometry":{"type":"Point","coordinates":[100.50102,13.72884]}},{"type":"Feature","properties":{"title":"ทางม้าลาย แยกถนนสมเด็จเจ้าพระยา","info":["ถนน: ถนนท่าดินแดง","เขต: คลองสาน","จำนวนช่องจราจร: 4","ไฟกดข้าม: ไม่มี"],"district":"คลองสาน"},"geometry":{"type":"Point","coordinates":[100.50229,13.73241]}},{"type":"Feature","properties":{"title":"ทางม้าลาย แยกถนนพญาไม้","info":["ถนน: ถนนสมเด็จเจ้าพระยา","เขต: คลองสาน","จำนวนช่องจราจร: 4","ไฟกดข้าม: ไม่มี"],"district":"คลองสาน"},"geometry":{"type":"Point","coordinates":[100.49681,13.7342]}},{"type":"Feature","properties":{"title":"ทางม้าลาย วัดพิชัยญาติการาม","info":["ถนน: ถนนสมเด็จเจ้าพระยา","เขต: คลองสาน","จำนวนช่องจราจร: 4","ไฟกดข้าม: ไม่มี"],"district":"คลองสาน"},"geometry":{"type":"Point","coordinates":[100.49806,13.73369]}},{"type":"Feature","properties":{"title":"ทางม้าลาย ซอย 5","info":["ถนน: ถนนสมเด็จเจ้าพระยา","เขต: คลองสาน","จำนวนช่องจราจร: 4","ไฟกดข้าม: ไม่มี"],"district":"คลองสาน"},"geometry":{"type":"Point","coordinates":[100.49997,13.73307]}},{"type":"Feature","properties":{"title":"ทางม้าลาย คลีนิกเวชกรรม","info":["ถนน: ถนนสมเด็จเจ้าพระยา","เขต: คลองสาน","จำนวนช่องจราจร: 4","ไฟกดข้าม: ไม่มี"],"district":"คลองสาน"},"geometry":{"type":"Point","coordinates":[100.5013,13.73258]}},{"type":"Feature","properties":{"title":"ทางม้าลาย แยกท่าดินแดง (1)","info":["ถนน: ถนนสมเด็จเจ้าพระยา","เขต: คลองสาน","จำนวนช่องจราจร: 4","ไฟกดข้าม: ไม่มี"],"district":"คลองสาน"},"geometry":{"type":"Point","coordinates":[100.50206,13.73232]}},{"type":"Feature","properties":{"title":"ทางม้าลาย บริเวณซอยพระยาสุเรนทร์ 11","info":["ถนน: ถนนพระยาสุเรนทร์(คลองลำควายหาย ถึงถนนคู่ขนานมอเตอร์เตอร์เวย์)","เขต: คลองสามวา","จำนวนช่องจราจร: 6","ไฟกดข้าม: ไม่มี"],"district":"คลองสามวา"},"geometry":{"type":"Point","coordinates":[100.69907,13.82844]}},{"type":"Feature","properties":{"title":"ทางม้าลาย สี่แยกตัดถนนเลียบคลองสอง","info":["ถนน: ถนนพระยาสุเรนทร์(คลองลำควายหาย ถึงถนนคู่ขนานมอเตอร์เตอร์เวย์)","เขต: คลองสามวา","จำนวนช่องจราจร: 0","ไฟกดข้าม: ไม่มี"],"district":"คลองสามวา"},"geometry":{"type":"Point","coordinates":[100.69324,13.85878]}},{"type":"Feature","properties":{"title":"ทางม้าลาย บริเวณหน้าวิทยาลัยอาชีวศึกษาเจริญพัฒนาบริหารธุรกิจ","info":["ถนน: ถนนสามวา","เขต: คลองสามวา","จำนวนช่องจราจร: 4","ไฟกดข้าม: ไม่มี"],"district":"คลองสามวา"},"geometry":{"type":"Point","coordinates":[100.72722,13.84605]}},{"type":"Feature","properties":{"title":"ทางม้าลาย บริเวณหน้าปั๊มน้ำมัน ปตท. สาขา นิมิตใหม่","info":["ถนน: ถนนนิมิตรใหม่(ซอยนิมิตรใหม่ 14 ถึงสุดเขต กทม.)","เขต: คลองสามวา","จำนวนช่องจราจร: 6","ไฟกดข้าม: ไม่มี"],"district":"คลองสามวา"},"geometry":{"type":"Point","coordinates":[100.73519,13.90022]}},{"type":"Feature","properties":{"title":"ทางม้าลาย โรงเรียนสุเหร่าแสนแสบ","info":["ถนน: ถนนประชาร่วมใจ","เขต: คลองสามวา","จำนวนช่องจราจร: 6","ไฟกดข้าม: ไม่มี"],"district":"คลองสามวา"},"geometry":{"type":"Point","coordinates":[100.75175,13.82522]}},{"type":"Feature","properties":{"title":"ทางม้าลาย โรงเรียนนีรชาศึกษา (ซอยพระยาสุเรนทร์ 13)","info":["ถนน: ถนนพระยาสุเรนทร์","เขต: คลองสามวา","จำนวนช่องจราจร: 6","ไฟกดข้าม: ไม่มี"],"district":"คลองสามวา"},"geometry":{"type":"Point","coordinates":[100.699,13.82945]}},{"type":"Feature","properties":{"title":"ทางม้าลาย ปากถนนศรีเวียง หน้า รร. คริสเตียนฯ","info":["ถนน: ถนนศรีเวียง","เขต: บางรัก","จำนวนช่องจราจร: 2","ไฟกดข้าม: ไม่มี"],"district":"บางรัก"},"geometry":{"type":"Point","coordinates":[100.52218,13.72095]}},{"type":"Feature","properties":{"title":"ทางม้าลาย หน้าสมาคมใหหนำแห่งประเทศไทย","info":["ถนน: ถนนสุรวงศ์","เขต: บางรัก","จำนวนช่องจราจร: 4","ไฟกดข้าม: ไม่มี"],"district":"บางรัก"},"geometry":{"type":"Point","coordinates":[100.51964,13.7263]}},{"type":"Feature","properties":{"title":"ทางม้าลาย หน้าบริษัท ซี. แอนด์ พี. แทรเวล จำกัด","info":["ถนน: ถนนมหาเศรษฐ์","เขต: บางรัก","จำนวนช่องจราจร: 4","ไฟกดข้าม: ไม่มี"],"district":"บางรัก"},"geometry":{"type":"Point","coordinates":[100.51833,13.72978]}},{"type":"Feature","properties":{"title":"ทางม้าลาย โรงเรียนเทคโนโลยีเอเชีย","info":["ถนน: ถนนเลียบคลองภาษีเจริญฝั่งเหนือ","เขต: หนองแขม","จำนวนช่องจราจร: 4","ไฟกดข้าม: ไม่มี"],"district":"หนองแขม"},"geometry":{"type":"Point","coordinates":[100.34238,13.68055]}},{"type":"Feature","properties":{"title":"ทางม้าลาย ใกล้ปากซอยเลียบคลองภาษีเจริญฝั่งเหนือ 9","info":["ถนน: ถนนเลียบคลองภาษีเจริญฝั่งเหนือ","เขต: หนองแขม","จำนวนช่องจราจร: 4","ไฟกดข้าม: ไม่มี"],"district":"หนองแขม"},"geometry":{"type":"Point","coordinates":[100.3387,13.67952]}},{"type":"Feature","properties":{"title":"ทางม้าลาย ใกล้ปากซอยเลียบคลองภาษีเจริญฝั่งเหนือ 32","info":["ถนน: ถนนเลียบคลองภาษีเจริญฝั่งเหนือ","เขต: หนองแขม","จำนวนช่องจราจร: 4","ไฟกดข้าม: ไม่มี"],"district":"หนองแขม"},"geometry":{"type":"Point","coordinates":[100.33747,13.67923]}},{"type":"Feature","properties":{"title":"ทางม้าลาย ใกล้ปากซอยเลียบคลองภาษีเจริญฝั่งเหนือ 34","info":["ถนน: ถนนเลียบคลองภาษีเจริญฝั่งเหนือ","เขต: หนองแขม","จำนวนช่องจราจร: 4","ไฟกดข้าม: ไม่มี"],"district":"หนองแขม"},"geometry":{"type":"Point","coordinates":[100.33666,13.67895]}},{"type":"Feature","properties":{"title":"ทางม้าลาย แยกถนนเลียบคลองภาษีเจริญฝั่งใต้","info":["ถนน: ถนนบางบอนสายเดิม","เขต: หนองแขม","จำนวนช่องจราจร: 2","ไฟกดข้าม: ไม่มี"],"district":"หนองแขม"},"geometry":{"type":"Point","coordinates":[100.34629,13.67858]}},{"type":"Feature","properties":{"title":"ทางม้าลาย โรงเรียนสารสาสนิ์เทศหนองแขม","info":["ถนน: ถนนบางบอนสายเดิม","เขต: หนองแขม","จำนวนช่องจราจร: 2","ไฟกดข้าม: ไม่มี"],"district":"หนองแขม"},"geometry":{"type":"Point","coordinates":[100.34744,13.67297]}},{"type":"Feature","properties":{"title":"ทางม้าลาย แยกถนนบางบอน 5","info":["ถนน: ถนนบางบอนสายเดิม","เขต: หนองแขม","จำนวนช่องจราจร: 2","ไฟกดข้าม: ไม่มี"],"district":"หนองแขม"},"geometry":{"type":"Point","coordinates":[100.34853,13.6699]}},{"type":"Feature","properties":{"title":"ทางม้าลาย หมู่บ้านสุชา 2","info":["ถนน: ถนนทวีวัฒนา","เขต: หนองแขม","จำนวนช่องจราจร: 4","ไฟกดข้าม: ไม่มี"],"district":"หนองแขม"},"geometry":{"type":"Point","coordinates":[100.37117,13.71233]}},{"type":"Feature","properties":{"title":"ทางม้าลาย หมู่บ้านเพชรเกษม 4","info":["ถนน: ถนนทวีวัฒนา","เขต: หนองแขม","จำนวนช่องจราจร: 4","ไฟกดข้าม: ไม่มี"],"district":"หนองแขม"},"geometry":{"type":"Point","coordinates":[100.3702,13.71415]}},{"type":"Feature","properties":{"title":"ทางม้าลาย แยกถนนเลียบคลองภาษีเจริญฝั่งใต้","info":["ถนน: ถนนบางบอน 4","เขต: หนองแขม","จำนวนช่องจราจร: 2","ไฟกดข้าม: ไม่มี"],"district":"หนองแขม"},"geometry":{"type":"Point","coordinates":[100.3648,13.68318]}},{"type":"Feature","properties":{"title":"ทางม้าลาย แยกถนนเพชรเกษม","info":["ถนน: ซอยเพชรเกษม 77","เขต: หนองแขม","จำนวนช่องจราจร: 4","ไฟกดข้าม: ไม่มี"],"district":"หนองแขม"},"geometry":{"type":"Point","coordinates":[100.36061,13.70653]}},{"type":"Feature","properties":{"title":"ทางม้าลาย แยกถนนเลียบคลองภาษีเจริญฝั่งใต้","info":["ถนน: ถนนบางบอน 3","เขต: หนองแขม","จำนวนช่องจราจร: 4","ไฟกดข้าม: ไม่มี"],"district":"หนองแขม"},"geometry":{"type":"Point","coordinates":[100.38215,13.68873]}},{"type":"Feature","properties":{"title":"ทางม้าลาย ถนนชักพระ + ถนนชัยพฤกษ์ (แยกชักพระ)","info":["ถนน: ถนนชักพระ","เขต: ตลิ่งชัน","จำนวนช่องจราจร: 2","ไฟกดข้าม: ไม่มี"],"district":"ตลิ่งชัน"},"geometry":{"type":"Point","coordinates":[100.4647,13.7815]}},{"type":"Feature","properties":{"title":"ทางม้าลาย ชักพระ ซอย 7","info":["ถนน: ถนนชักพระ","เขต: ตลิ่งชัน","จำนวนช่องจราจร: 2","ไฟกดข้าม: ไม่มี"],"district":"ตลิ่งชัน"},"geometry":{"type":"Point","coordinates":[100.46242,13.78086]}},{"type":"Feature","properties":{"title":"ทางม้าลาย โรงเรียนนิลประพันธ์","info":["ถนน: ถนนชักพระ","เขต: ตลิ่งชัน","จำนวนช่องจราจร: 2","ไฟกดข้าม: ไม่มี"],"district":"ตลิ่งชัน"},"geometry":{"type":"Point","coordinates":[100.45987,13.78046]}},{"type":"Feature","properties":{"title":"ทางม้าลาย โรงเรียนวัดตลิ่งชัน","info":["ถนน: ถนนชักพระ","เขต: ตลิ่งชัน","จำนวนช่องจราจร: 2","ไฟกดข้าม: ไม่มี"],"district":"ตลิ่งชัน"},"geometry":{"type":"Point","coordinates":[100.4573,13.77885]}},{"type":"Feature","properties":{"title":"ทางม้าลาย ถนนชักพระ + ถนนฉิมพลี","info":["ถนน: ถนนชักพระ","เขต: ตลิ่งชัน","จำนวนช่องจราจร: 2","ไฟกดข้าม: ไม่มี"],"district":"ตลิ่งชัน"},"geometry":{"type":"Point","coordinates":[100.4554,13.77755]}},{"type":"Feature","properties":{"title":"ทางม้าลาย ถนนฉิมพลี + ถนนชักพระ","info":["ถนน: ถนนฉิมพลี","เขต: ตลิ่งชัน","จำนวนช่องจราจร: 2","ไฟกดข้าม: ไม่มี"],"district":"ตลิ่งชัน"},"geometry":{"type":"Point","coordinates":[100.45527,13.77754]}},{"type":"Feature","properties":{"title":"ทางม้าลาย ถนนฉิมพลี + ถนนชักพระ (สนง.เขตตลิ่งชัน)","info":["ถนน: ถนนฉิมพลี","เขต: ตลิ่งชัน","จำนวนช่องจราจร: 2","ไฟกดข้าม: ไม่มี"],"district":"ตลิ่งชัน"},"geometry":{"type":"Point","coordinates":[100.45539,13.77746]}},{"type":"Feature","properties":{"title":"ทางม้าลาย ใกล้ฉิมพลี ซอย 1","info":["ถนน: ถนนฉิมพลี","เขต: ตลิ่งชัน","จำนวนช่องจราจร: 2","ไฟกดข้าม: มี"],"district":"ตลิ่งชัน"},"geometry":{"type":"Point","coordinates":[100.45182,13.77923]}},{"type":"Feature","properties":{"title":"ทางม้าลาย ถนนฉิมพลี + ถนนแก้วเงินทอง","info":["ถนน: ถนนฉิมพลี","เขต: ตลิ่งชัน","จำนวนช่องจราจร: 2","ไฟกดข้าม: ไม่มี"],"district":"ตลิ่งชัน"},"geometry":{"type":"Point","coordinates":[100.45128,13.77878]}},{"type":"Feature","properties":{"title":"ทางม้าลาย โรงเรียนมหรรนพาราม","info":["ถนน: ถนนฉิมพลี","เขต: ตลิ่งชัน","จำนวนช่องจราจร: 2","ไฟกดข้าม: ไม่มี"],"district":"ตลิ่งชัน"},"geometry":{"type":"Point","coordinates":[100.44678,13.77847]}},{"type":"Feature","properties":{"title":"ทางม้าลาย ศูนย์สร้างสรรค์เยาวชน กระจ่างฯ","info":["ถนน: ถนนสมเด็จเจ้าพระยา","เขต: คลองสาน","จำนวนช่องจราจร: 4","ไฟกดข้าม: ไม่มี"],"district":"คลองสาน"},"geometry":{"type":"Point","coordinates":[100.50358,13.73185]}},{"type":"Feature","properties":{"title":"ทางม้าลาย สถาบันจิตเวชสาสตร์ฯ","info":["ถนน: ถนนสมเด็จเจ้าพระยา","เขต: คลองสาน","จำนวนช่องจราจร: 4","ไฟกดข้าม: ไม่มี"],"district":"คลองสาน"},"geometry":{"type":"Point","coordinates":[100.5048,13.73146]}},{"type":"Feature","properties":{"title":"ทางม้าลาย ใกล้ซอยสมเด็จเจ้าพระยา 15","info":["ถนน: ถนนสมเด็จเจ้าพระยา","เขต: คลองสาน","จำนวนช่องจราจร: 4","ไฟกดข้าม: ไม่มี"],"district":"คลองสาน"},"geometry":{"type":"Point","coordinates":[100.50614,13.73093]}},{"type":"Feature","properties":{"title":"ทางม้าลาย โรงพยาบาลตากสิน","info":["ถนน: ถนนสมเด็จเจ้าพระยา","เขต: คลองสาน","จำนวนช่องจราจร: 4","ไฟกดข้าม: ไม่มี"],"district":"คลองสาน"},"geometry":{"type":"Point","coordinates":[100.50785,13.7304]}},{"type":"Feature","properties":{"title":"ทางม้าลาย แยกโรงพยาบาลตากสิน","info":["ถนน: ถนนสมเด็จเจ้าพระยา","เขต: คลองสาน","จำนวนช่องจราจร: 4","ไฟกดข้าม: ไม่มี"],"district":"คลองสาน"},"geometry":{"type":"Point","coordinates":[100.50343,13.73019]}},{"type":"Feature","properties":{"title":"ทางม้าลาย แยกหน้าโรงพยาบาลตากสิน","info":["ถนน: ถนนเจริญนคร","เขต: คลองสาน","จำนวนช่องจราจร: 4","ไฟกดข้าม: ไม่มี"],"district":"คลองสาน"},"geometry":{"type":"Point","coordinates":[100.5087,13.73001]}},{"type":"Feature","properties":{"title":"ทางม้าลาย ธนาคารกรุงเทพ","info":["ถนน: ถนนเจริญนคร","เขต: คลองสาน","จำนวนช่องจราจร: 4","ไฟกดข้าม: ไม่มี"],"district":"คลองสาน"},"geometry":{"type":"Point","coordinates":[100.50888,13.72888]}},{"type":"Feature","properties":{"title":"ทางม้าลาย ซอย 7","info":["ถนน: ถนนเจริญนคร","เขต: คลองสาน","จำนวนช่องจราจร: 4","ไฟกดข้าม: ไม่มี"],"district":"คลองสาน"},"geometry":{"type":"Point","coordinates":[100.5093,13.72486]}},{"type":"Feature","properties":{"title":"ทางม้าลาย ร้านกาแฟ Amazon","info":["ถนน: ถนนเจริญนคร","เขต: คลองสาน","จำนวนช่องจราจร: 4","ไฟกดข้าม: ไม่มี"],"district":"คลองสาน"},"geometry":{"type":"Point","coordinates":[100.50891,13.72227]}},{"type":"Feature","properties":{"title":"ทางม้าลาย ใต้สะพานข้ามแม่น้ำเจ้าพระยา","info":["ถนน: ถนนเจริญนคร","เขต: คลองสาน","จำนวนช่องจราจร: 4","ไฟกดข้าม: ไม่มี"],"district":"คลองสาน"},"geometry":{"type":"Point","coordinates":[100.50869,13.72016]}},{"type":"Feature","properties":{"title":"ทางม้าลาย หน้าโรงเรียนนาหลวง","info":["ถนน: ถนนพุทธบูชา","เขต: ทุ่งครุ","จำนวนช่องจราจร: 4","ไฟกดข้าม: ไม่มี"],"district":"ทุ่งครุ"},"geometry":{"type":"Point","coordinates":[100.49479,13.6476]}},{"type":"Feature","properties":{"title":"ทางม้าลาย หน้าโรงเรียนฝึกอาชีพฯ อาทร สังขะวัฒนะ (ทางออก)","info":["ถนน: ถนนพุทธบูชา","เขต: ทุ่งครุ","จำนวนช่องจราจร: 4","ไฟกดข้าม: ไม่มี"],"district":"ทุ่งครุ"},"geometry":{"type":"Point","coordinates":[100.49164,13.64972]}},{"type":"Feature","properties":{"title":"ทางม้าลาย ใกล้ซอยพุทธบูชา 44","info":["ถนน: ถนนพุทธบูชา","เขต: ทุ่งครุ","จำนวนช่องจราจร: 4","ไฟกดข้าม: มี"],"district":"ทุ่งครุ"},"geometry":{"type":"Point","coordinates":[100.48871,13.65059]}},{"type":"Feature","properties":{"title":"ทางม้าลาย ปากซอยพุทธบูชา 44","info":["ถนน: ถนนพุทธบูชา","เขต: ทุ่งครุ","จำนวนช่องจราจร: 2","ไฟกดข้าม: ไม่มี"],"district":"ทุ่งครุ"},"geometry":{"type":"Point","coordinates":[100.48887,13.65046]}},{"type":"Feature","properties":{"title":"ทางม้าลาย แยกกำนันธารทิพย์","info":["ถนน: ถนนพุทธบูชา","เขต: ทุ่งครุ","จำนวนช่องจราจร: 4","ไฟกดข้าม: ไม่มี"],"district":"ทุ่งครุ"},"geometry":{"type":"Point","coordinates":[100.48139,13.6502]}},{"type":"Feature","properties":{"title":"ทางม้าลาย ใกล้ซอยพุทธบูชา 32","info":["ถนน: ถนนพุทธบูชา","เขต: ทุ่งครุ","จำนวนช่องจราจร: 4","ไฟกดข้าม: ไม่มี"],"district":"ทุ่งครุ"},"geometry":{"type":"Point","coordinates":[100.47669,13.65124]}},{"type":"Feature","properties":{"title":"ทางม้าลาย หน้าโรงเรียนวัดพุทธบูชา","info":["ถนน: ถนนพุทธบูชา","เขต: ทุ่งครุ","จำนวนช่องจราจร: 4","ไฟกดข้าม: มี"],"district":"ทุ่งครุ"},"geometry":{"type":"Point","coordinates":[100.47518,13.65127]}},{"type":"Feature","properties":{"title":"ทางม้าลาย ใกล้ซอยพุทธบูชา 35","info":["ถนน: ถนนพุทธบูชา","เขต: ทุ่งครุ","จำนวนช่องจราจร: 4","ไฟกดข้าม: ไม่มี"],"district":"ทุ่งครุ"},"geometry":{"type":"Point","coordinates":[100.4741,13.65167]}},{"type":"Feature","properties":{"title":"ทางม้าลาย ใกล้ซอยพุทธบูชา 37 (โรงเรียนบางมด)","info":["ถนน: ถนนพุทธบูชา","เขต: ทุ่งครุ","จำนวนช่องจราจร: 4","ไฟกดข้าม: ไม่มี"],"district":"ทุ่งครุ"},"geometry":{"type":"Point","coordinates":[100.4728,13.65503]}},{"type":"Feature","properties":{"title":"ทางม้าลาย ใกล้ซอยพุทธบูชา 24","info":["ถนน: ถนนพุทธบูชา","เขต: ทุ่งครุ","จำนวนช่องจราจร: 4","ไฟกดข้าม: ไม่มี"],"district":"จอมทอง"},"geometry":{"type":"Point","coordinates":[100.47071,13.66094]}},{"type":"Feature","properties":{"title":"ทางม้าลาย หมู่บ้านศศิธร","info":["ถนน: ถนนบางบอน 3","เขต: หนองแขม","จำนวนช่องจราจร: 4","ไฟกดข้าม: ไม่มี"],"district":"บางแค"},"geometry":{"type":"Point","coordinates":[100.38484,13.67899]}},{"type":"Feature","properties":{"title":"ทางม้าลาย HEAL PHARMACY (ซอย 7)","info":["ถนน: ถนนบางบอน 3","เขต: หนองแขม","จำนวนช่องจราจร: 4","ไฟกดข้าม: ไม่มี"],"district":"หนองแขม"},"geometry":{"type":"Point","coordinates":[100.38491,13.67358]}},{"type":"Feature","properties":{"title":"ทางม้าลาย ตลาดดวงดารา","info":["ถนน: ถนนบางบอน 3","เขต: หนองแขม","จำนวนช่องจราจร: 4","ไฟกดข้าม: ไม่มี"],"district":"หนองแขม"},"geometry":{"type":"Point","coordinates":[100.38435,13.67816]}},{"type":"Feature","properties":{"title":"ทางม้าลาย ถนนสวนผัก + ถนนกาญจนาภิเษก (W)","info":["ถนน: ถนนสวนผัก","เขต: ทวีวัฒนา","จำนวนช่องจราจร: 2","ไฟกดข้าม: ไม่มี"],"district":"ทวีวัฒนา"},"geometry":{"type":"Point","coordinates":[100.40947,13.79059]}},{"type":"Feature","properties":{"title":"ทางม้าลาย โรงเรียนเพลินพัฒนา","info":["ถนน: ถนนสวนผัก","เขต: ทวีวัฒนา","จำนวนช่องจราจร: 2","ไฟกดข้าม: ไม่มี"],"district":"ทวีวัฒนา"},"geometry":{"type":"Point","coordinates":[100.39675,13.78716]}},{"type":"Feature","properties":{"title":"ทางม้าลาย ถนนสวนผัก + ถนนพุทธมณฑสาย 2 (E)","info":["ถนน: ถนนสวนผัก","เขต: ทวีวัฒนา","จำนวนช่องจราจร: 2","ไฟกดข้าม: ไม่มี"],"district":"ทวีวัฒนา"},"geometry":{"type":"Point","coordinates":[100.39482,13.78682]}},{"type":"Feature","properties":{"title":"ทางม้าลาย ถนนสุขาภิบาลบางระมาด + กาญจนา","info":["ถนน: ถนนสุขาภิบาลระมาด","เขต: ทวีวัฒนา","จำนวนช่องจราจร: 2","ไฟกดข้าม: ไม่มี"],"district":"ทวีวัฒนา"},"geometry":{"type":"Point","coordinates":[100.40666,13.76474]}},{"type":"Feature","properties":{"title":"ทางม้าลาย ถนนสุขาภิบาลบางระมาด + สาย 2","info":["ถนน: ถนนสุขาภิบาลระมาด","เขต: ทวีวัฒนา","จำนวนช่องจราจร: 2","ไฟกดข้าม: ไม่มี"],"district":"ทวีวัฒนา"},"geometry":{"type":"Point","coordinates":[100.3952,13.76605]}},{"type":"Feature","properties":{"title":"ทางม้าลาย ใกล้ปาก ศาลาธรรมสพน์ ซอย 58","info":["ถนน: ถนนศาลาธรรมสพน์","เขต: ทวีวัฒนา","จำนวนช่องจราจร: 2","ไฟกดข้าม: ไม่มี"],"district":"ทวีวัฒนา"},"geometry":{"type":"Point","coordinates":[100.33399,13.8001]}},{"type":"Feature","properties":{"title":"ทางม้าลาย ศาลาธรรมสพน์ ซอย 58 (ดรงเรียนปุรณาวาส)","info":["ถนน: ถนนศาลาธรรมสพน์","เขต: ทวีวัฒนา","จำนวนช่องจราจร: 2","ไฟกดข้าม: ไม่มี"],"district":"ทวีวัฒนา"},"geometry":{"type":"Point","coordinates":[100.33519,13.80196]}},{"type":"Feature","properties":{"title":"ทางม้าลาย ทางเดินเท้าเข้าโรงเรียนคลองมหาสวัสดิ์","info":["ถนน: ถนนศาลาธรรมสพน์","เขต: ทวีวัฒนา","จำนวนช่องจราจร: 2","ไฟกดข้าม: ไม่มี"],"district":"ทวีวัฒนา"},"geometry":{"type":"Point","coordinates":[100.35255,13.80027]}},{"type":"Feature","properties":{"title":"ทางม้าลาย ถนนฉิมพลี + ถนนบรมราชชนนี (ขาออก)","info":["ถนน: ถนนฉิมพลี","เขต: ตลิ่งชัน","จำนวนช่องจราจร: 2","ไฟกดข้าม: ไม่มี"],"district":"ตลิ่งชัน"},"geometry":{"type":"Point","coordinates":[100.44534,13.78044]}},{"type":"Feature","properties":{"title":"ทางม้าลาย ถนนฉิมพลี + ถนนบรมราชชนนี (ขาเข้า)","info":["ถนน: ถนนฉิมพลี","เขต: ตลิ่งชัน","จำนวนช่องจราจร: 2","ไฟกดข้าม: ไม่มี"],"district":"ตลิ่งชัน"},"geometry":{"type":"Point","coordinates":[100.44529,13.78106]}},{"type":"Feature","properties":{"title":"ทางม้าลาย ถนนฉิมพลี + ฉิมพลี ซอย 12","info":["ถนน: ถนนฉิมพลี","เขต: ตลิ่งชัน","จำนวนช่องจราจร: 2","ไฟกดข้าม: ไม่มี"],"district":"ตลิ่งชัน"},"geometry":{"type":"Point","coordinates":[100.43956,13.78671]}},{"type":"Feature","properties":{"title":"ทางม้าลาย ถนนฉิมพลี + ฉิมพลี ซอย 12","info":["ถนน: ถนนฉิมพลี","เขต: ตลิ่งชัน","จำนวนช่องจราจร: 4","ไฟกดข้าม: ไม่มี"],"district":"ตลิ่งชัน"},"geometry":{"type":"Point","coordinates":[100.4396,13.78685]}},{"type":"Feature","properties":{"title":"ทางม้าลาย ถนนฉิมพลี + ฉิมพลี ซอย 12","info":["ถนน: ถนนฉิมพลี","เขต: ตลิ่งชัน","จำนวนช่องจราจร: 4","ไฟกดข้าม: ไม่มี"],"district":"ตลิ่งชัน"},"geometry":{"type":"Point","coordinates":[100.43942,13.78672]}},{"type":"Feature","properties":{"title":"ทางม้าลาย ถนนฉิมพลี + ถนนบรมราชชนนี (ขาเข้า)","info":["ถนน: ถนนฉิมพลี","เขต: ตลิ่งชัน","จำนวนช่องจราจร: 4","ไฟกดข้าม: ไม่มี"],"district":"ตลิ่งชัน"},"geometry":{"type":"Point","coordinates":[100.43942,13.78672]}},{"type":"Feature","properties":{"title":"ทางม้าลาย โรงเรียนวัดมะกอก","info":["ถนน: ถนนฉิมพลี","เขต: ตลิ่งชัน","จำนวนช่องจราจร: 2","ไฟกดข้าม: ไม่มี"],"district":"ตลิ่งชัน"},"geometry":{"type":"Point","coordinates":[100.4278,13.77579]}},{"type":"Feature","properties":{"title":"ทางม้าลาย ถนนฉิมพลี + ถนนพุทธมณฑลสาย 1 (ขาเข้า)","info":["ถนน: ถนนฉิมพลี","เขต: ตลิ่งชัน","จำนวนช่องจราจร: 2","ไฟกดข้าม: ไม่มี"],"district":"ตลิ่งชัน"},"geometry":{"type":"Point","coordinates":[100.4269,13.77568]}},{"type":"Feature","properties":{"title":"ทางม้าลาย ปากซอยฉิมพลี 1","info":["ถนน: ถนนฉิมพลี","เขต: ตลิ่งชัน","จำนวนช่องจราจร: 2","ไฟกดข้าม: ไม่มี"],"district":"ตลิ่งชัน"},"geometry":{"type":"Point","coordinates":[100.4519,13.77924]}},{"type":"Feature","properties":{"title":"ทางม้าลาย โรงเรียนวัดช่างเหล็ก","info":["ถนน: ถนนฉิมพลี","เขต: ตลิ่งชัน","จำนวนช่องจราจร: 2","ไฟกดข้าม: ไม่มี"],"district":"ตลิ่งชัน"},"geometry":{"type":"Point","coordinates":[100.45334,13.77432]}},{"type":"Feature","properties":{"title":"ทางม้าลาย แยกตัดถนนกรุงธนบุรี ฝั่งใต้","info":["ถนน: ถนนเจริญนคร","เขต: คลองสาน","จำนวนช่องจราจร: 4","ไฟกดข้าม: ไม่มี"],"district":"คลองสาน"},"geometry":{"type":"Point","coordinates":[100.50821,13.71895]}},{"type":"Feature","properties":{"title":"ทางม้าลาย ใกล์ซอยลาดหญ้า 3","info":["ถนน: ถนนลาดหญ้า","เขต: คลองสาน","จำนวนช่องจราจร: 4","ไฟกดข้าม: ไม่มี"],"district":"คลองสาน"},"geometry":{"type":"Point","coordinates":[100.49989,13.72699]}},{"type":"Feature","properties":{"title":"ทางม้าลาย ร้านสหกรณ์ กรุงเทพ จำกัด","info":["ถนน: ถนนลาดหญ้า","เขต: คลองสาน","จำนวนช่องจราจร: 4","ไฟกดข้าม: ไม่มี"],"district":"คลองสาน"},"geometry":{"type":"Point","coordinates":[100.49836,13.72756]}},{"type":"Feature","properties":{"title":"ทางม้าลาย แยกถนนอิสรภาพ - ท่าดินแดง (1)","info":["ถนน: ถนนลาดหญ้า","เขต: คลองสาน","จำนวนช่องจราจร: 4","ไฟกดข้าม: ไม่มี"],"district":"คลองสาน"},"geometry":{"type":"Point","coordinates":[100.5007,13.7282]}},{"type":"Feature","properties":{"title":"ทางม้าลาย แยกถนนอิสรภาพ - ท่าดินแดง (2)","info":["ถนน: ถนนลาดหญ้า","เขต: คลองสาน","จำนวนช่องจราจร: 4","ไฟกดข้าม: ไม่มี"],"district":"คลองสาน"},"geometry":{"type":"Point","coordinates":[100.50103,13.72828]}},{"type":"Feature","properties":{"title":"ทางม้าลาย IJ","info":["ถนน: ถนนลาดหญ้า","เขต: คลองสาน","จำนวนช่องจราจร: 4","ไฟกดข้าม: ไม่มี"],"district":"คลองสาน"},"geometry":{"type":"Point","coordinates":[100.50677,13.72954]}},{"type":"Feature","properties":{"title":"ทางม้าลาย แยกคลองสาน","info":["ถนน: ถนนลาดหญ้า","เขต: คลองสาน","จำนวนช่องจราจร: 4","ไฟกดข้าม: ไม่มี"],"district":"คลองสาน"},"geometry":{"type":"Point","coordinates":[100.50856,13.73008]}},{"type":"Feature","properties":{"title":"ทางม้าลาย แยกถนนสมเด็จพระเจ้าตากสิน","info":["ถนน: ถนนเจริญรัถ","เขต: คลองสาน","จำนวนช่องจราจร: 3","ไฟกดข้าม: ไม่มี"],"district":"คลองสาน"},"geometry":{"type":"Point","coordinates":[100.49276,13.72472]}},{"type":"Feature","properties":{"title":"ทางม้าลาย ร้านทองยิ่งเจริญ","info":["ถนน: ถนนเจริญรัถ","เขต: คลองสาน","จำนวนช่องจราจร: 2","ไฟกดข้าม: ไม่มี"],"district":"คลองสาน"},"geometry":{"type":"Point","coordinates":[100.49435,13.7251]}},{"type":"Feature","properties":{"title":"ทางม้าลาย ซอย 4","info":["ถนน: ถนนเจริญรัถ","เขต: คลองสาน","จำนวนช่องจราจร: 2","ไฟกดข้าม: ไม่มี"],"district":"คลองสาน"},"geometry":{"type":"Point","coordinates":[100.49523,13.72531]}},{"type":"Feature","properties":{"title":"ทางม้าลาย ทางแยกถนนรามอินทรา","info":["ถนน: ถนนพระยาสุเรนทร์","เขต: มีนบุรี","จำนวนช่องจราจร: 4","ไฟกดข้าม: ไม่มี"],"district":"มีนบุรี"},"geometry":{"type":"Point","coordinates":[100.69915,13.81293]}},{"type":"Feature","properties":{"title":"ทางม้าลาย ทางแยกถนนนิมิตรใหม่","info":["ถนน: ถนนประชาร่วมใจ","เขต: มีนบุรี","จำนวนช่องจราจร: 4","ไฟกดข้าม: ไม่มี"],"district":"มีนบุรี"},"geometry":{"type":"Point","coordinates":[100.74175,13.82153]}},{"type":"Feature","properties":{"title":"ทางม้าลาย ทางแยกถนนสุวินทวงศ์","info":["ถนน: ถนนราษฎร์อุทิศ","เขต: มีนบุรี","จำนวนช่องจราจร: 6","ไฟกดข้าม: ไม่มี"],"district":"มีนบุรี"},"geometry":{"type":"Point","coordinates":[100.75153,13.81557]}},{"type":"Feature","properties":{"title":"ทางม้าลาย นาคนิวาส 46","info":["ถนน: ถนนนาคนิวาส","เขต: ลาดพร้าว","จำนวนช่องจราจร: 4","ไฟกดข้าม: ไม่มี"],"district":"ลาดพร้าว"},"geometry":{"type":"Point","coordinates":[100.60964,13.81833]}},{"type":"Feature","properties":{"title":"ทางม้าลาย หน้ามหาวิทยาลัยรามคำแหง","info":["ถนน: ถนนรามคำแหง","เขต: บางกะปิ","จำนวนช่องจราจร: 2","ไฟกดข้าม: ไม่มี"],"district":"บางกะปิ"},"geometry":{"type":"Point","coordinates":[100.61905,13.75921]}},{"type":"Feature","properties":{"title":"ทางม้าลาย หน้าร้าน teen 2 car","info":["ถนน: ถนนราษฎร์อุทิศ","เขต: มีนบุรี","จำนวนช่องจราจร: 6","ไฟกดข้าม: ไม่มี"],"district":"มีนบุรี"},"geometry":{"type":"Point","coordinates":[100.79163,13.84322]}},{"type":"Feature","properties":{"title":"ทางม้าลาย ปากซอยลาดพร้าว - วังหิน 5","info":["ถนน: ถนนลาดพร้าว - วังหิน","เขต: ลาดพร้าว","จำนวนช่องจราจร: 4","ไฟกดข้าม: ไม่มี"],"district":"ลาดพร้าว"},"geometry":{"type":"Point","coordinates":[100.59428,13.80359]}},{"type":"Feature","properties":{"title":"ทางม้าลาย ปากซอยลาดปลาเค้า 33","info":["ถนน: ถนนลาดปลาเค้า","เขต: ลาดพร้าว","จำนวนช่องจราจร: 4","ไฟกดข้าม: ไม่มี"],"district":"ลาดพร้าว"},"geometry":{"type":"Point","coordinates":[100.59469,13.83946]}},{"type":"Feature","properties":{"title":"ทางม้าลาย โชคชัย 4 ซอย 39","info":["ถนน: ถนนโชคชัย 4","เขต: ลาดพร้าว","จำนวนช่องจราจร: 4","ไฟกดข้าม: ไม่มี"],"district":"ลาดพร้าว"},"geometry":{"type":"Point","coordinates":[100.5962,13.81024]}},{"type":"Feature","properties":{"title":"ทางม้าลาย ซอยคลองสิบ-สิบสี่ 7","info":["ถนน: ถนนคลองสิบ-สิบสี่","เขต: หนองจอก","จำนวนช่องจราจร: 2","ไฟกดข้าม: ไม่มี"],"district":"หนองจอก"},"geometry":{"type":"Point","coordinates":[100.82367,13.89662]}},{"type":"Feature","properties":{"title":"ทางม้าลาย ใกล้ปาก ศาลาธรรมสพน์ ซอย 48","info":["ถนน: ถนนศาลาธรรมสพน์","เขต: ทวีวัฒนา","จำนวนช่องจราจร: 2","ไฟกดข้าม: ไม่มี"],"district":"ทวีวัฒนา"},"geometry":{"type":"Point","coordinates":[100.35465,13.80036]}},{"type":"Feature","properties":{"title":"ทางม้าลาย ศาลาธรรมสพน์ + สาย 3 (W)","info":["ถนน: ถนนศาลาธรรมสพน์","เขต: ทวีวัฒนา","จำนวนช่องจราจร: 3","ไฟกดข้าม: ไม่มี"],"district":"ทวีวัฒนา"},"geometry":{"type":"Point","coordinates":[100.36351,13.79898]}},{"type":"Feature","properties":{"title":"ทางม้าลาย ศาลาธรรมสพน์ + สาย 3 (E)","info":["ถนน: ถนนศาลาธรรมสพน์","เขต: ทวีวัฒนา","จำนวนช่องจราจร: 4","ไฟกดข้าม: ไม่มี"],"district":"ทวีวัฒนา"},"geometry":{"type":"Point","coordinates":[100.36391,13.79882]}},{"type":"Feature","properties":{"title":"ทางม้าลาย ศาลาธรรมสพน์ ซอย 48 (โรงเรียนคลองมหาสวัสดิ์)","info":["ถนน: ถนนศาลาธรรมสพน์","เขต: ทวีวัฒนา","จำนวนช่องจราจร: 2","ไฟกดข้าม: ไม่มี"],"district":"ทวีวัฒนา"},"geometry":{"type":"Point","coordinates":[100.3546,13.80194]}},{"type":"Feature","properties":{"title":"ทางม้าลาย ทางเข้าโรงเรียนคลองมหาสวัสดิ์","info":["ถนน: ถนนศาลาธรรมสพน์","เขต: ทวีวัฒนา","จำนวนช่องจราจร: 2","ไฟกดข้าม: ไม่มี"],"district":"ทวีวัฒนา"},"geometry":{"type":"Point","coordinates":[100.35456,13.80179]}},{"type":"Feature","properties":{"title":"ทางม้าลาย ใกล้ศาลาธรรมสพน์ ซอย 17","info":["ถนน: ถนนศาลาธรรมสพน์","เขต: ทวีวัฒนา","จำนวนช่องจราจร: 2","ไฟกดข้าม: ไม่มี"],"district":"ทวีวัฒนา"},"geometry":{"type":"Point","coordinates":[100.37456,13.7975]}},{"type":"Feature","properties":{"title":"ทางม้าลาย ใกล้ศาลาธรรมสพน์ ซอย 42","info":["ถนน: ถนนศาลาธรรมสพน์","เขต: ทวีวัฒนา","จำนวนช่องจราจร: 2","ไฟกดข้าม: ไม่มี"],"district":"ทวีวัฒนา"},"geometry":{"type":"Point","coordinates":[100.3629,13.79922]}},{"type":"Feature","properties":{"title":"ทางม้าลาย ศาลาธรรมสพน์ + สาย 2","info":["ถนน: ถนนศาลาธรรมสพน์","เขต: ทวีวัฒนา","จำนวนช่องจราจร: 3","ไฟกดข้าม: ไม่มี"],"district":"ทวีวัฒนา"},"geometry":{"type":"Point","coordinates":[100.39417,13.79908]}},{"type":"Feature","properties":{"title":"ทางม้าลาย ใกล้ทวีวัฒนา ซอย 9","info":["ถนน: ถนนทวีวัฒนา","เขต: ทวีวัฒนา","จำนวนช่องจราจร: 4","ไฟกดข้าม: ไม่มี"],"district":"ทวีวัฒนา"},"geometry":{"type":"Point","coordinates":[100.35667,13.74288]}},{"type":"Feature","properties":{"title":"ทางม้าลาย ปากซอยทวีวัฒนา ซอย 9","info":["ถนน: ถนนทวีวัฒนา","เขต: ทวีวัฒนา","จำนวนช่องจราจร: 4","ไฟกดข้าม: ไม่มี"],"district":"ทวีวัฒนา"},"geometry":{"type":"Point","coordinates":[100.35641,13.74327]}},{"type":"Feature","properties":{"title":"ทางม้าลาย โรงเรียนอยู่เย็นวิทยา","info":["ถนน: ถนนบางพรม","เขต: ตลิ่งชัน","จำนวนช่องจราจร: 2","ไฟกดข้าม: ไม่มี"],"district":"ตลิ่งชัน"},"geometry":{"type":"Point","coordinates":[100.4289,13.75554]}},{"type":"Feature","properties":{"title":"ทางม้าลาย โรงเรียนสุวรรณพลับพลาพิทยาคม","info":["ถนน: ถนนบางพรม","เขต: ตลิ่งชัน","จำนวนช่องจราจร: 2","ไฟกดข้าม: ไม่มี"],"district":"ตลิ่งชัน"},"geometry":{"type":"Point","coordinates":[100.44851,13.75494]}},{"type":"Feature","properties":{"title":"ทางม้าลาย โรงเรียนวัดประสาท (บางพรม ซอย 16)","info":["ถนน: ถนนบางพรม","เขต: ตลิ่งชัน","จำนวนช่องจราจร: 2","ไฟกดข้าม: ไม่มี"],"district":"ตลิ่งชัน"},"geometry":{"type":"Point","coordinates":[100.44967,13.75505]}},{"type":"Feature","properties":{"title":"ทางม้าลาย ถนนบางพรม + ถนนแก้วเงินทอง","info":["ถนน: ถนนบางพรม","เขต: ตลิ่งชัน","จำนวนช่องจราจร: 2","ไฟกดข้าม: ไม่มี"],"district":"ตลิ่งชัน"},"geometry":{"type":"Point","coordinates":[100.45433,13.75571]}},{"type":"Feature","properties":{"title":"ทางม้าลาย ถนนอินทราวาส + ถนนพุทธมณฑล สาย 1","info":["ถนน: ถนนอินทาวาส","เขต: ตลิ่งชัน","จำนวนช่องจราจร: 2","ไฟกดข้าม: ไม่มี"],"district":"ตลิ่งชัน"},"geometry":{"type":"Point","coordinates":[100.42727,13.75868]}},{"type":"Feature","properties":{"title":"ทางม้าลาย โรงเรียนวัดอินทราวาส","info":["ถนน: ถนนอินทาวาส","เขต: ตลิ่งชัน","จำนวนช่องจราจร: 2","ไฟกดข้าม: ไม่มี"],"district":"ตลิ่งชัน"},"geometry":{"type":"Point","coordinates":[100.43336,13.75844]}},{"type":"Feature","properties":{"title":"ทางม้าลาย ถนนอินทราวาส + ถนนกาญจนาภิเษก","info":["ถนน: ถนนอินทาวาส","เขต: ตลิ่งชัน","จำนวนช่องจราจร: 2","ไฟกดข้าม: ไม่มี"],"district":"ตลิ่งชัน"},"geometry":{"type":"Point","coordinates":[100.44501,13.75784]}},{"type":"Feature","properties":{"title":"ทางม้าลาย ถนนบางระมาด + ถนนพุทธมณฑล สาย 1","info":["ถนน: ถนนบางระมาด","เขต: ตลิ่งชัน","จำนวนช่องจราจร: 2","ไฟกดข้าม: ไม่มี"],"district":"ตลิ่งชัน"},"geometry":{"type":"Point","coordinates":[100.42678,13.7587]}},{"type":"Feature","properties":{"title":"ทางม้าลาย ตลาดน้ำคลองลัดมะยม 1","info":["ถนน: ถนนบางระมาด","เขต: ตลิ่งชัน","จำนวนช่องจราจร: 2","ไฟกดข้าม: ไม่มี"],"district":"ตลิ่งชัน"},"geometry":{"type":"Point","coordinates":[100.41643,13.76134]}},{"type":"Feature","properties":{"title":"ทางม้าลาย ตลาดน้ำคลองลัดมะยม 2","info":["ถนน: ถนนบางระมาด","เขต: ตลิ่งชัน","จำนวนช่องจราจร: 2","ไฟกดข้าม: ไม่มี"],"district":"ตลิ่งชัน"},"geometry":{"type":"Point","coordinates":[100.41586,13.76175]}},{"type":"Feature","properties":{"title":"ทางม้าลาย ซอย 3","info":["ถนน: ถนนเจริญรัถ","เขต: คลองสาน","จำนวนช่องจราจร: 2","ไฟกดข้าม: ไม่มี"],"district":"คลองสาน"},"geometry":{"type":"Point","coordinates":[100.49764,13.7259]}},{"type":"Feature","properties":{"title":"ทางม้าลาย ซอย 5","info":["ถนน: ถนนเจริญรัถ","เขต: คลองสาน","จำนวนช่องจราจร: 2","ไฟกดข้าม: ไม่มี"],"district":"คลองสาน"},"geometry":{"type":"Point","coordinates":[100.49992,13.72648]}},{"type":"Feature","properties":{"title":"ทางม้าลาย แยกถนนเจริญนคร","info":["ถนน: ถนนเจริญรัถ","เขต: คลองสาน","จำนวนช่องจราจร: 3","ไฟกดข้าม: ไม่มี"],"district":"คลองสาน"},"geometry":{"type":"Point","coordinates":[100.5087,13.72858]}},{"type":"Feature","properties":{"title":"ทางม้าลาย ทางข้ามแยกวุฒากาศ","info":["ถนน: ถนนวุฒากาศ","เขต: จอมทอง","จำนวนช่องจราจร: 4","ไฟกดข้าม: ไม่มี"],"district":"จอมทอง"},"geometry":{"type":"Point","coordinates":[100.46727,13.69919]}},{"type":"Feature","properties":{"title":"ทางม้าลาย ทางข้ามซอยวุฒากาศ 46","info":["ถนน: ถนนวุฒากาศ","เขต: จอมทอง","จำนวนช่องจราจร: 4","ไฟกดข้าม: ไม่มี"],"district":"จอมทอง"},"geometry":{"type":"Point","coordinates":[100.4678,13.7005]}},{"type":"Feature","properties":{"title":"ทางม้าลาย ทางข้ามใกล้วัดนางนอง","info":["ถนน: ถนนวุฒากาศ","เขต: จอมทอง","จำนวนช่องจราจร: 4","ไฟกดข้าม: ไม่มี"],"district":"จอมทอง"},"geometry":{"type":"Point","coordinates":[100.4673,13.7037]}},{"type":"Feature","properties":{"title":"ทางม้าลาย ทางข้ามวุฒากาศ 40","info":["ถนน: ถนนวุฒากาศ","เขต: จอมทอง","จำนวนช่องจราจร: 4","ไฟกดข้าม: ไม่มี"],"district":"จอมทอง"},"geometry":{"type":"Point","coordinates":[100.4679,13.7051]}},{"type":"Feature","properties":{"title":"ทางม้าลาย ทางข้ามวุฒากาศ 43","info":["ถนน: ถนนวุฒากาศ","เขต: จอมทอง","จำนวนช่องจราจร: 4","ไฟกดข้าม: ไม่มี"],"district":"จอมทอง"},"geometry":{"type":"Point","coordinates":[100.4687,13.7072]}},{"type":"Feature","properties":{"title":"ทางม้าลาย ทางข้ามวุฒากาศ 37","info":["ถนน: ถนนวุฒากาศ","เขต: จอมทอง","จำนวนช่องจราจร: 4","ไฟกดข้าม: ไม่มี"],"district":"จอมทอง"},"geometry":{"type":"Point","coordinates":[100.46919,13.70817]}},{"type":"Feature","properties":{"title":"ทางม้าลาย ทางข้ามใกล้ซอยพุทธบูชา 3","info":["ถนน: ถนนพุทธบูชา","เขต: จอมทอง","จำนวนช่องจราจร: 4","ไฟกดข้าม: ไม่มี"],"district":"จอมทอง"},"geometry":{"type":"Point","coordinates":[100.4713,13.6762]}},{"type":"Feature","properties":{"title":"ทางม้าลาย ทางข้ามซอยพุทธบูชา 14/1","info":["ถนน: ถนนพุทธบูชา","เขต: จอมทอง","จำนวนช่องจราจร: 4","ไฟกดข้าม: ไม่มี"],"district":"จอมทอง"},"geometry":{"type":"Point","coordinates":[100.4688,13.669]}},{"type":"Feature","properties":{"title":"ทางม้าลาย ทางข้ามบริเวณซอยเอกชัย 4","info":["ถนน: ถนนเอกชัย","เขต: จอมทอง","จำนวนช่องจราจร: 4","ไฟกดข้าม: ไม่มี"],"district":"จอมทอง"},"geometry":{"type":"Point","coordinates":[100.4622,13.6996]}},{"type":"Feature","properties":{"title":"ทางม้าลาย ทางข้ามบริเวณซอยเอกชัย 1/1","info":["ถนน: ถนนเอกชัย","เขต: จอมทอง","จำนวนช่องจราจร: 4","ไฟกดข้าม: ไม่มี"],"district":"จอมทอง"},"geometry":{"type":"Point","coordinates":[100.4602,13.6989]}},{"type":"Feature","properties":{"title":"ทางม้าลาย หน้าบริษัท โตโยต้า บูโซ่ (ไทยแลนด์)","info":["ถนน: ถนนอโศกดินแดง","เขต: ดินแดง","จำนวนช่องจราจร: 6","ไฟกดข้าม: ไม่มี"],"district":"ดินแดง"},"geometry":{"type":"Point","coordinates":[100.55941,13.7564]}},{"type":"Feature","properties":{"title":"ทางม้าลาย ซอยประชาราษฎร์บำเพ็ญ 10","info":["ถนน: ถนนประชาราษฎร์บำเพ็ญ","เขต: ห้วยขวาง","จำนวนช่องจราจร: 3","ไฟกดข้าม: ไม่มี"],"district":"ห้วยขวาง"},"geometry":{"type":"Point","coordinates":[100.5784,13.77796]}},{"type":"Feature","properties":{"title":"ทางม้าลาย ศูนย์วัฒนธรรมแห่งประเทศไทย","info":["ถนน: ถนนเทียมร่วมมิตร","เขต: ห้วยขวาง","จำนวนช่องจราจร: 4","ไฟกดข้าม: ไม่มี"],"district":"ห้วยขวาง"},"geometry":{"type":"Point","coordinates":[100.57451,13.76789]}},{"type":"Feature","properties":{"title":"ทางม้าลาย ถนนกำแพงเพชร","info":["ถนน: ถนนกำแพงเพชร","เขต: จตุจักร","จำนวนช่องจราจร: 4","ไฟกดข้าม: ไม่มี"],"district":"จตุจักร"},"geometry":{"type":"Point","coordinates":[100.55082,13.79799]}},{"type":"Feature","properties":{"title":"ทางม้าลาย ถนนมิตรไมตรี 3","info":["ถนน: ถนนประชาสงเคราะห์","เขต: ดินแดง","จำนวนช่องจราจร: 4","ไฟกดข้าม: ไม่มี"],"district":"ดินแดง"},"geometry":{"type":"Point","coordinates":[100.55723,13.76639]}},{"type":"Feature","properties":{"title":"ทางม้าลาย ซอยประชาสงเคราะห์ 32","info":["ถนน: ถนนประชาสงเคราะห์","เขต: ดินแดง","จำนวนช่องจราจร: 2","ไฟกดข้าม: ไม่มี"],"district":"ดินแดง"},"geometry":{"type":"Point","coordinates":[100.56805,13.77698]}},{"type":"Feature","properties":{"title":"ทางม้าลาย แยกตัดถนนมิตรไตรี 2","info":["ถนน: ถนนมิตรไมตรี","เขต: ดินแดง","จำนวนช่องจราจร: 6","ไฟกดข้าม: ไม่มี"],"district":"ดินแดง"},"geometry":{"type":"Point","coordinates":[100.55225,13.76931]}},{"type":"Feature","properties":{"title":"ทางม้าลาย แยกตัดกับถนนเทศบาลรังสรรค์เหนือ","info":["ถนน: ถนนเทศบาลสงค์เคราะห์","เขต: จตุจักร","จำนวนช่องจราจร: 2","ไฟกดข้าม: ไม่มี"],"district":"จตุจักร"},"geometry":{"type":"Point","coordinates":[100.54178,13.84012]}},{"type":"Feature","properties":{"title":"ทางม้าลาย ตลาดวัฒนานันท์","info":["ถนน: ถนนสรงประภา","เขต: ดอนเมือง","จำนวนช่องจราจร: 6","ไฟกดข้าม: ไม่มี"],"district":"ดอนเมือง"},"geometry":{"type":"Point","coordinates":[100.59927,13.9237]}},{"type":"Feature","properties":{"title":"ทางม้าลาย คุรุสภา","info":["ถนน: ถนนนครราชสีมา","เขต: ดุสิต","จำนวนช่องจราจร: 4","ไฟกดข้าม: มี"],"district":"ดุสิต"},"geometry":{"type":"Point","coordinates":[100.50704,13.76737]}},{"type":"Feature","properties":{"title":"ทางม้าลาย หน้า บมจ.ท่าอากาศยานไทย","info":["ถนน: ถนนเชิดวุฒากาศ","เขต: ดอนเมือง","จำนวนช่องจราจร: 2","ไฟกดข้าม: ไม่มี"],"district":"ดอนเมือง"},"geometry":{"type":"Point","coordinates":[100.60392,13.92597]}},{"type":"Feature","properties":{"title":"ทางม้าลาย สนามหลวง 2","info":["ถนน: ถนนทวีวัฒนา","เขต: ทวีวัฒนา","จำนวนช่องจราจร: 4","ไฟกดข้าม: มี"],"district":"ทวีวัฒนา"},"geometry":{"type":"Point","coordinates":[100.35516,13.7461]}},{"type":"Feature","properties":{"title":"ทางม้าลาย สนามหลวง 2","info":["ถนน: ถนนทวีวัฒนา","เขต: ทวีวัฒนา","จำนวนช่องจราจร: 4","ไฟกดข้าม: มี"],"district":"ทวีวัฒนา"},"geometry":{"type":"Point","coordinates":[100.355,13.74641]}},{"type":"Feature","properties":{"title":"ทางม้าลาย วัดศาลาแดง","info":["ถนน: ถนนทวีวัฒนา","เขต: ทวีวัฒนา","จำนวนช่องจราจร: 4","ไฟกดข้าม: ไม่มี"],"district":"ทวีวัฒนา"},"geometry":{"type":"Point","coordinates":[100.3535,13.74962]}},{"type":"Feature","properties":{"title":"ทางม้าลาย ใกล้ถนนเลียบคลองปทุม","info":["ถนน: ถนนทวีวัฒนา","เขต: ทวีวัฒนา","จำนวนช่องจราจร: 4","ไฟกดข้าม: ไม่มี"],"district":"ทวีวัฒนา"},"geometry":{"type":"Point","coordinates":[100.35277,13.75111]}},{"type":"Feature","properties":{"title":"ทางม้าลาย โรงรียนคลองทวีวัฒนา","info":["ถนน: ถนนทวีวัฒนา","เขต: ทวีวัฒนา","จำนวนช่องจราจร: 4","ไฟกดข้าม: ไม่มี"],"district":"ทวีวัฒนา"},"geometry":{"type":"Point","coordinates":[100.35094,13.75499]}},{"type":"Feature","properties":{"title":"ทางม้าลาย แยกสุภาพบุรุษ (S)","info":["ถนน: ถนนทวีวัฒนา","เขต: ทวีวัฒนา","จำนวนช่องจราจร: 4","ไฟกดข้าม: มี"],"district":"ทวีวัฒนา"},"geometry":{"type":"Point","coordinates":[100.34556,13.76634]}},{"type":"Feature","properties":{"title":"ทางม้าลาย แยกสุภาพบุรุษ (N)","info":["ถนน: ถนนทวีวัฒนา","เขต: ทวีวัฒนา","จำนวนช่องจราจร: 4","ไฟกดข้าม: มี"],"district":"ทวีวัฒนา"},"geometry":{"type":"Point","coordinates":[100.34544,13.76657]}},{"type":"Feature","properties":{"title":"ทางม้าลาย มหาวิทยาลัยธนบุรี","info":["ถนน: ถนนทวีวัฒนา","เขต: ทวีวัฒนา","จำนวนช่องจราจร: 4","ไฟกดข้าม: ไม่มี"],"district":"ทวีวัฒนา"},"geometry":{"type":"Point","coordinates":[100.34446,13.76862]}},{"type":"Feature","properties":{"title":"ทางม้าลาย โรงเรียนสาธิตกรุงเทพธนบุรี","info":["ถนน: ถนนทวีวัฒนา","เขต: ทวีวัฒนา","จำนวนช่องจราจร: 4","ไฟกดข้าม: ไม่มี"],"district":"ทวีวัฒนา"},"geometry":{"type":"Point","coordinates":[100.34203,13.77381]}},{"type":"Feature","properties":{"title":"ทางม้าลาย ทวีวัฒนา+อุทยาน","info":["ถนน: ถนนทวีวัฒนา","เขต: ทวีวัฒนา","จำนวนช่องจราจร: 4","ไฟกดข้าม: ไม่มี"],"district":"ทวีวัฒนา"},"geometry":{"type":"Point","coordinates":[100.34013,13.7779]}},{"type":"Feature","properties":{"title":"ทางม้าลาย ถนนปากน้ำกระโจมทอง + ถนนปากน้ำฝั่งเหนือ","info":["ถนน: ถนนปากน้ำกระโจมทอง","เขต: ตลิ่งชัน","จำนวนช่องจราจร: 2","ไฟกดข้าม: ไม่มี"],"district":"ตลิ่งชัน"},"geometry":{"type":"Point","coordinates":[100.45738,13.74644]}},{"type":"Feature","properties":{"title":"ทางม้าลาย ถนนปากน้ำกระโจมทอง + ถนนราชพฤกษ์ (ตอ.)","info":["ถนน: ถนนปากน้ำกระโจมทอง","เขต: ตลิ่งชัน","จำนวนช่องจราจร: 2","ไฟกดข้าม: ไม่มี"],"district":"ตลิ่งชัน"},"geometry":{"type":"Point","coordinates":[100.44793,13.74724]}},{"type":"Feature","properties":{"title":"ทางม้าลาย ปากน้ำกระโจมทอง ซอย 37","info":["ถนน: ถนนปากน้ำกระโจมทอง","เขต: ตลิ่งชัน","จำนวนช่องจราจร: 2","ไฟกดข้าม: ไม่มี"],"district":"ตลิ่งชัน"},"geometry":{"type":"Point","coordinates":[100.44257,13.74859]}},{"type":"Feature","properties":{"title":"ทางม้าลาย ใกล้ซอยจรัญสนิทวงศ์ 43","info":["ถนน: ถนนจรัญสนิทวงศ์","เขต: บางกอกน้อย","จำนวนช่องจราจร: 6","ไฟกดข้าม: ไม่มี"],"district":"บางกอกน้อย"},"geometry":{"type":"Point","coordinates":[100.47836,13.76936]}},{"type":"Feature","properties":{"title":"ทางม้าลาย ใกล้ซอยจรัญสนิทวงศ์ 34","info":["ถนน: ถนนจรัญสนิทวงศ์","เขต: บางกอกน้อย","จำนวนช่องจราจร: 6","ไฟกดข้าม: ไม่มี"],"district":"บางกอกน้อย"},"geometry":{"type":"Point","coordinates":[100.4775,13.76814]}},{"type":"Feature","properties":{"title":"ทางม้าลาย แยกบางขุนนนท์","info":["ถนน: ถนนจรัญสนิทวงศ์","เขต: บางกอกน้อย","จำนวนช่องจราจร: 4","ไฟกดข้าม: ไม่มี"],"district":"บางกอกน้อย"},"geometry":{"type":"Point","coordinates":[100.47374,13.7641]}},{"type":"Feature","properties":{"title":"ทางม้าลาย ใต้สถานีรถไฟฟ้าสถานีบางขุนนท์ (ใกล้ทางรถไฟ)","info":["ถนน: ถนนจรัญสนิทวงศ์","เขต: บางกอกน้อย","จำนวนช่องจราจร: 6","ไฟกดข้าม: ไม่มี"],"district":"บางกอกน้อย"},"geometry":{"type":"Point","coordinates":[100.47307,13.76286]}},{"type":"Feature","properties":{"title":"ทางม้าลาย ปากทางถนนสุธาวาส (ใกล้ทางรถไฟ)","info":["ถนน: ถนนจรัญสนิทวงศ์","เขต: บางกอกน้อย","จำนวนช่องจราจร: 2","ไฟกดข้าม: ไม่มี"],"district":"บางกอกน้อย"},"geometry":{"type":"Point","coordinates":[100.47292,13.76262]}},{"type":"Feature","properties":{"title":"ทางม้าลาย แยกไฟฉาย","info":["ถนน: ถนนจรัญสนิทวงศ์","เขต: บางกอกน้อย","จำนวนช่องจราจร: 6","ไฟกดข้าม: ไม่มี"],"district":"บางกอกน้อย"},"geometry":{"type":"Point","coordinates":[100.46953,13.75497]}},{"type":"Feature","properties":{"title":"ทางม้าลาย ปากซอยจรัญสนิทวงศ์ 22","info":["ถนน: ถนนจรัญสนิทวงศ์","เขต: บางกอกน้อย","จำนวนช่องจราจร: 1","ไฟกดข้าม: ไม่มี"],"district":"บางกอกน้อย"},"geometry":{"type":"Point","coordinates":[100.47009,13.74838]}},{"type":"Feature","properties":{"title":"ทางม้าลาย ทางข้ามบริเวณซอยเอกชัย10/1","info":["ถนน: ถนนเอกชัย","เขต: จอมทอง","จำนวนช่องจราจร: 4","ไฟกดข้าม: ไม่มี"],"district":"จอมทอง"},"geometry":{"type":"Point","coordinates":[100.459,13.6975]}},{"type":"Feature","properties":{"title":"ทางม้าลาย ทางข้ามบริเวณซอยเอกชัย 7","info":["ถนน: ถนนเอกชัย","เขต: จอมทอง","จำนวนช่องจราจร: 4","ไฟกดข้าม: ไม่มี"],"district":"จอมทอง"},"geometry":{"type":"Point","coordinates":[100.4584,13.6966]}},{"type":"Feature","properties":{"title":"ทางม้าลาย ทางข้ามบริเวณซอยเอกชัย 9","info":["ถนน: ถนนเอกชัย","เขต: จอมทอง","จำนวนช่องจราจร: 4","ไฟกดข้าม: ไม่มี"],"district":"จอมทอง"},"geometry":{"type":"Point","coordinates":[100.4573,13.6952]}},{"type":"Feature","properties":{"title":"ทางม้าลาย ทางข้ามบริเวณซอยเอกชัย 15","info":["ถนน: ถนนเอกชัย","เขต: จอมทอง","จำนวนช่องจราจร: 4","ไฟกดข้าม: ไม่มี"],"district":"จอมทอง"},"geometry":{"type":"Point","coordinates":[100.456,13.6936]}},{"type":"Feature","properties":{"title":"ทางม้าลาย ทางข้ามบริเวณซอยเอกชัย 23","info":["ถนน: ถนนเอกชัย","เขต: จอมทอง","จำนวนช่องจราจร: 4","ไฟกดข้าม: ไม่มี"],"district":"จอมทอง"},"geometry":{"type":"Point","coordinates":[100.4547,13.692]}},{"type":"Feature","properties":{"title":"ทางม้าลาย ทางข้ามบริเวณซอยเอกชัย 25","info":["ถนน: ถนนเอกชัย","เขต: จอมทอง","จำนวนช่องจราจร: 4","ไฟกดข้าม: ไม่มี"],"district":"จอมทอง"},"geometry":{"type":"Point","coordinates":[100.4539,13.6909]}},{"type":"Feature","properties":{"title":"ทางม้าลาย ทางข้ามบริเวณซอยเอกชัย 31","info":["ถนน: ถนนเอกชัย","เขต: จอมทอง","จำนวนช่องจราจร: 4","ไฟกดข้าม: ไม่มี"],"district":"จอมทอง"},"geometry":{"type":"Point","coordinates":[100.4528,13.6899]}},{"type":"Feature","properties":{"title":"ทางม้าลาย ทางข้ามบริเวณซอยเอกชัย 33","info":["ถนน: ถนนเอกชัย","เขต: จอมทอง","จำนวนช่องจราจร: 4","ไฟกดข้าม: ไม่มี"],"district":"จอมทอง"},"geometry":{"type":"Point","coordinates":[100.4515,13.6889]}},{"type":"Feature","properties":{"title":"ทางม้าลาย ทางข้ามบริเวณซอยเอกชัย 35","info":["ถนน: ถนนเอกชัย","เขต: จอมทอง","จำนวนช่องจราจร: 4","ไฟกดข้าม: ไม่มี"],"district":"จอมทอง"},"geometry":{"type":"Point","coordinates":[100.45072,13.68831]}},{"type":"Feature","properties":{"title":"ทางม้าลาย ทางข้ามซอยเอกชัย 34","info":["ถนน: ถนนเอกชัย","เขต: จอมทอง","จำนวนช่องจราจร: 4","ไฟกดข้าม: ไม่มี"],"district":"จอมทอง"},"geometry":{"type":"Point","coordinates":[100.4487,13.6868]}},{"type":"Feature","properties":{"title":"ทางม้าลาย ทางข้ามหน้าศาลธนบุรี","info":["ถนน: ถนนเอกชัย","เขต: จอมทอง","จำนวนช่องจราจร: 4","ไฟกดข้าม: ไม่มี"],"district":"จอมทอง"},"geometry":{"type":"Point","coordinates":[100.4473,13.6858]}},{"type":"Feature","properties":{"title":"ทางม้าลาย ทางข้ามบริเวณแยกดาวคะนอง","info":["ถนน: ถนนจอมทอง","เขต: จอมทอง","จำนวนช่องจราจร: 4","ไฟกดข้าม: ไม่มี"],"district":"จอมทอง"},"geometry":{"type":"Point","coordinates":[100.4816,13.69395]}},{"type":"Feature","properties":{"title":"ทางม้าลาย ทางข้ามบริเวณซอยจอมทอง 2","info":["ถนน: ถนนจอมทอง","เขต: จอมทอง","จำนวนช่องจราจร: 4","ไฟกดข้าม: ไม่มี"],"district":"จอมทอง"},"geometry":{"type":"Point","coordinates":[100.4791,13.6947]}},{"type":"Feature","properties":{"title":"ทางม้าลาย ทางข้ามบริเวณสวนสุวรรณารรท์","info":["ถนน: ถนนจอมทอง","เขต: จอมทอง","จำนวนช่องจราจร: 4","ไฟกดข้าม: ไม่มี"],"district":"จอมทอง"},"geometry":{"type":"Point","coordinates":[100.4757,13.6962]}},{"type":"Feature","properties":{"title":"ทางม้าลาย ทางข้ามบริเวณแยกเชื่อมถนนกัลปพฤกษ์","info":["ถนน: ถนนบางบอน 1","เขต: บางบอน","จำนวนช่องจราจร: 0","ไฟกดข้าม: ไม่มี"],"district":"บางบอน"},"geometry":{"type":"Point","coordinates":[100.4261,13.6866]}},{"type":"Feature","properties":{"title":"ทางม้าลาย ทางข้ามบริเวณใกล้ซอยบางบอน1 ซอย21","info":["ถนน: ถนนบางบอน 1","เขต: บางบอน","จำนวนช่องจราจร: 0","ไฟกดข้าม: ไม่มี"],"district":"บางบอน"},"geometry":{"type":"Point","coordinates":[100.4257,13.6833]}},{"type":"Feature","properties":{"title":"ทางม้าลาย ทางข้ามบริเวณหน้ามูลนิธิสว่างโพธิธรรม","info":["ถนน: ถนนบางบอน 1","เขต: บางบอน","จำนวนช่องจราจร: 0","ไฟกดข้าม: ไม่มี"],"district":"บางบอน"},"geometry":{"type":"Point","coordinates":[100.4243,13.6812]}},{"type":"Feature","properties":{"title":"ทางม้าลาย ทางข้ามบริเวณใกล้ซอยบางบอน1 ซอย7","info":["ถนน: ถนนบางบอน 1","เขต: บางบอน","จำนวนช่องจราจร: 0","ไฟกดข้าม: ไม่มี"],"district":"บางบอน"},"geometry":{"type":"Point","coordinates":[100.4243,13.6791]}},{"type":"Feature","properties":{"title":"ทางม้าลาย ทางข้ามบริเวณแยกเชื่อมถนนเอกชัย","info":["ถนน: ถนนบางบอน 1","เขต: บางบอน","จำนวนช่องจราจร: 0","ไฟกดข้าม: ไม่มี"],"district":"บางบอน"},"geometry":{"type":"Point","coordinates":[100.4269,13.6748]}},{"type":"Feature","properties":{"title":"ทางม้าลาย ทางข้ามบริเวณใกล้ซอยเอกชัย 42","info":["ถนน: ถนนเอกชัย","เขต: บางบอน","จำนวนช่องจราจร: 0","ไฟกดข้าม: ไม่มี"],"district":"บางบอน"},"geometry":{"type":"Point","coordinates":[100.4406,13.6824]}},{"type":"Feature","properties":{"title":"ทางม้าลาย ทางข้ามบริเวณใกล้ซอยเอกชัย 53","info":["ถนน: ถนนเอกชัย","เขต: บางบอน","จำนวนช่องจราจร: 0","ไฟกดข้าม: ไม่มี"],"district":"บางบอน"},"geometry":{"type":"Point","coordinates":[100.4399,13.6819]}},{"type":"Feature","properties":{"title":"ทางม้าลาย ทางข้ามบริเวณใกล้ซอยเอกชัย 54","info":["ถนน: ถนนเอกชัย","เขต: บางบอน","จำนวนช่องจราจร: 0","ไฟกดข้าม: ไม่มี"],"district":"บางบอน"},"geometry":{"type":"Point","coordinates":[100.4358,13.6796]}},{"type":"Feature","properties":{"title":"ทางม้าลาย ทางข้ามบริเวณใกล้ซอยเอกชัย 62","info":["ถนน: ถนนเอกชัย","เขต: บางบอน","จำนวนช่องจราจร: 0","ไฟกดข้าม: ไม่มี"],"district":"บางบอน"},"geometry":{"type":"Point","coordinates":[100.4325,13.6778]}},{"type":"Feature","properties":{"title":"ทางม้าลาย ทางข้ามบริเวณแยกเชื่อมถนนบางขุนเทียน","info":["ถนน: ถนนเอกชัย","เขต: บางบอน","จำนวนช่องจราจร: 0","ไฟกดข้าม: ไม่มี"],"district":"บางบอน"},"geometry":{"type":"Point","coordinates":[100.4257,13.674]}},{"type":"Feature","properties":{"title":"ทางม้าลาย ทางข้ามบริเวณใกล้ซอยเอกชัย 85 (หน้า รพ.มะลิ)","info":["ถนน: ถนนเอกชัย","เขต: บางบอน","จำนวนช่องจราจร: 0","ไฟกดข้าม: ไม่มี"],"district":"บางบอน"},"geometry":{"type":"Point","coordinates":[100.4241,13.6731]}},{"type":"Feature","properties":{"title":"ทางม้าลาย ทางข้ามบริเวณใกล้ซอยเอกชัย 89","info":["ถนน: ถนนเอกชัย","เขต: บางบอน","จำนวนช่องจราจร: 0","ไฟกดข้าม: ไม่มี"],"district":"บางบอน"},"geometry":{"type":"Point","coordinates":[100.421,13.6715]}},{"type":"Feature","properties":{"title":"ทางม้าลาย ทางข้ามบริเวณหน้า รพ. บางปะกอก 8","info":["ถนน: ถนนเอกชัย","เขต: บางบอน","จำนวนช่องจราจร: 0","ไฟกดข้าม: ไม่มี"],"district":"บางนา"},"geometry":{"type":"Point","coordinates":[100.6047,13.6634]}},{"type":"Feature","properties":{"title":"ทางม้าลาย ทางข้ามบริเวณแยกเชื่อมถนนเอกชัย","info":["ถนน: ถนนบางบอน 5","เขต: บางบอน","จำนวนช่องจราจร: 0","ไฟกดข้าม: ไม่มี"],"district":""},"geometry":{"type":"Point","coordinates":[100.3541,13.6386]}},{"type":"Feature","properties":{"title":"ทางม้าลาย ทางข้ามบริเวณใกล้ซอยบางบอน5 ซอย3","info":["ถนน: ถนนบางบอน 5","เขต: บางบอน","จำนวนช่องจราจร: 0","ไฟกดข้าม: ไม่มี"],"district":"บางบอน"},"geometry":{"type":"Point","coordinates":[100.3635,13.6453]}},{"type":"Feature","properties":{"title":"ทางม้าลาย ทวีวัฒนา+ศาลาธรรมสพน์","info":["ถนน: ถนนทวีวัฒนา","เขต: ทวีวัฒนา","จำนวนช่องจราจร: 2","ไฟกดข้าม: ไม่มี"],"district":"ทวีวัฒนา"},"geometry":{"type":"Point","coordinates":[100.32949,13.80029]}},{"type":"Feature","properties":{"title":"ทางม้าลาย ถนนทวีวัฒนา-กาญจนาภิเษก + ถนนกาญจนาภิเษก","info":["ถนน: ถนนทวีวัฒนา-กาญจนาภิเษก","เขต: ทวีวัฒนา","จำนวนช่องจราจร: 2","ไฟกดข้าม: ไม่มี"],"district":"ทวีวัฒนา"},"geometry":{"type":"Point","coordinates":[100.40547,13.7552]}},{"type":"Feature","properties":{"title":"ทางม้าลาย ถนนทวีวัฒนากาญจนาภิเษก + ถนนพุทธมณฑลสาย 2 (E)","info":["ถนน: ถนนทวีวัฒนา-กาญจนาภิเษก","เขต: ทวีวัฒนา","จำนวนช่องจราจร: 2","ไฟกดข้าม: มี"],"district":"ทวีวัฒนา"},"geometry":{"type":"Point","coordinates":[100.3954,13.75657]}},{"type":"Feature","properties":{"title":"ทางม้าลาย ถนนทวีวัฒนากาญจนาภิเษก + ถนนพุทธมณฑลสาย 2 (W)","info":["ถนน: ถนนทวีวัฒนา-กาญจนาภิเษก","เขต: ทวีวัฒนา","จำนวนช่องจราจร: 2","ไฟกดข้าม: มี"],"district":"ทวีวัฒนา"},"geometry":{"type":"Point","coordinates":[100.39502,13.75653]}},{"type":"Feature","properties":{"title":"ทางม้าลาย ถนนทวีวัฒนากาญจนาภิเษก + ถนนพุทธมณฑลสาย 3 (E)","info":["ถนน: ถนนทวีวัฒนา-กาญจนาภิเษก","เขต: ทวีวัฒนา","จำนวนช่องจราจร: 2","ไฟกดข้าม: มี"],"district":"ทวีวัฒนา"},"geometry":{"type":"Point","coordinates":[100.36396,13.75753]}},{"type":"Feature","properties":{"title":"ทางม้าลาย ถนนทวีวัฒนากาญจนาภิเษก + ถนนพุทธมณฑลสาย 3 (W)","info":["ถนน: ถนนทวีวัฒนา-กาญจนาภิเษก","เขต: ทวีวัฒนา","จำนวนช่องจราจร: 2","ไฟกดข้าม: มี"],"district":"ทวีวัฒนา"},"geometry":{"type":"Point","coordinates":[100.36359,13.75755]}},{"type":"Feature","properties":{"title":"ทางม้าลาย ก่อนถึง ทวีวัฒนา-กาญจนาภิเษก ซอย 35","info":["ถนน: ถนนทวีวัฒนา-กาญจนาภิเษก","เขต: ทวีวัฒนา","จำนวนช่องจราจร: 2","ไฟกดข้าม: ไม่มี"],"district":"ทวีวัฒนา"},"geometry":{"type":"Point","coordinates":[100.35289,13.75599]}},{"type":"Feature","properties":{"title":"ทางม้าลาย โรงเรียนคลองทวีวัฒนา (ทวีวัฒนา-กาญจนาภิเษก ซอย 35)","info":["ถนน: ถนนทวีวัฒนา-กาญจนาภิเษก","เขต: ทวีวัฒนา","จำนวนช่องจราจร: 2","ไฟกดข้าม: ไม่มี"],"district":"ทวีวัฒนา"},"geometry":{"type":"Point","coordinates":[100.35211,13.75623]}},{"type":"Feature","properties":{"title":"ทางม้าลาย ถนนทวีวัฒนา-กาญจนาภิเษก + ถนนทวีวัฒนา (E)","info":["ถนน: ถนนทวีวัฒนา-กาญจนาภิเษก","เขต: ทวีวัฒนา","จำนวนช่องจราจร: 4","ไฟกดข้าม: มี"],"district":"ทวีวัฒนา"},"geometry":{"type":"Point","coordinates":[100.34563,13.76649]}},{"type":"Feature","properties":{"title":"ทางม้าลาย ปากซอยจรัญสนิทวงศ์ 28","info":["ถนน: ถนนจรัญสนิทวงศ์","เขต: บางกอกน้อย","จำนวนช่องจราจร: 1","ไฟกดข้าม: ไม่มี"],"district":"บางกอกน้อย"},"geometry":{"type":"Point","coordinates":[100.46988,13.75087]}},{"type":"Feature","properties":{"title":"ทางม้าลาย ปากซอยจรัญสนิทวงศ์ 35","info":["ถนน: ถนนจรัญสนิทวงศ์","เขต: บางกอกน้อย","จำนวนช่องจราจร: 2","ไฟกดข้าม: ไม่มี"],"district":"บางกอกน้อย"},"geometry":{"type":"Point","coordinates":[100.46983,13.75947]}},{"type":"Feature","properties":{"title":"ทางม้าลาย ปากซอยจรัญสนิทวงศ์ 37","info":["ถนน: ถนนจรัญสนิทวงศ์","เขต: บางกอกน้อย","จำนวนช่องจราจร: 2","ไฟกดข้าม: ไม่มี"],"district":"บางกอกน้อย"},"geometry":{"type":"Point","coordinates":[100.47007,13.75973]}},{"type":"Feature","properties":{"title":"ทางม้าลาย ซอยจรัญสนิทวงศ์ 22 (โรงเรียนวัดอัมพวา)","info":["ถนน: ถนนจรัญสนิทวงศ์","เขต: บางกอกน้อย","จำนวนช่องจราจร: 3","ไฟกดข้าม: ไม่มี"],"district":"บางกอกน้อย"},"geometry":{"type":"Point","coordinates":[100.47561,13.74908]}},{"type":"Feature","properties":{"title":"ทางม้าลาย แยกศิริราช","info":["ถนน: ถนนอรุณอมรินทร์","เขต: บางกอกน้อย","จำนวนช่องจราจร: 4","ไฟกดข้าม: ไม่มี"],"district":"บางกอกน้อย"},"geometry":{"type":"Point","coordinates":[100.48351,13.75597]}},{"type":"Feature","properties":{"title":"ทางม้าลาย ปากซอยอิสรภาพ 44","info":["ถนน: ถนนอรุณอมรินทร์","เขต: บางกอกน้อย","จำนวนช่องจราจร: 2","ไฟกดข้าม: ไม่มี"],"district":"บางกอกน้อย"},"geometry":{"type":"Point","coordinates":[100.48342,13.75241]}},{"type":"Feature","properties":{"title":"ทางม้าลาย หน้าโรงเรียนวัดอมรินทราราม","info":["ถนน: ถนนอรุณอมรินทร์","เขต: บางกอกน้อย","จำนวนช่องจราจร: 1","ไฟกดข้าม: ไม่มี"],"district":"บางกอกน้อย"},"geometry":{"type":"Point","coordinates":[100.48293,13.75933]}},{"type":"Feature","properties":{"title":"ทางม้าลาย ใกล้ซอยอรุณอมรินทร์ 20","info":["ถนน: ถนนอรุณอมรินทร์","เขต: บางกอกน้อย","จำนวนช่องจราจร: 4","ไฟกดข้าม: ไม่มี"],"district":"บางกอกน้อย"},"geometry":{"type":"Point","coordinates":[100.48362,13.75446]}},{"type":"Feature","properties":{"title":"ทางม้าลาย ใกล้ซอยวัดระฆัง","info":["ถนน: ถนนอรุณอมรินทร์","เขต: บางกอกน้อย","จำนวนช่องจราจร: 4","ไฟกดข้าม: ไม่มี"],"district":"บางกอกน้อย"},"geometry":{"type":"Point","coordinates":[100.48361,13.75323]}},{"type":"Feature","properties":{"title":"ทางม้าลาย ใกล้ซอยอรุณอมรินทร์ 27","info":["ถนน: ถนนอรุณอมรินทร์","เขต: บางกอกน้อย","จำนวนช่องจราจร: 4","ไฟกดข้าม: ไม่มี"],"district":"บางกอกน้อย"},"geometry":{"type":"Point","coordinates":[100.48359,13.7512]}},{"type":"Feature","properties":{"title":"ทางม้าลาย ทางข้ามใกล้ซอยจอมทอง 6","info":["ถนน: ถนนจอมทอง","เขต: จอมทอง","จำนวนช่องจราจร: 4","ไฟกดข้าม: ไม่มี"],"district":"จอมทอง"},"geometry":{"type":"Point","coordinates":[100.4737,13.6972]}},{"type":"Feature","properties":{"title":"ทางม้าลาย ทางข้ามใก้ซอยจอมทอง 14","info":["ถนน: ถนนจอมทอง","เขต: จอมทอง","จำนวนช่องจราจร: 4","ไฟกดข้าม: ไม่มี"],"district":"จอมทอง"},"geometry":{"type":"Point","coordinates":[100.4713,13.6983]}},{"type":"Feature","properties":{"title":"ทางม้าลาย ทางข้ามใกล้ร้านลูกชิ้น","info":["ถนน: ถนนจอมทอง","เขต: จอมทอง","จำนวนช่องจราจร: 4","ไฟกดข้าม: ไม่มี"],"district":"จอมทอง"},"geometry":{"type":"Point","coordinates":[100.4708,13.6985]}},{"type":"Feature","properties":{"title":"ทางม้าลาย ทางข้ามใกล้ธนาคารกสิกรไทย","info":["ถนน: ถนนจอมทอง","เขต: จอมทอง","จำนวนช่องจราจร: 4","ไฟกดข้าม: ไม่มี"],"district":"จอมทอง"},"geometry":{"type":"Point","coordinates":[100.4693,13.699]}},{"type":"Feature","properties":{"title":"ทางม้าลาย ทางข้ามแยกวุฒากาศ","info":["ถนน: ถนนจอมทอง","เขต: จอมทอง","จำนวนช่องจราจร: 4","ไฟกดข้าม: ไม่มี"],"district":"จอมทอง"},"geometry":{"type":"Point","coordinates":[100.4673,13.6991]}},{"type":"Feature","properties":{"title":"ทางม้าลาย หน้าร้านขายยาเกรียงเภสัช","info":["ถนน: ถนนจอมทอง","เขต: จอมทอง","จำนวนช่องจราจร: 4","ไฟกดข้าม: ไม่มี"],"district":"จอมทอง"},"geometry":{"type":"Point","coordinates":[100.4653,13.699]}},{"type":"Feature","properties":{"title":"ทางม้าลาย ทางข้ามแยกวุฒากาศ","info":["ถนน: ถนนจอมทอง","เขต: จอมทอง","จำนวนช่องจราจร: 4","ไฟกดข้าม: ไม่มี"],"district":"จอมทอง"},"geometry":{"type":"Point","coordinates":[100.4672,13.6991]}},{"type":"Feature","properties":{"title":"ทางม้าลาย ทางข้ามใกล้ซอยเทอดไท 43","info":["ถนน: ถนนเทอดไท","เขต: ธนบุรี","จำนวนช่องจราจร: 4","ไฟกดข้าม: ไม่มี"],"district":"จอมทอง"},"geometry":{"type":"Point","coordinates":[100.46877,13.70723]}},{"type":"Feature","properties":{"title":"ทางม้าลาย ทางข้ามใกล้ซอยเทอดไท 49","info":["ถนน: ถนนเทอดไท","เขต: ธนบุรี","จำนวนช่องจราจร: 4","ไฟกดข้าม: ไม่มี"],"district":"จอมทอง"},"geometry":{"type":"Point","coordinates":[100.46794,13.70516]}},{"type":"Feature","properties":{"title":"ทางม้าลาย ทางข้ามใกล้ซอยเทอดไท 5","info":["ถนน: ถนนเทอดไท","เขต: ธนบุรี","จำนวนช่องจราจร: 4","ไฟกดข้าม: ไม่มี"],"district":"ธนบุรี"},"geometry":{"type":"Point","coordinates":[100.48678,13.72593]}},{"type":"Feature","properties":{"title":"ทางม้าลาย ทางข้ามใกล้ซอยเทอดไท 15","info":["ถนน: ถนนเทอดไท","เขต: ธนบุรี","จำนวนช่องจราจร: 4","ไฟกดข้าม: ไม่มี"],"district":"ธนบุรี"},"geometry":{"type":"Point","coordinates":[100.4847,13.72365]}},{"type":"Feature","properties":{"title":"ทางม้าลาย ทางข้ามใกล้ซอยเทอดไท 19","info":["ถนน: ถนนเทอดไท","เขต: ธนบุรี","จำนวนช่องจราจร: 4","ไฟกดข้าม: ไม่มี"],"district":"ธนบุรี"},"geometry":{"type":"Point","coordinates":[100.48314,13.72261]}},{"type":"Feature","properties":{"title":"ทางม้าลาย ทางข้ามใกล้ซอยเทอดไท 21","info":["ถนน: ถนนเทอดไท","เขต: ธนบุรี","จำนวนช่องจราจร: 4","ไฟกดข้าม: ไม่มี"],"district":"ธนบุรี"},"geometry":{"type":"Point","coordinates":[100.48021,13.72178]}},{"type":"Feature","properties":{"title":"ทางม้าลาย ทางข้ามใกล้วัดราชคฤห์","info":["ถนน: ถนนเทอดไท","เขต: ธนบุรี","จำนวนช่องจราจร: 4","ไฟกดข้าม: ไม่มี"],"district":"ธนบุรี"},"geometry":{"type":"Point","coordinates":[100.4793,13.72151]}},{"type":"Feature","properties":{"title":"ทางม้าลาย ทางข้ามบริเวณหน้า รร. บ้านนายสี","info":["ถนน: ซอยเอกชัย 100","เขต: บางบอน","จำนวนช่องจราจร: 0","ไฟกดข้าม: ไม่มี"],"district":"บางบอน"},"geometry":{"type":"Point","coordinates":[100.3987,13.6633]}},{"type":"Feature","properties":{"title":"ทางม้าลาย ทางข้ามบริเวณตลาดศิริชัย","info":["ถนน: ถนนบางขุนเทียน","เขต: บางบอน","จำนวนช่องจราจร: 0","ไฟกดข้าม: ไม่มี"],"district":"บางบอน"},"geometry":{"type":"Point","coordinates":[100.4267,13.6717]}},{"type":"Feature","properties":{"title":"ทางม้าลาย ซอยศรีนครินทร์ 27","info":["ถนน: ถนนนวมินทร์","เขต: บางกะปิ","จำนวนช่องจราจร: 18","ไฟกดข้าม: ไม่มี"],"district":"บางกะปิ"},"geometry":{"type":"Point","coordinates":[100.64472,13.77693]}},{"type":"Feature","properties":{"title":"ทางม้าลาย โลตัสเอ็กซเพลส","info":["ถนน: ถนนแฮปปี้แลนด์","เขต: บางกะปิ","จำนวนช่องจราจร: 0","ไฟกดข้าม: ไม่มี"],"district":"บางกะปิ"},"geometry":{"type":"Point","coordinates":[100.64349,13.7802]}},{"type":"Feature","properties":{"title":"ทางม้าลาย ลาดพร้าว 101 ซอย 35","info":["ถนน: ถนนลาดพร้าว 101","เขต: บางกะปิ","จำนวนช่องจราจร: 4","ไฟกดข้าม: ไม่มี"],"district":"บางกะปิ"},"geometry":{"type":"Point","coordinates":[100.6284,13.79132]}},{"type":"Feature","properties":{"title":"ทางม้าลาย รร.นิเวศน์วารินทร์","info":["ถนน: ถนนเทพรักษ์","เขต: บางเขน","จำนวนช่องจราจร: 6","ไฟกดข้าม: ไม่มี"],"district":"บางเขน"},"geometry":{"type":"Point","coordinates":[100.60854,13.88926]}},{"type":"Feature","properties":{"title":"ทางม้าลาย สี่แยกเขตหนองจอก 2 ด้าน","info":["ถนน: ถนนเชื่อมสัมพันธ์","เขต: หนองจอก","จำนวนช่องจราจร: 0","ไฟกดข้าม: ไม่มี"],"district":"หนองจอก"},"geometry":{"type":"Point","coordinates":[100.86266,13.85507]}},{"type":"Feature","properties":{"title":"ทางม้าลาย หน้าร้านขายยาบ้านขวัญฟาร์มา","info":["ถนน: ถนนเลียบวารี","เขต: หนองจอก","จำนวนช่องจราจร: 6","ไฟกดข้าม: ไม่มี"],"district":"มีนบุรี"},"geometry":{"type":"Point","coordinates":[100.80599,13.85114]}},{"type":"Feature","properties":{"title":"ทางม้าลาย หน้าโรงเรียนสุเหร่าใหม่","info":["ถนน: ถนนผดุงพันธ์","เขต: หนองจอก","จำนวนช่องจราจร: 2","ไฟกดข้าม: ไม่มี"],"district":"หนองจอก"},"geometry":{"type":"Point","coordinates":[100.88532,13.85406]}},{"type":"Feature","properties":{"title":"ทางม้าลาย ซอยร่วมพัฒนา 9","info":["ถนน: ถนนร่วมพัฒนา","เขต: หนองจอก","จำนวนช่องจราจร: 2","ไฟกดข้าม: ไม่มี"],"district":"หนองจอก"},"geometry":{"type":"Point","coordinates":[100.87088,13.78406]}},{"type":"Feature","properties":{"title":"ทางม้าลาย ทางแยกซอยคลองเก้า 7","info":["ถนน: ถนนคลองเก้า","เขต: หนองจอก","จำนวนช่องจราจร: 2","ไฟกดข้าม: ไม่มี"],"district":"หนองจอก"},"geometry":{"type":"Point","coordinates":[100.79371,13.90751]}},{"type":"Feature","properties":{"title":"ทางม้าลาย ถนนทวีวัฒนา-กาญจนาภิเษก + ถนนทวีวัฒนา (W)","info":["ถนน: ถนนทวีวัฒนา-กาญจนาภิเษก","เขต: ทวีวัฒนา","จำนวนช่องจราจร: 3","ไฟกดข้าม: มี"],"district":"ทวีวัฒนา"},"geometry":{"type":"Point","coordinates":[100.34538,13.76645]}},{"type":"Feature","properties":{"title":"ทางม้าลาย ถนนอุทยาน + ถนนพุทธมณฑลสาย 3","info":["ถนน: ถนนอุทยาน","เขต: ทวีวัฒนา","จำนวนช่องจราจร: 10","ไฟกดข้าม: มี"],"district":"ทวีวัฒนา"},"geometry":{"type":"Point","coordinates":[100.36354,13.77832]}},{"type":"Feature","properties":{"title":"ทางม้าลาย ใกล้อุทยาน ซอย 5","info":["ถนน: ถนนอุทยาน","เขต: ทวีวัฒนา","จำนวนช่องจราจร: 10","ไฟกดข้าม: ไม่มี"],"district":"ทวีวัฒนา"},"geometry":{"type":"Point","coordinates":[100.3512,13.77785]}},{"type":"Feature","properties":{"title":"ทางม้าลาย ใกล้อุทยาน ซอย 7","info":["ถนน: ถนนอุทยาน","เขต: ทวีวัฒนา","จำนวนช่องจราจร: 10","ไฟกดข้าม: ไม่มี"],"district":"ทวีวัฒนา"},"geometry":{"type":"Point","coordinates":[100.34659,13.77766]}},{"type":"Feature","properties":{"title":"ทางม้าลาย ใกล้อุทยาน ซอย 11","info":["ถนน: ถนนอุทยาน","เขต: ทวีวัฒนา","จำนวนช่องจราจร: 10","ไฟกดข้าม: ไม่มี"],"district":"ทวีวัฒนา"},"geometry":{"type":"Point","coordinates":[100.33326,13.77715]}},{"type":"Feature","properties":{"title":"ทางม้าลาย ใกล้ร้านอิ๊ด 2001","info":["ถนน: ถนนอุทยาน","เขต: ทวีวัฒนา","จำนวนช่องจราจร: 10","ไฟกดข้าม: ไม่มี"],"district":"ทวีวัฒนา"},"geometry":{"type":"Point","coordinates":[100.34659,13.77766]}},{"type":"Feature","properties":{"title":"ทางม้าลาย ถนนอุทยาน + ถนนพุทธมณฑลสาย 4","info":["ถนน: ถนนอุทยาน","เขต: ทวีวัฒนา","จำนวนช่องจราจร: 10","ไฟกดข้าม: ไม่มี"],"district":""},"geometry":{"type":"Point","coordinates":[100.32835,13.77666]}},{"type":"Feature","properties":{"title":"ทางม้าลาย ถนนพุทธมณฑลสาย 3 + ถนนทวีวัฒนากาญจนาภิเษก (S)","info":["ถนน: ถนนพุทธมณฑลสาย 3","เขต: ทวีวัฒนา","จำนวนช่องจราจร: 7","ไฟกดข้าม: มี"],"district":"ทวีวัฒนา"},"geometry":{"type":"Point","coordinates":[100.36368,13.75744]}},{"type":"Feature","properties":{"title":"ทางม้าลาย ถนนพุทธมณฑลสาย 3 + ถนนทวีวัฒนากาญจนาภิเษก (N)","info":["ถนน: ถนนพุทธมณฑลสาย 3","เขต: ทวีวัฒนา","จำนวนช่องจราจร: 7","ไฟกดข้าม: มี"],"district":"ทวีวัฒนา"},"geometry":{"type":"Point","coordinates":[100.36367,13.75766]}},{"type":"Feature","properties":{"title":"ทางม้าลาย ใกล้พุทธมณฑลสาย 3 ซอย 17","info":["ถนน: ถนนพุทธมณฑลสาย 3","เขต: ทวีวัฒนา","จำนวนช่องจราจร: 6","ไฟกดข้าม: ไม่มี"],"district":"ทวีวัฒนา"},"geometry":{"type":"Point","coordinates":[100.36363,13.77163]}},{"type":"Feature","properties":{"title":"ทางม้าลาย ใกล้วัดอมรินทรารามวรวิหาร","info":["ถนน: ถนนพระนเรศวรมหาราช","เขต: บางกอกน้อย","จำนวนช่องจราจร: 2","ไฟกดข้าม: ไม่มี"],"district":"บางกอกน้อย"},"geometry":{"type":"Point","coordinates":[100.48297,13.76059]}},{"type":"Feature","properties":{"title":"ทางม้าลาย ปากทางถนนรถไฟ","info":["ถนน: ถนนรถไฟ","เขต: บางกอกน้อย","จำนวนช่องจราจร: 2","ไฟกดข้าม: ไม่มี"],"district":"บางกอกน้อย"},"geometry":{"type":"Point","coordinates":[100.48296,13.75956]}},{"type":"Feature","properties":{"title":"ทางม้าลาย ใกล้ซอยบ้านพักรถไฟ ซอย 4","info":["ถนน: ถนนรถไฟ","เขต: บางกอกน้อย","จำนวนช่องจราจร: 4","ไฟกดข้าม: ไม่มี"],"district":"บางกอกน้อย"},"geometry":{"type":"Point","coordinates":[100.47948,13.75986]}},{"type":"Feature","properties":{"title":"ทางม้าลาย ใกล้โรงเรียนวัดอมรินทราราม","info":["ถนน: ถนนรถไฟ","เขต: บางกอกน้อย","จำนวนช่องจราจร: 2","ไฟกดข้าม: ไม่มี"],"district":"บางกอกน้อย"},"geometry":{"type":"Point","coordinates":[100.48324,13.75955]}},{"type":"Feature","properties":{"title":"ทางม้าลาย หน้าศาลเจ้าแม่ทับทิม","info":["ถนน: ถนนรถไฟ","เขต: บางกอกน้อย","จำนวนช่องจราจร: 2","ไฟกดข้าม: ไม่มี"],"district":"บางกอกน้อย"},"geometry":{"type":"Point","coordinates":[100.48181,13.75976]}},{"type":"Feature","properties":{"title":"ทางม้าลาย ใกล้ซอยอิสรภาพ 46","info":["ถนน: ถนนอิสรภาพ","เขต: บางกอกน้อย","จำนวนช่องจราจร: 4","ไฟกดข้าม: ไม่มี"],"district":"บางกอกน้อย"},"geometry":{"type":"Point","coordinates":[100.47789,13.75705]}},{"type":"Feature","properties":{"title":"ทางม้าลาย แยกพรานนก","info":["ถนน: ถนนอิสรภาพ","เขต: บางกอกน้อย","จำนวนช่องจราจร: 4","ไฟกดข้าม: ไม่มี"],"district":"บางกอกน้อย"},"geometry":{"type":"Point","coordinates":[100.47799,13.75548]}},{"type":"Feature","properties":{"title":"ทางม้าลาย หน้าตลาดพรานนก","info":["ถนน: ถนนอิสรภาพ","เขต: บางกอกน้อย","จำนวนช่องจราจร: 4","ไฟกดข้าม: ไม่มี"],"district":"บางกอกน้อย"},"geometry":{"type":"Point","coordinates":[100.47804,13.75434]}},{"type":"Feature","properties":{"title":"ทางม้าลาย ปากซอยอิสรภาพ 44","info":["ถนน: ถนนอิสรภาพ","เขต: บางกอกน้อย","จำนวนช่องจราจร: 2","ไฟกดข้าม: ไม่มี"],"district":"บางกอกน้อย"},"geometry":{"type":"Point","coordinates":[100.4782,13.75222]}},{"type":"Feature","properties":{"title":"ทางม้าลาย ปากซอยอิสรภาพ 39","info":["ถนน: ถนนอิสรภาพ","เขต: บางกอกน้อย","จำนวนช่องจราจร: 2","ไฟกดข้าม: ไม่มี"],"district":"บางกอกน้อย"},"geometry":{"type":"Point","coordinates":[100.47802,13.75225]}},{"type":"Feature","properties":{"title":"ทางม้าลาย ทางข้ามใกล้ซอยเทอดไท 20","info":["ถนน: ถนนเทอดไท","เขต: ธนบุรี","จำนวนช่องจราจร: 2","ไฟกดข้าม: ไม่มี"],"district":"ธนบุรี"},"geometry":{"type":"Point","coordinates":[100.47698,13.7209]}},{"type":"Feature","properties":{"title":"ทางม้าลาย ทางข้ามใกล้ซอยเทอดไท 22","info":["ถนน: ถนนเทอดไท","เขต: ธนบุรี","จำนวนช่องจราจร: 2","ไฟกดข้าม: ไม่มี"],"district":"ธนบุรี"},"geometry":{"type":"Point","coordinates":[100.47482,13.72019]}},{"type":"Feature","properties":{"title":"ทางม้าลาย ทางข้ามใกล้วัดขุนจันทร์","info":["ถนน: ถนนเทอดไท","เขต: ธนบุรี","จำนวนช่องจราจร: 2","ไฟกดข้าม: ไม่มี"],"district":"ธนบุรี"},"geometry":{"type":"Point","coordinates":[100.47173,13.71931]}},{"type":"Feature","properties":{"title":"ทางม้าลาย ทางข้ามใกล้ซอยเทอดไท 39","info":["ถนน: ถนนเทอดไท","เขต: ธนบุรี","จำนวนช่องจราจร: 2","ไฟกดข้าม: ไม่มี"],"district":"ธนบุรี"},"geometry":{"type":"Point","coordinates":[100.47078,13.71817]}},{"type":"Feature","properties":{"title":"ทางม้าลาย ทางข้ามใกล้ห้างบิ๊กซี","info":["ถนน: ถนนสมเด็จพระเจ้าตากสิน","เขต: ธนบุรี","จำนวนช่องจราจร: 6","ไฟกดข้าม: ไม่มี"],"district":"ธนบุรี"},"geometry":{"type":"Point","coordinates":[100.48333,13.69819]}},{"type":"Feature","properties":{"title":"ทางม้าลาย ทางข้ามใกล้ซอยตากสิน 34","info":["ถนน: ถนนสมเด็จพระเจ้าตากสิน","เขต: ธนบุรี","จำนวนช่องจราจร: 6","ไฟกดข้าม: ไม่มี"],"district":"ธนบุรี"},"geometry":{"type":"Point","coordinates":[100.48514,13.70355]}},{"type":"Feature","properties":{"title":"ทางม้าลาย ทางข้ามแยกมไหสวรรย์","info":["ถนน: ถนนสมเด็จพระเจ้าตากสิน","เขต: ธนบุรี","จำนวนช่องจราจร: 6","ไฟกดข้าม: ไม่มี"],"district":"ธนบุรี"},"geometry":{"type":"Point","coordinates":[100.48568,13.70491]}},{"type":"Feature","properties":{"title":"ทางม้าลาย ทางข้ามใกล้ซอยตากสิน 28","info":["ถนน: ถนนสมเด็จพระเจ้าตากสิน","เขต: ธนบุรี","จำนวนช่องจราจร: 6","ไฟกดข้าม: ไม่มี"],"district":"ธนบุรี"},"geometry":{"type":"Point","coordinates":[100.48633,13.70704]}},{"type":"Feature","properties":{"title":"ทางม้าลาย ทางข้ามใกล้ซอยตากสิน 18","info":["ถนน: ถนนสมเด็จพระเจ้าตากสิน","เขต: ธนบุรี","จำนวนช่องจราจร: 6","ไฟกดข้าม: ไม่มี"],"district":"ธนบุรี"},"geometry":{"type":"Point","coordinates":[100.48876,13.71394]}},{"type":"Feature","properties":{"title":"ทางม้าลาย ทางข้ามใกล้ซอยตากสิน 14/2","info":["ถนน: ถนนสมเด็จพระเจ้าตากสิน","เขต: ธนบุรี","จำนวนช่องจราจร: 6","ไฟกดข้าม: ไม่มี"],"district":"ธนบุรี"},"geometry":{"type":"Point","coordinates":[100.48911,13.715]}},{"type":"Feature","properties":{"title":"ทางม้าลาย ทางข้ามใกล้ซอยตากสิน 9","info":["ถนน: ถนนสมเด็จพระเจ้าตากสิน","เขต: ธนบุรี","จำนวนช่องจราจร: 6","ไฟกดข้าม: ไม่มี"],"district":"ธนบุรี"},"geometry":{"type":"Point","coordinates":[100.49107,13.72034]}},{"type":"Feature","properties":{"title":"ทางม้าลาย ทางข้ามใกล้ซอยเจริญนคร 57/1","info":["ถนน: ถนนเจริญนคร (เริ่มคลองบางใส้ไก่)","เขต: ธนบุรี","จำนวนช่องจราจร: 6","ไฟกดข้าม: ไม่มี"],"district":"ธนบุรี"},"geometry":{"type":"Point","coordinates":[100.49301,13.70775]}},{"type":"Feature","properties":{"title":"ทางม้าลาย ทางข้ามแยกบุคโล","info":["ถนน: ถนนเจริญนคร (เริ่มคลองบางใส้ไก่)","เขต: ธนบุรี","จำนวนช่องจราจร: 6","ไฟกดข้าม: ไม่มี"],"district":"ธนบุรี"},"geometry":{"type":"Point","coordinates":[100.48853,13.70327]}},{"type":"Feature","properties":{"title":"ทางม้าลาย ทางข้ามใกล้ซอยเจริญนคร 61","info":["ถนน: ถนนเจริญนคร (เริ่มคลองบางใส้ไก่)","เขต: ธนบุรี","จำนวนช่องจราจร: 6","ไฟกดข้าม: ไม่มี"],"district":"ธนบุรี"},"geometry":{"type":"Point","coordinates":[100.4879,13.70153]}},{"type":"Feature","properties":{"title":"ทางม้าลาย หน้าตลาด","info":["ถนน: ถนนเตชะวณิช","เขต: บางซื่อ","จำนวนช่องจราจร: 4","ไฟกดข้าม: ไม่มี"],"district":"บางซื่อ"},"geometry":{"type":"Point","coordinates":[100.53414,13.80117]}},{"type":"Feature","properties":{"title":"ทางม้าลาย หน้าร้าน ยานยนต์ พีเอ็นที","info":["ถนน: ถนนนครไชยศรี","เขต: ดุสิต","จำนวนช่องจราจร: 4","ไฟกดข้าม: ไม่มี"],"district":"ดุสิต"},"geometry":{"type":"Point","coordinates":[100.52025,13.78077]}},{"type":"Feature","properties":{"title":"ทางม้าลาย แยกบางโพ (ฝั่งโรงรับจำนำ)","info":["ถนน: ถนนประชาราษฎร์สาย 1","เขต: บางซื่อ","จำนวนช่องจราจร: 4","ไฟกดข้าม: ไม่มี"],"district":"บางซื่อ"},"geometry":{"type":"Point","coordinates":[100.52162,13.80653]}},{"type":"Feature","properties":{"title":"ทางม้าลาย โรงเรียนอนุบาลฉัตรเฉลิม","info":["ถนน: ม้าลายบริเวณหน้าโรงเรียน","เขต: หลักสี่","จำนวนช่องจราจร: 2","ไฟกดข้าม: ไม่มี"],"district":"หลักสี่"},"geometry":{"type":"Point","coordinates":[100.54703,13.86147]}},{"type":"Feature","properties":{"title":"ทางม้าลาย แยกกำแพงเพชร 5","info":["ถนน: ถนนประดิพัทธ์","เขต: พญาไท","จำนวนช่องจราจร: 4","ไฟกดข้าม: ไม่มี"],"district":"พญาไท"},"geometry":{"type":"Point","coordinates":[100.53537,13.79241]}},{"type":"Feature","properties":{"title":"ทางม้าลาย ซอยข้างโรงหนัง","info":["ถนน: ถนนเตชะวณิช","เขต: บางซื่อ","จำนวนช่องจราจร: 4","ไฟกดข้าม: ไม่มี"],"district":"บางซื่อ"},"geometry":{"type":"Point","coordinates":[100.53414,13.80117]}},{"type":"Feature","properties":{"title":"ทางม้าลาย พระรามที่ 6 ซอย 19","info":["ถนน: ถนนพระรามที่ 6","เขต: ราชเทวี","จำนวนช่องจราจร: 4","ไฟกดข้าม: ไม่มี"],"district":"ราชเทวี"},"geometry":{"type":"Point","coordinates":[100.5225,13.75317]}},{"type":"Feature","properties":{"title":"ทางม้าลาย หน้ามูลนิธิช่วยคนตาบอด","info":["ถนน: ถนนราชวิถี","เขต: ราชเทวี","จำนวนช่องจราจร: 4","ไฟกดข้าม: ไม่มี"],"district":"ราชเทวี"},"geometry":{"type":"Point","coordinates":[100.52948,13.76879]}},{"type":"Feature","properties":{"title":"ทางม้าลาย แยกประตูน้ำ","info":["ถนน: ถนนเพชรบุรี","เขต: ราชเทวี","จำนวนช่องจราจร: 11","ไฟกดข้าม: ไม่มี"],"district":"ราชเทวี"},"geometry":{"type":"Point","coordinates":[100.54122,13.75003]}},{"type":"Feature","properties":{"title":"ทางม้าลาย สี่แยกตัดถนนประเสริฐมนูกิจ","info":["ถนน: ถนนนวมินทร์(คลองพังพวย-ซอยนวมินทร์ 157)","เขต: บึงกุ่ม","จำนวนช่องจราจร: 6","ไฟกดข้าม: ไม่มี"],"district":"บึงกุ่ม"},"geometry":{"type":"Point","coordinates":[100.65017,13.80947]}},{"type":"Feature","properties":{"title":"ทางม้าลาย ถนนพุทธมณฑลสาย 3 + ถนนอุทยาน ( S )","info":["ถนน: ถนนพุทธมณฑลสาย 3","เขต: ทวีวัฒนา","จำนวนช่องจราจร: 7","ไฟกดข้าม: มี"],"district":"ทวีวัฒนา"},"geometry":{"type":"Point","coordinates":[100.36369,13.7782]}},{"type":"Feature","properties":{"title":"ทางม้าลาย ถนนพุทธมณฑลสาย 3 + ถนนอุทยาน ( N )","info":["ถนน: ถนนพุทธมณฑลสาย 3","เขต: ทวีวัฒนา","จำนวนช่องจราจร: 7","ไฟกดข้าม: มี"],"district":"ทวีวัฒนา"},"geometry":{"type":"Point","coordinates":[100.36367,13.77873]}},{"type":"Feature","properties":{"title":"ทางม้าลาย ถนนพุทธมณฑลสาย 3 + ถนนศาลาธรรมสพน์ (S)","info":["ถนน: ถนนพุทธมณฑลสาย 3","เขต: ทวีวัฒนา","จำนวนช่องจราจร: 6","ไฟกดข้าม: มี"],"district":"ทวีวัฒนา"},"geometry":{"type":"Point","coordinates":[100.3636,13.79881]}},{"type":"Feature","properties":{"title":"ทางม้าลาย ถนนพุทธมณฑลสาย 3 + ถนนศาลาธรรมสพน์ (N)","info":["ถนน: ถนนพุทธมณฑลสาย 3","เขต: ทวีวัฒนา","จำนวนช่องจราจร: 6","ไฟกดข้าม: มี"],"district":"ทวีวัฒนา"},"geometry":{"type":"Point","coordinates":[100.36359,13.79908]}},{"type":"Feature","properties":{"title":"ทางม้าลาย ถนนพุทธมณฑลสาย 3 + ถนนบรมราชชนนี (S)","info":["ถนน: ถนนพุทธมณฑลสาย 3","เขต: ทวีวัฒนา","จำนวนช่องจราจร: 4","ไฟกดข้าม: ไม่มี"],"district":"ทวีวัฒนา"},"geometry":{"type":"Point","coordinates":[100.36362,13.78744]}},{"type":"Feature","properties":{"title":"ทางม้าลาย ถนนพุทธมณฑลสาย 3 + บางแวก (N)","info":["ถนน: ถนนพุทธมณฑลสาย 3","เขต: ทวีวัฒนา","จำนวนช่องจราจร: 7","ไฟกดข้าม: ไม่มี"],"district":"บางแค"},"geometry":{"type":"Point","coordinates":[100.3637,13.74825]}},{"type":"Feature","properties":{"title":"ทางม้าลาย ถนนพุทธมณฑลสาย 3 + บางแวก (S)","info":["ถนน: ถนนพุทธมณฑลสาย 3","เขต: ทวีวัฒนา","จำนวนช่องจราจร: 7","ไฟกดข้าม: ไม่มี"],"district":"บางแค"},"geometry":{"type":"Point","coordinates":[100.36369,13.74796]}},{"type":"Feature","properties":{"title":"ทางม้าลาย ถนนพุทธมณฑลสาย 2 + ถนนทวีวัฒนากาญจนาภิเษก (S)","info":["ถนน: ถนนพุทธมณฑลสาย 2","เขต: ทวีวัฒนา","จำนวนช่องจราจร: 6","ไฟกดข้าม: มี"],"district":"ทวีวัฒนา"},"geometry":{"type":"Point","coordinates":[100.39511,13.7564]}},{"type":"Feature","properties":{"title":"ทางม้าลาย ถนนพุทธมณฑลสาย 2 + ถนนทวีวัฒนากาญจนาภิเษก (N)","info":["ถนน: ถนนพุทธมณฑลสาย 2","เขต: ทวีวัฒนา","จำนวนช่องจราจร: 6","ไฟกดข้าม: มี"],"district":"ทวีวัฒนา"},"geometry":{"type":"Point","coordinates":[100.39529,13.75668]}},{"type":"Feature","properties":{"title":"ทางม้าลาย ปากซอยอิสรภาพ 37","info":["ถนน: ถนนอิสรภาพ","เขต: บางกอกน้อย","จำนวนช่องจราจร: 2","ไฟกดข้าม: ไม่มี"],"district":"บางกอกน้อย"},"geometry":{"type":"Point","coordinates":[100.47861,13.74989]}},{"type":"Feature","properties":{"title":"ทางม้าลาย ซอยอิสรภาพ 39 (หน้าวัดดงมูลเหล็ก)","info":["ถนน: ถนนอิสรภาพ","เขต: บางกอกน้อย","จำนวนช่องจราจร: 1","ไฟกดข้าม: ไม่มี"],"district":"บางกอกน้อย"},"geometry":{"type":"Point","coordinates":[100.4753,13.75182]}},{"type":"Feature","properties":{"title":"ทางม้าลาย ซอยอิสรภาพ 44 (แยกตัดกับซอยบ้านช่างหล่อ)","info":["ถนน: ถนนอิสรภาพ","เขต: บางกอกน้อย","จำนวนช่องจราจร: 2","ไฟกดข้าม: ไม่มี"],"district":"บางกอกน้อย"},"geometry":{"type":"Point","coordinates":[100.48254,13.7524]}},{"type":"Feature","properties":{"title":"ทางม้าลาย สามแยกตัดถนนรถไฟ","info":["ถนน: ถนนอิสรภาพ","เขต: บางกอกน้อย","จำนวนช่องจราจร: 4","ไฟกดข้าม: ไม่มี"],"district":"บางกอกน้อย"},"geometry":{"type":"Point","coordinates":[100.47779,13.75981]}},{"type":"Feature","properties":{"title":"ทางม้าลาย หน้าโรงเรียนอนุบาลดรุณวัฒนา","info":["ถนน: ถนนอิสรภาพ","เขต: บางกอกน้อย","จำนวนช่องจราจร: 4","ไฟกดข้าม: ไม่มี"],"district":"บางกอกน้อย"},"geometry":{"type":"Point","coordinates":[100.47785,13.7581]}},{"type":"Feature","properties":{"title":"ทางม้าลาย ใกล้ซอยพรานนก 19","info":["ถนน: ถนนพรานนก","เขต: บางกอกน้อย","จำนวนช่องจราจร: 6","ไฟกดข้าม: ไม่มี"],"district":"บางกอกน้อย"},"geometry":{"type":"Point","coordinates":[100.477,13.75548]}},{"type":"Feature","properties":{"title":"ทางม้าลาย ใกล้ซอยพรานนก 13","info":["ถนน: ถนนพรานนก","เขต: บางกอกน้อย","จำนวนช่องจราจร: 6","ไฟกดข้าม: ไม่มี"],"district":"บางกอกน้อย"},"geometry":{"type":"Point","coordinates":[100.47597,13.75548]}},{"type":"Feature","properties":{"title":"ทางม้าลาย ใกล้ทางเข้าวัดอมรทายิการาม (วัดใหม่ยายมอญ)","info":["ถนน: ถนนสุทธาวาส","เขต: บางกอกน้อย","จำนวนช่องจราจร: 4","ไฟกดข้าม: ไม่มี"],"district":"บางกอกน้อย"},"geometry":{"type":"Point","coordinates":[100.47556,13.76097]}},{"type":"Feature","properties":{"title":"ทางม้าลาย หน้าตลาดไชยทิศ","info":["ถนน: ถนนเลียบทางรถไฟตลิ่งชัน","เขต: บางกอกน้อย","จำนวนช่องจราจร: 4","ไฟกดข้าม: ไม่มี"],"district":"บางกอกน้อย"},"geometry":{"type":"Point","coordinates":[100.4649,13.76904]}},{"type":"Feature","properties":{"title":"ทางม้าลาย ใกล้ซอยบางขุนนนท์ 6","info":["ถนน: ถนนบางขุนนนท์","เขต: บางกอกน้อย","จำนวนช่องจราจร: 4","ไฟกดข้าม: ไม่มี"],"district":"บางกอกน้อย"},"geometry":{"type":"Point","coordinates":[100.47169,13.76643]}},{"type":"Feature","properties":{"title":"ทางม้าลาย ทางข้ามใกล้ห้างบิ๊กซี","info":["ถนน: ถนนอิสรภาพ","เขต: ธนบุรี","จำนวนช่องจราจร: 4","ไฟกดข้าม: ไม่มี"],"district":"ธนบุรี"},"geometry":{"type":"Point","coordinates":[100.49259,13.73247]}},{"type":"Feature","properties":{"title":"ทางม้าลาย ทางข้ามปากซอยอิรสภาพ 15","info":["ถนน: ถนนอิสรภาพ","เขต: ธนบุรี","จำนวนช่องจราจร: 4","ไฟกดข้าม: ไม่มี"],"district":"ธนบุรี"},"geometry":{"type":"Point","coordinates":[100.4911,13.73353]}},{"type":"Feature","properties":{"title":"ทางม้าลาย ทางข้ามวุฒากาศ 16","info":["ถนน: ถนนวุฒากาศ","เขต: ธนบุรี","จำนวนช่องจราจร: 4","ไฟกดข้าม: ไม่มี"],"district":"ธนบุรี"},"geometry":{"type":"Point","coordinates":[100.47158,13.7137]}},{"type":"Feature","properties":{"title":"ทางม้าลาย ทางข้ามซอยวุฒากาศ 8","info":["ถนน: ถนนวุฒากาศ","เขต: ธนบุรี","จำนวนช่องจราจร: 4","ไฟกดข้าม: ไม่มี"],"district":"ธนบุรี"},"geometry":{"type":"Point","coordinates":[100.47217,13.71622]}},{"type":"Feature","properties":{"title":"ทางม้าลาย ทางข้ามใกล้บรรจงการค้า","info":["ถนน: ถนนวุฒากาศ","เขต: ธนบุรี","จำนวนช่องจราจร: 4","ไฟกดข้าม: ไม่มี"],"district":"ธนบุรี"},"geometry":{"type":"Point","coordinates":[100.47241,13.7186]}},{"type":"Feature","properties":{"title":"ทางม้าลาย ทางข้ามวุฒากาศตัดเทอดไท","info":["ถนน: ถนนวุฒากาศ","เขต: ธนบุรี","จำนวนช่องจราจร: 4","ไฟกดข้าม: ไม่มี"],"district":"ธนบุรี"},"geometry":{"type":"Point","coordinates":[100.4725,13.71945]}},{"type":"Feature","properties":{"title":"ทางม้าลาย ทางข้ามบริเวณแยกเชื่อมถนนพระรามที่ 2","info":["ถนน: ถนนบางกระดี่","เขต: บางขุนเทียน","จำนวนช่องจราจร: 0","ไฟกดข้าม: ไม่มี"],"district":"บางขุนเทียน"},"geometry":{"type":"Point","coordinates":[100.3998,13.6321]}},{"type":"Feature","properties":{"title":"ทางม้าลาย ทางข้ามบริเวณใกล้ซอยบางกระดี่ 1","info":["ถนน: ถนนบางกระดี่","เขต: บางขุนเทียน","จำนวนช่องจราจร: 0","ไฟกดข้าม: ไม่มี"],"district":"บางขุนเทียน"},"geometry":{"type":"Point","coordinates":[100.3998,13.631]}},{"type":"Feature","properties":{"title":"ทางม้าลาย ทางข้ามบริเวณใกล้ซอยบางกระดี่ 3","info":["ถนน: ถนนบางกระดี่","เขต: บางขุนเทียน","จำนวนช่องจราจร: 0","ไฟกดข้าม: ไม่มี"],"district":"บางขุนเทียน"},"geometry":{"type":"Point","coordinates":[100.3999,13.6301]}},{"type":"Feature","properties":{"title":"ทางม้าลาย ทางข้ามบริเวณใกล้ซอยบางกระดี่ 8","info":["ถนน: ถนนบางกระดี่","เขต: บางขุนเทียน","จำนวนช่องจราจร: 0","ไฟกดข้าม: ไม่มี"],"district":"บางขุนเทียน"},"geometry":{"type":"Point","coordinates":[100.4006,13.623]}},{"type":"Feature","properties":{"title":"ทางม้าลาย ทางข้ามบริเวณใกล้ซอยบางกระดี่ 10","info":["ถนน: ถนนบางกระดี่","เขต: บางขุนเทียน","จำนวนช่องจราจร: 0","ไฟกดข้าม: ไม่มี"],"district":"บางขุนเทียน"},"geometry":{"type":"Point","coordinates":[100.401,13.6213]}},{"type":"Feature","properties":{"title":"ทางม้าลาย ทางข้ามบริเวณใกล้ซอยบางกระดี่ 16","info":["ถนน: ถนนบางกระดี่","เขต: บางขุนเทียน","จำนวนช่องจราจร: 0","ไฟกดข้าม: ไม่มี"],"district":"บางขุนเทียน"},"geometry":{"type":"Point","coordinates":[100.4015,13.6193]}},{"type":"Feature","properties":{"title":"ทางม้าลาย ทางข้ามบริเวณใกล้ซอยบางกระดี่ 30 ร้านมินิมาร์ท JC","info":["ถนน: ถนนบางกระดี่","เขต: บางขุนเทียน","จำนวนช่องจราจร: 0","ไฟกดข้าม: ไม่มี"],"district":"บางขุนเทียน"},"geometry":{"type":"Point","coordinates":[100.4033,13.6071]}},{"type":"Feature","properties":{"title":"ทางม้าลาย ทางข้ามบริเวณใกล้ซอยบางกระดี่ 43","info":["ถนน: ถนนบางกระดี่","เขต: บางขุนเทียน","จำนวนช่องจราจร: 0","ไฟกดข้าม: ไม่มี"],"district":"บางขุนเทียน"},"geometry":{"type":"Point","coordinates":[100.4037,13.6039]}},{"type":"Feature","properties":{"title":"ทางม้าลาย ทางข้ามบริเวณหน้า รร.ปัญญาศักดิ์ บางบอน","info":["ถนน: ถนนบางบอน 5","เขต: บางบอน","จำนวนช่องจราจร: 0","ไฟกดข้าม: ไม่มี"],"district":"บางบอน"},"geometry":{"type":"Point","coordinates":[100.362,13.6466]}},{"type":"Feature","properties":{"title":"ทางม้าลาย ทางข้ามบริเวณใกล้ซอยบางบอน5 ซอย10","info":["ถนน: ถนนบางบอน 5","เขต: บางบอน","จำนวนช่องจราจร: 0","ไฟกดข้าม: ไม่มี"],"district":"บางบอน"},"geometry":{"type":"Point","coordinates":[100.3598,13.6482]}},{"type":"Feature","properties":{"title":"ทางม้าลาย ทางข้ามบริเวณแยกเชื่อมซอยบางบอน 5 ซอย5","info":["ถนน: ถนนบางบอน 5","เขต: บางบอน","จำนวนช่องจราจร: 0","ไฟกดข้าม: ไม่มี"],"district":"บางบอน"},"geometry":{"type":"Point","coordinates":[100.3583,13.6494]}},{"type":"Feature","properties":{"title":"ทางม้าลาย ทางข้ามบริเวณแยกเชื่อมซอยบางบอน 5 ซอย7","info":["ถนน: ถนนบางบอน 5","เขต: บางบอน","จำนวนช่องจราจร: 0","ไฟกดข้าม: ไม่มี"],"district":"บางบอน"},"geometry":{"type":"Point","coordinates":[100.3541,13.6532]}},{"type":"Feature","properties":{"title":"ทางม้าลาย ทางข้ามบริเวณแยกเชื่อมถนนพรหมราษฎร์","info":["ถนน: ถนนพรมแดน (เอกชัย 131)","เขต: บางบอน","จำนวนช่องจราจร: 0","ไฟกดข้าม: ไม่มี"],"district":"บางบอน"},"geometry":{"type":"Point","coordinates":[100.3763,13.6302]}},{"type":"Feature","properties":{"title":"ทางม้าลาย ทางข้ามบริเวณหน้า รร.สถานีพรมแดน","info":["ถนน: ถนนพรมแดน (เอกชัย 131)","เขต: บางบอน","จำนวนช่องจราจร: 0","ไฟกดข้าม: ไม่มี"],"district":"บางบอน"},"geometry":{"type":"Point","coordinates":[100.38,13.6248]}},{"type":"Feature","properties":{"title":"ทางม้าลาย ทางข้ามบริเวณหน้าศูนย์กระจายสินค้าอินเด็กซ์","info":["ถนน: ถนนพรมแดน (เอกชัย 131)","เขต: บางบอน","จำนวนช่องจราจร: 0","ไฟกดข้าม: ไม่มี"],"district":"บางบอน"},"geometry":{"type":"Point","coordinates":[100.3787,13.6272]}},{"type":"Feature","properties":{"title":"ทางม้าลาย ทางข้ามบริเวณหน้าหมู่บ้านตวงทอง 1","info":["ถนน: ถนนพรมแดน (เอกชัย 131)","เขต: บางบอน","จำนวนช่องจราจร: 0","ไฟกดข้าม: ไม่มี"],"district":"บางบอน"},"geometry":{"type":"Point","coordinates":[100.3732,13.6356]}},{"type":"Feature","properties":{"title":"ทางม้าลาย ทางข้ามบริเวณแยกเชื่อมถนนเอกชัย","info":["ถนน: ถนนพรมแดน (เอกชัย 131)","เขต: บางบอน","จำนวนช่องจราจร: 0","ไฟกดข้าม: ไม่มี"],"district":"บางบอน"},"geometry":{"type":"Point","coordinates":[100.372,13.6384]}},{"type":"Feature","properties":{"title":"ทางม้าลาย ทางข้ามบริเวณแยกเชื่อมถนนเอกชัย","info":["ถนน: ถนนบางบอน 3","เขต: บางบอน","จำนวนช่องจราจร: 0","ไฟกดข้าม: ไม่มี"],"district":"บางบอน"},"geometry":{"type":"Point","coordinates":[100.3866,13.6504]}},{"type":"Feature","properties":{"title":"ทางม้าลาย ทางข้ามบริเวณหน้า รร.สารสาสท์วิเทศบางบอน","info":["ถนน: ถนนบางบอน 3","เขต: บางบอน","จำนวนช่องจราจร: 0","ไฟกดข้าม: ไม่มี"],"district":"บางบอน"},"geometry":{"type":"Point","coordinates":[100.3847,13.6621]}},{"type":"Feature","properties":{"title":"ทางม้าลาย ทางข้ามบริเวณใกล้ซอยบางบอน3 ซอย5","info":["ถนน: ถนนบางบอน 3","เขต: บางบอน","จำนวนช่องจราจร: 0","ไฟกดข้าม: ไม่มี"],"district":"บางบอน"},"geometry":{"type":"Point","coordinates":[100.3849,13.6678]}},{"type":"Feature","properties":{"title":"ทางม้าลาย ทางข้ามบริเวณแยกเชื่อมถนนเอกชัย","info":["ถนน: ถนนบางบอน 2","เขต: บางบอน","จำนวนช่องจราจร: 0","ไฟกดข้าม: ไม่มี"],"district":"บางบอน"},"geometry":{"type":"Point","coordinates":[100.4078,13.6643]}},{"type":"Feature","properties":{"title":"ทางม้าลาย ทางข้ามบริเวณหน้า รร.วิชัยวิทยา","info":["ถนน: ซอยเอกชัย 69","เขต: บางบอน","จำนวนช่องจราจร: 0","ไฟกดข้าม: ไม่มี"],"district":"บางบอน"},"geometry":{"type":"Point","coordinates":[100.4354,13.6768]}},{"type":"Feature","properties":{"title":"ทางม้าลาย ใกล้พุทธมณฑลสาย 2 ซอย 21/1 และซอย 24","info":["ถนน: ถนนพุทธมณฑลสาย 2","เขต: ทวีวัฒนา","จำนวนช่องจราจร: 6","ไฟกดข้าม: มี"],"district":"ทวีวัฒนา"},"geometry":{"type":"Point","coordinates":[100.39483,13.77146]}},{"type":"Feature","properties":{"title":"ทางม้าลาย แยกถนนกาญจนาภิเษก","info":["ถนน: ถนนราชมนตรี","เขต: บางแค","จำนวนช่องจราจร: 2","ไฟกดข้าม: ไม่มี"],"district":"บางแค"},"geometry":{"type":"Point","coordinates":[100.40628,13.7315]}},{"type":"Feature","properties":{"title":"ทางม้าลาย แยกถนนเพชรเกษม","info":["ถนน: ถนนบางแค","เขต: บางแค","จำนวนช่องจราจร: 2","ไฟกดข้าม: ไม่มี"],"district":"บางแค"},"geometry":{"type":"Point","coordinates":[100.42084,13.71169]}},{"type":"Feature","properties":{"title":"ทางม้าลาย หน้าร้าน 7- ELEVEN","info":["ถนน: ถนนบางแค","เขต: บางแค","จำนวนช่องจราจร: 2","ไฟกดข้าม: ไม่มี"],"district":"บางแค"},"geometry":{"type":"Point","coordinates":[100.4208,13.71053]}},{"type":"Feature","properties":{"title":"ทางม้าลาย บ้านเลขที่ 48/9 (ซอย 1)","info":["ถนน: ถนนบางแค","เขต: บางแค","จำนวนช่องจราจร: 2","ไฟกดข้าม: ไม่มี"],"district":"บางแค"},"geometry":{"type":"Point","coordinates":[100.42083,13.71048]}},{"type":"Feature","properties":{"title":"ทางม้าลาย โรงเรียนอุ่นจิตอนุสรณ์","info":["ถนน: ถนนบางแค","เขต: บางแค","จำนวนช่องจราจร: 2","ไฟกดข้าม: ไม่มี"],"district":"บางแค"},"geometry":{"type":"Point","coordinates":[100.42077,13.70855]}},{"type":"Feature","properties":{"title":"ทางม้าลาย แยกพัฒนาการ","info":["ถนน: ถนนบางแค","เขต: บางแค","จำนวนช่องจราจร: 2","ไฟกดข้าม: ไม่มี"],"district":"บางแค"},"geometry":{"type":"Point","coordinates":[100.42148,13.70359]}},{"type":"Feature","properties":{"title":"ทางม้าลาย ธนาคารไทยพาณิชย์","info":["ถนน: ถนนบางแค","เขต: บางแค","จำนวนช่องจราจร: 2","ไฟกดข้าม: ไม่มี"],"district":"บางแค"},"geometry":{"type":"Point","coordinates":[100.4211,13.70163]}},{"type":"Feature","properties":{"title":"ทางม้าลาย ร้านเนื้อนัว มาสเตอร์ครีน","info":["ถนน: ถนนบางแค","เขต: บางแค","จำนวนช่องจราจร: 2","ไฟกดข้าม: ไม่มี"],"district":"บางแค"},"geometry":{"type":"Point","coordinates":[100.42168,13.69608]}},{"type":"Feature","properties":{"title":"ทางม้าลาย แยกหนองใหญ่ (ซอย 7)","info":["ถนน: ถนนบางแค","เขต: บางแค","จำนวนช่องจราจร: 2","ไฟกดข้าม: ไม่มี"],"district":"บางแค"},"geometry":{"type":"Point","coordinates":[100.42199,13.6951]}},{"type":"Feature","properties":{"title":"ทางม้าลาย ใกล้ซอยบางขุนนนท์ 14","info":["ถนน: ถนนบางขุนนนท์","เขต: บางกอกน้อย","จำนวนช่องจราจร: 4","ไฟกดข้าม: ไม่มี"],"district":"บางกอกน้อย"},"geometry":{"type":"Point","coordinates":[100.46904,13.76973]}},{"type":"Feature","properties":{"title":"ทางม้าลาย หน้าการยางแห่งประเทศไทย","info":["ถนน: ถนนบางขุนนนท์","เขต: บางกอกน้อย","จำนวนช่องจราจร: 4","ไฟกดข้าม: มี"],"district":"บางกอกน้อย"},"geometry":{"type":"Point","coordinates":[100.46793,13.77172]}},{"type":"Feature","properties":{"title":"ทางม้าลาย ใกล้ซอยบางขุนนนท์ 29","info":["ถนน: ถนนบางขุนนนท์","เขต: บางกอกน้อย","จำนวนช่องจราจร: 4","ไฟกดข้าม: มี"],"district":"บางกอกน้อย"},"geometry":{"type":"Point","coordinates":[100.4667,13.77416]}},{"type":"Feature","properties":{"title":"ทางม้าลาย ใกล้ซอยวังหลัง 21","info":["ถนน: ถนนวังหลัง","เขต: บางกอกน้อย","จำนวนช่องจราจร: 4","ไฟกดข้าม: ไม่มี"],"district":"บางกอกน้อย"},"geometry":{"type":"Point","coordinates":[100.47858,13.75562]}},{"type":"Feature","properties":{"title":"ทางม้าลาย ใกล้ซอยวังหลัง 13","info":["ถนน: ถนนวังหลัง","เขต: บางกอกน้อย","จำนวนช่องจราจร: 4","ไฟกดข้าม: ไม่มี"],"district":"บางกอกน้อย"},"geometry":{"type":"Point","coordinates":[100.48023,13.75578]}},{"type":"Feature","properties":{"title":"ทางม้าลาย ใกล้ซอยวังหลัง 9","info":["ถนน: ถนนวังหลัง","เขต: บางกอกน้อย","จำนวนช่องจราจร: 4","ไฟกดข้าม: ไม่มี"],"district":"บางกอกน้อย"},"geometry":{"type":"Point","coordinates":[100.48128,13.75588]}},{"type":"Feature","properties":{"title":"ทางม้าลาย ใกล้ซอยวังหลัง 7","info":["ถนน: ถนนวังหลัง","เขต: บางกอกน้อย","จำนวนช่องจราจร: 4","ไฟกดข้าม: ไม่มี"],"district":"บางกอกน้อย"},"geometry":{"type":"Point","coordinates":[100.4824,13.756]}},{"type":"Feature","properties":{"title":"ทางม้าลาย หน้าตึกอานันทมหิดล (โรงพยาบาลศิริราช)","info":["ถนน: ถนนวังหลัง","เขต: บางกอกน้อย","จำนวนช่องจราจร: 4","ไฟกดข้าม: ไม่มี"],"district":"บางกอกน้อย"},"geometry":{"type":"Point","coordinates":[100.48474,13.7561]}},{"type":"Feature","properties":{"title":"ทางม้าลาย หน้าตึกท่านผู้หญิงวิจิตรา (โรงพยาบาลศิริราช)","info":["ถนน: ถนนวังหลัง","เขต: บางกอกน้อย","จำนวนช่องจราจร: 4","ไฟกดข้าม: ไม่มี"],"district":"บางกอกน้อย"},"geometry":{"type":"Point","coordinates":[100.48564,13.75617]}},{"type":"Feature","properties":{"title":"ทางม้าลาย หน้าคณะพยาบาลศาสตร์ (โรงพยาบาลศิริราช)","info":["ถนน: ถนนวังหลัง","เขต: บางกอกน้อย","จำนวนช่องจราจร: 4","ไฟกดข้าม: ไม่มี"],"district":"บางกอกน้อย"},"geometry":{"type":"Point","coordinates":[100.48564,13.75617]}},{"type":"Feature","properties":{"title":"ทางม้าลาย ทางข้ามบริเวณแยกเชื่อมถนนบางกระดี่","info":["ถนน: ซอยบางกระดี่ 32","เขต: บางขุนเทียน","จำนวนช่องจราจร: 0","ไฟกดข้าม: ไม่มี"],"district":"บางขุนเทียน"},"geometry":{"type":"Point","coordinates":[100.4031,13.6066]}},{"type":"Feature","properties":{"title":"ทางม้าลาย ทางข้ามบริเวณใกล้ บริษัท ชัยบูลย์รัตน์ ใกล้เทียนทะเล 5","info":["ถนน: ถนนบางขุนเทียนชายทะเล","เขต: บางขุนเทียน","จำนวนช่องจราจร: 0","ไฟกดข้าม: ไม่มี"],"district":"บางขุนเทียน"},"geometry":{"type":"Point","coordinates":[100.4318,13.644]}},{"type":"Feature","properties":{"title":"ทางม้าลาย ทางข้ามบริเวณใกล้ซอยเทียนทะเล 9/1","info":["ถนน: ถนนบางขุนเทียนชายทะเล","เขต: บางขุนเทียน","จำนวนช่องจราจร: 0","ไฟกดข้าม: ไม่มี"],"district":"บางขุนเทียน"},"geometry":{"type":"Point","coordinates":[100.4327,13.6379]}},{"type":"Feature","properties":{"title":"ทางม้าลาย ทางข้ามบริเวณแยกเชื่อมถนนสะแกงาม","info":["ถนน: ถนนบางขุนเทียนชายทะเล","เขต: บางขุนเทียน","จำนวนช่องจราจร: 0","ไฟกดข้าม: ไม่มี"],"district":"บางขุนเทียน"},"geometry":{"type":"Point","coordinates":[100.4342,13.6299]}},{"type":"Feature","properties":{"title":"ทางม้าลาย ทางข้ามบริเวณหน้าสำนักงานขนส่งพื้นที่ 1","info":["ถนน: ถนนบางขุนเทียนชายทะเล","เขต: บางขุนเทียน","จำนวนช่องจราจร: 0","ไฟกดข้าม: ไม่มี"],"district":"บางขุนเทียน"},"geometry":{"type":"Point","coordinates":[100.4379,13.6206]}},{"type":"Feature","properties":{"title":"ทางม้าลาย ทางข้ามบริเวณหน้า บริษัท เอเพ็กซ์ (ตลาดดีดีเทียนทะเล)","info":["ถนน: ถนนบางขุนเทียนชายทะเล","เขต: บางขุนเทียน","จำนวนช่องจราจร: 0","ไฟกดข้าม: ไม่มี"],"district":"บางขุนเทียน"},"geometry":{"type":"Point","coordinates":[100.437,13.6117]}},{"type":"Feature","properties":{"title":"ทางม้าลาย ทางข้ามบริเวณหน้าวัดปทีปพลีผล","info":["ถนน: ถนนบางขุนเทียนชายทะเล","เขต: บางขุนเทียน","จำนวนช่องจราจร: 0","ไฟกดข้าม: ไม่มี"],"district":"บางขุนเทียน"},"geometry":{"type":"Point","coordinates":[100.4357,13.6078]}},{"type":"Feature","properties":{"title":"ทางม้าลาย ทางข้ามบริเวณใกล้ซอยเทียนทะเล 26","info":["ถนน: ถนนบางขุนเทียนชายทะเล","เขต: บางขุนเทียน","จำนวนช่องจราจร: 0","ไฟกดข้าม: ไม่มี"],"district":"บางขุนเทียน"},"geometry":{"type":"Point","coordinates":[100.4349,13.6051]}},{"type":"Feature","properties":{"title":"ทางม้าลาย ทางข้ามบริเวณใกล้ซอยเทียนทะเล 28","info":["ถนน: ถนนบางขุนเทียนชายทะเล","เขต: บางขุนเทียน","จำนวนช่องจราจร: 0","ไฟกดข้าม: ไม่มี"],"district":"บางขุนเทียน"},"geometry":{"type":"Point","coordinates":[100.4326,13.5985]}},{"type":"Feature","properties":{"title":"ทางม้าลาย ทางข้ามบริเวณแยกเข้า รร. ทวีธาภิเศก 2","info":["ถนน: ถนนบางขุนเทียนชายทะเล","เขต: บางขุนเทียน","จำนวนช่องจราจร: 0","ไฟกดข้าม: ไม่มี"],"district":"บางขุนเทียน"},"geometry":{"type":"Point","coordinates":[100.4259,13.58]}},{"type":"Feature","properties":{"title":"ทางม้าลาย ทางข้ามบริเวณหน้า รพ. ผู้สูงอายุบางขุนเทียน","info":["ถนน: ถนนบางขุนเทียนชายทะเล","เขต: บางขุนเทียน","จำนวนช่องจราจร: 0","ไฟกดข้าม: ไม่มี"],"district":"บางขุนเทียน"},"geometry":{"type":"Point","coordinates":[100.4225,13.5728]}},{"type":"Feature","properties":{"title":"ทางม้าลาย ทางข้ามบริเวณใกล้ซอยเทียนทะเล 25","info":["ถนน: ถนนบางขุนเทียนชายทะเล","เขต: บางขุนเทียน","จำนวนช่องจราจร: 0","ไฟกดข้าม: ไม่มี"],"district":"บางขุนเทียน"},"geometry":{"type":"Point","coordinates":[100.4194,13.5632]}},{"type":"Feature","properties":{"title":"ทางม้าลาย ทางข้ามบริเวณหน้าร้านไทยพันธุ์แท้สะแกงาม","info":["ถนน: ถนนสะแกงาม","เขต: บางขุนเทียน","จำนวนช่องจราจร: 0","ไฟกดข้าม: ไม่มี"],"district":"บางขุนเทียน"},"geometry":{"type":"Point","coordinates":[100.4327,13.63]}},{"type":"Feature","properties":{"title":"ทางม้าลาย ทางข้ามบริเวณใกล้ซอยสะแกงาม 35/3","info":["ถนน: ถนนสะแกงาม","เขต: บางขุนเทียน","จำนวนช่องจราจร: 0","ไฟกดข้าม: ไม่มี"],"district":"บางขุนเทียน"},"geometry":{"type":"Point","coordinates":[100.427,13.6331]}},{"type":"Feature","properties":{"title":"ทางม้าลาย ซอยกรุงเทพกรีฑา 19","info":["ถนน: ถนนกรุงเทพกรีฑา","เขต: สะพานสูง","จำนวนช่องจราจร: 2","ไฟกดข้าม: ไม่มี"],"district":"สะพานสูง"},"geometry":{"type":"Point","coordinates":[100.67279,13.74375]}},{"type":"Feature","properties":{"title":"ทางม้าลาย ทางแยกถนนประชาสำราญ","info":["ถนน: ถนนแสนเกษม","เขต: หนองจอก","จำนวนช่องจราจร: 2","ไฟกดข้าม: ไม่มี"],"district":"หนองจอก"},"geometry":{"type":"Point","coordinates":[100.86317,13.8948]}},{"type":"Feature","properties":{"title":"ทางม้าลาย ซอยสายไหม 56/1","info":["ถนน: ถนนสายไหม","เขต: สายไหม","จำนวนช่องจราจร: 4","ไฟกดข้าม: ไม่มี"],"district":"สายไหม"},"geometry":{"type":"Point","coordinates":[100.66128,13.92113]}},{"type":"Feature","properties":{"title":"ทางม้าลาย รร.ศิริวัฒน์วิทยา","info":["ถนน: ถนนเพิ่มสิน","เขต: สายไหม","จำนวนช่องจราจร: 4","ไฟกดข้าม: ไม่มี"],"district":"สายไหม"},"geometry":{"type":"Point","coordinates":[100.64438,13.90206]}},{"type":"Feature","properties":{"title":"ทางม้าลาย ศูนย์บริการสาธารณสุข 61","info":["ถนน: ซอยสายไหม 43","เขต: สายไหม","จำนวนช่องจราจร: 4","ไฟกดข้าม: ไม่มี"],"district":"สายไหม"},"geometry":{"type":"Point","coordinates":[100.65906,13.92851]}},{"type":"Feature","properties":{"title":"ทางม้าลาย ไปรษณีย์ลาดพร้าว","info":["ถนน: ถนนลาดพร้าว","เขต: วังทองหลาง","จำนวนช่องจราจร: 4","ไฟกดข้าม: ไม่มี"],"district":"วังทองหลาง"},"geometry":{"type":"Point","coordinates":[100.60291,13.78979]}},{"type":"Feature","properties":{"title":"ทางม้าลาย ซอยรามคำแหง 179 , 162/1 (หมู่บ้านสัมมากร)","info":["ถนน: ถนนรามคำแหง","เขต: สะพานสูง","จำนวนช่องจราจร: 6","ไฟกดข้าม: ไม่มี"],"district":"สะพานสูง"},"geometry":{"type":"Point","coordinates":[100.70545,13.79451]}},{"type":"Feature","properties":{"title":"ทางม้าลาย ซอยราษฎร์พัฒนา 31","info":["ถนน: ถนนราษฎร์พัฒนา","เขต: สะพานสูง","จำนวนช่องจราจร: 4","ไฟกดข้าม: ไม่มี"],"district":"สะพานสูง"},"geometry":{"type":"Point","coordinates":[100.69772,13.76824]}},{"type":"Feature","properties":{"title":"ทางม้าลาย สำนักงานเขตวังทองหลาง","info":["ถนน: ถนนรามคำแหง 39","เขต: วังทองหลาง","จำนวนช่องจราจร: 4","ไฟกดข้าม: ไม่มี"],"district":"วังทองหลาง"},"geometry":{"type":"Point","coordinates":[100.60583,13.76452]}},{"type":"Feature","properties":{"title":"ทางม้าลาย หน้าอาคารธนาคารกสิกรไทย","info":["ถนน: ถนนสุรวงศ์","เขต: บางรัก","จำนวนช่องจราจร: 4","ไฟกดข้าม: ไม่มี"],"district":"บางรัก"},"geometry":{"type":"Point","coordinates":[100.53239,13.73018]}},{"type":"Feature","properties":{"title":"ทางม้าลาย โรงเรียนอนุบาลศรีศึกษา.","info":["ถนน: ถนนทางรถไฟสายเก่าปากน้ำ","เขต: บางนา","จำนวนช่องจราจร: 2","ไฟกดข้าม: มี"],"district":"บางนา"},"geometry":{"type":"Point","coordinates":[100.59128,13.67235]}},{"type":"Feature","properties":{"title":"ทางม้าลาย ซอยจ่าโสดแยก 12","info":["ถนน: ถนนทางรถไฟสายเก่าปากน้ำ","เขต: บางนา","จำนวนช่องจราจร: 2","ไฟกดข้าม: มี"],"district":"บางนา"},"geometry":{"type":"Point","coordinates":[100.59192,13.66549]}},{"type":"Feature","properties":{"title":"ทางม้าลาย ซอยสรรพาวุธ 1 (บ้านพักกรมสรรพวุธทหารเรือ)","info":["ถนน: ถนนทางรถไฟสายเก่าปากน้ำ","เขต: บางนา","จำนวนช่องจราจร: 2","ไฟกดข้าม: มี"],"district":"บางนา"},"geometry":{"type":"Point","coordinates":[100.59145,13.671]}},{"type":"Feature","properties":{"title":"ทางม้าลาย ซอยสรรพาวุธ 2 (โรงพยาบาลทหารเรือ)","info":["ถนน: ถนนทางรถไฟสายเก่าปากน้ำ","เขต: บางนา","จำนวนช่องจราจร: 2","ไฟกดข้าม: มี"],"district":"บางนา"},"geometry":{"type":"Point","coordinates":[100.59151,13.67012]}},{"type":"Feature","properties":{"title":"ทางม้าลาย โรงเรียนสรรพาวุธวิทยา","info":["ถนน: ถนนทางรถไฟสายเก่าปากน้ำ","เขต: บางนา","จำนวนช่องจราจร: 2","ไฟกดข้าม: มี"],"district":"บางนา"},"geometry":{"type":"Point","coordinates":[100.59209,13.66415]}},{"type":"Feature","properties":{"title":"ทางม้าลาย ปากซอยสุขุมวิท 105 (สามแยกลาซาล)","info":["ถนน: ถนนลาซาล","เขต: บางนา","จำนวนช่องจราจร: 2","ไฟกดข้าม: มี"],"district":"บางนา"},"geometry":{"type":"Point","coordinates":[100.60238,13.66222]}},{"type":"Feature","properties":{"title":"ทางม้าลาย ปากทางแยกลาซาล.21-23 (เคยมี/ยกเลิก?)","info":["ถนน: ถนนลาซาล","เขต: บางนา","จำนวนช่องจราจร: 2","ไฟกดข้าม: มี"],"district":"บางนา"},"geometry":{"type":"Point","coordinates":[100.61319,13.66383]}},{"type":"Feature","properties":{"title":"ทางม้าลาย ซอยลาซาล 29 (ร้านกาแฟอินทนิน)","info":["ถนน: ถนนลาซาล","เขต: บางนา","จำนวนช่องจราจร: 4","ไฟกดข้าม: มี"],"district":"บางนา"},"geometry":{"type":"Point","coordinates":[100.61691,13.66291]}},{"type":"Feature","properties":{"title":"ทางม้าลาย โรงเรียนบางกอกพัฒนา-ซอยลาซาล.36","info":["ถนน: ถนนลาซาล","เขต: บางนา","จำนวนช่องจราจร: 4","ไฟกดข้าม: มี"],"district":"บางนา"},"geometry":{"type":"Point","coordinates":[100.62201,13.6616]}},{"type":"Feature","properties":{"title":"ทางม้าลาย โรงเรียนผ่องพลอยอนุสรณ์ (ลาซาล 55)","info":["ถนน: ถนนลาซาล","เขต: บางนา","จำนวนช่องจราจร: 2","ไฟกดข้าม: มี"],"district":"บางนา"},"geometry":{"type":"Point","coordinates":[100.6301,13.66121]}},{"type":"Feature","properties":{"title":"ทางม้าลาย ทางข้ามหน้าวัดสังข์กระจาย","info":["ถนน: ถนนเพชรเกษม ซอย 4","เขต: บางกอกใหญ่","จำนวนช่องจราจร: 2","ไฟกดข้าม: ไม่มี"],"district":"บางกอกใหญ่"},"geometry":{"type":"Point","coordinates":[100.4841,13.734]}},{"type":"Feature","properties":{"title":"ทางม้าลาย ทางข้ามหน้าโรงเรียวัดราชสิทธาราม","info":["ถนน: ถนนเพชรเกษม ซอย 4","เขต: บางกอกใหญ่","จำนวนช่องจราจร: 2","ไฟกดข้าม: ไม่มี"],"district":"บางกอกใหญ่"},"geometry":{"type":"Point","coordinates":[100.4853,13.7353]}},{"type":"Feature","properties":{"title":"ทางม้าลาย ทางข้ามปากซอยอิสรภาพ 21","info":["ถนน: ถนนเพชรเกษม ซอย 4","เขต: บางกอกใหญ่","จำนวนช่องจราจร: 2","ไฟกดข้าม: ไม่มี"],"district":"บางกอกใหญ่"},"geometry":{"type":"Point","coordinates":[100.4864,13.7367]}},{"type":"Feature","properties":{"title":"ทางม้าลาย ทางข้ามบริเวณปากซอยจรัญสนิทวงศ์ 12","info":["ถนน: ถนนจรัญสนิทวงศ์","เขต: บางกอกใหญ่","จำนวนช่องจราจร: 2","ไฟกดข้าม: ไม่มี"],"district":"บางกอกใหญ่"},"geometry":{"type":"Point","coordinates":[100.4708,13.7404]}},{"type":"Feature","properties":{"title":"ทางม้าลาย ทางข้ามบริเวณปากซอยจรัญสนิทวงศ์ 6","info":["ถนน: ถนนจรัญสนิทวงศ์","เขต: บางกอกใหญ่","จำนวนช่องจราจร: 6","ไฟกดข้าม: ไม่มี"],"district":"บางกอกใหญ่"},"geometry":{"type":"Point","coordinates":[100.47136,13.73525]}},{"type":"Feature","properties":{"title":"ทางม้าลาย ทางข้ามบริเวณปากซอยจรัญสนิทวงศ์ 9/1","info":["ถนน: ถนนจรัญสนิทวงศ์","เขต: บางกอกใหญ่","จำนวนช่องจราจร: 6","ไฟกดข้าม: ไม่มี"],"district":"บางกอกใหญ่"},"geometry":{"type":"Point","coordinates":[100.47136,13.73525]}},{"type":"Feature","properties":{"title":"ทางม้าลาย ใกล้ซอยอิสรภาพ 30","info":["ถนน: ถนนอิสรภาพ","เขต: บางกอกใหญ่","จำนวนช่องจราจร: 4","ไฟกดข้าม: ไม่มี"],"district":"บางกอกใหญ่"},"geometry":{"type":"Point","coordinates":[100.4858,13.73739]}},{"type":"Feature","properties":{"title":"ทางม้าลาย ใกล้ซอยอิสรภาพ 36","info":["ถนน: ถนนอิสรภาพ","เขต: บางกอกใหญ่","จำนวนช่องจราจร: 4","ไฟกดข้าม: ไม่มี"],"district":"บางกอกใหญ่"},"geometry":{"type":"Point","coordinates":[100.4847,13.73903]}},{"type":"Feature","properties":{"title":"ทางม้าลาย ใกล้ซอยอิสรภาพ 42/1","info":["ถนน: ถนนอิสรภาพ","เขต: บางกอกใหญ่","จำนวนช่องจราจร: 4","ไฟกดข้าม: ไม่มี"],"district":"บางกอกใหญ่"},"geometry":{"type":"Point","coordinates":[100.4805,13.74496]}},{"type":"Feature","properties":{"title":"ทางม้าลาย แยกวังเดิม","info":["ถนน: ถนนอรุณอมรินทร์","เขต: บางกอกใหญ่","จำนวนช่องจราจร: 4","ไฟกดข้าม: ไม่มี"],"district":"บางกอกใหญ่"},"geometry":{"type":"Point","coordinates":[100.4875,13.74213]}},{"type":"Feature","properties":{"title":"ทางม้าลาย ทางข้ามบริเวณใกล้ซอยสะแกงาม 28 (วัดสะแกงาม)","info":["ถนน: ถนนสะแกงาม","เขต: บางขุนเทียน","จำนวนช่องจราจร: 0","ไฟกดข้าม: ไม่มี"],"district":"บางขุนเทียน"},"geometry":{"type":"Point","coordinates":[100.4205,13.6345]}},{"type":"Feature","properties":{"title":"ทางม้าลาย ทางข้ามบริเวณใกล้ซอยสะแกงาม 26","info":["ถนน: ถนนสะแกงาม","เขต: บางขุนเทียน","จำนวนช่องจราจร: 0","ไฟกดข้าม: ไม่มี"],"district":"บางขุนเทียน"},"geometry":{"type":"Point","coordinates":[100.4198,13.6351]}},{"type":"Feature","properties":{"title":"ทางม้าลาย ทางข้ามบริเวณแยกเชื่อมถนนพระรามที่ 2","info":["ถนน: ถนนสะแกงาม","เขต: บางขุนเทียน","จำนวนช่องจราจร: 0","ไฟกดข้าม: ไม่มี"],"district":"บางขุนเทียน"},"geometry":{"type":"Point","coordinates":[100.4133,13.6439]}},{"type":"Feature","properties":{"title":"ทางม้าลาย ทางข้ามบริเวณแยกเชื่อมถนนพระรามที่ 2","info":["ถนน: ถนนท่าข้าม","เขต: บางขุนเทียน","จำนวนช่องจราจร: 0","ไฟกดข้าม: ไม่มี"],"district":"บางขุนเทียน"},"geometry":{"type":"Point","coordinates":[100.4417,13.6635]}},{"type":"Feature","properties":{"title":"ทางม้าลาย ทางข้ามบริเวณหน้า รร. สมิทธิพงษ์","info":["ถนน: ถนนท่าข้าม","เขต: บางขุนเทียน","จำนวนช่องจราจร: 0","ไฟกดข้าม: ไม่มี"],"district":"บางขุนเทียน"},"geometry":{"type":"Point","coordinates":[100.44239,13.66226]}},{"type":"Feature","properties":{"title":"ทางม้าลาย ทางข้ามบริเวณใกล้ซอยท่าข้าม 4","info":["ถนน: ถนนท่าข้าม","เขต: บางขุนเทียน","จำนวนช่องจราจร: 0","ไฟกดข้าม: ไม่มี"],"district":"บางขุนเทียน"},"geometry":{"type":"Point","coordinates":[100.4423,13.6605]}},{"type":"Feature","properties":{"title":"ทางม้าลาย ทางข้ามบริเวณใกล้ซอยท่าข้าม 10 (หน้าตลาดมหาชน)","info":["ถนน: ถนนท่าข้าม","เขต: บางขุนเทียน","จำนวนช่องจราจร: 0","ไฟกดข้าม: ไม่มี"],"district":"บางขุนเทียน"},"geometry":{"type":"Point","coordinates":[100.4432,13.6525]}},{"type":"Feature","properties":{"title":"ทางม้าลาย ทางข้ามบริเวณใกล้ซอยท่าข้าม 7","info":["ถนน: ถนนท่าข้าม","เขต: บางขุนเทียน","จำนวนช่องจราจร: 0","ไฟกดข้าม: ไม่มี"],"district":"บางขุนเทียน"},"geometry":{"type":"Point","coordinates":[100.4433,13.6521]}},{"type":"Feature","properties":{"title":"ทางม้าลาย ทางข้ามบริเวณใกล้ซอยท่าข้าม 14","info":["ถนน: ถนนท่าข้าม","เขต: บางขุนเทียน","จำนวนช่องจราจร: 0","ไฟกดข้าม: ไม่มี"],"district":"บางขุนเทียน"},"geometry":{"type":"Point","coordinates":[100.4435,13.6504]}},{"type":"Feature","properties":{"title":"ทางม้าลาย ทางข้ามบริเวณใกล้ซอยท่าข้าม 28","info":["ถนน: ถนนท่าข้าม","เขต: บางขุนเทียน","จำนวนช่องจราจร: 0","ไฟกดข้าม: ไม่มี"],"district":"บางขุนเทียน"},"geometry":{"type":"Point","coordinates":[100.4442,13.6444]}},{"type":"Feature","properties":{"title":"ทางม้าลาย ทางข้ามบริเวณแยกเชื่อมถนนพระรามที่ 2","info":["ถนน: ถนนอนามัยงามเจริญ","เขต: บางขุนเทียน","จำนวนช่องจราจร: 0","ไฟกดข้าม: ไม่มี"],"district":"บางขุนเทียน"},"geometry":{"type":"Point","coordinates":[100.451,13.6685]}},{"type":"Feature","properties":{"title":"ทางม้าลาย ทางข้ามบริเวณแยกเชื่อมซอยอนามัยงามเจริญ 25","info":["ถนน: ถนนอนามัยงามเจริญ","เขต: บางขุนเทียน","จำนวนช่องจราจร: 0","ไฟกดข้าม: ไม่มี"],"district":"บางขุนเทียน"},"geometry":{"type":"Point","coordinates":[100.4487,13.6506]}},{"type":"Feature","properties":{"title":"ทางม้าลาย ทางข้ามบริเวณแยกเชื่อมซอยเทียนทะเล 7","info":["ถนน: ถนนอนามัยงามเจริญ","เขต: บางขุนเทียน","จำนวนช่องจราจร: 0","ไฟกดข้าม: ไม่มี"],"district":"บางขุนเทียน"},"geometry":{"type":"Point","coordinates":[100.4488,13.6376]}},{"type":"Feature","properties":{"title":"ทางม้าลาย ทางข้ามบริเวณแยกเชื่อมถนนเลียบทางด่วน","info":["ถนน: ถนนอนามัยงามเจริญ","เขต: บางขุนเทียน","จำนวนช่องจราจร: 0","ไฟกดข้าม: ไม่มี"],"district":"บางขุนเทียน"},"geometry":{"type":"Point","coordinates":[100.4504,13.6266]}},{"type":"Feature","properties":{"title":"ทางม้าลาย ซอยจรัญสนิทวงศ์ 42 แยก 5 (โรงเรียนบางยี่ขันวิทยาคม)","info":["ถนน: ถนนจรัญสนิทวงศ์","เขต: บางพลัด","จำนวนช่องจราจร: 2","ไฟกดข้าม: ไม่มี"],"district":"บางพลัด"},"geometry":{"type":"Point","coordinates":[100.49031,13.7755]}},{"type":"Feature","properties":{"title":"ทางม้าลาย ซอยจรัญสนิทวงศ์ 44 (โรงเรียนวัดคฤหบดี จันทรสถิตย์)","info":["ถนน: ถนนจรัญสนิทวงศ์","เขต: บางพลัด","จำนวนช่องจราจร: 1","ไฟกดข้าม: ไม่มี"],"district":"บางพลัด"},"geometry":{"type":"Point","coordinates":[100.49635,13.77224]}},{"type":"Feature","properties":{"title":"ทางม้าลาย ปากทางถนนเจ้าพระยาสยาม","info":["ถนน: ถนนราชวิถี","เขต: บางพลัด","จำนวนช่องจราจร: 2","ไฟกดข้าม: ไม่มี"],"district":"บางพลัด"},"geometry":{"type":"Point","coordinates":[100.49969,13.78241]}},{"type":"Feature","properties":{"title":"ทางม้าลาย ใกล้จุดกลับรถ ใต้สะพานข้ามแยกบางพลัด","info":["ถนน: ถนนราชวิถี","เขต: บางพลัด","จำนวนช่องจราจร: 6","ไฟกดข้าม: ไม่มี"],"district":"บางพลัด"},"geometry":{"type":"Point","coordinates":[100.49558,13.78403]}},{"type":"Feature","properties":{"title":"ทางม้าลาย ใกล้จุดกลับรถ ใต้สะพานพระราม 8","info":["ถนน: ถนนอรุณอมรินทร์","เขต: บางพลัด","จำนวนช่องจราจร: 6","ไฟกดข้าม: ไม่มี"],"district":"บางพลัด"},"geometry":{"type":"Point","coordinates":[100.49333,13.7708]}},{"type":"Feature","properties":{"title":"ทางม้าลาย ใกล้ซอยอรุณอมรินทร์ 47","info":["ถนน: ถนนอรุณอมรินทร์","เขต: บางพลัด","จำนวนช่องจราจร: 4","ไฟกดข้าม: ไม่มี"],"district":"บางพลัด"},"geometry":{"type":"Point","coordinates":[100.48757,13.77061]}},{"type":"Feature","properties":{"title":"ทางม้าลาย แยกอรุณอมรินทร์","info":["ถนน: ถนนอรุณอมรินทร์","เขต: บางพลัด","จำนวนช่องจราจร: 8","ไฟกดข้าม: ไม่มี"],"district":"บางพลัด"},"geometry":{"type":"Point","coordinates":[100.48607,13.76876]}},{"type":"Feature","properties":{"title":"ทางม้าลาย ซอยสมเด็จพระปิ่นเกล้า 2 (โรงเรียนศรีอุลัย)","info":["ถนน: ถนนอรุณอมรินทร์","เขต: บางพลัด","จำนวนช่องจราจร: 2","ไฟกดข้าม: ไม่มี"],"district":"บางพลัด"},"geometry":{"type":"Point","coordinates":[100.49105,13.76696]}},{"type":"Feature","properties":{"title":"ทางม้าลาย หน้าโรงเรียนธรรมภิรักษ์ (ใกล้คลองบางกอกน้อย)","info":["ถนน: ถนนรุ่งประชา","เขต: บางพลัด","จำนวนช่องจราจร: 2","ไฟกดข้าม: ไม่มี"],"district":"บางพลัด"},"geometry":{"type":"Point","coordinates":[100.47253,13.78615]}},{"type":"Feature","properties":{"title":"ทางม้าลาย หน้าโรงเรียนธรรมภิรักษ์","info":["ถนน: ถนนรุ่งประชา","เขต: บางพลัด","จำนวนช่องจราจร: 2","ไฟกดข้าม: ไม่มี"],"district":"บางพลัด"},"geometry":{"type":"Point","coordinates":[100.4722,13.78538]}},{"type":"Feature","properties":{"title":"ทางม้าลาย โรงเรียนลาซาล (ซอยลาซาล 61)","info":["ถนน: ถนนลาซาล","เขต: บางนา","จำนวนช่องจราจร: 4","ไฟกดข้าม: มี"],"district":"บางนา"},"geometry":{"type":"Point","coordinates":[100.63264,13.65879]}},{"type":"Feature","properties":{"title":"ทางม้าลาย ศูนย์การค้าลาซาลสแควร์","info":["ถนน: ถนนลาซาล","เขต: บางนา","จำนวนช่องจราจร: 4","ไฟกดข้าม: ไม่มี"],"district":"บางนา"},"geometry":{"type":"Point","coordinates":[100.63776,13.65739]}},{"type":"Feature","properties":{"title":"ทางม้าลาย ปากซอยบางนา-ตราด1","info":["ถนน: ถนนบางนา-ตราด","เขต: บางนา","จำนวนช่องจราจร: 2","ไฟกดข้าม: ไม่มี"],"district":"บางนา"},"geometry":{"type":"Point","coordinates":[100.6133,13.67241]}},{"type":"Feature","properties":{"title":"ทางม้าลาย ปากซอยบางนา-ตราด 19","info":["ถนน: ถนนบางนา-ตราด","เขต: บางนา","จำนวนช่องจราจร: 2","ไฟกดข้าม: ไม่มี"],"district":"บางนา"},"geometry":{"type":"Point","coordinates":[100.63043,13.66898]}},{"type":"Feature","properties":{"title":"ทางม้าลาย ปากซอยบางนา-ตราด 23","info":["ถนน: ถนนบางนา-ตราด","เขต: บางนา","จำนวนช่องจราจร: 2","ไฟกดข้าม: ไม่มี"],"district":"บางนา"},"geometry":{"type":"Point","coordinates":[100.63497,13.66811]}},{"type":"Feature","properties":{"title":"ทางม้าลาย ปากซอยบางนา-ตราด 37","info":["ถนน: ถนนบางนา-ตราด","เขต: บางนา","จำนวนช่องจราจร: 2","ไฟกดข้าม: ไม่มี"],"district":"บางนา"},"geometry":{"type":"Point","coordinates":[100.64996,13.66519]}},{"type":"Feature","properties":{"title":"ทางม้าลาย ปากซอยบางนา-ตราด 30","info":["ถนน: ถนนบางนา-ตราด","เขต: บางนา","จำนวนช่องจราจร: 2","ไฟกดข้าม: มี"],"district":"บางนา"},"geometry":{"type":"Point","coordinates":[100.63206,13.66784]}},{"type":"Feature","properties":{"title":"ทางม้าลาย ปากซอยบางนา-ตราด 4","info":["ถนน: ถนนบางนา-ตราด","เขต: บางนา","จำนวนช่องจราจร: 2","ไฟกดข้าม: มี"],"district":"บางนา"},"geometry":{"type":"Point","coordinates":[100.61542,13.6711]}},{"type":"Feature","properties":{"title":"ทางม้าลาย ถนนอินทาวาส","info":["ถนน: ถนนพุทธมณฑลสาย 1","เขต: ตลิ่งชัน","จำนวนช่องจราจร: 6","ไฟกดข้าม: มี"],"district":"ตลิ่งชัน"},"geometry":{"type":"Point","coordinates":[100.4271,13.75887]}},{"type":"Feature","properties":{"title":"ทางม้าลาย พุทธมณฑลสาย 1 ซอย 21","info":["ถนน: ถนนพุทธมณฑลสาย 1","เขต: ตลิ่งชัน","จำนวนช่องจราจร: 6","ไฟกดข้าม: มี"],"district":"ตลิ่งชัน"},"geometry":{"type":"Point","coordinates":[100.4268,13.76452]}},{"type":"Feature","properties":{"title":"ทางม้าลาย แยกวังเดิม 11","info":["ถนน: ถนนอรุณอมรินทร์","เขต: บางกอกใหญ่","จำนวนช่องจราจร: 1","ไฟกดข้าม: ไม่มี"],"district":"บางกอกใหญ่"},"geometry":{"type":"Point","coordinates":[100.4859,13.74474]}},{"type":"Feature","properties":{"title":"ทางม้าลาย ทางข้ามซอยอิสรภาพ 30","info":["ถนน: ถนนอิสรภาพ","เขต: บางกอกใหญ่","จำนวนช่องจราจร: 4","ไฟกดข้าม: ไม่มี"],"district":"บางกอกใหญ่"},"geometry":{"type":"Point","coordinates":[100.4858,13.7374]}},{"type":"Feature","properties":{"title":"ทางม้าลาย ทางข้ามซอยอิสรภาพ 36","info":["ถนน: ถนนอิสรภาพ","เขต: บางกอกใหญ่","จำนวนช่องจราจร: 4","ไฟกดข้าม: ไม่มี"],"district":"บางกอกใหญ่"},"geometry":{"type":"Point","coordinates":[100.4847,13.7389]}},{"type":"Feature","properties":{"title":"ทางม้าลาย ทางข้ามซอยอิสรภาพ 29/1","info":["ถนน: ถนนอิสรภาพ","เขต: บางกอกใหญ่","จำนวนช่องจราจร: 4","ไฟกดข้าม: ไม่มี"],"district":"บางกอกใหญ่"},"geometry":{"type":"Point","coordinates":[100.4827,13.742]}},{"type":"Feature","properties":{"title":"ทางม้าลาย ทางข้ามซอยอิสรภาพ 33","info":["ถนน: ถนนอิสรภาพ","เขต: บางกอกใหญ่","จำนวนช่องจราจร: 4","ไฟกดข้าม: ไม่มี"],"district":"บางกอกใหญ่"},"geometry":{"type":"Point","coordinates":[100.485,13.7448]}},{"type":"Feature","properties":{"title":"ทางม้าลาย ซอยจรัญสนิทวงศ์ 98 (โรงเรียนวัดวิมุตยาราม)","info":["ถนน: ถนนจรัญสนิทวงศ์","เขต: บางพลัด","จำนวนช่องจราจร: 2","ไฟกดข้าม: ไม่มี"],"district":"บางพลัด"},"geometry":{"type":"Point","coordinates":[100.51464,13.81067]}},{"type":"Feature","properties":{"title":"ทางม้าลาย ซอยจรัญสนิทวงศ์ 95/1 (โรงเรียนรัตนกุลอนุบาล)","info":["ถนน: ถนนจรัญสนิทวงศ์","เขต: บางพลัด","จำนวนช่องจราจร: 2","ไฟกดข้าม: ไม่มี"],"district":"บางพลัด"},"geometry":{"type":"Point","coordinates":[100.50723,13.80395]}},{"type":"Feature","properties":{"title":"ทางม้าลาย ซอยจรัญสนิทวงศ์ 94 (โรงเรียนวัดฉัตรแก้วจงกลณี)","info":["ถนน: ถนนจรัญสนิทวงศ์","เขต: บางพลัด","จำนวนช่องจราจร: 2","ไฟกดข้าม: ไม่มี"],"district":"บางพลัด"},"geometry":{"type":"Point","coordinates":[100.51339,13.80204]}},{"type":"Feature","properties":{"title":"ทางม้าลาย ซอยจรัญสนิทวงศ์ 85 (โรงเรียนวัดสามัคคีสุทธาวาส)","info":["ถนน: ถนนจรัญสนิทวงศ์","เขต: บางพลัด","จำนวนช่องจราจร: 2","ไฟกดข้าม: ไม่มี"],"district":"บางพลัด"},"geometry":{"type":"Point","coordinates":[100.50278,13.79761]}},{"type":"Feature","properties":{"title":"ทางม้าลาย ปากซอยจรัญสนิทวงศ์ 66/1","info":["ถนน: ถนนจรัญสนิทวงศ์","เขต: บางพลัด","จำนวนช่องจราจร: 4","ไฟกดข้าม: ไม่มี"],"district":"บางพลัด"},"geometry":{"type":"Point","coordinates":[100.49642,13.78562]}},{"type":"Feature","properties":{"title":"ทางม้าลาย ทางข้ามบริเวณแยกเชื่อมถนนพระรามที่ 2","info":["ถนน: ถนนแสมดำ","เขต: บางขุนเทียน","จำนวนช่องจราจร: 0","ไฟกดข้าม: ไม่มี"],"district":"บางขุนเทียน"},"geometry":{"type":"Point","coordinates":[100.3821,13.6142]}},{"type":"Feature","properties":{"title":"ทางม้าลาย ทางข้ามบริเวณใกล้ซอยแสมดำ 24 (ทางเข้าวัดแสมดำ)","info":["ถนน: ถนนแสมดำ","เขต: บางขุนเทียน","จำนวนช่องจราจร: 0","ไฟกดข้าม: ไม่มี"],"district":"บางขุนเทียน"},"geometry":{"type":"Point","coordinates":[100.3879,13.5909]}},{"type":"Feature","properties":{"title":"ทางม้าลาย ทางข้ามบริเวณหน้า รร.รัตนโกสินทร์สมโภชน์บางขุนเทียน","info":["ถนน: ซอยพระรามที่2 ซอย69","เขต: บางขุนเทียน","จำนวนช่องจราจร: 0","ไฟกดข้าม: ไม่มี"],"district":"บางขุนเทียน"},"geometry":{"type":"Point","coordinates":[100.4207,13.6465]}},{"type":"Feature","properties":{"title":"ทางม้าลาย ทางข้ามบริเวณหน้า รร.ศิรินุสรณ์วิทยา","info":["ถนน: ถนนบางขุนเทียน","เขต: บางขุนเทียน","จำนวนช่องจราจร: 0","ไฟกดข้าม: ไม่มี"],"district":"บางขุนเทียน"},"geometry":{"type":"Point","coordinates":[100.4286,13.6649]}},{"type":"Feature","properties":{"title":"ทางม้าลาย ทางข้ามบริเวณหน้า รร.พิทยาลงกรณ์พิทยาคม","info":["ถนน: ถนนเลียบคลองพิทยาลงกรณ์","เขต: บางขุนเทียน","จำนวนช่องจราจร: 0","ไฟกดข้าม: ไม่มี"],"district":"บางขุนเทียน"},"geometry":{"type":"Point","coordinates":[100.4187,13.526]}},{"type":"Feature","properties":{"title":"ทางม้าลาย ทางข้ามบริเวณหน้า รร.คลองพิทยาลงกรณ์","info":["ถนน: ถนนเลียบคลองพิทยาลงกรณ์","เขต: บางขุนเทียน","จำนวนช่องจราจร: 0","ไฟกดข้าม: ไม่มี"],"district":"บางขุนเทียน"},"geometry":{"type":"Point","coordinates":[100.4202,13.5269]}},{"type":"Feature","properties":{"title":"ทางม้าลาย ทางข้ามบริเวณแยกเชื่อมถนนพระรามที่ 2","info":["ถนน: ซอยพระรามที่2 ซอย50","เขต: บางขุนเทียน","จำนวนช่องจราจร: 0","ไฟกดข้าม: ไม่มี"],"district":"บางขุนเทียน"},"geometry":{"type":"Point","coordinates":[100.4422,13.6645]}},{"type":"Feature","properties":{"title":"ทางม้าลาย ทางข้ามบริเวณหน้าตลาดพิบูลย์วิทย์ 2","info":["ถนน: ซอยพระรามที่2 ซอย50","เขต: บางขุนเทียน","จำนวนช่องจราจร: 0","ไฟกดข้าม: ไม่มี"],"district":"บางขุนเทียน"},"geometry":{"type":"Point","coordinates":[100.443,13.6687]}},{"type":"Feature","properties":{"title":"ทางม้าลาย ทางข้ามบริเวณหน้า รร.วัดกำแพง","info":["ถนน: ซอยพระรามที่2 ซอย50","เขต: บางขุนเทียน","จำนวนช่องจราจร: 0","ไฟกดข้าม: ไม่มี"],"district":"บางขุนเทียน"},"geometry":{"type":"Point","coordinates":[100.4463,13.6783]}},{"type":"Feature","properties":{"title":"ทางม้าลาย ทางข้ามบริเวณแยกเชื่อมถนนเอกชัย","info":["ถนน: ซอยเอกชัย 83/1","เขต: บางขุนเทียน","จำนวนช่องจราจร: 0","ไฟกดข้าม: ไม่มี"],"district":"บางบอน"},"geometry":{"type":"Point","coordinates":[100.4295,13.6759]}},{"type":"Feature","properties":{"title":"ทางม้าลาย ทางข้ามบริเวณแยกเชื่อมซอยบางขุนเทียน 9","info":["ถนน: ซอยเอกชัย 83/1","เขต: บางขุนเทียน","จำนวนช่องจราจร: 0","ไฟกดข้าม: ไม่มี"],"district":"บางขุนเทียน"},"geometry":{"type":"Point","coordinates":[100.4323,13.6669]}},{"type":"Feature","properties":{"title":"ทางม้าลาย ทางข้ามบริเวณแยกเชื่อมถนนพระรามที่ 2","info":["ถนน: ซอยพระรามที่2 ซอย54","เขต: บางขุนเทียน","จำนวนช่องจราจร: 0","ไฟกดข้าม: ไม่มี"],"district":"บางขุนเทียน"},"geometry":{"type":"Point","coordinates":[100.4359,13.6607]}},{"type":"Feature","properties":{"title":"ทางม้าลาย ทางข้ามบริเวณแยกเชื่อมถนนพระรามที่ 2","info":["ถนน: ซอยพระรามที่2 ซอย56","เขต: บางขุนเทียน","จำนวนช่องจราจร: 0","ไฟกดข้าม: ไม่มี"],"district":"บางขุนเทียน"},"geometry":{"type":"Point","coordinates":[100.4349,13.6601]}},{"type":"Feature","properties":{"title":"ทางม้าลาย ทางข้ามบริเวณหน้า รพ.นครธน","info":["ถนน: ซอยพระรามที่2 ซอย56","เขต: บางขุนเทียน","จำนวนช่องจราจร: 0","ไฟกดข้าม: ไม่มี"],"district":"บางขุนเทียน"},"geometry":{"type":"Point","coordinates":[100.4344,13.661]}},{"type":"Feature","properties":{"title":"ทางม้าลาย ใกล้ซอยเทอดไท 43","info":["ถนน: ถนนเทอดไท","เขต: ภาษีเจริญ","จำนวนช่องจราจร: 2","ไฟกดข้าม: ไม่มี"],"district":"ภาษีเจริญ"},"geometry":{"type":"Point","coordinates":[100.46831,13.71858]}},{"type":"Feature","properties":{"title":"ทางม้าลาย แยกกำนันแม้น","info":["ถนน: ถนนเทอดไท","เขต: ภาษีเจริญ","จำนวนช่องจราจร: 2","ไฟกดข้าม: ไม่มี"],"district":"ภาษีเจริญ"},"geometry":{"type":"Point","coordinates":[100.42831,13.7061]}},{"type":"Feature","properties":{"title":"ทางม้าลาย หน้าโรงเรียนวัดอ่างแก้ว","info":["ถนน: ถนนเทอดไท","เขต: ภาษีเจริญ","จำนวนช่องจราจร: 2","ไฟกดข้าม: ไม่มี"],"district":"ภาษีเจริญ"},"geometry":{"type":"Point","coordinates":[100.4533,13.71587]}},{"type":"Feature","properties":{"title":"ทางม้าลาย แยกวัดรางบัว","info":["ถนน: ถนนเทอดไท","เขต: ภาษีเจริญ","จำนวนช่องจราจร: 2","ไฟกดข้าม: ไม่มี"],"district":"ภาษีเจริญ"},"geometry":{"type":"Point","coordinates":[100.44098,13.71162]}},{"type":"Feature","properties":{"title":"ทางม้าลาย หน้าวัดอ่างแก้ว","info":["ถนน: ถนนเทอดไท","เขต: ภาษีเจริญ","จำนวนช่องจราจร: 4","ไฟกดข้าม: ไม่มี"],"district":"ภาษีเจริญ"},"geometry":{"type":"Point","coordinates":[100.45456,13.71612]}},{"type":"Feature","properties":{"title":"ทางม้าลาย ซอยบางแวก 32 (โรงเรียนวัดกำแพง)","info":["ถนน: ถนนบางแวก","เขต: ภาษีเจริญ","จำนวนช่องจราจร: 2","ไฟกดข้าม: ไม่มี"],"district":"ภาษีเจริญ"},"geometry":{"type":"Point","coordinates":[100.44605,13.73924]}},{"type":"Feature","properties":{"title":"ทางม้าลาย แยกบางเสาธง (ซอยบางแวก 2)","info":["ถนน: ถนนบางแวก","เขต: ภาษีเจริญ","จำนวนช่องจราจร: 2","ไฟกดข้าม: มี"],"district":"ภาษีเจริญ"},"geometry":{"type":"Point","coordinates":[100.45997,13.74056]}},{"type":"Feature","properties":{"title":"ทางม้าลาย ปากซอยบางแวก 3","info":["ถนน: ถนนบางแวก","เขต: ภาษีเจริญ","จำนวนช่องจราจร: 2","ไฟกดข้าม: มี"],"district":"ภาษีเจริญ"},"geometry":{"type":"Point","coordinates":[100.45916,13.74038]}},{"type":"Feature","properties":{"title":"ทางม้าลาย ปากซอยบางแวก 7","info":["ถนน: ถนนบางแวก","เขต: ภาษีเจริญ","จำนวนช่องจราจร: 2","ไฟกดข้าม: มี"],"district":"ภาษีเจริญ"},"geometry":{"type":"Point","coordinates":[100.45682,13.73959]}},{"type":"Feature","properties":{"title":"ทางม้าลาย ปากซอยบางแวก 16","info":["ถนน: ถนนบางแวก","เขต: ภาษีเจริญ","จำนวนช่องจราจร: 2","ไฟกดข้าม: มี"],"district":"ภาษีเจริญ"},"geometry":{"type":"Point","coordinates":[100.45486,13.7389]}},{"type":"Feature","properties":{"title":"ทางม้าลาย ถ.อาจณรงค์ตัดข้าการท่าเรือ","info":["ถนน: ถนนอาจณรงค์","เขต: คลองเตย","จำนวนช่องจราจร: 0","ไฟกดข้าม: ไม่มี"],"district":"คลองเตย"},"geometry":{"type":"Point","coordinates":[100.58137,13.71003]}},{"type":"Feature","properties":{"title":"ทางม้าลาย หน้าโรงเรียนสามัคคีสงเคราะห์","info":["ถนน: ถนนอาจณรงค์","เขต: คลองเตย","จำนวนช่องจราจร: 0","ไฟกดข้าม: ไม่มี"],"district":"คลองเตย"},"geometry":{"type":"Point","coordinates":[100.58193,13.7095]}},{"type":"Feature","properties":{"title":"ทางม้าลาย หน้าอาคารโอเชี่ยน","info":["ถนน: ถนนรัชดาภิเษก","เขต: คลองเตย","จำนวนช่องจราจร: 0","ไฟกดข้าม: ไม่มี"],"district":"คลองเตย"},"geometry":{"type":"Point","coordinates":[100.55992,13.73049]}},{"type":"Feature","properties":{"title":"ทางม้าลาย สุขาภิบาลตัดอ่อนนุช","info":["ถนน: ถนนสุขาภิบาล2","เขต: ประเวศ","จำนวนช่องจราจร: 6","ไฟกดข้าม: ไม่มี"],"district":"ประเวศ"},"geometry":{"type":"Point","coordinates":[100.70265,13.72144]}},{"type":"Feature","properties":{"title":"ทางม้าลาย ซอยสุขาภิบาล2ซอย5","info":["ถนน: ถนนสุขาภิบาล3","เขต: ประเวศ","จำนวนช่องจราจร: 6","ไฟกดข้าม: ไม่มี"],"district":"ประเวศ"},"geometry":{"type":"Point","coordinates":[100.70386,13.71313]}},{"type":"Feature","properties":{"title":"ทางม้าลาย ทางลงต่างระดับ(หลัง รพ สิรินธร)","info":["ถนน: ถนนสุขาภิบาล4","เขต: ประเวศ","จำนวนช่องจราจร: 6","ไฟกดข้าม: ไม่มี"],"district":"ประเวศ"},"geometry":{"type":"Point","coordinates":[100.70311,13.71682]}},{"type":"Feature","properties":{"title":"ทางม้าลาย สี่แยกศรีอุดม(ศรีนครินทร์ตัดอุดมสุข)","info":["ถนน: ถนนศรีนครินทร์","เขต: ประเวศ","จำนวนช่องจราจร: 6","ไฟกดข้าม: ไม่มี"],"district":"ประเวศ"},"geometry":{"type":"Point","coordinates":[100.64613,13.67773]}},{"type":"Feature","properties":{"title":"ทางม้าลาย วิทยาลัยดุสิตธานี(ในซอยศรีฯ49)","info":["ถนน: ถนนศรีนครินทร์","เขต: ประเวศ","จำนวนช่องจราจร: 2","ไฟกดข้าม: ไม่มี"],"district":"ประเวศ"},"geometry":{"type":"Point","coordinates":[100.64859,13.69681]}},{"type":"Feature","properties":{"title":"ทางม้าลาย หน้าซอยศรีฯ55ก่อนออกถนนศรีฯ","info":["ถนน: ถนนศรีนครินทร์","เขต: ประเวศ","จำนวนช่องจราจร: 2","ไฟกดข้าม: ไม่มี"],"district":"ประเวศ"},"geometry":{"type":"Point","coordinates":[100.64717,13.68944]}},{"type":"Feature","properties":{"title":"ทางม้าลาย ในซอยศรีฯ55 Villa market","info":["ถนน: ถนนศรีนครินทร์","เขต: ประเวศ","จำนวนช่องจราจร: 4","ไฟกดข้าม: ไม่มี"],"district":"ประเวศ"},"geometry":{"type":"Point","coordinates":[100.64767,13.68941]}},{"type":"Feature","properties":{"title":"ทางม้าลาย บริเวณโรงแรมแกรนด์ ฮาวเวิร์ด","info":["ถนน: ถนนเจริญราษฎร์","เขต: บางคอแหลม","จำนวนช่องจราจร: 6","ไฟกดข้าม: ไม่มี"],"district":"บางคอแหลม"},"geometry":{"type":"Point","coordinates":[100.5162,13.70186]}},{"type":"Feature","properties":{"title":"ทางม้าลาย บริเวณซอยเจริญราษฎร์ 8","info":["ถนน: ถนนเจริญราษฎร์","เขต: บางคอแหลม","จำนวนช่องจราจร: 6","ไฟกดข้าม: ไม่มี"],"district":"บางคอแหลม"},"geometry":{"type":"Point","coordinates":[100.51732,13.70408]}},{"type":"Feature","properties":{"title":"ทางม้าลาย บริเวณแยกเจริญราษฎร์","info":["ถนน: ถนนพระรามที่ 3","เขต: บางคอแหลม","จำนวนช่องจราจร: 0","ไฟกดข้าม: ไม่มี"],"district":"บางคอแหลม"},"geometry":{"type":"Point","coordinates":[100.50951,13.68978]}},{"type":"Feature","properties":{"title":"ทางม้าลาย บริเวณโรงเรียนวัดไผ่เงิน","info":["ถนน: ถนนจันทร์ ซอย 43","เขต: บางคอแหลม","จำนวนช่องจราจร: 0","ไฟกดข้าม: ไม่มี"],"district":"สาทร"},"geometry":{"type":"Point","coordinates":[100.52397,13.70152]}},{"type":"Feature","properties":{"title":"ทางม้าลาย บริเวณโรงเรียนวาสุเทวี","info":["ถนน: ถนนจันทร์ ซอย 43","เขต: บางคอแหลม","จำนวนช่องจราจร: 0","ไฟกดข้าม: ไม่มี"],"district":"บางคอแหลม"},"geometry":{"type":"Point","coordinates":[100.52639,13.70001]}},{"type":"Feature","properties":{"title":"ทางม้าลาย บริเวณโรงเรียนวัดสิงขร","info":["ถนน: ถนนเจริญกรุง ซอย 74","เขต: บางคอแหลม","จำนวนช่องจราจร: 0","ไฟกดข้าม: ไม่มี"],"district":"บางคอแหลม"},"geometry":{"type":"Point","coordinates":[100.50546,13.70555]}},{"type":"Feature","properties":{"title":"ทางม้าลาย บริเวณโรงเรียนวัดลาดบัวขาว","info":["ถนน: ถนนเจริญกรุง ซอย 80","เขต: บางคอแหลม","จำนวนช่องจราจร: 0","ไฟกดข้าม: ไม่มี"],"district":"บางคอแหลม"},"geometry":{"type":"Point","coordinates":[100.49722,13.70052]}},{"type":"Feature","properties":{"title":"ทางม้าลาย ปากซอยเจริญกรุง 85","info":["ถนน: ถนนเจริญกรุง ซอย 85","เขต: บางคอแหลม","จำนวนช่องจราจร: 0","ไฟกดข้าม: ไม่มี"],"district":"บางคอแหลม"},"geometry":{"type":"Point","coordinates":[100.50787,13.70686]}},{"type":"Feature","properties":{"title":"ทางม้าลาย ปากซอยสุดประเสริฐ 9","info":["ถนน: ถนนเจริญกรุง ซอย 85","เขต: บางคอแหลม","จำนวนช่องจราจร: 0","ไฟกดข้าม: ไม่มี"],"district":"บางคอแหลม"},"geometry":{"type":"Point","coordinates":[100.51279,13.70214]}},{"type":"Feature","properties":{"title":"ทางม้าลาย ปากซอยสุขุมวิท 21 แยก 1","info":["ถนน: ถนนอโศกมนตรี","เขต: วัฒนา","จำนวนช่องจราจร: 4","ไฟกดข้าม: ไม่มี"],"district":"วัฒนา"},"geometry":{"type":"Point","coordinates":[100.56189,13.74059]}},{"type":"Feature","properties":{"title":"ทางม้าลาย เฉลิมพระเกียรติ ร9ซอย65","info":["ถนน: ถนนเฉลิมพระเกียรติ ร9","เขต: ประเวศ","จำนวนช่องจราจร: 4","ไฟกดข้าม: มี"],"district":"ประเวศ"},"geometry":{"type":"Point","coordinates":[100.6834,13.69988]}},{"type":"Feature","properties":{"title":"ทางม้าลาย เฉลิมพระเกียรติ ร9ซอย67","info":["ถนน: ถนนเฉลิมพระเกียรติ ร9","เขต: ประเวศ","จำนวนช่องจราจร: 4","ไฟกดข้าม: ไม่มี"],"district":"ประเวศ"},"geometry":{"type":"Point","coordinates":[100.68023,13.69976]}},{"type":"Feature","properties":{"title":"ทางม้าลาย ในเฉลิมพระเกียรติ ร9 ซอย30 รร.คลองปักหลัก","info":["ถนน: ถนนเฉลิมพระเกียรติ ร9","เขต: ประเวศ","จำนวนช่องจราจร: 2","ไฟกดข้าม: ไม่มี"],"district":"ประเวศ"},"geometry":{"type":"Point","coordinates":[100.69852,13.68167]}},{"type":"Feature","properties":{"title":"ทางม้าลาย อ่อนนุช55-3","info":["ถนน: ถนนอ่อนนุช","เขต: ประเวศ","จำนวนช่องจราจร: 6","ไฟกดข้าม: ไม่มี"],"district":"ประเวศ"},"geometry":{"type":"Point","coordinates":[100.65598,13.71673]}},{"type":"Feature","properties":{"title":"ทางม้าลาย อ่อนนุช59","info":["ถนน: ถนนอ่อนนุช","เขต: ประเวศ","จำนวนช่องจราจร: 6","ไฟกดข้าม: ไม่มี"],"district":"ประเวศ"},"geometry":{"type":"Point","coordinates":[100.67462,13.71973]}},{"type":"Feature","properties":{"title":"ทางม้าลาย อ่อนนุช59/1(ชุมชนเดือน3)","info":["ถนน: ถนนอ่อนนุช","เขต: ประเวศ","จำนวนช่องจราจร: 6","ไฟกดข้าม: ไม่มี"],"district":"ประเวศ"},"geometry":{"type":"Point","coordinates":[100.67738,13.72011]}},{"type":"Feature","properties":{"title":"ทางม้าลาย อ่อนนุช65","info":["ถนน: ถนนอ่อนนุช","เขต: ประเวศ","จำนวนช่องจราจร: 6","ไฟกดข้าม: มี"],"district":"ประเวศ"},"geometry":{"type":"Point","coordinates":[100.68206,13.72059]}},{"type":"Feature","properties":{"title":"ทางม้าลาย อ่อนนุช74/3(โชว์รูมรถยนต์)","info":["ถนน: ถนนอ่อนนุช","เขต: ประเวศ","จำนวนช่องจราจร: 6","ไฟกดข้าม: ไม่มี"],"district":"ประเวศ"},"geometry":{"type":"Point","coordinates":[100.66433,13.71804]}},{"type":"Feature","properties":{"title":"ทางม้าลาย ในซอยอ่อนนุช86(ด้านในซอยโรงขยะอ่อนนุช)","info":["ถนน: ถนนอ่อนนุช","เขต: ประเวศ","จำนวนช่องจราจร: 4","ไฟกดข้าม: ไม่มี"],"district":"ประเวศ"},"geometry":{"type":"Point","coordinates":[100.68999,13.72075]}},{"type":"Feature","properties":{"title":"ทางม้าลาย แยกสิรินธร(อ่อนนุชตัดสุขาภิบาล2)","info":["ถนน: ถนนอ่อนนุช","เขต: ประเวศ","จำนวนช่องจราจร: 6","ไฟกดข้าม: ไม่มี"],"district":"ประเวศ"},"geometry":{"type":"Point","coordinates":[100.70262,13.72155]}},{"type":"Feature","properties":{"title":"ทางม้าลาย ปากซอยบวรรังษี","info":["ถนน: ถนนตะนาว","เขต: พระนคร","จำนวนช่องจราจร: 2","ไฟกดข้าม: ไม่มี"],"district":"พระนคร"},"geometry":{"type":"Point","coordinates":[100.4992,13.75937]}},{"type":"Feature","properties":{"title":"ทางม้าลาย แยกบางลำพู","info":["ถนน: ถนนจักรพงษ์","เขต: พระนคร","จำนวนช่องจราจร: 4","ไฟกดข้าม: ไม่มี"],"district":"พระนคร"},"geometry":{"type":"Point","coordinates":[100.49814,13.76209]}},{"type":"Feature","properties":{"title":"ทางม้าลาย แยกตัดถนนตานี","info":["ถนน: ถนนจักรพงษ์","เขต: พระนคร","จำนวนช่องจราจร: 4","ไฟกดข้าม: ไม่มี"],"district":"พระนคร"},"geometry":{"type":"Point","coordinates":[100.49713,13.76117]}},{"type":"Feature","properties":{"title":"ทางม้าลาย แยกตัดถนนรามบุตรี","info":["ถนน: ถนนจักรพงษ์","เขต: พระนคร","จำนวนช่องจราจร: 4","ไฟกดข้าม: ไม่มี"],"district":"พระนคร"},"geometry":{"type":"Point","coordinates":[100.49667,13.76073]}},{"type":"Feature","properties":{"title":"ทางม้าลาย แยกตัดถนนข้าวสาร","info":["ถนน: ถนนจักรพงษ์","เขต: พระนคร","จำนวนช่องจราจร: 4","ไฟกดข้าม: ไม่มี"],"district":"พระนคร"},"geometry":{"type":"Point","coordinates":[100.49572,13.75984]}},{"type":"Feature","properties":{"title":"ทางม้าลาย หน้าตรอกมะยม","info":["ถนน: ถนนจักรพงษ์","เขต: พระนคร","จำนวนช่องจราจร: 4","ไฟกดข้าม: ไม่มี"],"district":"พระนคร"},"geometry":{"type":"Point","coordinates":[100.49519,13.75918]}},{"type":"Feature","properties":{"title":"ทางม้าลาย แยกตัดถนนพระพิทักษ์ จุดที่ 1","info":["ถนน: ถนนอัษฎางค์","เขต: พระนคร","จำนวนช่องจราจร: 3","ไฟกดข้าม: ไม่มี"],"district":"พระนคร"},"geometry":{"type":"Point","coordinates":[100.49649,13.74528]}},{"type":"Feature","properties":{"title":"ทางม้าลาย แยกตัดถนนพระพิทักษ์ จุดที่ 2","info":["ถนน: ถนนอัษฎางค์","เขต: พระนคร","จำนวนช่องจราจร: 3","ไฟกดข้าม: ไม่มี"],"district":"พระนคร"},"geometry":{"type":"Point","coordinates":[100.4964,13.7456]}},{"type":"Feature","properties":{"title":"ทางม้าลาย แยกสะพานมอญ","info":["ถนน: ถนนอัษฎางค์","เขต: พระนคร","จำนวนช่องจราจร: 4","ไฟกดข้าม: ไม่มี"],"district":"พระนคร"},"geometry":{"type":"Point","coordinates":[100.49645,13.74743]}},{"type":"Feature","properties":{"title":"ทางม้าลาย แยกตัดถนนราชบพิธ จุดที่ 1","info":["ถนน: ถนนอัษฎางค์","เขต: พระนคร","จำนวนช่องจราจร: 4","ไฟกดข้าม: ไม่มี"],"district":"พระนคร"},"geometry":{"type":"Point","coordinates":[100.49649,13.74961]}},{"type":"Feature","properties":{"title":"ทางม้าลาย แยกตัดถนนราชบพิธ จุดที่ 2","info":["ถนน: ถนนอัษฎางค์","เขต: พระนคร","จำนวนช่องจราจร: 4","ไฟกดข้าม: ไม่มี"],"district":"พระนคร"},"geometry":{"type":"Point","coordinates":[100.49652,13.74984]}},{"type":"Feature","properties":{"title":"ทางม้าลาย แยกสะพานช้างโรงสี จุดที่ 1","info":["ถนน: ถนนอัษฎางค์","เขต: พระนคร","จำนวนช่องจราจร: 4","ไฟกดข้าม: ไม่มี"],"district":"พระนคร"},"geometry":{"type":"Point","coordinates":[100.49639,13.75119]}},{"type":"Feature","properties":{"title":"ทางม้าลาย เคหะร่มเกล้าตัดเคหะร่มเกล้า31แยก3","info":["ถนน: ถนนเคหะร่มเกล้า","เขต: ลาดกระบัง","จำนวนช่องจราจร: 2","ไฟกดข้าม: ไม่มี"],"district":"ลาดกระบัง"},"geometry":{"type":"Point","coordinates":[100.72933,13.76219]}},{"type":"Feature","properties":{"title":"ทางม้าลาย หน้า รร.อนุบาลวังทอง","info":["ถนน: ถนนเคหะร่มเกล้า","เขต: ลาดกระบัง","จำนวนช่องจราจร: 2","ไฟกดข้าม: ไม่มี"],"district":"ลาดกระบัง"},"geometry":{"type":"Point","coordinates":[100.73281,13.76059]}},{"type":"Feature","properties":{"title":"ทางม้าลาย เคหะร่มเกล้าตัดเคหะร่มเกล้า6แยก6","info":["ถนน: ถนนเคหะร่มเกล้า","เขต: ลาดกระบัง","จำนวนช่องจราจร: 4","ไฟกดข้าม: ไม่มี"],"district":"ลาดกระบัง"},"geometry":{"type":"Point","coordinates":[100.73243,13.77327]}},{"type":"Feature","properties":{"title":"ทางม้าลาย หน้าเซเว่น","info":["ถนน: ถนนเคหะร่มเกล้า","เขต: ลาดกระบัง","จำนวนช่องจราจร: 4","ไฟกดข้าม: ไม่มี"],"district":"ลาดกระบัง"},"geometry":{"type":"Point","coordinates":[100.73244,13.77307]}},{"type":"Feature","properties":{"title":"ทางม้าลาย หน้าร้านทองคำเคหะ","info":["ถนน: ถนนเคหะร่มเกล้า","เขต: ลาดกระบัง","จำนวนช่องจราจร: 4","ไฟกดข้าม: ไม่มี"],"district":"ลาดกระบัง"},"geometry":{"type":"Point","coordinates":[100.73239,13.77204]}},{"type":"Feature","properties":{"title":"ทางม้าลาย หน้า ซีพีเฟรช์มาร์ท","info":["ถนน: ถนนเคหะร่มเกล้า","เขต: ลาดกระบัง","จำนวนช่องจราจร: 4","ไฟกดข้าม: ไม่มี"],"district":"ลาดกระบัง"},"geometry":{"type":"Point","coordinates":[100.73238,13.77049]}},{"type":"Feature","properties":{"title":"ทางม้าลาย หน้าโลตัส","info":["ถนน: ถนนเคหะร่มเกล้า","เขต: ลาดกระบัง","จำนวนช่องจราจร: 4","ไฟกดข้าม: ไม่มี"],"district":"ลาดกระบัง"},"geometry":{"type":"Point","coordinates":[100.73236,13.76735]}},{"type":"Feature","properties":{"title":"ทางม้าลาย หลวงแพ่งตัดลาดกระบัง","info":["ถนน: ถนนหลวงแพ่ง","เขต: ลาดกระบัง","จำนวนช่องจราจร: 6","ไฟกดข้าม: ไม่มี"],"district":"ลาดกระบัง"},"geometry":{"type":"Point","coordinates":[100.81871,13.71148]}},{"type":"Feature","properties":{"title":"ทางม้าลาย สยามพรีเมียร์เอาท์เลท","info":["ถนน: ถนนหลวงแพ่ง","เขต: ลาดกระบัง","จำนวนช่องจราจร: 6","ไฟกดข้าม: ไม่มี"],"district":"ลาดกระบัง"},"geometry":{"type":"Point","coordinates":[100.83417,13.70583]}},{"type":"Feature","properties":{"title":"ทางม้าลาย บ้านเอื้ออาทร","info":["ถนน: ถนนหลวงแพ่ง","เขต: ลาดกระบัง","จำนวนช่องจราจร: 6","ไฟกดข้าม: มี"],"district":"ลาดกระบัง"},"geometry":{"type":"Point","coordinates":[100.80165,13.71786]}},{"type":"Feature","properties":{"title":"ทางม้าลาย ปากซอยสุขุมวิท 21 แยก 3","info":["ถนน: ถนนอโศกมนตรี","เขต: วัฒนา","จำนวนช่องจราจร: 4","ไฟกดข้าม: ไม่มี"],"district":"วัฒนา"},"geometry":{"type":"Point","coordinates":[100.56201,13.74235]}},{"type":"Feature","properties":{"title":"ทางม้าลาย ใกล้อาคารแกรมมี่","info":["ถนน: ถนนอโศกมนตรี","เขต: วัฒนา","จำนวนช่องจราจร: 4","ไฟกดข้าม: ไม่มี"],"district":"วัฒนา"},"geometry":{"type":"Point","coordinates":[100.56221,13.74379]}},{"type":"Feature","properties":{"title":"ทางม้าลาย ใกล้ มศว.","info":["ถนน: ถนนอโศกมนตรี","เขต: วัฒนา","จำนวนช่องจราจร: 4","ไฟกดข้าม: ไม่มี"],"district":"วัฒนา"},"geometry":{"type":"Point","coordinates":[100.56249,13.74517]}},{"type":"Feature","properties":{"title":"ทางม้าลาย แยกอโศก - เพชร","info":["ถนน: ถนนอโศกมนตรี","เขต: วัฒนา","จำนวนช่องจราจร: 4","ไฟกดข้าม: ไม่มี"],"district":"ราชเทวี"},"geometry":{"type":"Point","coordinates":[100.56332,13.74884]}},{"type":"Feature","properties":{"title":"ทางม้าลาย ปากซอยสุขุมวิท 1","info":["ถนน: ถนนสุขุมวิท ซอย 1","เขต: วัฒนา","จำนวนช่องจราจร: 2","ไฟกดข้าม: ไม่มี"],"district":"วัฒนา"},"geometry":{"type":"Point","coordinates":[100.55091,13.74286]}},{"type":"Feature","properties":{"title":"ทางม้าลาย หน้าชุมชนมักกะสัน","info":["ถนน: ถนนสุขุมวิท ซอย 3","เขต: วัฒนา","จำนวนช่องจราจร: 4","ไฟกดข้าม: ไม่มี"],"district":"ราชเทวี"},"geometry":{"type":"Point","coordinates":[100.55428,13.74897]}},{"type":"Feature","properties":{"title":"ทางม้าลาย หน้าทางเข้า รพ. บำรุงราษฎร์","info":["ถนน: ถนนสุขุมวิท ซอย 3","เขต: วัฒนา","จำนวนช่องจราจร: 4","ไฟกดข้าม: ไม่มี"],"district":"วัฒนา"},"geometry":{"type":"Point","coordinates":[100.55368,13.74593]}},{"type":"Feature","properties":{"title":"ทางม้าลาย หน้าโรงแรมเกรซ","info":["ถนน: ถนนสุขุมวิท ซอย 3","เขต: วัฒนา","จำนวนช่องจราจร: 4","ไฟกดข้าม: ไม่มี"],"district":"วัฒนา"},"geometry":{"type":"Point","coordinates":[100.55335,13.74408]}},{"type":"Feature","properties":{"title":"ทางม้าลาย ปากซอยสุขุมวิท 11","info":["ถนน: ถนนสุขุมวิท ซอย 11","เขต: วัฒนา","จำนวนช่องจราจร: 0","ไฟกดข้าม: ไม่มี"],"district":"วัฒนา"},"geometry":{"type":"Point","coordinates":[100.55624,13.74019]}},{"type":"Feature","properties":{"title":"ทางม้าลาย ปากซอยสุขุมวิท 13","info":["ถนน: ถนนสุขุมวิท ซอย 13","เขต: วัฒนา","จำนวนช่องจราจร: 0","ไฟกดข้าม: ไม่มี"],"district":"วัฒนา"},"geometry":{"type":"Point","coordinates":[100.55723,13.73949]}},{"type":"Feature","properties":{"title":"ทางม้าลาย แยกประเวศ(อ่อนนุชตัดเฉลิมพระเกียรติ ร9)","info":["ถนน: ถนนอ่อนนุช","เขต: ประเวศ","จำนวนช่องจราจร: 6","ไฟกดข้าม: ไม่มี"],"district":"ประเวศ"},"geometry":{"type":"Point","coordinates":[100.69785,13.72129]}},{"type":"Feature","properties":{"title":"ทางม้าลาย ในซอยอ่อนนุช46(รร.นราธร)","info":["ถนน: ถนนอ่อนนุช","เขต: ประเวศ","จำนวนช่องจราจร: 2","ไฟกดข้าม: ไม่มี"],"district":"ประเวศ"},"geometry":{"type":"Point","coordinates":[100.63826,13.69934]}},{"type":"Feature","properties":{"title":"ทางม้าลาย ในซอยอ่อนนุช70/1แยก2หน้าศูนย์ก๊ฬาอ่อนนุช","info":["ถนน: ถนนอ่อนนุช","เขต: ประเวศ","จำนวนช่องจราจร: 2","ไฟกดข้าม: ไม่มี"],"district":"ประเวศ"},"geometry":{"type":"Point","coordinates":[100.66182,13.71003]}},{"type":"Feature","properties":{"title":"ทางม้าลาย ซอยงามมานะ(หน้า รร. งามมานะ)","info":["ถนน: ถนนอ่อนนุช","เขต: ประเวศ","จำนวนช่องจราจร: 2","ไฟกดข้าม: ไม่มี"],"district":"ประเวศ"},"geometry":{"type":"Point","coordinates":[100.66191,13.71911]}},{"type":"Feature","properties":{"title":"ทางม้าลาย ในเฉลิมพระเกียรติ ร.9 ซอย28(ปากซอย)","info":["ถนน: ถนนอ่อนนุช","เขต: ประเวศ","จำนวนช่องจราจร: 2","ไฟกดข้าม: ไม่มี"],"district":"ประเวศ"},"geometry":{"type":"Point","coordinates":[100.6672,13.68521]}},{"type":"Feature","properties":{"title":"ทางม้าลาย ในเฉลิมพระเกียรติ ร.9 ซอย28 แยก3","info":["ถนน: ถนนอ่อนนุช","เขต: ประเวศ","จำนวนช่องจราจร: 4","ไฟกดข้าม: ไม่มี"],"district":"ประเวศ"},"geometry":{"type":"Point","coordinates":[100.67487,13.67593]}},{"type":"Feature","properties":{"title":"ทางม้าลาย ในเฉลิมพระเกียรติ ร.9ซอย28 4แยก","info":["ถนน: ถนนอ่อนนุช","เขต: ประเวศ","จำนวนช่องจราจร: 4","ไฟกดข้าม: ไม่มี"],"district":"ประเวศ"},"geometry":{"type":"Point","coordinates":[100.67817,13.68022]}},{"type":"Feature","properties":{"title":"ทางม้าลาย ในเฉลิมพระเกียรติ ร.9ซอย28 หน้าสวน80 พรรษา","info":["ถนน: ถนนอ่อนนุช","เขต: ประเวศ","จำนวนช่องจราจร: 4","ไฟกดข้าม: ไม่มี"],"district":"ประเวศ"},"geometry":{"type":"Point","coordinates":[100.67732,13.67719]}},{"type":"Feature","properties":{"title":"ทางม้าลาย ในเฉลิมพระเกกียรติ ร.9 ซอย28 4แยก","info":["ถนน: ถนนอ่อนนุช","เขต: ประเวศ","จำนวนช่องจราจร: 4","ไฟกดข้าม: ไม่มี"],"district":"ประเวศ"},"geometry":{"type":"Point","coordinates":[100.67674,13.67555]}},{"type":"Feature","properties":{"title":"ทางม้าลาย ปากซอยสุขุมวิท 81","info":["ถนน: ถนนสุขุมวิท","เขต: พระโขนง","จำนวนช่องจราจร: 2","ไฟกดข้าม: ไม่มี"],"district":"วัฒนา"},"geometry":{"type":"Point","coordinates":[100.60164,13.70466]}},{"type":"Feature","properties":{"title":"ทางม้าลาย แยกสะพานช้างโรงสี จุดที่ 2","info":["ถนน: ถนนอัษฎางค์","เขต: พระนคร","จำนวนช่องจราจร: 4","ไฟกดข้าม: ไม่มี"],"district":"พระนคร"},"geometry":{"type":"Point","coordinates":[100.49638,13.75145]}},{"type":"Feature","properties":{"title":"ทางม้าลาย แยกตัดถนนแพร่งนรา","info":["ถนน: ถนนอัษฎางค์","เขต: พระนคร","จำนวนช่องจราจร: 4","ไฟกดข้าม: ไม่มี"],"district":"พระนคร"},"geometry":{"type":"Point","coordinates":[100.49625,13.75246]}},{"type":"Feature","properties":{"title":"ทางม้าลาย แยกตัดตรอกสาเก","info":["ถนน: ถนนอัษฎางค์","เขต: พระนคร","จำนวนช่องจราจร: 4","ไฟกดข้าม: ไม่มี"],"district":"พระนคร"},"geometry":{"type":"Point","coordinates":[100.49533,13.75655]}},{"type":"Feature","properties":{"title":"ทางม้าลาย หน้าโรงแรมรัตนโกสินทร์ จุดที่ 1","info":["ถนน: ถนนอัษฎางค์","เขต: พระนคร","จำนวนช่องจราจร: 4","ไฟกดข้าม: ไม่มี"],"district":"พระนคร"},"geometry":{"type":"Point","coordinates":[100.49519,13.75716]}},{"type":"Feature","properties":{"title":"ทางม้าลาย หน้าโรงแรมรัตนโกสินทร์ จุดที่ 2","info":["ถนน: ถนนอัษฎางค์","เขต: พระนคร","จำนวนช่องจราจร: 4","ไฟกดข้าม: ไม่มี"],"district":"พระนคร"},"geometry":{"type":"Point","coordinates":[100.49535,13.7572]}},{"type":"Feature","properties":{"title":"ทางม้าลาย แยกตัดถนนดินสอ (ต้นโพธิ์)","info":["ถนน: ถนนมหรรณพ","เขต: พระนคร","จำนวนช่องจราจร: 4","ไฟกดข้าม: ไม่มี"],"district":"พระนคร"},"geometry":{"type":"Point","coordinates":[100.50106,13.75347]}},{"type":"Feature","properties":{"title":"ทางม้าลาย แยกหน้าศาลเจ้าพ่อเสือ จุดที่ 1","info":["ถนน: ถนนมหรรณพ","เขต: พระนคร","จำนวนช่องจราจร: 4","ไฟกดข้าม: ไม่มี"],"district":"พระนคร"},"geometry":{"type":"Point","coordinates":[100.49859,13.7538]}},{"type":"Feature","properties":{"title":"ทางม้าลาย แยกเทเวศร์ จุดที่ 1","info":["ถนน: ถนนกรุงเกษม","เขต: พระนคร","จำนวนช่องจราจร: 4","ไฟกดข้าม: ไม่มี"],"district":"พระนคร"},"geometry":{"type":"Point","coordinates":[100.50366,13.76965]}},{"type":"Feature","properties":{"title":"ทางม้าลาย ปากซอยเทเวศร์ 1","info":["ถนน: ถนนกรุงเกษม","เขต: พระนคร","จำนวนช่องจราจร: 4","ไฟกดข้าม: ไม่มี"],"district":"พระนคร"},"geometry":{"type":"Point","coordinates":[100.5047,13.76851]}},{"type":"Feature","properties":{"title":"ทางม้าลาย แยกประชาเกษม จุดที่ 1","info":["ถนน: ถนนกรุงเกษม","เขต: พระนคร","จำนวนช่องจราจร: 4","ไฟกดข้าม: ไม่มี"],"district":"พระนคร"},"geometry":{"type":"Point","coordinates":[100.50649,13.76649]}},{"type":"Feature","properties":{"title":"ทางม้าลาย แยกประชาเกษม จุดที่ 2","info":["ถนน: ถนนกรุงเกษม","เขต: พระนคร","จำนวนช่องจราจร: 4","ไฟกดข้าม: ไม่มี"],"district":"พระนคร"},"geometry":{"type":"Point","coordinates":[100.50667,13.76618]}},{"type":"Feature","properties":{"title":"ทางม้าลาย ตรงข้าม psuiksa avenve","info":["ถนน: ถนนหลวงแพ่ง","เขต: ลาดกระบัง","จำนวนช่องจราจร: 6","ไฟกดข้าม: ไม่มี"],"district":"ลาดกระบัง"},"geometry":{"type":"Point","coordinates":[100.80965,13.71498]}},{"type":"Feature","properties":{"title":"ทางม้าลาย หน้าร้านคาร์เซ็นเตอร์","info":["ถนน: ถนนหลวงแพ่ง","เขต: ลาดกระบัง","จำนวนช่องจราจร: 6","ไฟกดข้าม: ไม่มี"],"district":"ลาดกระบัง"},"geometry":{"type":"Point","coordinates":[100.83411,13.70569]}},{"type":"Feature","properties":{"title":"ทางม้าลาย ฉลองกรุงตัดลาดกระบัง","info":["ถนน: ถนนฉลองกรุง","เขต: ลาดกระบัง","จำนวนช่องจราจร: 6","ไฟกดข้าม: ไม่มี"],"district":"ลาดกระบัง"},"geometry":{"type":"Point","coordinates":[100.79433,13.75074]}},{"type":"Feature","properties":{"title":"ทางม้าลาย หน้าคณะวิศวะลาดกระบัง","info":["ถนน: ถนนฉลองกรุง","เขต: ลาดกระบัง","จำนวนช่องจราจร: 3","ไฟกดข้าม: ไม่มี"],"district":"ลาดกระบัง"},"geometry":{"type":"Point","coordinates":[100.77806,13.72628]}},{"type":"Feature","properties":{"title":"ทางม้าลาย หน้าสำนักสมุดกลาง","info":["ถนน: ถนนฉลองกรุง","เขต: ลาดกระบัง","จำนวนช่องจราจร: 3","ไฟกดข้าม: ไม่มี"],"district":"ลาดกระบัง"},"geometry":{"type":"Point","coordinates":[100.77804,13.7273]}},{"type":"Feature","properties":{"title":"ทางม้าลาย ซอยฉลองกรุง1","info":["ถนน: ถนนฉลองกรุง","เขต: ลาดกระบัง","จำนวนช่องจราจร: 3","ไฟกดข้าม: ไม่มี"],"district":"ลาดกระบัง"},"geometry":{"type":"Point","coordinates":[100.77801,13.72809]}},{"type":"Feature","properties":{"title":"ทางม้าลาย ซอยฉลองกรุง4","info":["ถนน: ถนนฉลองกรุง","เขต: ลาดกระบัง","จำนวนช่องจราจร: 6","ไฟกดข้าม: ไม่มี"],"district":"ลาดกระบัง"},"geometry":{"type":"Point","coordinates":[100.78817,13.73626]}},{"type":"Feature","properties":{"title":"ทางม้าลาย ซอยฉลองกรุง10(ไปรณีย์)","info":["ถนน: ถนนฉลองกรุง","เขต: ลาดกระบัง","จำนวนช่องจราจร: 6","ไฟกดข้าม: ไม่มี"],"district":"ลาดกระบัง"},"geometry":{"type":"Point","coordinates":[100.79193,13.74284]}},{"type":"Feature","properties":{"title":"ทางม้าลาย ฉลองกรุงตัดเจ้าคุณทหาร","info":["ถนน: ถนนฉลองกรุง","เขต: ลาดกระบัง","จำนวนช่องจราจร: 6","ไฟกดข้าม: ไม่มี"],"district":"ลาดกระบัง"},"geometry":{"type":"Point","coordinates":[100.7943,13.75029]}},{"type":"Feature","properties":{"title":"ทางม้าลาย ซอยฉลองกรุง31(ใกลhปตท)","info":["ถนน: ถนนฉลองกรุง","เขต: ลาดกระบัง","จำนวนช่องจราจร: 6","ไฟกดข้าม: ไม่มี"],"district":"ลาดกระบัง"},"geometry":{"type":"Point","coordinates":[100.79766,13.7554]}},{"type":"Feature","properties":{"title":"ทางม้าลาย กลางซอยสุขุมวิท 13 ( จุดที่ 1)","info":["ถนน: ถนนสุขุมวิท ซอย 13","เขต: วัฒนา","จำนวนช่องจราจร: 0","ไฟกดข้าม: ไม่มี"],"district":"วัฒนา"},"geometry":{"type":"Point","coordinates":[100.55795,13.7444]}},{"type":"Feature","properties":{"title":"ทางม้าลาย กลางซอยสุขุมวิท 13 ( จุดที่ 1)","info":["ถนน: ถนนสุขุมวิท ซอย 13","เขต: วัฒนา","จำนวนช่องจราจร: 0","ไฟกดข้าม: ไม่มี"],"district":"วัฒนา"},"geometry":{"type":"Point","coordinates":[100.55803,13.74434]}},{"type":"Feature","properties":{"title":"ทางม้าลาย ปากซอยสุขุมวิท 15","info":["ถนน: ถนนสุขุมวิท ซอย 15","เขต: วัฒนา","จำนวนช่องจราจร: 0","ไฟกดข้าม: ไม่มี"],"district":"วัฒนา"},"geometry":{"type":"Point","coordinates":[100.55819,13.73873]}},{"type":"Feature","properties":{"title":"ทางม้าลาย กลางซอยสุขุมวิท 15 ( จุดที่ 1)","info":["ถนน: ถนนสุขุมวิท ซอย 15","เขต: วัฒนา","จำนวนช่องจราจร: 0","ไฟกดข้าม: ไม่มี"],"district":"วัฒนา"},"geometry":{"type":"Point","coordinates":[100.55878,13.74412]}},{"type":"Feature","properties":{"title":"ทางม้าลาย กลางซอยสุขุมวิท 15 ( จุดที่ 1)","info":["ถนน: ถนนสุขุมวิท ซอย 15","เขต: วัฒนา","จำนวนช่องจราจร: 0","ไฟกดข้าม: ไม่มี"],"district":"วัฒนา"},"geometry":{"type":"Point","coordinates":[100.55875,13.74418]}},{"type":"Feature","properties":{"title":"ทางม้าลาย ปากซอยสุขุมวิท 19","info":["ถนน: ถนนสุขุมวิท ซอย 19","เขต: วัฒนา","จำนวนช่องจราจร: 2","ไฟกดข้าม: ไม่มี"],"district":"วัฒนา"},"geometry":{"type":"Point","coordinates":[100.5598,13.73765]}},{"type":"Feature","properties":{"title":"ทางม้าลาย หน้าโรงเรียนวัฒนาวิทยาลัย จุดที่ 1","info":["ถนน: ถนนสุขุมวิท ซอย 19","เขต: วัฒนา","จำนวนช่องจราจร: 2","ไฟกดข้าม: ไม่มี"],"district":"วัฒนา"},"geometry":{"type":"Point","coordinates":[100.56044,13.7426]}},{"type":"Feature","properties":{"title":"ทางม้าลาย ปากซอยสุขุมวิท 23","info":["ถนน: ถนนสุขุมวิท ซอย 23","เขต: วัฒนา","จำนวนช่องจราจร: 2","ไฟกดข้าม: ไม่มี"],"district":"วัฒนา"},"geometry":{"type":"Point","coordinates":[100.5598,13.73765]}},{"type":"Feature","properties":{"title":"ทางม้าลาย ด้านหลังตึก แกรมมี่","info":["ถนน: ถนนสุขุมวิท ซอย 23","เขต: วัฒนา","จำนวนช่องจราจร: 2","ไฟกดข้าม: ไม่มี"],"district":"วัฒนา"},"geometry":{"type":"Point","coordinates":[100.56483,13.74281]}},{"type":"Feature","properties":{"title":"ทางม้าลาย ปากซอยสุขุมวิท 25","info":["ถนน: ถนนสุขุมวิท ซอย 25","เขต: วัฒนา","จำนวนช่องจราจร: 2","ไฟกดข้าม: ไม่มี"],"district":"วัฒนา"},"geometry":{"type":"Point","coordinates":[100.56338,13.73511]}},{"type":"Feature","properties":{"title":"ทางม้าลาย ปากซอยสุขุมวิท 83","info":["ถนน: ถนนสุขุมวิท","เขต: พระโขนง","จำนวนช่องจราจร: 2","ไฟกดข้าม: ไม่มี"],"district":"พระโขนง"},"geometry":{"type":"Point","coordinates":[100.60248,13.70303]}},{"type":"Feature","properties":{"title":"ทางม้าลาย ปากซอยสุขุมวิท 85","info":["ถนน: ถนนสุขุมวิท","เขต: พระโขนง","จำนวนช่องจราจร: 2","ไฟกดข้าม: ไม่มี"],"district":"พระโขนง"},"geometry":{"type":"Point","coordinates":[100.60277,13.70238]}},{"type":"Feature","properties":{"title":"ทางม้าลาย ปากซอยสุขุมวิท 87","info":["ถนน: ถนนสุขุมวิท","เขต: พระโขนง","จำนวนช่องจราจร: 2","ไฟกดข้าม: ไม่มี"],"district":"พระโขนง"},"geometry":{"type":"Point","coordinates":[100.60331,13.7013]}},{"type":"Feature","properties":{"title":"ทางม้าลาย ปากซอยสุขุมวิท 89","info":["ถนน: ถนนสุขุมวิท","เขต: พระโขนง","จำนวนช่องจราจร: 2","ไฟกดข้าม: ไม่มี"],"district":"พระโขนง"},"geometry":{"type":"Point","coordinates":[100.60346,13.701]}},{"type":"Feature","properties":{"title":"ทางม้าลาย ซอยสุขุมวิท 89/1 (โรงเรียนสยามสามไตร)","info":["ถนน: ถนนสุขุมวิท","เขต: พระโขนง","จำนวนช่องจราจร: 1","ไฟกดข้าม: ไม่มี"],"district":"พระโขนง"},"geometry":{"type":"Point","coordinates":[100.60603,13.7012]}},{"type":"Feature","properties":{"title":"ทางม้าลาย ปากซอยสุขุมวิท 91","info":["ถนน: ถนนสุขุมวิท","เขต: พระโขนง","จำนวนช่องจราจร: 2","ไฟกดข้าม: ไม่มี"],"district":"พระโขนง"},"geometry":{"type":"Point","coordinates":[100.60421,13.69946]}},{"type":"Feature","properties":{"title":"ทางม้าลาย ปากซอยสุขุมวิท 93","info":["ถนน: ถนนสุขุมวิท","เขต: พระโขนง","จำนวนช่องจราจร: 2","ไฟกดข้าม: ไม่มี"],"district":"พระโขนง"},"geometry":{"type":"Point","coordinates":[100.60453,13.69873]}},{"type":"Feature","properties":{"title":"ทางม้าลาย ปากซอยสุขุมวิท 97/1","info":["ถนน: ถนนสุขุมวิท","เขต: พระโขนง","จำนวนช่องจราจร: 2","ไฟกดข้าม: ไม่มี"],"district":"พระโขนง"},"geometry":{"type":"Point","coordinates":[100.60561,13.69662]}},{"type":"Feature","properties":{"title":"ทางม้าลาย ปากซอยสุขุมวิท 101","info":["ถนน: ถนนสุขุมวิท","เขต: พระโขนง","จำนวนช่องจราจร: 2","ไฟกดข้าม: ไม่มี"],"district":"พระโขนง"},"geometry":{"type":"Point","coordinates":[100.60872,13.69025]}},{"type":"Feature","properties":{"title":"ทางม้าลาย Regent Orchid และหน้าบริษัท PCS","info":["ถนน: ถนนสุขุมวิท","เขต: พระโขนง","จำนวนช่องจราจร: 2","ไฟกดข้าม: ไม่มี"],"district":"พระโขนง"},"geometry":{"type":"Point","coordinates":[100.61122,13.69035]}},{"type":"Feature","properties":{"title":"ทางม้าลาย หน้าโรงเรียนวัดมกุฏฯ (ทางเข้า)","info":["ถนน: ถนนกรุงเกษม","เขต: พระนคร","จำนวนช่องจราจร: 4","ไฟกดข้าม: ไม่มี"],"district":"พระนคร"},"geometry":{"type":"Point","coordinates":[100.50733,13.76558]}},{"type":"Feature","properties":{"title":"ทางม้าลาย หน้าโรงเรียนวัดมกุฏฯ (ทางออก)","info":["ถนน: ถนนกรุงเกษม","เขต: พระนคร","จำนวนช่องจราจร: 4","ไฟกดข้าม: ไม่มี"],"district":"พระนคร"},"geometry":{"type":"Point","coordinates":[100.50806,13.76477]}},{"type":"Feature","properties":{"title":"ทางม้าลาย แยกสะพานช้างโรงสี","info":["ถนน: ถนนบำรุงเมือง","เขต: พระนคร","จำนวนช่องจราจร: 4","ไฟกดข้าม: ไม่มี"],"district":"พระนคร"},"geometry":{"type":"Point","coordinates":[100.49649,13.75133]}},{"type":"Feature","properties":{"title":"ทางม้าลาย กระทรวงมหาดไทย (ด้านข้าง)","info":["ถนน: ถนนบำรุงเมือง","เขต: พระนคร","จำนวนช่องจราจร: 4","ไฟกดข้าม: ไม่มี"],"district":"พระนคร"},"geometry":{"type":"Point","coordinates":[100.49753,13.75144]}},{"type":"Feature","properties":{"title":"ทางม้าลาย แยกสี่กั๊กเสาชิงช้า (จุดที่ 1)","info":["ถนน: ถนนบำรุงเมือง","เขต: พระนคร","จำนวนช่องจราจร: 4","ไฟกดข้าม: ไม่มี"],"district":"พระนคร"},"geometry":{"type":"Point","coordinates":[100.49801,13.75146]}},{"type":"Feature","properties":{"title":"ทางม้าลาย แยกสี่กั๊กเสาชิงช้า (จุดที่ 2)","info":["ถนน: ถนนบำรุงเมือง","เขต: พระนคร","จำนวนช่องจราจร: 3","ไฟกดข้าม: ไม่มี"],"district":"พระนคร"},"geometry":{"type":"Point","coordinates":[100.4984,13.75155]}},{"type":"Feature","properties":{"title":"ทางม้าลาย ใกล้แยกซอยเทศา","info":["ถนน: ถนนบำรุงเมือง","เขต: พระนคร","จำนวนช่องจราจร: 3","ไฟกดข้าม: ไม่มี"],"district":"พระนคร"},"geometry":{"type":"Point","coordinates":[100.49925,13.75164]}},{"type":"Feature","properties":{"title":"ทางม้าลาย แยกตัดถนนตีทอง","info":["ถนน: ถนนบำรุงเมือง","เขต: พระนคร","จำนวนช่องจราจร: 3","ไฟกดข้าม: ไม่มี"],"district":"พระนคร"},"geometry":{"type":"Point","coordinates":[100.50025,13.75172]}},{"type":"Feature","properties":{"title":"ทางม้าลาย แยกเสาชิงช้า (ตัดถนนดินสอ) จุดที่ 1","info":["ถนน: ถนนบำรุงเมือง","เขต: พระนคร","จำนวนช่องจราจร: 3","ไฟกดข้าม: ไม่มี"],"district":"พระนคร"},"geometry":{"type":"Point","coordinates":[100.50076,13.75189]}},{"type":"Feature","properties":{"title":"ทางม้าลาย แยกเสาชิงช้า (ตัดถนนดินสอ) จุดที่ 2","info":["ถนน: ถนนบำรุงเมือง","เขต: พระนคร","จำนวนช่องจราจร: 3","ไฟกดข้าม: ไม่มี"],"district":"พระนคร"},"geometry":{"type":"Point","coordinates":[100.50088,13.75188]}},{"type":"Feature","properties":{"title":"ทางม้าลาย แยกเสาชิงช้า (ตัดถนนดินสอ) จุดที่ 3","info":["ถนน: ถนนบำรุงเมือง","เขต: พระนคร","จำนวนช่องจราจร: 1","ไฟกดข้าม: ไม่มี"],"district":"พระนคร"},"geometry":{"type":"Point","coordinates":[100.50075,13.75174]}},{"type":"Feature","properties":{"title":"ทางม้าลาย ร้านวัสดุเลยฉลองกรุง30","info":["ถนน: ถนนฉลองกรุง","เขต: ลาดกระบัง","จำนวนช่องจราจร: 6","ไฟกดข้าม: ไม่มี"],"district":"ลาดกระบัง"},"geometry":{"type":"Point","coordinates":[100.79959,13.75809]}},{"type":"Feature","properties":{"title":"ทางม้าลาย ซอยฉลองกรุง39","info":["ถนน: ถนนฉลองกรุง","เขต: ลาดกระบัง","จำนวนช่องจราจร: 6","ไฟกดข้าม: ไม่มี"],"district":"ลาดกระบัง"},"geometry":{"type":"Point","coordinates":[100.8008,13.75982]}},{"type":"Feature","properties":{"title":"ทางม้าลาย ปั๊มแก๊สพีที","info":["ถนน: ถนนฉลองกรุง","เขต: ลาดกระบัง","จำนวนช่องจราจร: 6","ไฟกดข้าม: ไม่มี"],"district":"ลาดกระบัง"},"geometry":{"type":"Point","coordinates":[100.80895,13.76937]}},{"type":"Feature","properties":{"title":"ทางม้าลาย ซอยฉลองกรุง53(ทางเข้าวัดทิพาวาส)","info":["ถนน: ถนนฉลองกรุง","เขต: ลาดกระบัง","จำนวนช่องจราจร: 6","ไฟกดข้าม: ไม่มี"],"district":"ลาดกระบัง"},"geometry":{"type":"Point","coordinates":[100.81175,13.77186]}},{"type":"Feature","properties":{"title":"ทางม้าลาย ซอยฉลองกรุง57","info":["ถนน: ถนนฉลองกรุง","เขต: ลาดกระบัง","จำนวนช่องจราจร: 6","ไฟกดข้าม: ไม่มี"],"district":"ลาดกระบัง"},"geometry":{"type":"Point","coordinates":[100.81503,13.77478]}},{"type":"Feature","properties":{"title":"ทางม้าลาย ซอยฉลองกรุง61","info":["ถนน: ถนนฉลองกรุง","เขต: ลาดกระบัง","จำนวนช่องจราจร: 6","ไฟกดข้าม: ไม่มี"],"district":"ลาดกระบัง"},"geometry":{"type":"Point","coordinates":[100.81686,13.7764]}},{"type":"Feature","properties":{"title":"ทางม้าลาย หน้าถนนขุมทองเชื่อมหลวงแพ่ง","info":["ถนน: ถนนขุมทองลำต้อยติ่ง","เขต: ลาดกระบัง","จำนวนช่องจราจร: 3","ไฟกดข้าม: ไม่มี"],"district":"ลาดกระบัง"},"geometry":{"type":"Point","coordinates":[100.85121,13.69793]}},{"type":"Feature","properties":{"title":"ทางม้าลาย หน้า รร วัดราชโกษา","info":["ถนน: ถนนขุมทองลำต้อยติ่ง","เขต: ลาดกระบัง","จำนวนช่องจราจร: 3","ไฟกดข้าม: ไม่มี"],"district":"ลาดกระบัง"},"geometry":{"type":"Point","coordinates":[100.85184,13.69921]}},{"type":"Feature","properties":{"title":"ทางม้าลาย หน้าวัดวชิรธรรมวาส","info":["ถนน: ถนนขุมทองลำต้อยติ่ง","เขต: ลาดกระบัง","จำนวนช่องจราจร: 2","ไฟกดข้าม: ไม่มี"],"district":"ลาดกระบัง"},"geometry":{"type":"Point","coordinates":[100.86031,13.73219]}},{"type":"Feature","properties":{"title":"ทางม้าลาย ร่มเกล้า1","info":["ถนน: ถนนร่มเกล้า","เขต: ลาดกระบัง","จำนวนช่องจราจร: 2","ไฟกดข้าม: ไม่มี"],"district":"ลาดกระบัง"},"geometry":{"type":"Point","coordinates":[100.73113,13.73132]}},{"type":"Feature","properties":{"title":"ทางม้าลาย ปากซอยสุขุมวิท 27","info":["ถนน: ถนนสุขุมวิท ซอย 27","เขต: วัฒนา","จำนวนช่องจราจร: 0","ไฟกดข้าม: ไม่มี"],"district":"วัฒนา"},"geometry":{"type":"Point","coordinates":[100.56411,13.73459]}},{"type":"Feature","properties":{"title":"ทางม้าลาย ปากซอยสุขุมวิท 29","info":["ถนน: ถนนสุขุมวิท ซอย 29","เขต: วัฒนา","จำนวนช่องจราจร: 0","ไฟกดข้าม: ไม่มี"],"district":"วัฒนา"},"geometry":{"type":"Point","coordinates":[100.56509,13.73391]}},{"type":"Feature","properties":{"title":"ทางม้าลาย ปากซอยสุขุมวิท 31","info":["ถนน: ถนนสุขุมวิท ซอย 31","เขต: วัฒนา","จำนวนช่องจราจร: 2","ไฟกดข้าม: ไม่มี"],"district":"วัฒนา"},"geometry":{"type":"Point","coordinates":[100.56608,13.73318]}},{"type":"Feature","properties":{"title":"ทางม้าลาย กลางซอย จุดที่ 1 (หน้า 7-11)","info":["ถนน: ถนนสุขุมวิท ซอย 31","เขต: วัฒนา","จำนวนช่องจราจร: 2","ไฟกดข้าม: ไม่มี"],"district":"วัฒนา"},"geometry":{"type":"Point","coordinates":[100.56694,13.73762]}},{"type":"Feature","properties":{"title":"ทางม้าลาย กลางซอย จุดที่ 2 (หน้าป้อม)","info":["ถนน: ถนนสุขุมวิท ซอย 31","เขต: วัฒนา","จำนวนช่องจราจร: 2","ไฟกดข้าม: ไม่มี"],"district":"วัฒนา"},"geometry":{"type":"Point","coordinates":[100.56699,13.73774]}},{"type":"Feature","properties":{"title":"ทางม้าลาย กลางซอย จุดที่ 3 (หน้าป้อม)","info":["ถนน: ถนนสุขุมวิท ซอย 31","เขต: วัฒนา","จำนวนช่องจราจร: 2","ไฟกดข้าม: ไม่มี"],"district":"วัฒนา"},"geometry":{"type":"Point","coordinates":[100.56704,13.73769]}},{"type":"Feature","properties":{"title":"ทางม้าลาย หน้าโรงเรียนจุฑาภรณ์","info":["ถนน: ถนนสุขุมวิท ซอย 31","เขต: วัฒนา","จำนวนช่องจราจร: 2","ไฟกดข้าม: ไม่มี"],"district":"วัฒนา"},"geometry":{"type":"Point","coordinates":[100.56862,13.74312]}},{"type":"Feature","properties":{"title":"ทางม้าลาย ซอยพบมิตร","info":["ถนน: ถนนสุขุมวิท ซอย 31","เขต: วัฒนา","จำนวนช่องจราจร: 2","ไฟกดข้าม: ไม่มี"],"district":"วัฒนา"},"geometry":{"type":"Point","coordinates":[100.57143,13.74269]}},{"type":"Feature","properties":{"title":"ทางม้าลาย สามแยกสุขุมวิท 31 ต่อเนื่อง 39 จุดที่ 1","info":["ถนน: ถนนสุขุมวิท ซอย 31","เขต: วัฒนา","จำนวนช่องจราจร: 2","ไฟกดข้าม: ไม่มี"],"district":"วัฒนา"},"geometry":{"type":"Point","coordinates":[100.57227,13.74255]}},{"type":"Feature","properties":{"title":"ทางม้าลาย สามแยกสุขุมวิท 31 ต่อเนื่อง 39 จุดที่ 2","info":["ถนน: ถนนสุขุมวิท ซอย 31","เขต: วัฒนา","จำนวนช่องจราจร: 2","ไฟกดข้าม: ไม่มี"],"district":"วัฒนา"},"geometry":{"type":"Point","coordinates":[100.57233,13.7426]}},{"type":"Feature","properties":{"title":"ทางม้าลาย ซอยปุณณวิถี 19 20(โรงเรียนวัดธรรมมงคล)","info":["ถนน: ถนนสุขุมวิท","เขต: พระโขนง","จำนวนช่องจราจร: 2","ไฟกดข้าม: ไม่มี"],"district":"พระโขนง"},"geometry":{"type":"Point","coordinates":[100.61374,13.69155]}},{"type":"Feature","properties":{"title":"ทางม้าลาย หน้าโรงเรียนพระกุมารเยซู","info":["ถนน: ถนนสุขุมวิท","เขต: พระโขนง","จำนวนช่องจราจร: 2","ไฟกดข้าม: ไม่มี"],"district":"พระโขนง"},"geometry":{"type":"Point","coordinates":[100.6168,13.69152]}},{"type":"Feature","properties":{"title":"ทางม้าลาย ปากซอยสุขุมวิท 101/1","info":["ถนน: ถนนสุขุมวิท","เขต: พระโขนง","จำนวนช่องจราจร: 4","ไฟกดข้าม: ไม่มี"],"district":"พระโขนง"},"geometry":{"type":"Point","coordinates":[100.6087,13.69025]}},{"type":"Feature","properties":{"title":"ทางม้าลาย ซอยวชิรธรรมสาธิต 12","info":["ถนน: ถนนสุขุมวิท","เขต: พระโขนง","จำนวนช่องจราจร: 4","ไฟกดข้าม: ไม่มี"],"district":"พระโขนง"},"geometry":{"type":"Point","coordinates":[100.61426,13.68438]}},{"type":"Feature","properties":{"title":"ทางม้าลาย ปากซอยวชิรธรรมสาธิต 14","info":["ถนน: ถนนสุขุมวิท","เขต: พระโขนง","จำนวนช่องจราจร: 2","ไฟกดข้าม: ไม่มี"],"district":"พระโขนง"},"geometry":{"type":"Point","coordinates":[100.61629,13.68437]}},{"type":"Feature","properties":{"title":"ทางม้าลาย ซอยวชิรธรรมสาธิต 9-18","info":["ถนน: ถนนสุขุมวิท","เขต: พระโขนง","จำนวนช่องจราจร: 2","ไฟกดข้าม: ไม่มี"],"district":"พระโขนง"},"geometry":{"type":"Point","coordinates":[100.6175,13.68445]}},{"type":"Feature","properties":{"title":"ทางม้าลาย ซอยวชิรธรรมสาธิต 21","info":["ถนน: ถนนสุขุมวิท","เขต: พระโขนง","จำนวนช่องจราจร: 2","ไฟกดข้าม: ไม่มี"],"district":"พระโขนง"},"geometry":{"type":"Point","coordinates":[100.62023,13.68444]}},{"type":"Feature","properties":{"title":"ทางม้าลาย ซอยวชิรธรรมสาธิต 24","info":["ถนน: ถนนสุขุมวิท","เขต: พระโขนง","จำนวนช่องจราจร: 2","ไฟกดข้าม: ไม่มี"],"district":"พระโขนง"},"geometry":{"type":"Point","coordinates":[100.61882,13.68443]}},{"type":"Feature","properties":{"title":"ทางม้าลาย ซอยวชิรธรรมสาธิต 26","info":["ถนน: ถนนสุขุมวิท","เขต: พระโขนง","จำนวนช่องจราจร: 2","ไฟกดข้าม: ไม่มี"],"district":"พระโขนง"},"geometry":{"type":"Point","coordinates":[100.61958,13.68445]}},{"type":"Feature","properties":{"title":"ทางม้าลาย ซอยวชิรธรรมสาธิต 35","info":["ถนน: ถนนสุขุมวิท","เขต: พระโขนง","จำนวนช่องจราจร: 2","ไฟกดข้าม: ไม่มี"],"district":"พระโขนง"},"geometry":{"type":"Point","coordinates":[100.62643,13.68486]}},{"type":"Feature","properties":{"title":"ทางม้าลาย แยกเสาชิงช้า (ตัดถนนศิริพงษ์) จุดที่ 1","info":["ถนน: ถนนบำรุงเมือง","เขต: พระนคร","จำนวนช่องจราจร: 4","ไฟกดข้าม: ไม่มี"],"district":"พระนคร"},"geometry":{"type":"Point","coordinates":[100.50191,13.75198]}},{"type":"Feature","properties":{"title":"ทางม้าลาย แยกเสาชิงช้า (ตัดถนนศิริพงษ์) จุดที่ 2","info":["ถนน: ถนนบำรุงเมือง","เขต: พระนคร","จำนวนช่องจราจร: 1","ไฟกดข้าม: ไม่มี"],"district":"พระนคร"},"geometry":{"type":"Point","coordinates":[100.5018,13.75182]}},{"type":"Feature","properties":{"title":"ทางม้าลาย แยกเสาชิงช้า (ตัดถนนศิริพงษ์) จุดที่ 3","info":["ถนน: ถนนบำรุงเมือง","เขต: พระนคร","จำนวนช่องจราจร: 4","ไฟกดข้าม: ไม่มี"],"district":"พระนคร"},"geometry":{"type":"Point","coordinates":[100.5018,13.7517]}},{"type":"Feature","properties":{"title":"ทางม้าลาย แยกเสาชิงช้า (ตัดถนนศิริพงษ์) จุดที่ 5","info":["ถนน: ถนนบำรุงเมือง","เขต: พระนคร","จำนวนช่องจราจร: 3","ไฟกดข้าม: ไม่มี"],"district":"พระนคร"},"geometry":{"type":"Point","coordinates":[100.50211,13.75192]}},{"type":"Feature","properties":{"title":"ทางม้าลาย หน้าร้านรุ่งเรืองพานิชย์","info":["ถนน: ถนนบำรุงเมือง","เขต: พระนคร","จำนวนช่องจราจร: 3","ไฟกดข้าม: ไม่มี"],"district":"พระนคร"},"geometry":{"type":"Point","coordinates":[100.50304,13.75203]}},{"type":"Feature","properties":{"title":"ทางม้าลาย แยกสำราญราษฎร์ จุดที่ 1","info":["ถนน: ถนนบำรุงเมือง","เขต: พระนคร","จำนวนช่องจราจร: 3","ไฟกดข้าม: ไม่มี"],"district":"พระนคร"},"geometry":{"type":"Point","coordinates":[100.50441,13.75216]}},{"type":"Feature","properties":{"title":"ทางม้าลาย แยกสำราญราษฎร์ จุดที่ 2","info":["ถนน: ถนนบำรุงเมือง","เขต: พระนคร","จำนวนช่องจราจร: 4","ไฟกดข้าม: ไม่มี"],"district":"พระนคร"},"geometry":{"type":"Point","coordinates":[100.50461,13.75216]}},{"type":"Feature","properties":{"title":"ทางม้าลาย ใกล้เชิงสะพานพระพุทธยอดฟ้า","info":["ถนน: ถนนจักรเพชร","เขต: พระนคร","จำนวนช่องจราจร: 1","ไฟกดข้าม: ไม่มี"],"district":"พระนคร"},"geometry":{"type":"Point","coordinates":[100.49789,13.74167]}},{"type":"Feature","properties":{"title":"ทางม้าลาย แยกตัดถนนบ้านหม้อ","info":["ถนน: ถนนจักรเพชร","เขต: พระนคร","จำนวนช่องจราจร: 4","ไฟกดข้าม: ไม่มี"],"district":"พระนคร"},"geometry":{"type":"Point","coordinates":[100.49688,13.74216]}},{"type":"Feature","properties":{"title":"ทางม้าลาย แยกตัดถนนอัษฎางค์","info":["ถนน: ถนนจักรเพชร","เขต: พระนคร","จำนวนช่องจราจร: 4","ไฟกดข้าม: ไม่มี"],"district":"พระนคร"},"geometry":{"type":"Point","coordinates":[100.4954,13.74259]}},{"type":"Feature","properties":{"title":"ทางม้าลาย แยกพระพิทักษ์","info":["ถนน: ถนนพระพิทักษ์","เขต: พระนคร","จำนวนช่องจราจร: 2","ไฟกดข้าม: ไม่มี"],"district":"พระนคร"},"geometry":{"type":"Point","coordinates":[100.49658,13.74538]}},{"type":"Feature","properties":{"title":"ทางม้าลาย หน้า รร.พลมานีย์","info":["ถนน: ถนนประชาพัฒนา","เขต: ลาดกระบัง","จำนวนช่องจราจร: 2","ไฟกดข้าม: ไม่มี"],"district":"ลาดกระบัง"},"geometry":{"type":"Point","coordinates":[100.79855,13.72334]}},{"type":"Feature","properties":{"title":"ทางม้าลาย หน้าศาลเจ้าแม่ทับทิม (อาม่า)","info":["ถนน: ถนนเจริญกรุง","เขต: สาทร","จำนวนช่องจราจร: 4","ไฟกดข้าม: ไม่มี"],"district":"สาทร"},"geometry":{"type":"Point","coordinates":[100.51297,13.71367]}},{"type":"Feature","properties":{"title":"ทางม้าลาย ใกล้ซอยเจริญกรุง 57 (ม.ราชมงคลกรุงเทพ)","info":["ถนน: ถนนเจริญกรุง","เขต: สาทร","จำนวนช่องจราจร: 4","ไฟกดข้าม: ไม่มี"],"district":"สาทร"},"geometry":{"type":"Point","coordinates":[100.5137,13.71539]}},{"type":"Feature","properties":{"title":"ทางม้าลาย หน้าโรงเรียนวัดยานนาวา","info":["ถนน: ถนนเจริญกรุง","เขต: สาทร","จำนวนช่องจราจร: 4","ไฟกดข้าม: ไม่มี"],"district":"สาทร"},"geometry":{"type":"Point","coordinates":[100.51435,13.71688]}},{"type":"Feature","properties":{"title":"ทางม้าลาย ปากซอยเจริญกรุง 69","info":["ถนน: ซอยเจริญกรุง 69","เขต: สาทร","จำนวนช่องจราจร: 2","ไฟกดข้าม: ไม่มี"],"district":"สาทร"},"geometry":{"type":"Point","coordinates":[100.51214,13.71129]}},{"type":"Feature","properties":{"title":"ทางม้าลาย ปากซอยเจริญกรุง 65","info":["ถนน: ซอยเจริญกรุง 65","เขต: สาทร","จำนวนช่องจราจร: 2","ไฟกดข้าม: ไม่มี"],"district":"สาทร"},"geometry":{"type":"Point","coordinates":[100.51293,13.71313]}},{"type":"Feature","properties":{"title":"ทางม้าลาย ปากซอยเจริญกรุง 63","info":["ถนน: ซอยเจริญกรุง 63","เขต: สาทร","จำนวนช่องจราจร: 2","ไฟกดข้าม: ไม่มี"],"district":"สาทร"},"geometry":{"type":"Point","coordinates":[100.51327,13.71398]}},{"type":"Feature","properties":{"title":"ทางม้าลาย ปากซอยเจริญกรุง 57","info":["ถนน: ซอยเจริญกรุง 57","เขต: สาทร","จำนวนช่องจราจร: 2","ไฟกดข้าม: ไม่มี"],"district":"สาทร"},"geometry":{"type":"Point","coordinates":[100.51646,13.71474]}},{"type":"Feature","properties":{"title":"ทางม้าลาย โรงเรียนโกศลภัทรวิทย์","info":["ถนน: ซอยเจริญกรุง 57","เขต: สาทร","จำนวนช่องจราจร: 2","ไฟกดข้าม: ไม่มี"],"district":"สาทร"},"geometry":{"type":"Point","coordinates":[100.51646,13.71474]}},{"type":"Feature","properties":{"title":"ทางม้าลาย โรงเรียนสตรีศรีสุริโยทัย","info":["ถนน: ซอยเจริญกรุง 57","เขต: สาทร","จำนวนช่องจราจร: 2","ไฟกดข้าม: ไม่มี"],"district":"สาทร"},"geometry":{"type":"Point","coordinates":[100.51573,13.71495]}},{"type":"Feature","properties":{"title":"ทางม้าลาย ใกล้อาคารชุดสาธรพาร์คเพลช","info":["ถนน: ถนนสาทรเหนือ-สาทรใต้","เขต: สาทร","จำนวนช่องจราจร: 8","ไฟกดข้าม: ไม่มี"],"district":"สาทร"},"geometry":{"type":"Point","coordinates":[100.53885,13.72425]}},{"type":"Feature","properties":{"title":"ทางม้าลาย แยกซอยเอกมัย 5 ตัด 12 จุดที่ 2","info":["ถนน: ถนนสุขุมวิท ซอย 63","เขต: วัฒนา","จำนวนช่องจราจร: 4","ไฟกดข้าม: ไม่มี"],"district":"วัฒนา"},"geometry":{"type":"Point","coordinates":[100.58645,13.73086]}},{"type":"Feature","properties":{"title":"ทางม้าลาย แยกซอยเอกมัย 5 ตัด 12 จุดที่ 3","info":["ถนน: ถนนสุขุมวิท ซอย 63","เขต: วัฒนา","จำนวนช่องจราจร: 4","ไฟกดข้าม: ไม่มี"],"district":"วัฒนา"},"geometry":{"type":"Point","coordinates":[100.58639,13.73084]}},{"type":"Feature","properties":{"title":"ทางม้าลาย แยกซอยเอกมัย 5 ตัด 12 จุดที่ 4","info":["ถนน: ถนนสุขุมวิท ซอย 63","เขต: วัฒนา","จำนวนช่องจราจร: 4","ไฟกดข้าม: ไม่มี"],"district":"วัฒนา"},"geometry":{"type":"Point","coordinates":[100.58652,13.7308]}},{"type":"Feature","properties":{"title":"ทางม้าลาย ใกล้ร้านวัฒนาพานิช","info":["ถนน: ถนนสุขุมวิท ซอย 63","เขต: วัฒนา","จำนวนช่องจราจร: 4","ไฟกดข้าม: ไม่มี"],"district":"วัฒนา"},"geometry":{"type":"Point","coordinates":[100.58761,13.73443]}},{"type":"Feature","properties":{"title":"ทางม้าลาย แยกปากซอยเอกมัย 19 - 22 จุดที่ 1","info":["ถนน: ถนนสุขุมวิท ซอย 63","เขต: วัฒนา","จำนวนช่องจราจร: 4","ไฟกดข้าม: ไม่มี"],"district":"วัฒนา"},"geometry":{"type":"Point","coordinates":[100.58805,13.73576]}},{"type":"Feature","properties":{"title":"ทางม้าลาย แยกปากซอยเอกมัย 19 - 22 จุดที่ 3","info":["ถนน: ถนนสุขุมวิท ซอย 63","เขต: วัฒนา","จำนวนช่องจราจร: 2","ไฟกดข้าม: ไม่มี"],"district":"วัฒนา"},"geometry":{"type":"Point","coordinates":[100.58821,13.7359]}},{"type":"Feature","properties":{"title":"ทางม้าลาย หน้าโรงพิมพ์สลากฯ","info":["ถนน: ถนนสุขุมวิท ซอย 63","เขต: วัฒนา","จำนวนช่องจราจร: 4","ไฟกดข้าม: ไม่มี"],"district":"วัฒนา"},"geometry":{"type":"Point","coordinates":[100.58863,13.73753]}},{"type":"Feature","properties":{"title":"ทางม้าลาย ใกล้ซอยเอกมัย 21","info":["ถนน: ถนนสุขุมวิท ซอย 63","เขต: วัฒนา","จำนวนช่องจราจร: 4","ไฟกดข้าม: ไม่มี"],"district":"วัฒนา"},"geometry":{"type":"Point","coordinates":[100.58898,13.7386]}},{"type":"Feature","properties":{"title":"ทางม้าลาย ใกล้ซอยเอกมัย 28","info":["ถนน: ถนนสุขุมวิท ซอย 63","เขต: วัฒนา","จำนวนช่องจราจร: 4","ไฟกดข้าม: ไม่มี"],"district":"วัฒนา"},"geometry":{"type":"Point","coordinates":[100.58917,13.73906]}},{"type":"Feature","properties":{"title":"ทางม้าลาย ปากซอยเอกมัย 23","info":["ถนน: ถนนสุขุมวิท ซอย 63","เขต: วัฒนา","จำนวนช่องจราจร: 2","ไฟกดข้าม: ไม่มี"],"district":"วัฒนา"},"geometry":{"type":"Point","coordinates":[100.58967,13.74095]}},{"type":"Feature","properties":{"title":"ทางม้าลาย ซอยวชิรธรรมสาธิต 57","info":["ถนน: ถนนสุขุมวิท","เขต: พระโขนง","จำนวนช่องจราจร: 2","ไฟกดข้าม: ไม่มี"],"district":"พระโขนง"},"geometry":{"type":"Point","coordinates":[100.63426,13.68632]}},{"type":"Feature","properties":{"title":"ทางม้าลาย โรงเรียนวชิรธรรมสาธิต","info":["ถนน: ถนนสุขุมวิท","เขต: พระโขนง","จำนวนช่องจราจร: 2","ไฟกดข้าม: ไม่มี"],"district":"พระโขนง"},"geometry":{"type":"Point","coordinates":[100.63252,13.69138]}},{"type":"Feature","properties":{"title":"ทางม้าลาย ปากซอยสุขุมวิท 54","info":["ถนน: ถนนสุขุมวิท","เขต: พระโขนง","จำนวนช่องจราจร: 2","ไฟกดข้าม: ไม่มี"],"district":"พระโขนง"},"geometry":{"type":"Point","coordinates":[100.63252,13.69138]}},{"type":"Feature","properties":{"title":"ทางม้าลาย ปากซอยสุขุมวิท 58","info":["ถนน: ถนนสุขุมวิท","เขต: พระโขนง","จำนวนช่องจราจร: 2","ไฟกดข้าม: ไม่มี"],"district":"พระโขนง"},"geometry":{"type":"Point","coordinates":[100.60226,13.70278]}},{"type":"Feature","properties":{"title":"ทางม้าลาย ปากซอยสุขุมวิท 60","info":["ถนน: ถนนสุขุมวิท","เขต: พระโขนง","จำนวนช่องจราจร: 2","ไฟกดข้าม: ไม่มี"],"district":"พระโขนง"},"geometry":{"type":"Point","coordinates":[100.60412,13.699]}},{"type":"Feature","properties":{"title":"ทางม้าลาย ปากซอยสุขุมวิท 64","info":["ถนน: ถนนสุขุมวิท","เขต: พระโขนง","จำนวนช่องจราจร: 2","ไฟกดข้าม: ไม่มี"],"district":"พระโขนง"},"geometry":{"type":"Point","coordinates":[100.60936,13.6883]}},{"type":"Feature","properties":{"title":"ทางม้าลาย สามแยกซอยสุขุมวิท 62","info":["ถนน: ถนนสุขุมวิท","เขต: พระโขนง","จำนวนช่องจราจร: 5","ไฟกดข้าม: ไม่มี"],"district":"พระโขนง"},"geometry":{"type":"Point","coordinates":[100.60568,13.69576]}},{"type":"Feature","properties":{"title":"ทางม้าลาย ซอยสุขุมวิท 62/1","info":["ถนน: ถนนสุขุมวิท","เขต: พระโขนง","จำนวนช่องจราจร: 2","ไฟกดข้าม: มี"],"district":"พระโขนง"},"geometry":{"type":"Point","coordinates":[100.60692,13.69342]}},{"type":"Feature","properties":{"title":"ทางม้าลาย สามแยกซอยวัดทุ่ง","info":["ถนน: ซ.วชิรธรรมสาธิต 70 - ซ.วัดทุ่ง","เขต: พระโขนง","จำนวนช่องจราจร: 2","ไฟกดข้าม: มี"],"district":"พระโขนง"},"geometry":{"type":"Point","coordinates":[100.63523,13.68913]}},{"type":"Feature","properties":{"title":"ทางม้าลาย สามแยกอุดมสุข 51-สุขุมวิท 101/1","info":["ถนน: ถนนอุดุมสุข","เขต: บางนา","จำนวนช่องจราจร: 2","ไฟกดข้าม: มี"],"district":"พระโขนง"},"geometry":{"type":"Point","coordinates":[100.6352,13.68636]}},{"type":"Feature","properties":{"title":"ทางม้าลาย แยกบ้านหม้อ","info":["ถนน: ถนนพระพิทักษ์","เขต: พระนคร","จำนวนช่องจราจร: 2","ไฟกดข้าม: ไม่มี"],"district":"พระนคร"},"geometry":{"type":"Point","coordinates":[100.49732,13.74528]}},{"type":"Feature","properties":{"title":"ทางม้าลาย แยกตัดถนนจักรเพชร (ปากคลองตลาด)","info":["ถนน: ถนนบ้านหม้อ","เขต: พระนคร","จำนวนช่องจราจร: 2","ไฟกดข้าม: ไม่มี"],"district":"พระนคร"},"geometry":{"type":"Point","coordinates":[100.49702,13.74208]}},{"type":"Feature","properties":{"title":"ทางม้าลาย หน้าวิทยาลัยอาชีวศึกษาเสาวภา","info":["ถนน: ถนนบ้านหม้อ","เขต: พระนคร","จำนวนช่องจราจร: 2","ไฟกดข้าม: ไม่มี"],"district":"พระนคร"},"geometry":{"type":"Point","coordinates":[100.49717,13.74355]}},{"type":"Feature","properties":{"title":"ทางม้าลาย แยกบ้านหม้อ จุดที่ 1","info":["ถนน: ถนนบ้านหม้อ","เขต: พระนคร","จำนวนช่องจราจร: 2","ไฟกดข้าม: ไม่มี"],"district":"พระนคร"},"geometry":{"type":"Point","coordinates":[100.49736,13.74522]}},{"type":"Feature","properties":{"title":"ทางม้าลาย แยกบ้านหม้อ จุดที่ 2","info":["ถนน: ถนนบ้านหม้อ","เขต: พระนคร","จำนวนช่องจราจร: 2","ไฟกดข้าม: ไม่มี"],"district":"พระนคร"},"geometry":{"type":"Point","coordinates":[100.49742,13.74545]}},{"type":"Feature","properties":{"title":"ทางม้าลาย แยกสี่กั๊กพระยาศรี","info":["ถนน: ถนนเฟื่องนคร","เขต: พระนคร","จำนวนช่องจราจร: 4","ไฟกดข้าม: ไม่มี"],"district":"พระนคร"},"geometry":{"type":"Point","coordinates":[100.49766,13.74745]}},{"type":"Feature","properties":{"title":"ทางม้าลาย ใกล้คลองหลอดวัดราชบพิธ","info":["ถนน: ถนนเฟื่องนคร","เขต: พระนคร","จำนวนช่องจราจร: 2","ไฟกดข้าม: ไม่มี"],"district":"พระนคร"},"geometry":{"type":"Point","coordinates":[100.49776,13.74835]}},{"type":"Feature","properties":{"title":"ทางม้าลาย แยกตัดถนนราชบพิธ","info":["ถนน: ถนนเฟื่องนคร","เขต: พระนคร","จำนวนช่องจราจร: 2","ไฟกดข้าม: ไม่มี"],"district":"พระนคร"},"geometry":{"type":"Point","coordinates":[100.49792,13.74957]}},{"type":"Feature","properties":{"title":"ทางม้าลาย ปากซอยสุขา 2","info":["ถนน: ถนนเฟื่องนคร","เขต: พระนคร","จำนวนช่องจราจร: 4","ไฟกดข้าม: ไม่มี"],"district":"พระนคร"},"geometry":{"type":"Point","coordinates":[100.49802,13.75027]}},{"type":"Feature","properties":{"title":"ทางม้าลาย แยกสี่กั๊กเสาชิงช้า","info":["ถนน: ถนนเฟื่องนคร","เขต: พระนคร","จำนวนช่องจราจร: 4","ไฟกดข้าม: ไม่มี"],"district":"พระนคร"},"geometry":{"type":"Point","coordinates":[100.49813,13.75131]}},{"type":"Feature","properties":{"title":"ทางม้าลาย แยกบ้านหม้อ จุดที่ 1","info":["ถนน: ถนนพาหุรัด","เขต: พระนคร","จำนวนช่องจราจร: 5","ไฟกดข้าม: ไม่มี"],"district":"พระนคร"},"geometry":{"type":"Point","coordinates":[100.49751,13.74537]}},{"type":"Feature","properties":{"title":"ทางม้าลาย แยกเฉลิมกรุง จุดที่ 1","info":["ถนน: ถนนพาหุรัด","เขต: พระนคร","จำนวนช่องจราจร: 5","ไฟกดข้าม: ไม่มี"],"district":"พระนคร"},"geometry":{"type":"Point","coordinates":[100.49924,13.74516]}},{"type":"Feature","properties":{"title":"ทางม้าลาย หน้าอาคาร Ascott Sathon Bangkok","info":["ถนน: ถนนสาทรเหนือ-สาทรใต้","เขต: สาทร","จำนวนช่องจราจร: 8","ไฟกดข้าม: ไม่มี"],"district":"สาทร"},"geometry":{"type":"Point","coordinates":[100.52806,13.72105]}},{"type":"Feature","properties":{"title":"ทางม้าลาย ปากซอยสาทร 1","info":["ถนน: ซอยสาทร 1","เขต: สาทร","จำนวนช่องจราจร: 2","ไฟกดข้าม: ไม่มี"],"district":"สาทร"},"geometry":{"type":"Point","coordinates":[100.54346,13.72548]}},{"type":"Feature","properties":{"title":"ทางม้าลาย โรงเรียนอนุบาลประสิทธิศาสตร์","info":["ถนน: ซอยสาทร 1","เขต: สาทร","จำนวนช่องจราจร: 2","ไฟกดข้าม: ไม่มี"],"district":"สาทร"},"geometry":{"type":"Point","coordinates":[100.5437,13.72473]}},{"type":"Feature","properties":{"title":"ทางม้าลาย ปากซอยสาทร 11","info":["ถนน: ซอยสาทร 11","เขต: สาทร","จำนวนช่องจราจร: 2","ไฟกดข้าม: ไม่มี"],"district":"สาทร"},"geometry":{"type":"Point","coordinates":[100.52624,13.72031]}},{"type":"Feature","properties":{"title":"ทางม้าลาย โรงเรียนอัสสัมชัญประถม ประตู2","info":["ถนน: ซอยสาทร 11","เขต: สาทร","จำนวนช่องจราจร: 2","ไฟกดข้าม: ไม่มี"],"district":"สาทร"},"geometry":{"type":"Point","coordinates":[100.5273,13.71643]}},{"type":"Feature","properties":{"title":"ทางม้าลาย โรงเรียนอนุบาลแสงอรุณพระนครและเนิร์สเซอรี่","info":["ถนน: ซอยสาทร 11","เขต: สาทร","จำนวนช่องจราจร: 2","ไฟกดข้าม: ไม่มี"],"district":"สาทร"},"geometry":{"type":"Point","coordinates":[100.52744,13.71572]}},{"type":"Feature","properties":{"title":"ทางม้าลาย โรงเรียนศุภวิทย์","info":["ถนน: ซอยสาทร 11 แยก 5","เขต: สาทร","จำนวนช่องจราจร: 2","ไฟกดข้าม: ไม่มี"],"district":"สาทร"},"geometry":{"type":"Point","coordinates":[100.52904,13.71674]}},{"type":"Feature","properties":{"title":"ทางม้าลาย ปากซอยสาทร 13","info":["ถนน: ซอยสาทร 13","เขต: สาทร","จำนวนช่องจราจร: 2","ไฟกดข้าม: ไม่มี"],"district":"สาทร"},"geometry":{"type":"Point","coordinates":[100.52565,13.7202]}},{"type":"Feature","properties":{"title":"ทางม้าลาย โรงเรียนพรแม่มารี","info":["ถนน: ซอยสาทร 27","เขต: สาทร","จำนวนช่องจราจร: 2","ไฟกดข้าม: ไม่มี"],"district":"สาทร"},"geometry":{"type":"Point","coordinates":[100.52572,13.70492]}},{"type":"Feature","properties":{"title":"ทางม้าลาย หน้าอาคารซีรีน่าสาทรสวีท","info":["ถนน: ถนนนราธิวาสราชนครินทร์","เขต: สาทร","จำนวนช่องจราจร: 8","ไฟกดข้าม: ไม่มี"],"district":"สาทร"},"geometry":{"type":"Point","coordinates":[100.5312,13.72045]}},{"type":"Feature","properties":{"title":"ทางม้าลาย แยกจันทน์-นราธิวาสราชนครินทร์","info":["ถนน: ถนนนราธิวาสราชนครินทร์","เขต: สาทร","จำนวนช่องจราจร: 28","ไฟกดข้าม: ไม่มี"],"district":"สาทร"},"geometry":{"type":"Point","coordinates":[100.53764,13.70766]}},{"type":"Feature","properties":{"title":"ทางม้าลาย ปากซอยอุดมสุข 18","info":["ถนน: ถนนอุดุมสุข","เขต: บางนา","จำนวนช่องจราจร: 2","ไฟกดข้าม: มี"],"district":"บางนา"},"geometry":{"type":"Point","coordinates":[100.6155,13.67865]}},{"type":"Feature","properties":{"title":"ทางม้าลาย ปากซอยอุดมสุข 7","info":["ถนน: ถนนอุดุมสุข","เขต: บางนา","จำนวนช่องจราจร: 2","ไฟกดข้าม: มี"],"district":"บางนา"},"geometry":{"type":"Point","coordinates":[100.61302,13.67872]}},{"type":"Feature","properties":{"title":"ทางม้าลาย ซอยสรรพาวุธ 1 (ร.ร.วัดบางนาใน)","info":["ถนน: ถนนสรรพาวุธ","เขต: บางนา","จำนวนช่องจราจร: 6","ไฟกดข้าม: มี"],"district":"บางนา"},"geometry":{"type":"Point","coordinates":[100.6049,13.67344]}},{"type":"Feature","properties":{"title":"ทางม้าลาย หน้าโรงเรียนรุ่งเรืองวิทยา","info":["ถนน: ถนนสรรพาวุธ","เขต: บางนา","จำนวนช่องจราจร: 6","ไฟกดข้าม: มี"],"district":"บางนา"},"geometry":{"type":"Point","coordinates":[100.60374,13.67377]}},{"type":"Feature","properties":{"title":"ทางม้าลาย โรงเรียนอรรถวิทย์","info":["ถนน: ถนนสรรพาวุธ","เขต: บางนา","จำนวนช่องจราจร: 6","ไฟกดข้าม: มี"],"district":"บางนา"},"geometry":{"type":"Point","coordinates":[100.60194,13.6741]}},{"type":"Feature","properties":{"title":"ทางม้าลาย ศาลอาญา ศาลแพ่งพระโขนง","info":["ถนน: ถนนสรรพาวุธ","เขต: บางนา","จำนวนช่องจราจร: 6","ไฟกดข้าม: มี"],"district":"บางนา"},"geometry":{"type":"Point","coordinates":[100.59298,13.67579]}},{"type":"Feature","properties":{"title":"ทางม้าลาย สำนักงานเขตบางนา","info":["ถนน: ถนนสรรพาวุธ","เขต: บางนา","จำนวนช่องจราจร: 6","ไฟกดข้าม: มี"],"district":"บางนา"},"geometry":{"type":"Point","coordinates":[100.59201,13.676]}},{"type":"Feature","properties":{"title":"ทางม้าลาย แยกสรรพาวุธ","info":["ถนน: ถนนสรรพาวุธ","เขต: บางนา","จำนวนช่องจราจร: 7","ไฟกดข้าม: มี"],"district":"บางนา"},"geometry":{"type":"Point","coordinates":[100.5912,13.67615]}},{"type":"Feature","properties":{"title":"ทางม้าลาย ซอยสรรพาวุธ 23 (ร.ร.วัดบางนานอก)","info":["ถนน: ถนนสรรพาวุธ","เขต: บางนา","จำนวนช่องจราจร: 7","ไฟกดข้าม: มี"],"district":"บางนา"},"geometry":{"type":"Point","coordinates":[100.58864,13.67665]}},{"type":"Feature","properties":{"title":"ทางม้าลาย ทางรถไฟสายเก่าฯ (แยกสรรพาวุธ)","info":["ถนน: ถนนทางรถไฟสายเก่าปากน้ำ","เขต: บางนา","จำนวนช่องจราจร: 2","ไฟกดข้าม: มี"],"district":"บางนา"},"geometry":{"type":"Point","coordinates":[100.59116,13.67592]}},{"type":"Feature","properties":{"title":"ทางม้าลาย แยกสามภพนฤมิตร (สุขุมวิท 62+ทางรถไฟสายเก่า)","info":["ถนน: ถนนทางรถไฟสายเก่าปากน้ำ","เขต: พระโขนง","จำนวนช่องจราจร: 2","ไฟกดข้าม: มี"],"district":"พระโขนง"},"geometry":{"type":"Point","coordinates":[100.59007,13.69366]}},{"type":"Feature","properties":{"title":"ทางม้าลาย หน้าโรงเรียนพระโขนงพิทยาลัย","info":["ถนน: ถนนทางรถไฟสายเก่าปากน้ำ","เขต: พระโขนง","จำนวนช่องจราจร: 2","ไฟกดข้าม: มี"],"district":"พระโขนง"},"geometry":{"type":"Point","coordinates":[100.59221,13.69502]}},{"type":"Feature","properties":{"title":"ทางม้าลาย ซอยสุขุมวิท 62 แยก 10","info":["ถนน: ถนนทางรถไฟสายเก่าปากน้ำ","เขต: พระโขนง","จำนวนช่องจราจร: 2","ไฟกดข้าม: มี"],"district":"พระโขนง"},"geometry":{"type":"Point","coordinates":[100.59349,13.6956]}},{"type":"Feature","properties":{"title":"ทางม้าลาย หน้าโรงพยาบาลสัตว์สุขุมวิท 62","info":["ถนน: ถนนทางรถไฟสายเก่าปากน้ำ","เขต: พระโขนง","จำนวนช่องจราจร: 4","ไฟกดข้าม: มี"],"district":"พระโขนง"},"geometry":{"type":"Point","coordinates":[100.6022,13.69431]}},{"type":"Feature","properties":{"title":"ทางม้าลาย บริเวณซอยสาธุประดิษฐ์ 57","info":["ถนน: ถนนสาธุประดิษฐ์","เขต: ยานนาวา","จำนวนช่องจราจร: 4","ไฟกดข้าม: ไม่มี"],"district":"ยานนาวา"},"geometry":{"type":"Point","coordinates":[100.53043,13.68057]}},{"type":"Feature","properties":{"title":"ทางม้าลาย บริเวณซอยสาธุประดิษฐ์ 48","info":["ถนน: ถนนสาธุประดิษฐ์","เขต: ยานนาวา","จำนวนช่องจราจร: 4","ไฟกดข้าม: ไม่มี"],"district":"ยานนาวา"},"geometry":{"type":"Point","coordinates":[100.53238,13.68475]}},{"type":"Feature","properties":{"title":"ทางม้าลาย บริเวณซอยสาธุประดิษฐ์ 49","info":["ถนน: ถนนสาธุประดิษฐ์","เขต: ยานนาวา","จำนวนช่องจราจร: 4","ไฟกดข้าม: ไม่มี"],"district":"ยานนาวา"},"geometry":{"type":"Point","coordinates":[100.53279,13.68655]}},{"type":"Feature","properties":{"title":"ทางม้าลาย บริเวณแยกถ.ยานนาวา ตัด ถ.สาธุประดิษฐ์","info":["ถนน: ถนนสาธุประดิษฐ์","เขต: ยานนาวา","จำนวนช่องจราจร: 0","ไฟกดข้าม: ไม่มี"],"district":"ยานนาวา"},"geometry":{"type":"Point","coordinates":[100.53338,13.68802]}},{"type":"Feature","properties":{"title":"ทางม้าลาย บริเวณซอยสาธุประดิษฐ์ 45","info":["ถนน: ถนนสาธุประดิษฐ์","เขต: ยานนาวา","จำนวนช่องจราจร: 4","ไฟกดข้าม: ไม่มี"],"district":"ยานนาวา"},"geometry":{"type":"Point","coordinates":[100.53391,13.6896]}},{"type":"Feature","properties":{"title":"ทางม้าลาย คอนโดเลอริช(สาธุประดิษฐ์)","info":["ถนน: ถนนสาธุประดิษฐ์","เขต: ยานนาวา","จำนวนช่องจราจร: 4","ไฟกดข้าม: ไม่มี"],"district":"ยานนาวา"},"geometry":{"type":"Point","coordinates":[100.5342,13.69055]}},{"type":"Feature","properties":{"title":"ทางม้าลาย แฟลตรุ่งเจริญ(สาธุประดิษฐ์)","info":["ถนน: ถนนสาธุประดิษฐ์","เขต: ยานนาวา","จำนวนช่องจราจร: 4","ไฟกดข้าม: ไม่มี"],"district":"ยานนาวา"},"geometry":{"type":"Point","coordinates":[100.53379,13.69296]}},{"type":"Feature","properties":{"title":"ทางม้าลาย แยกเฉลิมกรุง จุดที่ 2","info":["ถนน: ถนนพาหุรัด","เขต: พระนคร","จำนวนช่องจราจร: 5","ไฟกดข้าม: ไม่มี"],"district":"พระนคร"},"geometry":{"type":"Point","coordinates":[100.49949,13.74514]}},{"type":"Feature","properties":{"title":"ทางม้าลาย แยกตัดถนนบูรพา","info":["ถนน: ถนนพาหุรัด","เขต: พระนคร","จำนวนช่องจราจร: 5","ไฟกดข้าม: ไม่มี"],"district":"พระนคร"},"geometry":{"type":"Point","coordinates":[100.50064,13.74485]}},{"type":"Feature","properties":{"title":"ทางม้าลาย แยกอุณากรรณ","info":["ถนน: ถนนบูรพา","เขต: พระนคร","จำนวนช่องจราจร: 3","ไฟกดข้าม: ไม่มี"],"district":"พระนคร"},"geometry":{"type":"Point","coordinates":[100.50105,13.74704]}},{"type":"Feature","properties":{"title":"ทางม้าลาย แยกตัดถนนพีระพงษ์","info":["ถนน: ถนนบูรพา","เขต: พระนคร","จำนวนช่องจราจร: 3","ไฟกดข้าม: ไม่มี"],"district":"พระนคร"},"geometry":{"type":"Point","coordinates":[100.5008,13.74601]}},{"type":"Feature","properties":{"title":"ทางม้าลาย แยกตัดถนนพาหุรัด","info":["ถนน: ถนนบูรพา","เขต: พระนคร","จำนวนช่องจราจร: 3","ไฟกดข้าม: ไม่มี"],"district":"พระนคร"},"geometry":{"type":"Point","coordinates":[100.50056,13.74496]}},{"type":"Feature","properties":{"title":"ทางม้าลาย แยกตัดถนนพระพิพิธ จุดที่ 1","info":["ถนน: ถนนราชินี","เขต: พระนคร","จำนวนช่องจราจร: 3","ไฟกดข้าม: ไม่มี"],"district":"พระนคร"},"geometry":{"type":"Point","coordinates":[100.49613,13.74531]}},{"type":"Feature","properties":{"title":"ทางม้าลาย แยกสะพานมอญ จุดที่ 1","info":["ถนน: ถนนราชินี","เขต: พระนคร","จำนวนช่องจราจร: 3","ไฟกดข้าม: ไม่มี"],"district":"พระนคร"},"geometry":{"type":"Point","coordinates":[100.49605,13.74724]}},{"type":"Feature","properties":{"title":"ทางม้าลาย แยกสะพานมอญ จุดที่ 2","info":["ถนน: ถนนราชินี","เขต: พระนคร","จำนวนช่องจราจร: 3","ไฟกดข้าม: ไม่มี"],"district":"พระนคร"},"geometry":{"type":"Point","coordinates":[100.4961,13.74741]}},{"type":"Feature","properties":{"title":"ทางม้าลาย แยกตัดถนนกัลยาณไมตรี","info":["ถนน: ถนนราชินี","เขต: พระนคร","จำนวนช่องจราจร: 3","ไฟกดข้าม: ไม่มี"],"district":"พระนคร"},"geometry":{"type":"Point","coordinates":[100.4961,13.75116]}},{"type":"Feature","properties":{"title":"ทางม้าลาย แยกผ่านพิภพลีลา จุดที่ 1","info":["ถนน: ถนนราชินี","เขต: พระนคร","จำนวนช่องจราจร: 3","ไฟกดข้าม: ไม่มี"],"district":"พระนคร"},"geometry":{"type":"Point","coordinates":[100.4949,13.75692]}},{"type":"Feature","properties":{"title":"ทางม้าลาย แยกผ่านพิภพลีลา จุดที่ 2","info":["ถนน: ถนนราชินี","เขต: พระนคร","จำนวนช่องจราจร: 3","ไฟกดข้าม: ไม่มี"],"district":"พระนคร"},"geometry":{"type":"Point","coordinates":[100.49463,13.75721]}},{"type":"Feature","properties":{"title":"ทางม้าลาย ถนนราชินีตัดสนามหลวง","info":["ถนน: ถนนราชินี","เขต: พระนคร","จำนวนช่องจราจร: 3","ไฟกดข้าม: ไม่มี"],"district":"พระนคร"},"geometry":{"type":"Point","coordinates":[100.49382,13.75808]}},{"type":"Feature","properties":{"title":"ทางม้าลาย ปากซอยนราธิวาสราชนครินทร์ 17","info":["ถนน: ซอยนราธิวาสราชนครินทร์ 17","เขต: สาทร","จำนวนช่องจราจร: 2","ไฟกดข้าม: ไม่มี"],"district":"สาทร"},"geometry":{"type":"Point","coordinates":[100.53459,13.71393]}},{"type":"Feature","properties":{"title":"ทางม้าลาย ปากซอยนราธิวาสราชนครินทร์ 14","info":["ถนน: ซอยนราธิวาสราชนครินทร์ 14","เขต: สาทร","จำนวนช่องจราจร: 2","ไฟกดข้าม: ไม่มี"],"district":"สาทร"},"geometry":{"type":"Point","coordinates":[100.53418,13.71327]}},{"type":"Feature","properties":{"title":"ทางม้าลาย โรงเรียนทุ่งมหาเมฆ","info":["ถนน: ซอยนราธิวาสราชนครินทร์ 8","เขต: สาทร","จำนวนช่องจราจร: 2","ไฟกดข้าม: ไม่มี"],"district":"สาทร"},"geometry":{"type":"Point","coordinates":[100.53007,13.71457]}},{"type":"Feature","properties":{"title":"ทางม้าลาย ก่อนเข้าใต้ทางด่วน","info":["ถนน: ถนนเจริญราษฎร์","เขต: สาทร","จำนวนช่องจราจร: 6","ไฟกดข้าม: ไม่มี"],"district":"สาทร"},"geometry":{"type":"Point","coordinates":[100.52008,13.71582]}},{"type":"Feature","properties":{"title":"ทางม้าลาย หน้าซอยเจริญราษฎร์ 2และ3","info":["ถนน: ถนนเจริญราษฎร์","เขต: สาทร","จำนวนช่องจราจร: 6","ไฟกดข้าม: ไม่มี"],"district":"สาทร"},"geometry":{"type":"Point","coordinates":[100.52014,13.71367]}},{"type":"Feature","properties":{"title":"ทางม้าลาย ปากซอยเจริญราษฎร์ 3","info":["ถนน: ซอยเจริญราษฎร์ 3","เขต: สาทร","จำนวนช่องจราจร: 2","ไฟกดข้าม: ไม่มี"],"district":"สาทร"},"geometry":{"type":"Point","coordinates":[100.52014,13.71377]}},{"type":"Feature","properties":{"title":"ทางม้าลาย ปากซอยเจริญราษฎร์ 2","info":["ถนน: ซอยเจริญราษฎร์ 2","เขต: สาทร","จำนวนช่องจราจร: 2","ไฟกดข้าม: ไม่มี"],"district":"สาทร"},"geometry":{"type":"Point","coordinates":[100.51986,13.71376]}},{"type":"Feature","properties":{"title":"ทางม้าลาย โรงเรียนนิพัทธ์วิทยา","info":["ถนน: ซอยเจริญราษฎร์ 2","เขต: สาทร","จำนวนช่องจราจร: 2","ไฟกดข้าม: ไม่มี"],"district":"สาทร"},"geometry":{"type":"Point","coordinates":[100.51839,13.7139]}},{"type":"Feature","properties":{"title":"ทางม้าลาย ปากซอยเจริญราษฎร์ 1 แยก 9","info":["ถนน: ซอยเจริญราษฎร์ 1 แยก 9","เขต: สาทร","จำนวนช่องจราจร: 2","ไฟกดข้าม: ไม่มี"],"district":"สาทร"},"geometry":{"type":"Point","coordinates":[100.52139,13.7153]}},{"type":"Feature","properties":{"title":"ทางม้าลาย ปากถนนสวนพลู ฝั่งถนนสาทรใต้","info":["ถนน: ถนนสวนพลู","เขต: สาทร","จำนวนช่องจราจร: 3","ไฟกดข้าม: ไม่มี"],"district":"สาทร"},"geometry":{"type":"Point","coordinates":[100.53664,13.72342]}},{"type":"Feature","properties":{"title":"ทางม้าลาย หน้าซอยพระพินิจ","info":["ถนน: ถนนสวนพลู","เขต: สาทร","จำนวนช่องจราจร: 2","ไฟกดข้าม: ไม่มี"],"district":"สาทร"},"geometry":{"type":"Point","coordinates":[100.53703,13.72242]}},{"type":"Feature","properties":{"title":"ทางม้าลาย ปากซอยสุขุมวิท 33","info":["ถนน: ถนนสุขุมวิท ซอย 33","เขต: วัฒนา","จำนวนช่องจราจร: 2","ไฟกดข้าม: ไม่มี"],"district":"วัฒนา"},"geometry":{"type":"Point","coordinates":[100.56716,13.73241]}},{"type":"Feature","properties":{"title":"ทางม้าลาย ปากซอยสุขุมวิท 35","info":["ถนน: ถนนสุขุมวิท ซอย 35","เขต: วัฒนา","จำนวนช่องจราจร: 2","ไฟกดข้าม: ไม่มี"],"district":"วัฒนา"},"geometry":{"type":"Point","coordinates":[100.56865,13.73133]}},{"type":"Feature","properties":{"title":"ทางม้าลาย ปากซอยสุขุมวิท 39","info":["ถนน: ถนนสุขุมวิท ซอย 39","เขต: วัฒนา","จำนวนช่องจราจร: 2","ไฟกดข้าม: ไม่มี"],"district":"วัฒนา"},"geometry":{"type":"Point","coordinates":[100.57044,13.73007]}},{"type":"Feature","properties":{"title":"ทางม้าลาย ปากซอยพร้อมศรี 1 จุดที่ 1","info":["ถนน: ถนนสุขุมวิท ซอย 39","เขต: วัฒนา","จำนวนช่องจราจร: 2","ไฟกดข้าม: ไม่มี"],"district":"วัฒนา"},"geometry":{"type":"Point","coordinates":[100.5717,13.73632]}},{"type":"Feature","properties":{"title":"ทางม้าลาย ปากซอยพร้อมศรี 1 จุดที่ 2","info":["ถนน: ถนนสุขุมวิท ซอย 39","เขต: วัฒนา","จำนวนช่องจราจร: 2","ไฟกดข้าม: ไม่มี"],"district":"วัฒนา"},"geometry":{"type":"Point","coordinates":[100.57175,13.73635]}},{"type":"Feature","properties":{"title":"ทางม้าลาย ปากซอยพร้อมจิตร","info":["ถนน: ถนนสุขุมวิท ซอย 39","เขต: วัฒนา","จำนวนช่องจราจร: 2","ไฟกดข้าม: ไม่มี"],"district":"วัฒนา"},"geometry":{"type":"Point","coordinates":[100.5717,13.73684]}},{"type":"Feature","properties":{"title":"ทางม้าลาย ปากซอยสุขุมวิท 41","info":["ถนน: ถนนสุขุมวิท ซอย 41","เขต: วัฒนา","จำนวนช่องจราจร: 2","ไฟกดข้าม: ไม่มี"],"district":"วัฒนา"},"geometry":{"type":"Point","coordinates":[100.57176,13.72919]}},{"type":"Feature","properties":{"title":"ทางม้าลาย ปากซอยสุขุมวิท 43","info":["ถนน: ถนนสุขุมวิท ซอย 43","เขต: วัฒนา","จำนวนช่องจราจร: 2","ไฟกดข้าม: ไม่มี"],"district":"วัฒนา"},"geometry":{"type":"Point","coordinates":[100.57274,13.72849]}},{"type":"Feature","properties":{"title":"ทางม้าลาย ปากซอยสุขุมวิท 47","info":["ถนน: ถนนสุขุมวิท ซอย 47","เขต: วัฒนา","จำนวนช่องจราจร: 2","ไฟกดข้าม: ไม่มี"],"district":"วัฒนา"},"geometry":{"type":"Point","coordinates":[100.57431,13.72735]}},{"type":"Feature","properties":{"title":"ทางม้าลาย ปากซอยสุขุมวิท 49","info":["ถนน: ถนนสุขุมวิท ซอย 49","เขต: วัฒนา","จำนวนช่องจราจร: 2","ไฟกดข้าม: ไม่มี"],"district":"วัฒนา"},"geometry":{"type":"Point","coordinates":[100.5755,13.72654]}},{"type":"Feature","properties":{"title":"ทางม้าลาย บริเวณซอยสาธุประดิษฐ์ 34","info":["ถนน: ถนนสาธุประดิษฐ์","เขต: ยานนาวา","จำนวนช่องจราจร: 4","ไฟกดข้าม: ไม่มี"],"district":"ยานนาวา"},"geometry":{"type":"Point","coordinates":[100.53346,13.6937]}},{"type":"Feature","properties":{"title":"ทางม้าลาย บริเวณแยก ถ.สาธุประดิษฐ์ ตัด ถ.รัชดาฯ","info":["ถนน: ถนนสาธุประดิษฐ์","เขต: ยานนาวา","จำนวนช่องจราจร: 0","ไฟกดข้าม: ไม่มี"],"district":"ยานนาวา"},"geometry":{"type":"Point","coordinates":[100.53307,13.69476]}},{"type":"Feature","properties":{"title":"ทางม้าลาย บริเวณซอยสาธุประดิษฐ์ 25","info":["ถนน: ถนนสาธุประดิษฐ์","เขต: ยานนาวา","จำนวนช่องจราจร: 4","ไฟกดข้าม: ไม่มี"],"district":"ยานนาวา"},"geometry":{"type":"Point","coordinates":[100.53224,13.69693]}},{"type":"Feature","properties":{"title":"ทางม้าลาย บริเวณโรงเรียนสารสาสน์พิทยา","info":["ถนน: ถนนสาธุประดิษฐ์","เขต: ยานนาวา","จำนวนช่องจราจร: 4","ไฟกดข้าม: ไม่มี"],"district":"ยานนาวา"},"geometry":{"type":"Point","coordinates":[100.5318,13.69799]}},{"type":"Feature","properties":{"title":"ทางม้าลาย บริเวณซอยสาธุประดิษฐ์ 19(รร.ตรีวิทยา)","info":["ถนน: ถนนสาธุประดิษฐ์","เขต: ยานนาวา","จำนวนช่องจราจร: 4","ไฟกดข้าม: ไม่มี"],"district":"ยานนาวา"},"geometry":{"type":"Point","coordinates":[100.53155,13.69861]}},{"type":"Feature","properties":{"title":"ทางม้าลาย บริเวณซอยสาธุประดิษฐ์ 15","info":["ถนน: ถนนสาธุประดิษฐ์","เขต: ยานนาวา","จำนวนช่องจราจร: 4","ไฟกดข้าม: ไม่มี"],"district":"ยานนาวา"},"geometry":{"type":"Point","coordinates":[100.53095,13.70015]}},{"type":"Feature","properties":{"title":"ทางม้าลาย ซ.สาธุประดิษฐ์ 8(รร.เตรียมอุดมศึกษาพัฒนาการ)","info":["ถนน: ถนนสาธุประดิษฐ์","เขต: ยานนาวา","จำนวนช่องจราจร: 4","ไฟกดข้าม: ไม่มี"],"district":"ยานนาวา"},"geometry":{"type":"Point","coordinates":[100.52954,13.70368]}},{"type":"Feature","properties":{"title":"ทางม้าลาย บริเวณแยก นราธิวาสฯ-ถ.รัชดาฯ","info":["ถนน: ถนนนราธิวาสฯ","เขต: ยานนาวา","จำนวนช่องจราจร: 0","ไฟกดข้าม: ไม่มี"],"district":"ยานนาวา"},"geometry":{"type":"Point","coordinates":[100.54164,13.70023]}},{"type":"Feature","properties":{"title":"ทางม้าลาย บริเวณแยกถ.ยานนาวา ตัด ถ.วงแหวนอุตสาหกรรม","info":["ถนน: ถนนยานนาวา","เขต: ยานนาวา","จำนวนช่องจราจร: 6","ไฟกดข้าม: ไม่มี"],"district":"ยานนาวา"},"geometry":{"type":"Point","coordinates":[100.54119,13.68192]}},{"type":"Feature","properties":{"title":"ทางม้าลาย บริเวณแยกถ.ยานนาวา ตัด ถ.จันทน์","info":["ถนน: ถนนยานนาวา","เขต: ยานนาวา","จำนวนช่องจราจร: 6","ไฟกดข้าม: ไม่มี"],"district":"ยานนาวา"},"geometry":{"type":"Point","coordinates":[100.53343,13.68808]}},{"type":"Feature","properties":{"title":"ทางม้าลาย แยกนางลิ้นจี่ ตัด รัชดาฯ","info":["ถนน: ถนนนางลิ้นจี่","เขต: ยานนาวา","จำนวนช่องจราจร: 0","ไฟกดข้าม: ไม่มี"],"district":"ยานนาวา"},"geometry":{"type":"Point","coordinates":[100.54464,13.70463]}},{"type":"Feature","properties":{"title":"ทางม้าลาย ถนนราชินี หน้าสถาบันบัณฑิตพัฒนศิลป์","info":["ถนน: ถนนราชินี","เขต: พระนคร","จำนวนช่องจราจร: 3","ไฟกดข้าม: ไม่มี"],"district":"พระนคร"},"geometry":{"type":"Point","coordinates":[100.49196,13.76001]}},{"type":"Feature","properties":{"title":"ทางม้าลาย แยกผ่านพิภพลีลา จุดที่ 1","info":["ถนน: ถนนสมเด็จพระปิ่นเกล้า","เขต: พระนคร","จำนวนช่องจราจร: 6","ไฟกดข้าม: ไม่มี"],"district":"พระนคร"},"geometry":{"type":"Point","coordinates":[100.49483,13.75751]}},{"type":"Feature","properties":{"title":"ทางม้าลาย แยกตัดถนนพระอาทิตย์","info":["ถนน: ถนนเจ้าฟ้า","เขต: พระนคร","จำนวนช่องจราจร: 2","ไฟกดข้าม: ไม่มี"],"district":"พระนคร"},"geometry":{"type":"Point","coordinates":[100.49201,13.7608]}},{"type":"Feature","properties":{"title":"ทางม้าลาย แยกท้ายวัง","info":["ถนน: ถนนเจริญกรุง","เขต: พระนคร","จำนวนช่องจราจร: 4","ไฟกดข้าม: ไม่มี"],"district":"พระนคร"},"geometry":{"type":"Point","coordinates":[100.49453,13.74743]}},{"type":"Feature","properties":{"title":"ทางม้าลาย แยกสะพานมอญ จุดที่ 1","info":["ถนน: ถนนเจริญกรุง","เขต: พระนคร","จำนวนช่องจราจร: 4","ไฟกดข้าม: ไม่มี"],"district":"พระนคร"},"geometry":{"type":"Point","coordinates":[100.49597,13.7473]}},{"type":"Feature","properties":{"title":"ทางม้าลาย แยกสะพานมอญ จุดที่ 2","info":["ถนน: ถนนเจริญกรุง","เขต: พระนคร","จำนวนช่องจราจร: 4","ไฟกดข้าม: ไม่มี"],"district":"พระนคร"},"geometry":{"type":"Point","coordinates":[100.49655,13.74731]}},{"type":"Feature","properties":{"title":"ทางม้าลาย แยกสี่กั๊กพระยาศรี จุดที่ 1","info":["ถนน: ถนนเจริญกรุง","เขต: พระนคร","จำนวนช่องจราจร: 5","ไฟกดข้าม: ไม่มี"],"district":"พระนคร"},"geometry":{"type":"Point","coordinates":[100.49744,13.74727]}},{"type":"Feature","properties":{"title":"ทางม้าลาย แยกสี่กั๊กพระยาศรี จุดที่ 2","info":["ถนน: ถนนเจริญกรุง","เขต: พระนคร","จำนวนช่องจราจร: 5","ไฟกดข้าม: ไม่มี"],"district":"พระนคร"},"geometry":{"type":"Point","coordinates":[100.49788,13.74726]}},{"type":"Feature","properties":{"title":"ทางม้าลาย แยกเฉลิมกรุง จุดที่ 1","info":["ถนน: ถนนเจริญกรุง","เขต: พระนคร","จำนวนช่องจราจร: 5","ไฟกดข้าม: ไม่มี"],"district":"พระนคร"},"geometry":{"type":"Point","coordinates":[100.49962,13.74713]}},{"type":"Feature","properties":{"title":"ทางม้าลาย แยกเฉลิมกรุง จุดที่ 2","info":["ถนน: ถนนเจริญกรุง","เขต: พระนคร","จำนวนช่องจราจร: 5","ไฟกดข้าม: ไม่มี"],"district":"พระนคร"},"geometry":{"type":"Point","coordinates":[100.49986,13.74715]}},{"type":"Feature","properties":{"title":"ทางม้าลาย แยกอุณากรรณ จุดที่ 2","info":["ถนน: ถนนเจริญกรุง","เขต: พระนคร","จำนวนช่องจราจร: 5","ไฟกดข้าม: ไม่มี"],"district":"พระนคร"},"geometry":{"type":"Point","coordinates":[100.50108,13.74707]}},{"type":"Feature","properties":{"title":"ทางม้าลาย ใกล้ธนาคารกรุงเทพสาขาสวนพลู","info":["ถนน: ถนนสวนพลู","เขต: สาทร","จำนวนช่องจราจร: 2","ไฟกดข้าม: ไม่มี"],"district":"สาทร"},"geometry":{"type":"Point","coordinates":[100.53752,13.72119]}},{"type":"Feature","properties":{"title":"ทางม้าลาย ใกล้ธนาคารกสิกรไทย","info":["ถนน: ถนนสวนพลู","เขต: สาทร","จำนวนช่องจราจร: 2","ไฟกดข้าม: ไม่มี"],"district":"สาทร"},"geometry":{"type":"Point","coordinates":[100.53784,13.72039]}},{"type":"Feature","properties":{"title":"ทางม้าลาย ก่อนถึงซอยสวนพลู 8","info":["ถนน: ถนนสวนพลู","เขต: สาทร","จำนวนช่องจราจร: 2","ไฟกดข้าม: ไม่มี"],"district":"สาทร"},"geometry":{"type":"Point","coordinates":[100.53855,13.71916]}},{"type":"Feature","properties":{"title":"ทางม้าลาย แยกเทคนิคกรุงเทพ","info":["ถนน: ถนนสวนพลู","เขต: สาทร","จำนวนช่องจราจร: 6","ไฟกดข้าม: ไม่มี"],"district":"สาทร"},"geometry":{"type":"Point","coordinates":[100.53921,13.71623]}},{"type":"Feature","properties":{"title":"ทางม้าลาย หน้าซอยนางลิ้นจี่ 2","info":["ถนน: ถนนนางลิ้นจี่","เขต: สาทร","จำนวนช่องจราจร: 4","ไฟกดข้าม: ไม่มี"],"district":"สาทร"},"geometry":{"type":"Point","coordinates":[100.54085,13.7123]}},{"type":"Feature","properties":{"title":"ทางม้าลาย แยกนางลิ้นจี่ตัดจันทน์","info":["ถนน: ถนนนางลิ้นจี่","เขต: สาทร","จำนวนช่องจราจร: 12","ไฟกดข้าม: ไม่มี"],"district":"สาทร"},"geometry":{"type":"Point","coordinates":[100.54194,13.7104]}},{"type":"Feature","properties":{"title":"ทางม้าลาย ปากถนนเย็นจิต","info":["ถนน: ถนนเย็นจิต","เขต: สาทร","จำนวนช่องจราจร: 4","ไฟกดข้าม: ไม่มี"],"district":"สาทร"},"geometry":{"type":"Point","coordinates":[100.52428,13.70701]}},{"type":"Feature","properties":{"title":"ทางม้าลาย สมาคมกีฬาแห่งประเทศไทย","info":["ถนน: ถนนเย็นจิต","เขต: สาทร","จำนวนช่องจราจร: 4","ไฟกดข้าม: ไม่มี"],"district":"สาทร"},"geometry":{"type":"Point","coordinates":[100.52424,13.70932]}},{"type":"Feature","properties":{"title":"ทางม้าลาย สมาคมแต้จิ๋วแห่งประเทศไทย","info":["ถนน: ถนนเย็นจิต","เขต: สาทร","จำนวนช่องจราจร: 4","ไฟกดข้าม: ไม่มี"],"district":"สาทร"},"geometry":{"type":"Point","coordinates":[100.52416,13.71211]}},{"type":"Feature","properties":{"title":"ทางม้าลาย หน้าปากเย็นจิต 12","info":["ถนน: ซอยเย็นจิต 12","เขต: สาทร","จำนวนช่องจราจร: 2","ไฟกดข้าม: ไม่มี"],"district":"สาทร"},"geometry":{"type":"Point","coordinates":[100.52431,13.71222]}},{"type":"Feature","properties":{"title":"ทางม้าลาย แยกจันทน์ ซอย 18/7 ตัด จันทน์","info":["ถนน: ถนนจันทน์","เขต: สาทร","จำนวนช่องจราจร: 14","ไฟกดข้าม: ไม่มี"],"district":"สาทร"},"geometry":{"type":"Point","coordinates":[100.52675,13.70631]}},{"type":"Feature","properties":{"title":"ทางม้าลาย หน้าปั้มแก็ส","info":["ถนน: ถนนจันทน์","เขต: สาทร","จำนวนช่องจราจร: 4","ไฟกดข้าม: ไม่มี"],"district":"สาทร"},"geometry":{"type":"Point","coordinates":[100.5214,13.70731]}},{"type":"Feature","properties":{"title":"ทางม้าลาย ปากซอยสุขุมวิท 81","info":["ถนน: ถนนสุขุมวิท ซอย 81","เขต: วัฒนา","จำนวนช่องจราจร: 2","ไฟกดข้าม: ไม่มี"],"district":"พระโขนง"},"geometry":{"type":"Point","coordinates":[100.6017,13.70467]}},{"type":"Feature","properties":{"title":"ทางม้าลาย ปากซอยสุขุมวิท 68","info":["ถนน: ถนนสุขุมวิท","เขต: บางนา","จำนวนช่องจราจร: 2","ไฟกดข้าม: ไม่มี"],"district":"บางนา"},"geometry":{"type":"Point","coordinates":[100.60828,13.67724]}},{"type":"Feature","properties":{"title":"ทางม้าลาย ปากซอยสุขุมวิท 66/1","info":["ถนน: ถนนสุขุมวิท","เขต: บางนา","จำนวนช่องจราจร: 2","ไฟกดข้าม: ไม่มี"],"district":"บางนา"},"geometry":{"type":"Point","coordinates":[100.60931,13.67985]}},{"type":"Feature","properties":{"title":"ทางม้าลาย ซอยอุดมสุข 31-34","info":["ถนน: ถนนอุดุมสุข","เขต: บางนา","จำนวนช่องจราจร: 4","ไฟกดข้าม: มี"],"district":"บางนา"},"geometry":{"type":"Point","coordinates":[100.62529,13.67825]}},{"type":"Feature","properties":{"title":"ทางม้าลาย ซอยอุดมสุข 37","info":["ถนน: ถนนอุดุมสุข","เขต: บางนา","จำนวนช่องจราจร: 4","ไฟกดข้าม: มี"],"district":"บางนา"},"geometry":{"type":"Point","coordinates":[100.62778,13.67822]}},{"type":"Feature","properties":{"title":"ทางม้าลาย ก่อนถึงซอยอุดมสุข 40","info":["ถนน: ถนนอุดุมสุข","เขต: บางนา","จำนวนช่องจราจร: 4","ไฟกดข้าม: มี"],"district":"บางนา"},"geometry":{"type":"Point","coordinates":[100.63044,13.67812]}},{"type":"Feature","properties":{"title":"ทางม้าลาย ซอยอุดมสุข 46","info":["ถนน: ถนนอุดุมสุข","เขต: บางนา","จำนวนช่องจราจร: 4","ไฟกดข้าม: มี"],"district":"บางนา"},"geometry":{"type":"Point","coordinates":[100.63269,13.67802]}},{"type":"Feature","properties":{"title":"ทางม้าลาย ซอยอุดมสุข 47 (โชว์รูมอิซูซุ)","info":["ถนน: ถนนอุดุมสุข","เขต: บางนา","จำนวนช่องจราจร: 4","ไฟกดข้าม: มี"],"district":"บางนา"},"geometry":{"type":"Point","coordinates":[100.63345,13.67802]}},{"type":"Feature","properties":{"title":"ทางม้าลาย ซอยอุดมสุข 54 (ศูนย์ผสมสี ที.โอ.เอ.)","info":["ถนน: ถนนอุดุมสุข","เขต: บางนา","จำนวนช่องจราจร: 4","ไฟกดข้าม: มี"],"district":"บางนา"},"geometry":{"type":"Point","coordinates":[100.63543,13.67793]}},{"type":"Feature","properties":{"title":"ทางม้าลาย เลยซอยอุดมสุข 58 (ร้านส้มตำนัว.)","info":["ถนน: ถนนอุดุมสุข","เขต: บางนา","จำนวนช่องจราจร: 4","ไฟกดข้าม: มี"],"district":"บางนา"},"geometry":{"type":"Point","coordinates":[100.63853,13.67783]}},{"type":"Feature","properties":{"title":"ทางม้าลาย แยกอมร","info":["ถนน: ถนนนางลิ้นจี่","เขต: ยานนาวา","จำนวนช่องจราจร: 0","ไฟกดข้าม: ไม่มี"],"district":"ยานนาวา"},"geometry":{"type":"Point","coordinates":[100.54367,13.70697]}},{"type":"Feature","properties":{"title":"ทางม้าลาย แยกถ.นางลิ้นจี่ ตัด ถ.จันทน์","info":["ถนน: ถนนนางลิ้นจี่","เขต: ยานนาวา","จำนวนช่องจราจร: 0","ไฟกดข้าม: ไม่มี"],"district":"สาทร"},"geometry":{"type":"Point","coordinates":[100.54199,13.71018]}},{"type":"Feature","properties":{"title":"ทางม้าลาย แยกรัชดาฯ-นนทรี","info":["ถนน: ถนนนนทรี","เขต: ยานนาวา","จำนวนช่องจราจร: 0","ไฟกดข้าม: ไม่มี"],"district":"ยานนาวา"},"geometry":{"type":"Point","coordinates":[100.53438,13.69502]}},{"type":"Feature","properties":{"title":"ทางม้าลาย ซอยนนทรี 6","info":["ถนน: ถนนนนทรี","เขต: ยานนาวา","จำนวนช่องจราจร: 4","ไฟกดข้าม: ไม่มี"],"district":"ยานนาวา"},"geometry":{"type":"Point","coordinates":[100.5367,13.69469]}},{"type":"Feature","properties":{"title":"ทางม้าลาย หมู่บ้านศรีปราโมทย์","info":["ถนน: ถนนนนทรี","เขต: ยานนาวา","จำนวนช่องจราจร: 4","ไฟกดข้าม: ไม่มี"],"district":"ยานนาวา"},"geometry":{"type":"Point","coordinates":[100.5391,13.69438]}},{"type":"Feature","properties":{"title":"ทางม้าลาย ซอยนนทรี 7","info":["ถนน: ถนนนนทรี","เขต: ยานนาวา","จำนวนช่องจราจร: 2","ไฟกดข้าม: ไม่มี"],"district":"ยานนาวา"},"geometry":{"type":"Point","coordinates":[100.54445,13.69342]}},{"type":"Feature","properties":{"title":"ทางม้าลาย โรงเรียนวัดช่องนนทรี","info":["ถนน: ถนนนนทรี","เขต: ยานนาวา","จำนวนช่องจราจร: 2","ไฟกดข้าม: ไม่มี"],"district":"ยานนาวา"},"geometry":{"type":"Point","coordinates":[100.54461,13.69341]}},{"type":"Feature","properties":{"title":"ทางม้าลาย ซอยนนทรี 28","info":["ถนน: ถนนนนทรี","เขต: ยานนาวา","จำนวนช่องจราจร: 2","ไฟกดข้าม: ไม่มี"],"district":"ยานนาวา"},"geometry":{"type":"Point","coordinates":[100.54587,13.69013]}},{"type":"Feature","properties":{"title":"ทางม้าลาย ปากซอยสาธุประดิษฐ์ 19","info":["ถนน: ซอยสาธุประดิษฐ์ 19","เขต: ยานนาวา","จำนวนช่องจราจร: 2","ไฟกดข้าม: ไม่มี"],"district":"ยานนาวา"},"geometry":{"type":"Point","coordinates":[100.53158,13.69859]}},{"type":"Feature","properties":{"title":"ทางม้าลาย วิทยาลัยบริหารธุรกิจยานนาวา","info":["ถนน: ซอยสาธุประดิษฐ์ 19","เขต: ยานนาวา","จำนวนช่องจราจร: 2","ไฟกดข้าม: ไม่มี"],"district":"ยานนาวา"},"geometry":{"type":"Point","coordinates":[100.53288,13.6992]}},{"type":"Feature","properties":{"title":"ทางม้าลาย โรงเรียนวรมงคล","info":["ถนน: ซอยสาธุประดิษฐ์ 19","เขต: ยานนาวา","จำนวนช่องจราจร: 2","ไฟกดข้าม: ไม่มี"],"district":"ยานนาวา"},"geometry":{"type":"Point","coordinates":[100.53336,13.69944]}},{"type":"Feature","properties":{"title":"ทางม้าลาย แยกสามยอด จุดที่ 1","info":["ถนน: ถนนเจริญกรุง","เขต: พระนคร","จำนวนช่องจราจร: 5","ไฟกดข้าม: ไม่มี"],"district":"พระนคร"},"geometry":{"type":"Point","coordinates":[100.50305,13.74697]}},{"type":"Feature","properties":{"title":"ทางม้าลาย แยกสามยอด จุดที่ 2","info":["ถนน: ถนนเจริญกรุง","เขต: พระนคร","จำนวนช่องจราจร: 5","ไฟกดข้าม: ไม่มี"],"district":"พระนคร"},"geometry":{"type":"Point","coordinates":[100.50328,13.74694]}},{"type":"Feature","properties":{"title":"ทางม้าลาย แยกตัดถนนราชินี","info":["ถนน: ถนนกัลยาณไมตรี","เขต: พระนคร","จำนวนช่องจราจร: 2","ไฟกดข้าม: ไม่มี"],"district":"พระนคร"},"geometry":{"type":"Point","coordinates":[100.496,13.75126]}},{"type":"Feature","properties":{"title":"ทางม้าลาย แยกบางขุนพรหม จุดที่ 1","info":["ถนน: ถนนวิสุทธิ์กษัตริย์","เขต: พระนคร","จำนวนช่องจราจร: 2","ไฟกดข้าม: ไม่มี"],"district":"พระนคร"},"geometry":{"type":"Point","coordinates":[100.50107,13.76702]}},{"type":"Feature","properties":{"title":"ทางม้าลาย แยกบางขุนพรหม จุดที่ 2","info":["ถนน: ถนนวิสุทธิ์กษัตริย์","เขต: พระนคร","จำนวนช่องจราจร: 2","ไฟกดข้าม: ไม่มี"],"district":"พระนคร"},"geometry":{"type":"Point","coordinates":[100.50122,13.76692]}},{"type":"Feature","properties":{"title":"ทางม้าลาย หน้าโรงเรียนวัดอินทรวิหาร","info":["ถนน: ถนนวิสุทธิ์กษัตริย์","เขต: พระนคร","จำนวนช่องจราจร: 2","ไฟกดข้าม: ไม่มี"],"district":"พระนคร"},"geometry":{"type":"Point","coordinates":[100.50192,13.76647]}},{"type":"Feature","properties":{"title":"ทางม้าลาย แยกวิสุทธิ์กษัตริย์ จุดที่ 1","info":["ถนน: ถนนวิสุทธิ์กษัตริย์","เขต: พระนคร","จำนวนช่องจราจร: 6","ไฟกดข้าม: ไม่มี"],"district":"พระนคร"},"geometry":{"type":"Point","coordinates":[100.50433,13.76255]}},{"type":"Feature","properties":{"title":"ทางม้าลาย แยกวิสุทธิ์กษัตริย์ จุดที่ 2","info":["ถนน: ถนนวิสุทธิ์กษัตริย์","เขต: พระนคร","จำนวนช่องจราจร: 6","ไฟกดข้าม: ไม่มี"],"district":"พระนคร"},"geometry":{"type":"Point","coordinates":[100.50442,13.76242]}},{"type":"Feature","properties":{"title":"ทางม้าลาย แยก จปร.","info":["ถนน: ถนนวิสุทธิ์กษัตริย์","เขต: พระนคร","จำนวนช่องจราจร: 4","ไฟกดข้าม: ไม่มี"],"district":"พระนคร"},"geometry":{"type":"Point","coordinates":[100.5074,13.76014]}},{"type":"Feature","properties":{"title":"ทางม้าลาย แยกตัดถนนบุญศิริ จุดที่ 1","info":["ถนน: ถนนบูรณศาสตร์","เขต: พระนคร","จำนวนช่องจราจร: 2","ไฟกดข้าม: ไม่มี"],"district":"พระนคร"},"geometry":{"type":"Point","coordinates":[100.49716,13.75462]}},{"type":"Feature","properties":{"title":"ทางม้าลาย แยกตัดถนนบุญศิริ จุดที่ 2","info":["ถนน: ถนนบูรณศาสตร์","เขต: พระนคร","จำนวนช่องจราจร: 2","ไฟกดข้าม: ไม่มี"],"district":"พระนคร"},"geometry":{"type":"Point","coordinates":[100.49714,13.75476]}},{"type":"Feature","properties":{"title":"ทางม้าลาย ใกล้ซอยจันทน์ 35","info":["ถนน: ถนนจันทน์","เขต: สาทร","จำนวนช่องจราจร: 4","ไฟกดข้าม: ไม่มี"],"district":"สาทร"},"geometry":{"type":"Point","coordinates":[100.52324,13.70699]}},{"type":"Feature","properties":{"title":"ทางม้าลาย ก่อนถึงไปรษณีย์ยานนาวา","info":["ถนน: ถนนจันทน์","เขต: สาทร","จำนวนช่องจราจร: 4","ไฟกดข้าม: ไม่มี"],"district":"สาทร"},"geometry":{"type":"Point","coordinates":[100.5308,13.70552]}},{"type":"Feature","properties":{"title":"ทางม้าลาย หน้าปั้มน้ำมันเชล","info":["ถนน: ถนนจันทน์","เขต: สาทร","จำนวนช่องจราจร: 4","ไฟกดข้าม: ไม่มี"],"district":"สาทร"},"geometry":{"type":"Point","coordinates":[100.53192,13.70545]}},{"type":"Feature","properties":{"title":"ทางม้าลาย ใกล้ซอยจันทน์ 14","info":["ถนน: ถนนจันทน์","เขต: สาทร","จำนวนช่องจราจร: 4","ไฟกดข้าม: ไม่มี"],"district":"สาทร"},"geometry":{"type":"Point","coordinates":[100.53346,13.70541]}},{"type":"Feature","properties":{"title":"ทางม้าลาย ใกล้ซอยจันทน์ 32","info":["ถนน: ถนนจันทน์","เขต: สาทร","จำนวนช่องจราจร: 4","ไฟกดข้าม: ไม่มี"],"district":"สาทร"},"geometry":{"type":"Point","coordinates":[100.51994,13.7076]}},{"type":"Feature","properties":{"title":"ทางม้าลาย หน้าธนาคารกรุงไทย","info":["ถนน: ถนนจันทน์ ซอย 18/7","เขต: สาทร","จำนวนช่องจราจร: 2","ไฟกดข้าม: ไม่มี"],"district":"สาทร"},"geometry":{"type":"Point","coordinates":[100.52676,13.70908]}},{"type":"Feature","properties":{"title":"ทางม้าลาย ใกล้วัดปึงเก่ากง เซ็นต์หลุยส์","info":["ถนน: ถนนจันทน์ ซอย 18/7","เขต: สาทร","จำนวนช่องจราจร: 2","ไฟกดข้าม: ไม่มี"],"district":"สาทร"},"geometry":{"type":"Point","coordinates":[100.52674,13.71182]}},{"type":"Feature","properties":{"title":"ทางม้าลาย ข้างสำนักงานเขตสาทร","info":["ถนน: ซอยจันทน์ 18/7 แยก 1","เขต: สาทร","จำนวนช่องจราจร: 2","ไฟกดข้าม: ไม่มี"],"district":"สาทร"},"geometry":{"type":"Point","coordinates":[100.52697,13.70774]}},{"type":"Feature","properties":{"title":"ทางม้าลาย โรงเรียนจิ้นเตอะ","info":["ถนน: ซอยจันทน์ 18/7 แยก 8","เขต: สาทร","จำนวนช่องจราจร: 2","ไฟกดข้าม: ไม่มี"],"district":"สาทร"},"geometry":{"type":"Point","coordinates":[100.52778,13.70879]}},{"type":"Feature","properties":{"title":"ทางม้าลาย ปากซอยจันทน์ 18/7 แยก 17","info":["ถนน: ซอยจันทน์ 18/7 แยก 17","เขต: สาทร","จำนวนช่องจราจร: 2","ไฟกดข้าม: ไม่มี"],"district":"สาทร"},"geometry":{"type":"Point","coordinates":[100.52654,13.71201]}},{"type":"Feature","properties":{"title":"ทางม้าลาย หน้าปากซอยจันทน์ 43","info":["ถนน: ซอยจันทน์ 43","เขต: สาทร","จำนวนช่องจราจร: 2","ไฟกดข้าม: ไม่มี"],"district":"สาทร"},"geometry":{"type":"Point","coordinates":[100.51947,13.7075]}},{"type":"Feature","properties":{"title":"ทางม้าลาย หน้าโรงเรียนวิจิตรวิทยา","info":["ถนน: ถนนสุขุมวิท ซอย 63","เขต: วัฒนา","จำนวนช่องจราจร: 2","ไฟกดข้าม: ไม่มี"],"district":"วัฒนา"},"geometry":{"type":"Point","coordinates":[100.5936,13.7405]}},{"type":"Feature","properties":{"title":"ทางม้าลาย ปากซอยสุขุมวิท 65","info":["ถนน: ถนนสุขุมวิท ซอย 65","เขต: วัฒนา","จำนวนช่องจราจร: 2","ไฟกดข้าม: ไม่มี"],"district":"วัฒนา"},"geometry":{"type":"Point","coordinates":[100.58824,13.71752]}},{"type":"Feature","properties":{"title":"ทางม้าลาย ปากซอยสุขุมวิท 69","info":["ถนน: ถนนสุขุมวิท ซอย 69","เขต: วัฒนา","จำนวนช่องจราจร: 2","ไฟกดข้าม: ไม่มี"],"district":"วัฒนา"},"geometry":{"type":"Point","coordinates":[100.59228,13.71464]}},{"type":"Feature","properties":{"title":"ทางม้าลาย ปากซอย","info":["ถนน: ถนนสุขุมวิท ซอย 71","เขต: วัฒนา","จำนวนช่องจราจร: 0","ไฟกดข้าม: ไม่มี"],"district":"วัฒนา"},"geometry":{"type":"Point","coordinates":[100.59414,13.71328]}},{"type":"Feature","properties":{"title":"ทางม้าลาย ปากซอยปรีดีฯ 2","info":["ถนน: ถนนสุขุมวิท ซอย 71","เขต: วัฒนา","จำนวนช่องจราจร: 0","ไฟกดข้าม: ไม่มี"],"district":"วัฒนา"},"geometry":{"type":"Point","coordinates":[100.59484,13.7151]}},{"type":"Feature","properties":{"title":"ทางม้าลาย ปากซอยปรีดีฯ 4","info":["ถนน: ถนนสุขุมวิท ซอย 71","เขต: วัฒนา","จำนวนช่องจราจร: 0","ไฟกดข้าม: ไม่มี"],"district":"วัฒนา"},"geometry":{"type":"Point","coordinates":[100.5951,13.71589]}},{"type":"Feature","properties":{"title":"ทางม้าลาย ปากซอยปรีดีฯ 6","info":["ถนน: ถนนสุขุมวิท ซอย 71","เขต: วัฒนา","จำนวนช่องจราจร: 0","ไฟกดข้าม: ไม่มี"],"district":"วัฒนา"},"geometry":{"type":"Point","coordinates":[100.59531,13.71644]}},{"type":"Feature","properties":{"title":"ทางม้าลาย ปากซอยปรีดีฯ 18","info":["ถนน: ถนนสุขุมวิท ซอย 71","เขต: วัฒนา","จำนวนช่องจราจร: 0","ไฟกดข้าม: ไม่มี"],"district":"วัฒนา"},"geometry":{"type":"Point","coordinates":[100.59579,13.72267]}},{"type":"Feature","properties":{"title":"ทางม้าลาย ปากซอยปรีดีฯ 20/1","info":["ถนน: ถนนสุขุมวิท ซอย 71","เขต: วัฒนา","จำนวนช่องจราจร: 0","ไฟกดข้าม: ไม่มี"],"district":"วัฒนา"},"geometry":{"type":"Point","coordinates":[100.59582,13.72404]}},{"type":"Feature","properties":{"title":"ทางม้าลาย ระหว่างซอยปรีดีฯ 22 -24","info":["ถนน: ถนนสุขุมวิท ซอย 71","เขต: วัฒนา","จำนวนช่องจราจร: 0","ไฟกดข้าม: ไม่มี"],"district":"วัฒนา"},"geometry":{"type":"Point","coordinates":[100.59585,13.72474]}},{"type":"Feature","properties":{"title":"ทางม้าลาย อาคารฟอร์จูน คอนโดทาวน์ 2","info":["ถนน: ซอยสาธุประดิษฐ์ 19","เขต: ยานนาวา","จำนวนช่องจราจร: 2","ไฟกดข้าม: ไม่มี"],"district":"ยานนาวา"},"geometry":{"type":"Point","coordinates":[100.53596,13.70085]}},{"type":"Feature","properties":{"title":"ทางม้าลาย โรงเรียนอนุบาลบ้านสานฝัน","info":["ถนน: ถนนเย็นอากาศ","เขต: ยานนาวา","จำนวนช่องจราจร: 2","ไฟกดข้าม: ไม่มี"],"district":"สาทร"},"geometry":{"type":"Point","coordinates":[100.5464,13.71547]}},{"type":"Feature","properties":{"title":"ทางม้าลาย ซอยเย็นอากาศ 2","info":["ถนน: ถนนเย็นอากาศ","เขต: ยานนาวา","จำนวนช่องจราจร: 2","ไฟกดข้าม: ไม่มี"],"district":"สาทร"},"geometry":{"type":"Point","coordinates":[100.54606,13.71493]}},{"type":"Feature","properties":{"title":"ทางม้าลาย แยกเย็นอากาศ","info":["ถนน: ถนนเย็นอากาศ","เขต: ยานนาวา","จำนวนช่องจราจร: 4","ไฟกดข้าม: ไม่มี"],"district":"สาทร"},"geometry":{"type":"Point","coordinates":[100.54178,13.71061]}},{"type":"Feature","properties":{"title":"ทางม้าลาย โรงเรียนพระแม่มารี สาธุประดิษฐ์","info":["ถนน: ซอยสาธุประดิษฐ์ 34","เขต: ยานนาวา","จำนวนช่องจราจร: 2","ไฟกดข้าม: ไม่มี"],"district":"ยานนาวา"},"geometry":{"type":"Point","coordinates":[100.53318,13.69342]}},{"type":"Feature","properties":{"title":"ทางม้าลาย โรงเรียนสารสาสน์ พัฒนา","info":["ถนน: ซอยสาธุประดิษฐ์ 34","เขต: ยานนาวา","จำนวนช่องจราจร: 2","ไฟกดข้าม: ไม่มี"],"district":"ยานนาวา"},"geometry":{"type":"Point","coordinates":[100.53139,13.69144]}},{"type":"Feature","properties":{"title":"ทางม้าลาย โรงเรียนเซนต์ยอแซฟยานนาวา","info":["ถนน: ซอยนราธิวาสราชนครินทร์ 22","เขต: ยานนาวา","จำนวนช่องจราจร: 2","ไฟกดข้าม: ไม่มี"],"district":"ยานนาวา"},"geometry":{"type":"Point","coordinates":[100.53654,13.70386]}},{"type":"Feature","properties":{"title":"ทางม้าลาย โรงเรียนอนุบาลมณีรัตน์","info":["ถนน: ซอยนราธิวาสราชนครินทร์ 18","เขต: ยานนาวา","จำนวนช่องจราจร: 2","ไฟกดข้าม: ไม่มี"],"district":"ยานนาวา"},"geometry":{"type":"Point","coordinates":[100.53676,13.70579]}},{"type":"Feature","properties":{"title":"ทางม้าลาย บริเวณแยกพระรามที่ 3 - รัชดา","info":["ถนน: ถนนพระรามที่ 3","เขต: ยานนาวา","จำนวนช่องจราจร: 0","ไฟกดข้าม: ไม่มี"],"district":"ยานนาวา"},"geometry":{"type":"Point","coordinates":[100.52033,13.68617]}},{"type":"Feature","properties":{"title":"ทางม้าลาย บริเวณแยกสาธุประดิษฐ์","info":["ถนน: ถนนพระรามที่ 3","เขต: ยานนาวา","จำนวนช่องจราจร: 0","ไฟกดข้าม: ไม่มี"],"district":"ยานนาวา"},"geometry":{"type":"Point","coordinates":[100.5291,13.67908]}},{"type":"Feature","properties":{"title":"ทางม้าลาย บริเวณแยกยานนาวา","info":["ถนน: ถนนพระรามที่ 3","เขต: ยานนาวา","จำนวนช่องจราจร: 0","ไฟกดข้าม: ไม่มี"],"district":"ยานนาวา"},"geometry":{"type":"Point","coordinates":[100.54694,13.67913]}},{"type":"Feature","properties":{"title":"ทางม้าลาย แยกตัดถนนราชดำเนินกลาง","info":["ถนน: ถนนบูรณศาสตร์","เขต: พระนคร","จำนวนช่องจราจร: 2","ไฟกดข้าม: ไม่มี"],"district":"พระนคร"},"geometry":{"type":"Point","coordinates":[100.49718,13.75747]}},{"type":"Feature","properties":{"title":"ทางม้าลาย แยกตัดถนนตะนาว","info":["ถนน: ถนนบุญศิริ","เขต: พระนคร","จำนวนช่องจราจร: 2","ไฟกดข้าม: ไม่มี"],"district":"พระนคร"},"geometry":{"type":"Point","coordinates":[100.49851,13.75457]}},{"type":"Feature","properties":{"title":"ทางม้าลาย สี่แยกในซอย จุดที่ 1","info":["ถนน: ถนนบุญศิริ","เขต: พระนคร","จำนวนช่องจราจร: 2","ไฟกดข้าม: ไม่มี"],"district":"พระนคร"},"geometry":{"type":"Point","coordinates":[100.4979,13.75468]}},{"type":"Feature","properties":{"title":"ทางม้าลาย สี่แยกในซอย จุดที่ 2","info":["ถนน: ถนนบุญศิริ","เขต: พระนคร","จำนวนช่องจราจร: 2","ไฟกดข้าม: ไม่มี"],"district":"พระนคร"},"geometry":{"type":"Point","coordinates":[100.49791,13.75454]}},{"type":"Feature","properties":{"title":"ทางม้าลาย แยกตัดถนนบูรณศาสตร์ จุดที่ 1","info":["ถนน: ถนนบุญศิริ","เขต: พระนคร","จำนวนช่องจราจร: 2","ไฟกดข้าม: ไม่มี"],"district":"พระนคร"},"geometry":{"type":"Point","coordinates":[100.49723,13.75463]}},{"type":"Feature","properties":{"title":"ทางม้าลาย แยกตัดถนนบูรณศาสตร์ จุดที่ 2","info":["ถนน: ถนนบุญศิริ","เขต: พระนคร","จำนวนช่องจราจร: 2","ไฟกดข้าม: ไม่มี"],"district":"พระนคร"},"geometry":{"type":"Point","coordinates":[100.49708,13.7547]}},{"type":"Feature","properties":{"title":"ทางม้าลาย แยกถนนไกรสีห์","info":["ถนน: ถนนสิบสามห้าง บวรนิเวศน์","เขต: พระนคร","จำนวนช่องจราจร: 6","ไฟกดข้าม: ไม่มี"],"district":"พระนคร"},"geometry":{"type":"Point","coordinates":[100.49925,13.76057]}},{"type":"Feature","properties":{"title":"ทางม้าลาย แยกตัดถนนพระสุเมรุ","info":["ถนน: ถนนสิบสามห้าง บวรนิเวศน์","เขต: พระนคร","จำนวนช่องจราจร: 6","ไฟกดข้าม: ไม่มี"],"district":"พระนคร"},"geometry":{"type":"Point","coordinates":[100.4996,13.76118]}},{"type":"Feature","properties":{"title":"ทางม้าลาย แยกตัถนนสนามไชย","info":["ถนน: ถนนเศรษฐการ","เขต: พระนคร","จำนวนช่องจราจร: 1","ไฟกดข้าม: ไม่มี"],"district":"พระนคร"},"geometry":{"type":"Point","coordinates":[100.49445,13.74474]}},{"type":"Feature","properties":{"title":"ทางม้าลาย ทางข้ามบริเวณแยกเชื่อมถนนสุขุมวิท","info":["ถนน: ถนนดวงพิทักษ์","เขต: คลองเตย","จำนวนช่องจราจร: 2","ไฟกดข้าม: ไม่มี"],"district":"คลองเตย"},"geometry":{"type":"Point","coordinates":[100.55084,13.74264]}},{"type":"Feature","properties":{"title":"ทางม้าลาย หน้าอาคารเพลินจิตเซ็นเตอร์","info":["ถนน: ถนนดวงพิทักษ์","เขต: คลองเตย","จำนวนช่องจราจร: 2","ไฟกดข้าม: ไม่มี"],"district":"คลองเตย"},"geometry":{"type":"Point","coordinates":[100.55098,13.74138]}},{"type":"Feature","properties":{"title":"ทางม้าลาย วิทยาลัยเทคโนโลยีสารสาสน์บริหารธุรกิจกนกอนุสรณ์","info":["ถนน: ซอยจันทน์ 43","เขต: สาทร","จำนวนช่องจราจร: 2","ไฟกดข้าม: ไม่มี"],"district":"สาทร"},"geometry":{"type":"Point","coordinates":[100.51915,13.70589]}},{"type":"Feature","properties":{"title":"ทางม้าลาย ปากซอยจันทน์ 32","info":["ถนน: ซอยจันทน์ 32","เขต: สาทร","จำนวนช่องจราจร: 2","ไฟกดข้าม: ไม่มี"],"district":"สาทร"},"geometry":{"type":"Point","coordinates":[100.52025,13.70774]}},{"type":"Feature","properties":{"title":"ทางม้าลาย ปากซอยจันทน์ 16","info":["ถนน: ซอยจันทน์ 16","เขต: สาทร","จำนวนช่องจราจร: 2","ไฟกดข้าม: ไม่มี"],"district":"สาทร"},"geometry":{"type":"Point","coordinates":[100.53223,13.70559]}},{"type":"Feature","properties":{"title":"ทางม้าลาย โรงเรียนเบญจวรรณศึกษา","info":["ถนน: ซอยวัดไผ่เงิน","เขต: สาทร","จำนวนช่องจราจร: 2","ไฟกดข้าม: ไม่มี"],"district":"สาทร"},"geometry":{"type":"Point","coordinates":[100.52147,13.7035]}},{"type":"Feature","properties":{"title":"ทางม้าลาย ตลาดคลองตัน","info":["ถนน: ถนนสุขุมวิท 71","เขต: สวนหลวง","จำนวนช่องจราจร: 6","ไฟกดข้าม: ไม่มี"],"district":"สวนหลวง"},"geometry":{"type":"Point","coordinates":[100.59982,13.74019]}},{"type":"Feature","properties":{"title":"ทางม้าลาย แยกคลองตัน","info":["ถนน: ถนนพัฒนาการ","เขต: สวนหลวง","จำนวนช่องจราจร: 6","ไฟกดข้าม: ไม่มี"],"district":"สวนหลวง"},"geometry":{"type":"Point","coordinates":[100.60079,13.74088]}},{"type":"Feature","properties":{"title":"ทางม้าลาย แยกตัดทางด่วนฉลองรัช","info":["ถนน: ถนนพัฒนาการ","เขต: สวนหลวง","จำนวนช่องจราจร: 6","ไฟกดข้าม: ไม่มี"],"district":"สวนหลวง"},"geometry":{"type":"Point","coordinates":[100.60447,13.73942]}},{"type":"Feature","properties":{"title":"ทางม้าลาย พัฒนาการ 30","info":["ถนน: ถนนพัฒนาการ","เขต: สวนหลวง","จำนวนช่องจราจร: 4","ไฟกดข้าม: ไม่มี"],"district":"สวนหลวง"},"geometry":{"type":"Point","coordinates":[100.61901,13.73668]}},{"type":"Feature","properties":{"title":"ทางม้าลาย พัฒนาการ 51","info":["ถนน: ถนนพัฒนาการ","เขต: สวนหลวง","จำนวนช่องจราจร: 6","ไฟกดข้าม: ไม่มี"],"district":"สวนหลวง"},"geometry":{"type":"Point","coordinates":[100.6451,13.73435]}},{"type":"Feature","properties":{"title":"ทางม้าลาย ตัดแยกพัฒนาการ 58","info":["ถนน: ถนนพัฒนาการ","เขต: สวนหลวง","จำนวนช่องจราจร: 7","ไฟกดข้าม: ไม่มี"],"district":"สวนหลวง"},"geometry":{"type":"Point","coordinates":[100.64801,13.733]}},{"type":"Feature","properties":{"title":"ทางม้าลาย พัฒนาการ 53","info":["ถนน: ถนนพัฒนาการ","เขต: สวนหลวง","จำนวนช่องจราจร: 6","ไฟกดข้าม: ไม่มี"],"district":"สวนหลวง"},"geometry":{"type":"Point","coordinates":[100.64886,13.73262]}},{"type":"Feature","properties":{"title":"ทางม้าลาย ปากซอยสุขุมวิท 53","info":["ถนน: ถนนสุขุมวิท ซอย 53","เขต: วัฒนา","จำนวนช่องจราจร: 2","ไฟกดข้าม: ไม่มี"],"district":"วัฒนา"},"geometry":{"type":"Point","coordinates":[100.57766,13.72502]}},{"type":"Feature","properties":{"title":"ทางม้าลาย ระหว่างซอยทองหล่อ 1 -2","info":["ถนน: ถนนสุขุมวิท ซอย 55","เขต: วัฒนา","จำนวนช่องจราจร: 6","ไฟกดข้าม: ไม่มี"],"district":"วัฒนา"},"geometry":{"type":"Point","coordinates":[100.58009,13.72644]}},{"type":"Feature","properties":{"title":"ทางม้าลาย ปากซอยทองหล่อ 3","info":["ถนน: ถนนสุขุมวิท ซอย 55","เขต: วัฒนา","จำนวนช่องจราจร: 6","ไฟกดข้าม: ไม่มี"],"district":"วัฒนา"},"geometry":{"type":"Point","coordinates":[100.58057,13.72729]}},{"type":"Feature","properties":{"title":"ทางม้าลาย ปากซอยทองหล่อ 5","info":["ถนน: ถนนสุขุมวิท ซอย 55","เขต: วัฒนา","จำนวนช่องจราจร: 6","ไฟกดข้าม: ไม่มี"],"district":"วัฒนา"},"geometry":{"type":"Point","coordinates":[100.58081,13.72864]}},{"type":"Feature","properties":{"title":"ทางม้าลาย ปากซอยทองหล่อ 7","info":["ถนน: ถนนสุขุมวิท ซอย 55","เขต: วัฒนา","จำนวนช่องจราจร: 6","ไฟกดข้าม: ไม่มี"],"district":"วัฒนา"},"geometry":{"type":"Point","coordinates":[100.5813,13.73042]}},{"type":"Feature","properties":{"title":"ทางม้าลาย ปากซอยทองหล่อ 10","info":["ถนน: ถนนสุขุมวิท ซอย 55","เขต: วัฒนา","จำนวนช่องจราจร: 6","ไฟกดข้าม: ไม่มี"],"district":"วัฒนา"},"geometry":{"type":"Point","coordinates":[100.58219,13.73242]}},{"type":"Feature","properties":{"title":"ทางม้าลาย ปากซอยทองหล่อ 13","info":["ถนน: ถนนสุขุมวิท ซอย 55","เขต: วัฒนา","จำนวนช่องจราจร: 6","ไฟกดข้าม: ไม่มี"],"district":"วัฒนา"},"geometry":{"type":"Point","coordinates":[100.58227,13.73321]}},{"type":"Feature","properties":{"title":"ทางม้าลาย ปากซอยทองหล่อ 17","info":["ถนน: ถนนสุขุมวิท ซอย 55","เขต: วัฒนา","จำนวนช่องจราจร: 6","ไฟกดข้าม: ไม่มี"],"district":"วัฒนา"},"geometry":{"type":"Point","coordinates":[100.58287,13.73494]}},{"type":"Feature","properties":{"title":"ทางม้าลาย ปากซอยทองหล่อ 17 (บนซอย)","info":["ถนน: ถนนสุขุมวิท ซอย 55","เขต: วัฒนา","จำนวนช่องจราจร: 6","ไฟกดข้าม: ไม่มี"],"district":"วัฒนา"},"geometry":{"type":"Point","coordinates":[100.58284,13.73504]}},{"type":"Feature","properties":{"title":"ทางม้าลาย ปากซอยทองหล่อ 19","info":["ถนน: ถนนสุขุมวิท ซอย 55","เขต: วัฒนา","จำนวนช่องจราจร: 6","ไฟกดข้าม: ไม่มี"],"district":"วัฒนา"},"geometry":{"type":"Point","coordinates":[100.5832,13.73591]}},{"type":"Feature","properties":{"title":"ทางม้าลาย บริเวณแยกพระรามที่ 3 - วงแหวนอุตสาหกรรม","info":["ถนน: ถนนพระรามที่ 3","เขต: ยานนาวา","จำนวนช่องจราจร: 0","ไฟกดข้าม: ไม่มี"],"district":"ยานนาวา"},"geometry":{"type":"Point","coordinates":[100.54786,13.68574]}},{"type":"Feature","properties":{"title":"ทางม้าลาย บริเวณแยก พระราม 3-นราธิวาสฯ","info":["ถนน: ถนนพระรามที่ 3","เขต: ยานนาวา","จำนวนช่องจราจร: 0","ไฟกดข้าม: ไม่มี"],"district":"ยานนาวา"},"geometry":{"type":"Point","coordinates":[100.54639,13.6955]}},{"type":"Feature","properties":{"title":"ทางม้าลาย บริเวณ แยกนางลิ้นจี่","info":["ถนน: ถนนพระรามที่ 3","เขต: ยานนาวา","จำนวนช่องจราจร: 0","ไฟกดข้าม: ไม่มี"],"district":"ยานนาวา"},"geometry":{"type":"Point","coordinates":[100.54544,13.70259]}},{"type":"Feature","properties":{"title":"ทางม้าลาย แยกลาดกระบัง(ลาดกระบังตัดร่มเกล้า)","info":["ถนน: ถนนลาดกระบัง","เขต: ลาดกระบัง","จำนวนช่องจราจร: 6","ไฟกดข้าม: ไม่มี"],"district":"ลาดกระบัง"},"geometry":{"type":"Point","coordinates":[100.74664,13.72262]}},{"type":"Feature","properties":{"title":"ทางม้าลาย หน้าโรงเรียนพร้อม","info":["ถนน: ถนนลาดกระบัง","เขต: ลาดกระบัง","จำนวนช่องจราจร: 6","ไฟกดข้าม: มี"],"district":"ลาดกระบัง"},"geometry":{"type":"Point","coordinates":[100.71774,13.72222]}},{"type":"Feature","properties":{"title":"ทางม้าลาย ลาดกระบัง 12","info":["ถนน: ถนนลาดกระบัง","เขต: ลาดกระบัง","จำนวนช่องจราจร: 6","ไฟกดข้าม: ไม่มี"],"district":"ลาดกระบัง"},"geometry":{"type":"Point","coordinates":[100.71353,13.72204]}},{"type":"Feature","properties":{"title":"ทางม้าลาย ลาดกระบัง 1ก/18","info":["ถนน: ถนนลาดกระบัง","เขต: ลาดกระบัง","จำนวนช่องจราจร: 6","ไฟกดข้าม: ไม่มี"],"district":"ลาดกระบัง"},"geometry":{"type":"Point","coordinates":[100.71658,13.72223]}},{"type":"Feature","properties":{"title":"ทางม้าลาย ลาดกระบัง 1/2","info":["ถนน: ถนนลาดกระบัง","เขต: ลาดกระบัง","จำนวนช่องจราจร: 6","ไฟกดข้าม: มี"],"district":"ลาดกระบัง"},"geometry":{"type":"Point","coordinates":[100.7219,13.72217]}},{"type":"Feature","properties":{"title":"ทางม้าลาย หน้าห้างpisso","info":["ถนน: ถนนลาดกระบัง","เขต: ลาดกระบัง","จำนวนช่องจราจร: 6","ไฟกดข้าม: มี"],"district":"ลาดกระบัง"},"geometry":{"type":"Point","coordinates":[100.72786,13.72229]}},{"type":"Feature","properties":{"title":"ทางม้าลาย ลาดกระบัง24/4","info":["ถนน: ถนนลาดกระบัง","เขต: ลาดกระบัง","จำนวนช่องจราจร: 6","ไฟกดข้าม: มี"],"district":"ลาดกระบัง"},"geometry":{"type":"Point","coordinates":[100.7354,13.72247]}},{"type":"Feature","properties":{"title":"ทางม้าลาย ข้างประตูระบายน้ำไผ่พิทักษ์","info":["ถนน: ถนนดวงพิทักษ์","เขต: คลองเตย","จำนวนช่องจราจร: 4","ไฟกดข้าม: ไม่มี"],"district":"คลองเตย"},"geometry":{"type":"Point","coordinates":[100.55178,13.73407]}},{"type":"Feature","properties":{"title":"ทางม้าลาย แยกอโศกมนตรี","info":["ถนน: ถนนสุขุมวิท","เขต: คลองเตย","จำนวนช่องจราจร: 23","ไฟกดข้าม: ไม่มี"],"district":"คลองเตย"},"geometry":{"type":"Point","coordinates":[100.56127,13.73636]}},{"type":"Feature","properties":{"title":"ทางม้าลาย แยกสายน้ำผึ้ง (สุขุมวิท22)","info":["ถนน: ถนนสุขุมวิท","เขต: คลองเตย","จำนวนช่องจราจร: 6","ไฟกดข้าม: ไม่มี"],"district":"คลองเตย"},"geometry":{"type":"Point","coordinates":[100.5652,13.73353]}},{"type":"Feature","properties":{"title":"ทางม้าลาย หน้าอาคารEMSPHERE","info":["ถนน: ถนนสุขุมวิท","เขต: คลองเตย","จำนวนช่องจราจร: 6","ไฟกดข้าม: ไม่มี"],"district":"คลองเตย"},"geometry":{"type":"Point","coordinates":[100.56681,13.73241]}},{"type":"Feature","properties":{"title":"ทางม้าลาย ก่อนซอยสุขุมวิท 26","info":["ถนน: ถนนสุขุมวิท","เขต: คลองเตย","จำนวนช่องจราจร: 6","ไฟกดข้าม: ไม่มี"],"district":"คลองเตย"},"geometry":{"type":"Point","coordinates":[100.57091,13.72954]}},{"type":"Feature","properties":{"title":"ทางม้าลาย หน้าบ.ทองไทยสุขุมวิท30","info":["ถนน: ถนนสุขุมวิท","เขต: คลองเตย","จำนวนช่องจราจร: 6","ไฟกดข้าม: ไม่มี"],"district":"คลองเตย"},"geometry":{"type":"Point","coordinates":[100.57322,13.72792]}},{"type":"Feature","properties":{"title":"ทางม้าลาย หน้าบ.The Ofitel-สุขุมวิท32","info":["ถนน: ถนนสุขุมวิท","เขต: คลองเตย","จำนวนช่องจราจร: 6","ไฟกดข้าม: ไม่มี"],"district":"คลองเตย"},"geometry":{"type":"Point","coordinates":[100.57478,13.72679]}},{"type":"Feature","properties":{"title":"ทางม้าลาย ซอยสุขุมวิท34","info":["ถนน: ถนนสุขุมวิท","เขต: คลองเตย","จำนวนช่องจราจร: 6","ไฟกดข้าม: ไม่มี"],"district":"คลองเตย"},"geometry":{"type":"Point","coordinates":[100.57604,13.72596]}},{"type":"Feature","properties":{"title":"ทางม้าลาย แยกทองหล่อ","info":["ถนน: ถนนสุขุมวิท","เขต: คลองเตย","จำนวนช่องจราจร: 6","ไฟกดข้าม: ไม่มี"],"district":"คลองเตย"},"geometry":{"type":"Point","coordinates":[100.57495,13.72357]}},{"type":"Feature","properties":{"title":"ทางม้าลาย หน้าโฮมโปร-วัดธาตุทอง","info":["ถนน: ถนนสุขุมวิท","เขต: คลองเตย","จำนวนช่องจราจร: 6","ไฟกดข้าม: ไม่มี"],"district":"คลองเตย"},"geometry":{"type":"Point","coordinates":[100.58585,13.71896]}},{"type":"Feature","properties":{"title":"ทางม้าลาย ซ.สุขุมวิท 2 หน้าอาคาร Double Tree","info":["ถนน: ถนนสุขุมวิท","เขต: คลองเตย","จำนวนช่องจราจร: 2","ไฟกดข้าม: ไม่มี"],"district":"คลองเตย"},"geometry":{"type":"Point","coordinates":[100.55186,13.74034]}},{"type":"Feature","properties":{"title":"ทางม้าลาย พัฒนาการ 53/1","info":["ถนน: ถนนพัฒนาการ","เขต: สวนหลวง","จำนวนช่องจราจร: 6","ไฟกดข้าม: ไม่มี"],"district":"สวนหลวง"},"geometry":{"type":"Point","coordinates":[100.6512,13.73147]}},{"type":"Feature","properties":{"title":"ทางม้าลาย อ่อนนุช 4","info":["ถนน: ถนนอ่อนนุช","เขต: สวนหลวง","จำนวนช่องจราจร: 4","ไฟกดข้าม: ไม่มี"],"district":"สวนหลวง"},"geometry":{"type":"Point","coordinates":[100.60526,13.71205]}},{"type":"Feature","properties":{"title":"ทางม้าลาย อ่อนนุช 11","info":["ถนน: ถนนอ่อนนุช","เขต: สวนหลวง","จำนวนช่องจราจร: 4","ไฟกดข้าม: ไม่มี"],"district":"สวนหลวง"},"geometry":{"type":"Point","coordinates":[100.60858,13.71215]}},{"type":"Feature","properties":{"title":"ทางม้าลาย แยกอ่อนนุช 17","info":["ถนน: ถนนอ่อนนุช","เขต: สวนหลวง","จำนวนช่องจราจร: 4","ไฟกดข้าม: ไม่มี"],"district":"สวนหลวง"},"geometry":{"type":"Point","coordinates":[100.60996,13.71141]}},{"type":"Feature","properties":{"title":"ทางม้าลาย อ่อนนุช 17/1","info":["ถนน: ถนนอ่อนนุช","เขต: สวนหลวง","จำนวนช่องจราจร: 4","ไฟกดข้าม: ไม่มี"],"district":"สวนหลวง"},"geometry":{"type":"Point","coordinates":[100.61211,13.71024]}},{"type":"Feature","properties":{"title":"ทางม้าลาย อ่อนนุช 21/1","info":["ถนน: ถนนอ่อนนุช","เขต: สวนหลวง","จำนวนช่องจราจร: 4","ไฟกดข้าม: ไม่มี"],"district":"สวนหลวง"},"geometry":{"type":"Point","coordinates":[100.61485,13.70941]}},{"type":"Feature","properties":{"title":"ทางม้าลาย อ่อนนุช 29","info":["ถนน: ถนนอ่อนนุช","เขต: สวนหลวง","จำนวนช่องจราจร: 4","ไฟกดข้าม: ไม่มี"],"district":"สวนหลวง"},"geometry":{"type":"Point","coordinates":[100.62621,13.70982]}},{"type":"Feature","properties":{"title":"ทางม้าลาย โรงเรียนอโศวิทย์อ่อนนุช","info":["ถนน: ถนนอ่อนนุช","เขต: สวนหลวง","จำนวนช่องจราจร: 4","ไฟกดข้าม: ไม่มี"],"district":"สวนหลวง"},"geometry":{"type":"Point","coordinates":[100.62734,13.70994]}},{"type":"Feature","properties":{"title":"ทางม้าลาย อ่อนนุช 33","info":["ถนน: ถนนอ่อนนุช","เขต: สวนหลวง","จำนวนช่องจราจร: 4","ไฟกดข้าม: ไม่มี"],"district":"สวนหลวง"},"geometry":{"type":"Point","coordinates":[100.62934,13.71016]}},{"type":"Feature","properties":{"title":"ทางม้าลาย แยกอ่อนนุช 46","info":["ถนน: ถนนอ่อนนุช","เขต: สวนหลวง","จำนวนช่องจราจร: 4","ไฟกดข้าม: ไม่มี"],"district":"สวนหลวง"},"geometry":{"type":"Point","coordinates":[100.63425,13.71071]}},{"type":"Feature","properties":{"title":"ทางม้าลาย ปากซอยสุขุมวิท 103","info":["ถนน: ถนนอุดุมสุข","เขต: บางนา","จำนวนช่องจราจร: 5","ไฟกดข้าม: มี"],"district":"บางนา"},"geometry":{"type":"Point","coordinates":[100.60919,13.67882]}},{"type":"Feature","properties":{"title":"ทางม้าลาย ซอยอุดมสุข 5","info":["ถนน: ถนนอุดุมสุข","เขต: บางนา","จำนวนช่องจราจร: 4","ไฟกดข้าม: มี"],"district":"บางนา"},"geometry":{"type":"Point","coordinates":[100.61236,13.67877]}},{"type":"Feature","properties":{"title":"ทางม้าลาย ระหว่างซอยอุดมสุข 17- 20 (อาคารโตรักษา)","info":["ถนน: ถนนอุดุมสุข","เขต: บางนา","จำนวนช่องจราจร: 4","ไฟกดข้าม: มี"],"district":"บางนา"},"geometry":{"type":"Point","coordinates":[100.61683,13.67858]}},{"type":"Feature","properties":{"title":"ทางม้าลาย ปากซอยอุดมสุข 51","info":["ถนน: ถนนอุดุมสุข","เขต: บางนา","จำนวนช่องจราจร: 2","ไฟกดข้าม: มี"],"district":"บางนา"},"geometry":{"type":"Point","coordinates":[100.63758,13.67794]}},{"type":"Feature","properties":{"title":"ทางม้าลาย ปากซอยอุดมสุข 56","info":["ถนน: ถนนอุดุมสุข","เขต: บางนา","จำนวนช่องจราจร: 2","ไฟกดข้าม: มี"],"district":"บางนา"},"geometry":{"type":"Point","coordinates":[100.636,13.6779]}},{"type":"Feature","properties":{"title":"ทางม้าลาย ปากซอยอุดมสุข 42","info":["ถนน: ถนนอุดุมสุข","เขต: บางนา","จำนวนช่องจราจร: 2","ไฟกดข้าม: มี"],"district":"บางนา"},"geometry":{"type":"Point","coordinates":[100.63138,13.67806]}},{"type":"Feature","properties":{"title":"ทางม้าลาย ปากซอยอุดมสุข 30","info":["ถนน: ถนนอุดุมสุข","เขต: บางนา","จำนวนช่องจราจร: 2","ไฟกดข้าม: มี"],"district":"บางนา"},"geometry":{"type":"Point","coordinates":[100.62363,13.67832]}},{"type":"Feature","properties":{"title":"ทางม้าลาย ถนนอุดมสุขหน้าไปรษณีย์ J&T Express","info":["ถนน: ถนนอุดุมสุข","เขต: บางนา","จำนวนช่องจราจร: 4","ไฟกดข้าม: มี"],"district":"บางนา"},"geometry":{"type":"Point","coordinates":[100.62141,13.67847]}},{"type":"Feature","properties":{"title":"ทางม้าลาย ปากซอยอุดมสุข 26","info":["ถนน: ถนนอุดุมสุข","เขต: บางนา","จำนวนช่องจราจร: 2","ไฟกดข้าม: มี"],"district":"บางนา"},"geometry":{"type":"Point","coordinates":[100.62007,13.67847]}},{"type":"Feature","properties":{"title":"ทางม้าลาย ปากซอยอุดมสุข 19","info":["ถนน: ถนนอุดุมสุข","เขต: บางนา","จำนวนช่องจราจร: 2","ไฟกดข้าม: มี"],"district":"บางนา"},"geometry":{"type":"Point","coordinates":[100.61717,13.67863]}},{"type":"Feature","properties":{"title":"ทางม้าลาย ลาดกระบัง30/3","info":["ถนน: ถนนลาดกระบัง","เขต: ลาดกระบัง","จำนวนช่องจราจร: 6","ไฟกดข้าม: ไม่มี"],"district":"ลาดกระบัง"},"geometry":{"type":"Point","coordinates":[100.73835,13.72254]}},{"type":"Feature","properties":{"title":"ทางม้าลาย ลาดกระบัง15/1","info":["ถนน: ถนนลาดกระบัง","เขต: ลาดกระบัง","จำนวนช่องจราจร: 6","ไฟกดข้าม: ไม่มี"],"district":"ลาดกระบัง"},"geometry":{"type":"Point","coordinates":[100.78578,13.72207]}},{"type":"Feature","properties":{"title":"ทางม้าลาย ลาดกระบัง36(ม.เคหะนคร2)","info":["ถนน: ถนนลาดกระบัง","เขต: ลาดกระบัง","จำนวนช่องจราจร: 6","ไฟกดข้าม: ไม่มี"],"district":"ลาดกระบัง"},"geometry":{"type":"Point","coordinates":[100.75414,13.72209]}},{"type":"Feature","properties":{"title":"ทางม้าลาย ลาดกระบัง7","info":["ถนน: ถนนลาดกระบัง","เขต: ลาดกระบัง","จำนวนช่องจราจร: 6","ไฟกดข้าม: ไม่มี"],"district":"ลาดกระบัง"},"geometry":{"type":"Point","coordinates":[100.75304,13.72236]}},{"type":"Feature","properties":{"title":"ทางม้าลาย ในซอยลาดกระบัง3หน้า รร.วัดสังฆราชา","info":["ถนน: ถนนลาดกระบัง","เขต: ลาดกระบัง","จำนวนช่องจราจร: 2","ไฟกดข้าม: ไม่มี"],"district":"ลาดกระบัง"},"geometry":{"type":"Point","coordinates":[100.73798,13.72603]}},{"type":"Feature","properties":{"title":"ทางม้าลาย ทางลัดไปถนนคุ้มเกล้า","info":["ถนน: ถนนเจ้าคุณทหาร","เขต: ลาดกระบัง","จำนวนช่องจราจร: 4","ไฟกดข้าม: ไม่มี"],"district":"ลาดกระบัง"},"geometry":{"type":"Point","coordinates":[100.7756,13.75287]}},{"type":"Feature","properties":{"title":"ทางม้าลาย ร้านวัสดุก่อสร้าง(มาเดกลาส)","info":["ถนน: ถนนเจ้าคุณทหาร","เขต: ลาดกระบัง","จำนวนช่องจราจร: 4","ไฟกดข้าม: ไม่มี"],"district":"ลาดกระบัง"},"geometry":{"type":"Point","coordinates":[100.7865,13.7516]}},{"type":"Feature","properties":{"title":"ทางม้าลาย หน้าปั๊มแก๊ส","info":["ถนน: ถนนเจ้าคุณทหาร","เขต: ลาดกระบัง","จำนวนช่องจราจร: 4","ไฟกดข้าม: ไม่มี"],"district":"ลาดกระบัง"},"geometry":{"type":"Point","coordinates":[100.78992,13.75118]}},{"type":"Feature","properties":{"title":"ทางม้าลาย ร้านวัสดุก่อสร้าง","info":["ถนน: ถนนเจ้าคุณทหาร","เขต: ลาดกระบัง","จำนวนช่องจราจร: 4","ไฟกดข้าม: ไม่มี"],"district":"ลาดกระบัง"},"geometry":{"type":"Point","coordinates":[100.79229,13.75094]}},{"type":"Feature","properties":{"title":"ทางม้าลาย แยกเจ้าคุณทหารตัดฉลองกรุง","info":["ถนน: ถนนเจ้าคุณทหาร","เขต: ลาดกระบัง","จำนวนช่องจราจร: 4","ไฟกดข้าม: ไม่มี"],"district":"ลาดกระบัง"},"geometry":{"type":"Point","coordinates":[100.79396,13.75074]}},{"type":"Feature","properties":{"title":"ทางม้าลาย ซ.สุขุมวิท 2 หน้าไป่ว่าน ทีซีเอ็ม คลีนิค","info":["ถนน: ถนนสุขุมวิท","เขต: คลองเตย","จำนวนช่องจราจร: 2","ไฟกดข้าม: ไม่มี"],"district":"คลองเตย"},"geometry":{"type":"Point","coordinates":[100.55191,13.7391]}},{"type":"Feature","properties":{"title":"ทางม้าลาย ซ.สุขุมวิท4หน้ารร.นานาชาติท๊อฟซี่ เทอร์วี่","info":["ถนน: ถนนสุขุมวิท","เขต: คลองเตย","จำนวนช่องจราจร: 2","ไฟกดข้าม: ไม่มี"],"district":"คลองเตย"},"geometry":{"type":"Point","coordinates":[100.55312,13.73661]}},{"type":"Feature","properties":{"title":"ทางม้าลาย หน้าซ.สุขุมวิท8","info":["ถนน: ถนนสุขุมวิท","เขต: คลองเตย","จำนวนช่องจราจร: 2","ไฟกดข้าม: ไม่มี"],"district":"คลองเตย"},"geometry":{"type":"Point","coordinates":[100.55608,13.73998]}},{"type":"Feature","properties":{"title":"ทางม้าลาย ซ.สุขุมวิท8 หน้ารร.วรรณวิทย์","info":["ถนน: ถนนสุขุมวิท","เขต: คลองเตย","จำนวนช่องจราจร: 2","ไฟกดข้าม: ไม่มี"],"district":"คลองเตย"},"geometry":{"type":"Point","coordinates":[100.5559,13.73823]}},{"type":"Feature","properties":{"title":"ทางม้าลาย หน้าซ.สุขุมวิท16ฝั่งถนนรัชดาภิเษก","info":["ถนน: ถนนสุขุมวิท","เขต: คลองเตย","จำนวนช่องจราจร: 2","ไฟกดข้าม: ไม่มี"],"district":"คลองเตย"},"geometry":{"type":"Point","coordinates":[100.56096,13.73478]}},{"type":"Feature","properties":{"title":"ทางม้าลาย หน้าซ.สุขุมวิท18","info":["ถนน: ถนนสุขุมวิท","เขต: คลองเตย","จำนวนช่องจราจร: 2","ไฟกดข้าม: ไม่มี"],"district":"คลองเตย"},"geometry":{"type":"Point","coordinates":[100.56277,13.73519]}},{"type":"Feature","properties":{"title":"ทางม้าลาย หน้าซ.สุขุมวิท20","info":["ถนน: ถนนสุขุมวิท","เขต: คลองเตย","จำนวนช่องจราจร: 2","ไฟกดข้าม: ไม่มี"],"district":"คลองเตย"},"geometry":{"type":"Point","coordinates":[100.56402,13.73437]}},{"type":"Feature","properties":{"title":"ทางม้าลาย ซ.สุขุมวิท22 หน้ารร.แมริออท มาร์คีส์ ควีนศ์ปาร์ค","info":["ถนน: ถนนสุขุมวิท","เขต: คลองเตย","จำนวนช่องจราจร: 2","ไฟกดข้าม: ไม่มี"],"district":"คลองเตย"},"geometry":{"type":"Point","coordinates":[100.56514,13.73061]}},{"type":"Feature","properties":{"title":"ทางม้าลาย ซ.สุขุมวิท22หน้ารร.สายน้ำผึ้ง","info":["ถนน: ถนนสุขุมวิท","เขต: คลองเตย","จำนวนช่องจราจร: 2","ไฟกดข้าม: ไม่มี"],"district":"คลองเตย"},"geometry":{"type":"Point","coordinates":[100.56512,13.72759]}},{"type":"Feature","properties":{"title":"ทางม้าลาย ข้างรร.ขจรศึกษา","info":["ถนน: ถนนสุขุมวิท","เขต: คลองเตย","จำนวนช่องจราจร: 2","ไฟกดข้าม: ไม่มี"],"district":"คลองเตย"},"geometry":{"type":"Point","coordinates":[100.5655,13.721]}},{"type":"Feature","properties":{"title":"ทางม้าลาย หน้าซ.สุขุมวิท24","info":["ถนน: ถนนสุขุมวิท","เขต: คลองเตย","จำนวนช่องจราจร: 2","ไฟกดข้าม: ไม่มี"],"district":"คลองเตย"},"geometry":{"type":"Point","coordinates":[100.56974,13.73038]}},{"type":"Feature","properties":{"title":"ทางม้าลาย อ่อนนุช 37/1","info":["ถนน: ถนนอ่อนนุช","เขต: สวนหลวง","จำนวนช่องจราจร: 4","ไฟกดข้าม: ไม่มี"],"district":"สวนหลวง"},"geometry":{"type":"Point","coordinates":[100.63558,13.71086]}},{"type":"Feature","properties":{"title":"ทางม้าลาย อ่อนนุช 48","info":["ถนน: ถนนอ่อนนุช","เขต: สวนหลวง","จำนวนช่องจราจร: 4","ไฟกดข้าม: ไม่มี"],"district":"สวนหลวง"},"geometry":{"type":"Point","coordinates":[100.63854,13.71137]}},{"type":"Feature","properties":{"title":"ทางม้าลาย อ่อนนุช 41","info":["ถนน: ถนนอ่อนนุช","เขต: สวนหลวง","จำนวนช่องจราจร: 4","ไฟกดข้าม: ไม่มี"],"district":"สวนหลวง"},"geometry":{"type":"Point","coordinates":[100.6401,13.71174]}},{"type":"Feature","properties":{"title":"ทางม้าลาย อ่อนนุช 49","info":["ถนน: ถนนอ่อนนุช","เขต: สวนหลวง","จำนวนช่องจราจร: 6","ไฟกดข้าม: ไม่มี"],"district":"สวนหลวง"},"geometry":{"type":"Point","coordinates":[100.64659,13.71368]}},{"type":"Feature","properties":{"title":"ทางม้าลาย ไปรษณีย์ อ่อนนุช","info":["ถนน: ถนนอ่อนนุช","เขต: สวนหลวง","จำนวนช่องจราจร: 6","ไฟกดข้าม: ไม่มี"],"district":"สวนหลวง"},"geometry":{"type":"Point","coordinates":[100.64802,13.71438]}},{"type":"Feature","properties":{"title":"ทางม้าลาย อ่อนนุช 51","info":["ถนน: ถนนอ่อนนุช","เขต: สวนหลวง","จำนวนช่องจราจร: 6","ไฟกดข้าม: ไม่มี"],"district":"สวนหลวง"},"geometry":{"type":"Point","coordinates":[100.64954,13.71532]}},{"type":"Feature","properties":{"title":"ทางม้าลาย โรงเรียนเตรียมอุดมศึกษาพัฒนาการ","info":["ถนน: ซอยพัฒนาการ 58","เขต: สวนหลวง","จำนวนช่องจราจร: 2","ไฟกดข้าม: ไม่มี"],"district":"สวนหลวง"},"geometry":{"type":"Point","coordinates":[100.64783,13.73016]}},{"type":"Feature","properties":{"title":"ทางม้าลาย โรงเรียนคลองกลันตัน","info":["ถนน: ซอยศรีนครินทร์ 18","เขต: สวนหลวง","จำนวนช่องจราจร: 2","ไฟกดข้าม: ไม่มี"],"district":"สวนหลวง"},"geometry":{"type":"Point","coordinates":[100.64099,13.73218]}},{"type":"Feature","properties":{"title":"ทางม้าลาย โรงเรียนอนุบาลสายทิพย์","info":["ถนน: ซอยโรงเรียนอนุบาลสายทิพย์","เขต: สวนหลวง","จำนวนช่องจราจร: 2","ไฟกดข้าม: ไม่มี"],"district":"สวนหลวง"},"geometry":{"type":"Point","coordinates":[100.62126,13.73554]}},{"type":"Feature","properties":{"title":"ทางม้าลาย โรงเรียนวัดใต้","info":["ถนน: ซอยอ่อนนุช 3","เขต: สวนหลวง","จำนวนช่องจราจร: 2","ไฟกดข้าม: ไม่มี"],"district":"สวนหลวง"},"geometry":{"type":"Point","coordinates":[100.60402,13.71161]}},{"type":"Feature","properties":{"title":"ทางม้าลาย ปากซอยปรีดีฯ 26","info":["ถนน: ถนนสุขุมวิท ซอย 71","เขต: วัฒนา","จำนวนช่องจราจร: 0","ไฟกดข้าม: ไม่มี"],"district":"วัฒนา"},"geometry":{"type":"Point","coordinates":[100.59585,13.72572]}},{"type":"Feature","properties":{"title":"ทางม้าลาย ปากซอยปรีดีฯ 31","info":["ถนน: ถนนสุขุมวิท ซอย 71","เขต: วัฒนา","จำนวนช่องจราจร: 0","ไฟกดข้าม: ไม่มี"],"district":"วัฒนา"},"geometry":{"type":"Point","coordinates":[100.59585,13.72572]}},{"type":"Feature","properties":{"title":"ทางม้าลาย หน้าโรงเรียนเกษมพิทยา","info":["ถนน: ถนนสุขุมวิท ซอย 71","เขต: วัฒนา","จำนวนช่องจราจร: 0","ไฟกดข้าม: ไม่มี"],"district":"วัฒนา"},"geometry":{"type":"Point","coordinates":[100.59665,13.731]}},{"type":"Feature","properties":{"title":"ทางม้าลาย ปากซอยปรีดีฯ 37","info":["ถนน: ถนนสุขุมวิท ซอย 71","เขต: วัฒนา","จำนวนช่องจราจร: 0","ไฟกดข้าม: ไม่มี"],"district":"วัฒนา"},"geometry":{"type":"Point","coordinates":[100.59691,13.73208]}},{"type":"Feature","properties":{"title":"ทางม้าลาย ปากซอยปรีดีฯ 41","info":["ถนน: ถนนสุขุมวิท ซอย 71","เขต: วัฒนา","จำนวนช่องจราจร: 0","ไฟกดข้าม: ไม่มี"],"district":"วัฒนา"},"geometry":{"type":"Point","coordinates":[100.59691,13.73208]}},{"type":"Feature","properties":{"title":"ทางม้าลาย ปากซอยปรีดีฯ 43","info":["ถนน: ถนนสุขุมวิท ซอย 71","เขต: วัฒนา","จำนวนช่องจราจร: 0","ไฟกดข้าม: ไม่มี"],"district":"วัฒนา"},"geometry":{"type":"Point","coordinates":[100.59775,13.73518]}},{"type":"Feature","properties":{"title":"ทางม้าลาย ปากซอยปรีดีฯ 45 (จุดที่ 2 )","info":["ถนน: ถนนสุขุมวิท ซอย 71","เขต: วัฒนา","จำนวนช่องจราจร: 0","ไฟกดข้าม: ไม่มี"],"district":"วัฒนา"},"geometry":{"type":"Point","coordinates":[100.59816,13.73676]}},{"type":"Feature","properties":{"title":"ทางม้าลาย ปากซอยปรีดีฯ 45 (จุดที่ 2 )","info":["ถนน: ถนนสุขุมวิท ซอย 71","เขต: วัฒนา","จำนวนช่องจราจร: 0","ไฟกดข้าม: ไม่มี"],"district":"วัฒนา"},"geometry":{"type":"Point","coordinates":[100.59814,13.73692]}},{"type":"Feature","properties":{"title":"ทางม้าลาย ปากซอยสุขุมวิท 77","info":["ถนน: ถนนสุขุมวิท ซอย 77","เขต: วัฒนา","จำนวนช่องจราจร: 2","ไฟกดข้าม: ไม่มี"],"district":"คลองเตย"},"geometry":{"type":"Point","coordinates":[100.59951,13.70892]}},{"type":"Feature","properties":{"title":"ทางม้าลาย ปากซอยสุขุมวิท 79","info":["ถนน: ถนนสุขุมวิท ซอย 79","เขต: วัฒนา","จำนวนช่องจราจร: 2","ไฟกดข้าม: ไม่มี"],"district":"วัฒนา"},"geometry":{"type":"Point","coordinates":[100.60062,13.70682]}},{"type":"Feature","properties":{"title":"ทางม้าลาย หน้าคลังสินค้า","info":["ถนน: ถนนเจ้าคุณทหาร","เขต: ลาดกระบัง","จำนวนช่องจราจร: 4","ไฟกดข้าม: ไม่มี"],"district":"ลาดกระบัง"},"geometry":{"type":"Point","coordinates":[100.76187,13.75448]}},{"type":"Feature","properties":{"title":"ทางม้าลาย เจ้าคุณปาร์คคอมมูนิตี้","info":["ถนน: ถนนเจ้าคุณทหาร","เขต: ลาดกระบัง","จำนวนช่องจราจร: 4","ไฟกดข้าม: ไม่มี"],"district":"ลาดกระบัง"},"geometry":{"type":"Point","coordinates":[100.77146,13.75334]}},{"type":"Feature","properties":{"title":"ทางม้าลาย พัฒนาชนบท3","info":["ถนน: ถนนพัฒนาชนบท","เขต: ลาดกระบัง","จำนวนช่องจราจร: 2","ไฟกดข้าม: ไม่มี"],"district":"ลาดกระบัง"},"geometry":{"type":"Point","coordinates":[100.71608,13.73657]}},{"type":"Feature","properties":{"title":"ทางม้าลาย พัฒนาชนบท2","info":["ถนน: ถนนพัฒนาชนบท","เขต: ลาดกระบัง","จำนวนช่องจราจร: 2","ไฟกดข้าม: ไม่มี"],"district":"ลาดกระบัง"},"geometry":{"type":"Point","coordinates":[100.72539,13.73097]}},{"type":"Feature","properties":{"title":"ทางม้าลาย พัฒนาชนบท4","info":["ถนน: ถนนพัฒนาชนบท","เขต: ลาดกระบัง","จำนวนช่องจราจร: 2","ไฟกดข้าม: ไม่มี"],"district":"ลาดกระบัง"},"geometry":{"type":"Point","coordinates":[100.73147,13.73122]}},{"type":"Feature","properties":{"title":"ทางม้าลาย หน้าตลาดบวรร่มเกล้า","info":["ถนน: ถนนเคหะร่มเกล้า","เขต: ลาดกระบัง","จำนวนช่องจราจร: 4","ไฟกดข้าม: ไม่มี"],"district":"ลาดกระบัง"},"geometry":{"type":"Point","coordinates":[100.73522,13.7733]}},{"type":"Feature","properties":{"title":"ทางม้าลาย หน้า รร.รัตนโกสินทร์สมโภชน์","info":["ถนน: ถนนเคหะร่มเกล้า","เขต: ลาดกระบัง","จำนวนช่องจราจร: 4","ไฟกดข้าม: ไม่มี"],"district":"ลาดกระบัง"},"geometry":{"type":"Point","coordinates":[100.73133,13.76072]}},{"type":"Feature","properties":{"title":"ทางม้าลาย ในซอยเคหะ48 รร.เคหะร่มเกล้า","info":["ถนน: ถนนเคหะร่มเกล้า","เขต: ลาดกระบัง","จำนวนช่องจราจร: 2","ไฟกดข้าม: ไม่มี"],"district":"ลาดกระบัง"},"geometry":{"type":"Point","coordinates":[100.73116,13.76596]}},{"type":"Feature","properties":{"title":"ทางม้าลาย สำนักงานที่ดินลาดกระบัง","info":["ถนน: ถนนเคหะร่มเกล้า","เขต: ลาดกระบัง","จำนวนช่องจราจร: 4","ไฟกดข้าม: มี"],"district":"ลาดกระบัง"},"geometry":{"type":"Point","coordinates":[100.73182,13.76557]}},{"type":"Feature","properties":{"title":"ทางม้าลาย เคหะร่มเกล้า34","info":["ถนน: ถนนเคหะร่มเกล้า","เขต: ลาดกระบัง","จำนวนช่องจราจร: 4","ไฟกดข้าม: ไม่มี"],"district":"ลาดกระบัง"},"geometry":{"type":"Point","coordinates":[100.73236,13.76735]}},{"type":"Feature","properties":{"title":"ทางม้าลาย หน้าซ.สุขุมวิท34","info":["ถนน: ถนนสุขุมวิท","เขต: คลองเตย","จำนวนช่องจราจร: 2","ไฟกดข้าม: ไม่มี"],"district":"คลองเตย"},"geometry":{"type":"Point","coordinates":[100.57639,13.72571]}},{"type":"Feature","properties":{"title":"ทางม้าลาย หน้าซ.สุขุมวิท36","info":["ถนน: ถนนสุขุมวิท","เขต: คลองเตย","จำนวนช่องจราจร: 2","ไฟกดข้าม: ไม่มี"],"district":"คลองเตย"},"geometry":{"type":"Point","coordinates":[100.5776,13.72479]}},{"type":"Feature","properties":{"title":"ทางม้าลาย ซ.สุขุมวิท36หน้าซ.นภาศัพท์","info":["ถนน: ถนนสุขุมวิท","เขต: คลองเตย","จำนวนช่องจราจร: 2","ไฟกดข้าม: ไม่มี"],"district":"คลองเตย"},"geometry":{"type":"Point","coordinates":[100.5768,13.72256]}},{"type":"Feature","properties":{"title":"ทางม้าลาย หน้าซ.สุขุมวิท38","info":["ถนน: ถนนสุขุมวิท","เขต: คลองเตย","จำนวนช่องจราจร: 2","ไฟกดข้าม: ไม่มี"],"district":"คลองเตย"},"geometry":{"type":"Point","coordinates":[100.57898,13.72384]}},{"type":"Feature","properties":{"title":"ทางม้าลาย ซ.สุขุมวิท38หน้าโรงเรียนอนุบาลเมโลดี้ฯ","info":["ถนน: ถนนสุขุมวิท","เขต: คลองเตย","จำนวนช่องจราจร: 2","ไฟกดข้าม: ไม่มี"],"district":"คลองเตย"},"geometry":{"type":"Point","coordinates":[100.57935,13.72053]}},{"type":"Feature","properties":{"title":"ทางม้าลาย ซ.สุขุมวิท40 หน้า บ.Med scien","info":["ถนน: ถนนสุขุมวิท","เขต: คลองเตย","จำนวนช่องจราจร: 2","ไฟกดข้าม: ไม่มี"],"district":"คลองเตย"},"geometry":{"type":"Point","coordinates":[100.58076,13.71979]}},{"type":"Feature","properties":{"title":"ทางม้าลาย ซ.สุขุมวิท40 ข้างรร.ปทุมคงคา","info":["ถนน: ถนนสุขุมวิท","เขต: คลองเตย","จำนวนช่องจราจร: 2","ไฟกดข้าม: ไม่มี"],"district":"คลองเตย"},"geometry":{"type":"Point","coordinates":[100.58072,13.71836]}},{"type":"Feature","properties":{"title":"ทางม้าลาย หน้ารร.ปทุทคงคา","info":["ถนน: ถนนสุขุมวิท","เขต: คลองเตย","จำนวนช่องจราจร: 2","ไฟกดข้าม: ไม่มี"],"district":"คลองเตย"},"geometry":{"type":"Point","coordinates":[100.58224,13.71971]}},{"type":"Feature","properties":{"title":"ทางม้าลาย หน้าซ.สุขุมวิท42","info":["ถนน: ถนนสุขุมวิท","เขต: คลองเตย","จำนวนช่องจราจร: 2","ไฟกดข้าม: ไม่มี"],"district":"คลองเตย"},"geometry":{"type":"Point","coordinates":[100.58504,13.71954]}},{"type":"Feature","properties":{"title":"ทางม้าลาย ซ.สุขุมวิท42 หน้าโรงงานไทยนิตติ้ง","info":["ถนน: ถนนสุขุมวิท","เขต: คลองเตย","จำนวนช่องจราจร: 2","ไฟกดข้าม: ไม่มี"],"district":"คลองเตย"},"geometry":{"type":"Point","coordinates":[100.58449,13.71571]}},{"type":"Feature","properties":{"title":"ทางม้าลาย หน้าซ.สุขุมวิท50","info":["ถนน: ถนนสุขุมวิท","เขต: คลองเตย","จำนวนช่องจราจร: 2","ไฟกดข้าม: ไม่มี"],"district":"คลองเตย"},"geometry":{"type":"Point","coordinates":[100.60045,13.70666]}},{"type":"Feature","properties":{"title":"ทางม้าลาย โรงเรียนวัดมหาบุศย์","info":["ถนน: ซอยอ่อนนุช 7","เขต: สวนหลวง","จำนวนช่องจราจร: 2","ไฟกดข้าม: ไม่มี"],"district":"สวนหลวง"},"geometry":{"type":"Point","coordinates":[100.60689,13.71394]}},{"type":"Feature","properties":{"title":"ทางม้าลาย โรงเรียนวัดปากบ่อ","info":["ถนน: ซอยอ่อนนุช 35","เขต: สวนหลวง","จำนวนช่องจราจร: 2","ไฟกดข้าม: ไม่มี"],"district":"สวนหลวง"},"geometry":{"type":"Point","coordinates":[100.63139,13.71381]}},{"type":"Feature","properties":{"title":"ทางม้าลาย ปากซอยพัฒนาการ 32","info":["ถนน: ซอยพัฒนาการ 32","เขต: สวนหลวง","จำนวนช่องจราจร: 2","ไฟกดข้าม: ไม่มี"],"district":"สวนหลวง"},"geometry":{"type":"Point","coordinates":[100.62034,13.73662]}},{"type":"Feature","properties":{"title":"ทางม้าลาย ปากซอยพัฒนาการ 30","info":["ถนน: ซอยพัฒนาการ 30","เขต: สวนหลวง","จำนวนช่องจราจร: 3","ไฟกดข้าม: ไม่มี"],"district":"สวนหลวง"},"geometry":{"type":"Point","coordinates":[100.61879,13.7365]}},{"type":"Feature","properties":{"title":"ทางม้าลาย แยกตะวันทอง","info":["ถนน: ซอยพัฒนาการ 30","เขต: สวนหลวง","จำนวนช่องจราจร: 2","ไฟกดข้าม: ไม่มี"],"district":"สวนหลวง"},"geometry":{"type":"Point","coordinates":[100.62103,13.7279]}},{"type":"Feature","properties":{"title":"ทางม้าลาย ปากซอยพัฒนาการ 20","info":["ถนน: ซอยพัฒนาการ 20","เขต: สวนหลวง","จำนวนช่องจราจร: 2","ไฟกดข้าม: ไม่มี"],"district":"สวนหลวง"},"geometry":{"type":"Point","coordinates":[100.60915,13.73749]}},{"type":"Feature","properties":{"title":"ทางม้าลาย โรงเรียนสวนรัฐวิทยา","info":["ถนน: ซอยพัฒนาการ 20","เขต: สวนหลวง","จำนวนช่องจราจร: 2","ไฟกดข้าม: ไม่มี"],"district":"สวนหลวง"},"geometry":{"type":"Point","coordinates":[100.60774,13.72936]}},{"type":"Feature","properties":{"title":"ทางม้าลาย ปากซอยพัฒนาการ 20 แยก 7","info":["ถนน: ซอยพัฒนาการ 20","เขต: สวนหลวง","จำนวนช่องจราจร: 2","ไฟกดข้าม: ไม่มี"],"district":"สวนหลวง"},"geometry":{"type":"Point","coordinates":[100.60758,13.73297]}},{"type":"Feature","properties":{"title":"ทางม้าลาย ปากซอยพัฒนาการ 20 แยก 10","info":["ถนน: ซอยพัฒนาการ 20","เขต: สวนหลวง","จำนวนช่องจราจร: 2","ไฟกดข้าม: ไม่มี"],"district":"สวนหลวง"},"geometry":{"type":"Point","coordinates":[100.61043,13.72789]}},{"type":"Feature","properties":{"title":"ทางม้าลาย อ่อนนุช 17 ตัดพัฒนาการ 20","info":["ถนน: ซอยพัฒนาการ 20","เขต: สวนหลวง","จำนวนช่องจราจร: 2","ไฟกดข้าม: ไม่มี"],"district":"สวนหลวง"},"geometry":{"type":"Point","coordinates":[100.61668,13.72724]}},{"type":"Feature","properties":{"title":"ทางม้าลาย ปากซอยทองหล่อ 21","info":["ถนน: ถนนสุขุมวิท ซอย 55","เขต: วัฒนา","จำนวนช่องจราจร: 6","ไฟกดข้าม: ไม่มี"],"district":"วัฒนา"},"geometry":{"type":"Point","coordinates":[100.58341,13.73666]}},{"type":"Feature","properties":{"title":"ทางม้าลาย ปากซอยทองหล่อ 23","info":["ถนน: ถนนสุขุมวิท ซอย 55","เขต: วัฒนา","จำนวนช่องจราจร: 6","ไฟกดข้าม: ไม่มี"],"district":"วัฒนา"},"geometry":{"type":"Point","coordinates":[100.58379,13.73775]}},{"type":"Feature","properties":{"title":"ทางม้าลาย หน้า รพ.คามิลเลี่ยน","info":["ถนน: ถนนสุขุมวิท ซอย 55","เขต: วัฒนา","จำนวนช่องจราจร: 6","ไฟกดข้าม: ไม่มี"],"district":"วัฒนา"},"geometry":{"type":"Point","coordinates":[100.58424,13.73902]}},{"type":"Feature","properties":{"title":"ทางม้าลาย ปากซอยทองหล่อ 20","info":["ถนน: ถนนสุขุมวิท ซอย 55","เขต: วัฒนา","จำนวนช่องจราจร: 6","ไฟกดข้าม: ไม่มี"],"district":"วัฒนา"},"geometry":{"type":"Point","coordinates":[100.5845,13.73947]}},{"type":"Feature","properties":{"title":"ทางม้าลาย แยกพร้อมพงษ์","info":["ถนน: ถนนสุขุมวิท ซอย 55","เขต: วัฒนา","จำนวนช่องจราจร: 6","ไฟกดข้าม: ไม่มี"],"district":"ห้วยขวาง"},"geometry":{"type":"Point","coordinates":[100.58607,13.74432]}},{"type":"Feature","properties":{"title":"ทางม้าลาย ปากซอยแยกเอกมัย","info":["ถนน: ถนนสุขุมวิท ซอย 63","เขต: วัฒนา","จำนวนช่องจราจร: 4","ไฟกดข้าม: ไม่มี"],"district":"วัฒนา"},"geometry":{"type":"Point","coordinates":[100.58447,13.72017]}},{"type":"Feature","properties":{"title":"ทางม้าลาย หน้าธนาคารกรุงเทพ ใกล้ปั๊มเชลล์","info":["ถนน: ถนนสุขุมวิท ซอย 63","เขต: วัฒนา","จำนวนช่องจราจร: 4","ไฟกดข้าม: ไม่มี"],"district":"วัฒนา"},"geometry":{"type":"Point","coordinates":[100.58458,13.7237]}},{"type":"Feature","properties":{"title":"ทางม้าลาย ใกล้ปากซอยเอกมัย 6","info":["ถนน: ถนนสุขุมวิท ซอย 63","เขต: วัฒนา","จำนวนช่องจราจร: 4","ไฟกดข้าม: ไม่มี"],"district":"วัฒนา"},"geometry":{"type":"Point","coordinates":[100.58513,13.72631]}},{"type":"Feature","properties":{"title":"ทางม้าลาย ใกล้ปากซอยเอกมัย 1","info":["ถนน: ถนนสุขุมวิท ซอย 63","เขต: วัฒนา","จำนวนช่องจราจร: 4","ไฟกดข้าม: ไม่มี"],"district":"วัฒนา"},"geometry":{"type":"Point","coordinates":[100.58593,13.7293]}},{"type":"Feature","properties":{"title":"ทางม้าลาย แยกซอยเอกมัย 5 ตัด 12 จุดที่ 1","info":["ถนน: ถนนสุขุมวิท ซอย 63","เขต: วัฒนา","จำนวนช่องจราจร: 4","ไฟกดข้าม: ไม่มี"],"district":"วัฒนา"},"geometry":{"type":"Point","coordinates":[100.58644,13.73076]}},{"type":"Feature","properties":{"title":"ทางม้าลาย จุดตัดถนนพระสุเมรุ","info":["ถนน: ถนนดินสอ","เขต: พระนคร","จำนวนช่องจราจร: 3","ไฟกดข้าม: ไม่มี"],"district":"พระนคร"},"geometry":{"type":"Point","coordinates":[100.50248,13.75928]}},{"type":"Feature","properties":{"title":"ทางม้าลาย หน้าวัดตรีทศเทพ","info":["ถนน: ถนนประชาธิปไตย","เขต: พระนคร","จำนวนช่องจราจร: 4","ไฟกดข้าม: ไม่มี"],"district":"พระนคร"},"geometry":{"type":"Point","coordinates":[100.50373,13.76151]}},{"type":"Feature","properties":{"title":"ทางม้าลาย แยกวิสุทธิ์กษัตรย์ จุดที่ 2","info":["ถนน: ถนนประชาธิปไตย","เขต: พระนคร","จำนวนช่องจราจร: 4","ไฟกดข้าม: ไม่มี"],"district":"พระนคร"},"geometry":{"type":"Point","coordinates":[100.50439,13.76258]}},{"type":"Feature","properties":{"title":"ทางม้าลาย หน้าอาคารสงเคราะห์ กองทัพบก","info":["ถนน: ถนนประชาธิปไตย","เขต: พระนคร","จำนวนช่องจราจร: 4","ไฟกดข้าม: ไม่มี"],"district":"พระนคร"},"geometry":{"type":"Point","coordinates":[100.50516,13.76389]}},{"type":"Feature","properties":{"title":"ทางม้าลาย ปากซอยนามบัญญัติ","info":["ถนน: ถนนประชาธิปไตย","เขต: พระนคร","จำนวนช่องจราจร: 4","ไฟกดข้าม: ไม่มี"],"district":"พระนคร"},"geometry":{"type":"Point","coordinates":[100.50563,13.76467]}},{"type":"Feature","properties":{"title":"ทางม้าลาย หน้าร้านข้าวมันไก่","info":["ถนน: ถนนประชาธิปไตย","เขต: พระนคร","จำนวนช่องจราจร: 4","ไฟกดข้าม: ไม่มี"],"district":"พระนคร"},"geometry":{"type":"Point","coordinates":[100.50594,13.76523]}},{"type":"Feature","properties":{"title":"ทางม้าลาย แยกประชาเกษม","info":["ถนน: ถนนประชาธิปไตย","เขต: พระนคร","จำนวนช่องจราจร: 4","ไฟกดข้าม: ไม่มี"],"district":"พระนคร"},"geometry":{"type":"Point","coordinates":[100.50651,13.7662]}},{"type":"Feature","properties":{"title":"ทางม้าลาย แยกพระพิพิธตัดสนามไชย","info":["ถนน: ถนนพระพิพิธ","เขต: พระนคร","จำนวนช่องจราจร: 5","ไฟกดข้าม: ไม่มี"],"district":"พระนคร"},"geometry":{"type":"Point","coordinates":[100.49462,13.74545]}},{"type":"Feature","properties":{"title":"ทางม้าลาย หน้าโรงเรียนวัดราชบพิธ","info":["ถนน: ถนนพระพิพิธ","เขต: พระนคร","จำนวนช่องจราจร: 5","ไฟกดข้าม: ไม่มี"],"district":"พระนคร"},"geometry":{"type":"Point","coordinates":[100.49518,13.74546]}},{"type":"Feature","properties":{"title":"ทางม้าลาย แยกพระพิพิธตัดราชินี","info":["ถนน: ถนนพระพิพิธ","เขต: พระนคร","จำนวนช่องจราจร: 5","ไฟกดข้าม: ไม่มี"],"district":"พระนคร"},"geometry":{"type":"Point","coordinates":[100.49602,13.74545]}},{"type":"Feature","properties":{"title":"ทางม้าลาย หน้าโรงเรียนสวนกุหลาบวิทยาลัย","info":["ถนน: ถนนตรีเพชร","เขต: พระนคร","จำนวนช่องจราจร: 6","ไฟกดข้าม: ไม่มี"],"district":"พระนคร"},"geometry":{"type":"Point","coordinates":[100.49902,13.74365]}},{"type":"Feature","properties":{"title":"ทางม้าลาย ซ.สุขุมวิท50 เชื่อมถ.เลียบทางรถไฟฯ","info":["ถนน: ถนนสุขุมวิท","เขต: คลองเตย","จำนวนช่องจราจร: 2","ไฟกดข้าม: ไม่มี"],"district":"คลองเตย"},"geometry":{"type":"Point","coordinates":[100.58904,13.70231]}},{"type":"Feature","properties":{"title":"ทางม้าลาย หน้าซ.สุขุมวิท52","info":["ถนน: ถนนสุขุมวิท","เขต: คลองเตย","จำนวนช่องจราจร: 2","ไฟกดข้าม: ไม่มี"],"district":"พระโขนง"},"geometry":{"type":"Point","coordinates":[100.60145,13.70456]}},{"type":"Feature","properties":{"title":"ทางม้าลาย ซ.สุขุมวิท50ก่อนแยกเข้าทางด่วน","info":["ถนน: ถนนสุขุมวิท","เขต: คลองเตย","จำนวนช่องจราจร: 2","ไฟกดข้าม: ไม่มี"],"district":"คลองเตย"},"geometry":{"type":"Point","coordinates":[100.59834,13.70557]}},{"type":"Feature","properties":{"title":"ทางม้าลาย หน้าซ.สุขุมวิท52","info":["ถนน: ถนนสุขุมวิท","เขต: คลองเตย","จำนวนช่องจราจร: 2","ไฟกดข้าม: ไม่มี"],"district":"คลองเตย"},"geometry":{"type":"Point","coordinates":[100.60142,13.70461]}},{"type":"Feature","properties":{"title":"ทางม้าลาย แยกคลองเตย","info":["ถนน: ถนนพระราม4","เขต: คลองเตย","จำนวนช่องจราจร: 25","ไฟกดข้าม: ไม่มี"],"district":"คลองเตย"},"geometry":{"type":"Point","coordinates":[100.55302,13.72278]}},{"type":"Feature","properties":{"title":"ทางม้าลาย ซ.ไผ่สิงโต","info":["ถนน: ถนนพระราม4","เขต: คลองเตย","จำนวนช่องจราจร: 2","ไฟกดข้าม: ไม่มี"],"district":"คลองเตย"},"geometry":{"type":"Point","coordinates":[100.56039,13.7198]}},{"type":"Feature","properties":{"title":"ทางม้าลาย หน้าชุมชนอาคารทรัพย์สิน26-7","info":["ถนน: ถนนพระราม4","เขต: คลองเตย","จำนวนช่องจราจร: 2","ไฟกดข้าม: ไม่มี"],"district":"คลองเตย"},"geometry":{"type":"Point","coordinates":[100.5603,13.7222]}},{"type":"Feature","properties":{"title":"ทางม้าลาย โค้งลุมพีนีคอนโดฯ","info":["ถนน: ถนนพระราม4","เขต: คลองเตย","จำนวนช่องจราจร: 2","ไฟกดข้าม: ไม่มี"],"district":"คลองเตย"},"geometry":{"type":"Point","coordinates":[100.56049,13.72309]}},{"type":"Feature","properties":{"title":"ทางม้าลาย สะพานข้ามคลองไผ่สิงโต","info":["ถนน: ถนนพระราม4","เขต: คลองเตย","จำนวนช่องจราจร: 2","ไฟกดข้าม: ไม่มี"],"district":"คลองเตย"},"geometry":{"type":"Point","coordinates":[100.56085,13.72316]}},{"type":"Feature","properties":{"title":"ทางม้าลาย ซ.เจริญสุข","info":["ถนน: ถนนพระราม4","เขต: คลองเตย","จำนวนช่องจราจร: 6","ไฟกดข้าม: ไม่มี"],"district":"คลองเตย"},"geometry":{"type":"Point","coordinates":[100.56188,13.71915]}},{"type":"Feature","properties":{"title":"ทางม้าลาย ซ.อรรถกระวี","info":["ถนน: ถนนพระราม4","เขต: คลองเตย","จำนวนช่องจราจร: 2","ไฟกดข้าม: ไม่มี"],"district":"คลองเตย"},"geometry":{"type":"Point","coordinates":[100.56535,13.71971]}},{"type":"Feature","properties":{"title":"ทางม้าลาย แยกเกษมราษฎร์","info":["ถนน: ถนนพระราม4","เขต: คลองเตย","จำนวนช่องจราจร: 19","ไฟกดข้าม: ไม่มี"],"district":"คลองเตย"},"geometry":{"type":"Point","coordinates":[100.56719,13.71889]}},{"type":"Feature","properties":{"title":"ทางม้าลาย อ่อนนุช 17 แยก 20","info":["ถนน: ซอยอ่อนนุช 17","เขต: สวนหลวง","จำนวนช่องจราจร: 2","ไฟกดข้าม: ไม่มี"],"district":"สวนหลวง"},"geometry":{"type":"Point","coordinates":[100.61577,13.72474]}},{"type":"Feature","properties":{"title":"ทางม้าลาย อ่อนนุช 17 แยก 16","info":["ถนน: ซอยอ่อนนุช 17","เขต: สวนหลวง","จำนวนช่องจราจร: 2","ไฟกดข้าม: ไม่มี"],"district":"สวนหลวง"},"geometry":{"type":"Point","coordinates":[100.61453,13.7217]}},{"type":"Feature","properties":{"title":"ทางม้าลาย อ่อนนุช 17 แยก 12/1","info":["ถนน: ซอยอ่อนนุช 17","เขต: สวนหลวง","จำนวนช่องจราจร: 2","ไฟกดข้าม: ไม่มี"],"district":"สวนหลวง"},"geometry":{"type":"Point","coordinates":[100.61306,13.71968]}},{"type":"Feature","properties":{"title":"ทางม้าลาย Thanya park","info":["ถนน: ถนนศรีนครินทร์","เขต: สวนหลวง","จำนวนช่องจราจร: 6","ไฟกดข้าม: มี"],"district":"สวนหลวง"},"geometry":{"type":"Point","coordinates":[100.64185,13.72612]}},{"type":"Feature","properties":{"title":"ทางม้าลาย แยกสวนหลวง","info":["ถนน: ถนนศรีนครินทร์","เขต: สวนหลวง","จำนวนช่องจราจร: 8","ไฟกดข้าม: ไม่มี"],"district":"สวนหลวง"},"geometry":{"type":"Point","coordinates":[100.64382,13.71295]}},{"type":"Feature","properties":{"title":"ทางม้าลาย แยกพัฒนาการ","info":["ถนน: ถนนศรีนครินทร์","เขต: สวนหลวง","จำนวนช่องจราจร: 8","ไฟกดข้าม: ไม่มี"],"district":"สวนหลวง"},"geometry":{"type":"Point","coordinates":[100.64101,13.73568]}},{"type":"Feature","properties":{"title":"ทางม้าลาย ปากซอยศรีนครินทร์ 24","info":["ถนน: ซอยศรีนครินทร์ 24","เขต: สวนหลวง","จำนวนช่องจราจร: 2","ไฟกดข้าม: ไม่มี"],"district":"สวนหลวง"},"geometry":{"type":"Point","coordinates":[100.64198,13.72055]}},{"type":"Feature","properties":{"title":"ทางม้าลาย กลางซอยศรีนครินทร์ 24","info":["ถนน: ซอยศรีนครินทร์ 24","เขต: สวนหลวง","จำนวนช่องจราจร: 2","ไฟกดข้าม: ไม่มี"],"district":"สวนหลวง"},"geometry":{"type":"Point","coordinates":[100.63958,13.72023]}},{"type":"Feature","properties":{"title":"ทางม้าลาย บริเวณหน้า รพ.เจริญกรุงประชารักษ์","info":["ถนน: ถนนเจริญกรุง","เขต: บางคอแหลม","จำนวนช่องจราจร: 4","ไฟกดข้าม: ไม่มี"],"district":"บางคอแหลม"},"geometry":{"type":"Point","coordinates":[100.49426,13.69466]}},{"type":"Feature","properties":{"title":"ทางม้าลาย บริเวณสถานีบริการเวิลด์แก๊ส","info":["ถนน: ถนนเจริญกรุง","เขต: บางคอแหลม","จำนวนช่องจราจร: 4","ไฟกดข้าม: ไม่มี"],"district":"บางคอแหลม"},"geometry":{"type":"Point","coordinates":[100.49789,13.69796]}},{"type":"Feature","properties":{"title":"ทางม้าลาย ในซอยศรีฯ55 ประตูห้าง","info":["ถนน: ถนนศรีนครินทร์","เขต: ประเวศ","จำนวนช่องจราจร: 4","ไฟกดข้าม: ไม่มี"],"district":"ประเวศ"},"geometry":{"type":"Point","coordinates":[100.64835,13.68933]}},{"type":"Feature","properties":{"title":"ทางม้าลาย หน้าซอยศรีฯ57ก่อนออกถนนศรีฯ","info":["ถนน: ถนนศรีนครินทร์","เขต: ประเวศ","จำนวนช่องจราจร: 2","ไฟกดข้าม: ไม่มี"],"district":"ประเวศ"},"geometry":{"type":"Point","coordinates":[100.64689,13.68607]}},{"type":"Feature","properties":{"title":"ทางม้าลาย ในซอยศรีฯ49หน้า รร. แก่นทองอุปถัมภ์","info":["ถนน: ถนนศรีนครินทร์","เขต: ประเวศ","จำนวนช่องจราจร: 2","ไฟกดข้าม: ไม่มี"],"district":"ประเวศ"},"geometry":{"type":"Point","coordinates":[100.65222,13.69777]}},{"type":"Feature","properties":{"title":"ทางม้าลาย ในซอยศรีฯ55หน้ารร.อนุบาลเปล่งประสิทธ์","info":["ถนน: ถนนศรีนครินทร์","เขต: ประเวศ","จำนวนช่องจราจร: 4","ไฟกดข้าม: ไม่มี"],"district":"ประเวศ"},"geometry":{"type":"Point","coordinates":[100.64884,13.68929]}},{"type":"Feature","properties":{"title":"ทางม้าลาย สี่แยกหลวงพ่อโต(ราม2ตัดซอยราม23)","info":["ถนน: ถนนรามคำแหง2","เขต: ประเวศ","จำนวนช่องจราจร: 4","ไฟกดข้าม: ไม่มี"],"district":"ประเวศ"},"geometry":{"type":"Point","coordinates":[100.68475,13.67148]}},{"type":"Feature","properties":{"title":"ทางม้าลาย ซอยรามคำแหง2ซอย11(หน้ามหาลัยราม)","info":["ถนน: ถนนรามคำแหง2","เขต: ประเวศ","จำนวนช่องจราจร: 4","ไฟกดข้าม: ไม่มี"],"district":"ประเวศ"},"geometry":{"type":"Point","coordinates":[100.68382,13.6688]}},{"type":"Feature","properties":{"title":"ทางม้าลาย ในซอยทุ่งเศรษฐี หน้า รร.จินดาพร","info":["ถนน: ถนนรามคำแหง2","เขต: ประเวศ","จำนวนช่องจราจร: 2","ไฟกดข้าม: ไม่มี"],"district":"ประเวศ"},"geometry":{"type":"Point","coordinates":[100.69445,13.66888]}},{"type":"Feature","properties":{"title":"ทางม้าลาย กาญจนาภิเษก 39(หน้าตลาดเจโม)","info":["ถนน: กาญจนาภิเษก","เขต: ประเวศ","จำนวนช่องจราจร: 4","ไฟกดข้าม: ไม่มี"],"district":"ประเวศ"},"geometry":{"type":"Point","coordinates":[100.70395,13.68312]}},{"type":"Feature","properties":{"title":"ทางม้าลาย พัฒนาการ68(รร. นานาชาติมินเตอร์)","info":["ถนน: ถนนพัฒนาการ","เขต: ประเวศ","จำนวนช่องจราจร: 6","ไฟกดข้าม: ไม่มี"],"district":"ประเวศ"},"geometry":{"type":"Point","coordinates":[100.65286,13.73068]}},{"type":"Feature","properties":{"title":"ทางม้าลาย หน้าตลาดพัฒนาการ","info":["ถนน: ถนนพัฒนาการ","เขต: ประเวศ","จำนวนช่องจราจร: 6","ไฟกดข้าม: ไม่มี"],"district":"ประเวศ"},"geometry":{"type":"Point","coordinates":[100.65416,13.73006]}},{"type":"Feature","properties":{"title":"ทางม้าลาย แยกพาหุรัด จุดที่ 1","info":["ถนน: ถนนตรีเพชร","เขต: พระนคร","จำนวนช่องจราจร: 6","ไฟกดข้าม: ไม่มี"],"district":"พระนคร"},"geometry":{"type":"Point","coordinates":[100.49933,13.74504]}},{"type":"Feature","properties":{"title":"ทางม้าลาย แยกพาหุรัด จุดที่ 2","info":["ถนน: ถนนตรีเพชร","เขต: พระนคร","จำนวนช่องจราจร: 6","ไฟกดข้าม: ไม่มี"],"district":"พระนคร"},"geometry":{"type":"Point","coordinates":[100.49937,13.74527]}},{"type":"Feature","properties":{"title":"ทางม้าลาย หน้ากองบังคับการ น.6","info":["ถนน: ถนนตรีเพชร","เขต: พระนคร","จำนวนช่องจราจร: 6","ไฟกดข้าม: ไม่มี"],"district":"พระนคร"},"geometry":{"type":"Point","coordinates":[100.49949,13.74596]}},{"type":"Feature","properties":{"title":"ทางม้าลาย แยกเฉลิมกรุง จุดที่ 1","info":["ถนน: ถนนตรีเพชร","เขต: พระนคร","จำนวนช่องจราจร: 6","ไฟกดข้าม: ไม่มี"],"district":"พระนคร"},"geometry":{"type":"Point","coordinates":[100.49969,13.74702]}},{"type":"Feature","properties":{"title":"ทางม้าลาย แยกเฉลิมกรุง จุดที่ 1","info":["ถนน: ถนนตีทอง","เขต: พระนคร","จำนวนช่องจราจร: 4","ไฟกดข้าม: ไม่มี"],"district":"พระนคร"},"geometry":{"type":"Point","coordinates":[100.49974,13.74729]}},{"type":"Feature","properties":{"title":"ทางม้าลาย ตรอกวัดราชบพิธ","info":["ถนน: ถนนตีทอง","เขต: พระนคร","จำนวนช่องจราจร: 4","ไฟกดข้าม: ไม่มี"],"district":"พระนคร"},"geometry":{"type":"Point","coordinates":[100.50016,13.74965]}},{"type":"Feature","properties":{"title":"ทางม้าลาย ทางเข้าวัดสุทัศน์ (ด้านข้าง)","info":["ถนน: ถนนตีทอง","เขต: พระนคร","จำนวนช่องจราจร: 4","ไฟกดข้าม: ไม่มี"],"district":"พระนคร"},"geometry":{"type":"Point","coordinates":[100.5003,13.75045]}},{"type":"Feature","properties":{"title":"ทางม้าลาย แยกตัดเจริญกรุง","info":["ถนน: ถนนอุณากรรณ","เขต: พระนคร","จำนวนช่องจราจร: 3","ไฟกดข้าม: ไม่มี"],"district":"พระนคร"},"geometry":{"type":"Point","coordinates":[100.50107,13.74725]}},{"type":"Feature","properties":{"title":"ทางม้าลาย หน้าโรงเรียนวัดสุทัศน์","info":["ถนน: ถนนอุณากรรณ","เขต: พระนคร","จำนวนช่องจราจร: 3","ไฟกดข้าม: ไม่มี"],"district":"พระนคร"},"geometry":{"type":"Point","coordinates":[100.50142,13.74892]}},{"type":"Feature","properties":{"title":"ทางม้าลาย ตรงข้ามหน้าโรงเรียนภารต วิทยาลัย","info":["ถนน: ถนนอุณากรรณ","เขต: พระนคร","จำนวนช่องจราจร: 3","ไฟกดข้าม: ไม่มี"],"district":"พระนคร"},"geometry":{"type":"Point","coordinates":[100.50162,13.75047]}},{"type":"Feature","properties":{"title":"ทางม้าลาย ตรงข้ามหน้าโรงเรียนเบญจมราชาลัย","info":["ถนน: ถนนอุณากรรณ","เขต: พระนคร","จำนวนช่องจราจร: 3","ไฟกดข้าม: ไม่มี"],"district":"พระนคร"},"geometry":{"type":"Point","coordinates":[100.50171,13.75106]}},{"type":"Feature","properties":{"title":"ทางม้าลาย แยกตัดบำรุงเมือง","info":["ถนน: ถนนอุณากรรณ","เขต: พระนคร","จำนวนช่องจราจร: 3","ไฟกดข้าม: ไม่มี"],"district":"พระนคร"},"geometry":{"type":"Point","coordinates":[100.50175,13.7516]}},{"type":"Feature","properties":{"title":"ทางม้าลาย หน้าซ.อารี","info":["ถนน: ถนนพระราม4","เขต: คลองเตย","จำนวนช่องจราจร: 2","ไฟกดข้าม: ไม่มี"],"district":"คลองเตย"},"geometry":{"type":"Point","coordinates":[100.56788,13.71873]}},{"type":"Feature","properties":{"title":"ทางม้าลาย หน้าอาคารอรรถกระวี 2","info":["ถนน: ถนนพระราม4","เขต: คลองเตย","จำนวนช่องจราจร: 2","ไฟกดข้าม: ไม่มี"],"district":"คลองเตย"},"geometry":{"type":"Point","coordinates":[100.56895,13.72147]}},{"type":"Feature","properties":{"title":"ทางม้าลาย ใกล้ซอยอารี","info":["ถนน: ถนนพระราม4","เขต: คลองเตย","จำนวนช่องจราจร: 2","ไฟกดข้าม: ไม่มี"],"district":"คลองเตย"},"geometry":{"type":"Point","coordinates":[100.56795,13.71871]}},{"type":"Feature","properties":{"title":"ทางม้าลาย ข้างบิ๊กซีเอ็กกซ์ตร้า","info":["ถนน: ถนนพระราม4","เขต: คลองเตย","จำนวนช่องจราจร: 2","ไฟกดข้าม: ไม่มี"],"district":"คลองเตย"},"geometry":{"type":"Point","coordinates":[100.57043,13.71765]}},{"type":"Feature","properties":{"title":"ทางม้าลาย หน้าซ.แสนสุข","info":["ถนน: ถนนพระราม4","เขต: คลองเตย","จำนวนช่องจราจร: 2","ไฟกดข้าม: ไม่มี"],"district":"คลองเตย"},"geometry":{"type":"Point","coordinates":[100.57287,13.7166]}},{"type":"Feature","properties":{"title":"ทางม้าลาย หน้าซ.แสนสบาย","info":["ถนน: ถนนพระราม4","เขต: คลองเตย","จำนวนช่องจราจร: 2","ไฟกดข้าม: ไม่มี"],"district":"คลองเตย"},"geometry":{"type":"Point","coordinates":[100.57626,13.71519]}},{"type":"Feature","properties":{"title":"ทางม้าลาย หน้าบ.วี.ที.เอ็น อินเตอร์เทรด","info":["ถนน: ถนนพระราม4","เขต: คลองเตย","จำนวนช่องจราจร: 2","ไฟกดข้าม: ไม่มี"],"district":"คลองเตย"},"geometry":{"type":"Point","coordinates":[100.57616,13.71865]}},{"type":"Feature","properties":{"title":"ทางม้าลาย หน้ารพ.เทพธารินทร์","info":["ถนน: ถนนพระราม4","เขต: คลองเตย","จำนวนช่องจราจร: 0","ไฟกดข้าม: ไม่มี"],"district":"คลองเตย"},"geometry":{"type":"Point","coordinates":[100.57708,13.71482]}},{"type":"Feature","properties":{"title":"ทางม้าลาย ซ.แสงจันทร์","info":["ถนน: ถนนพระราม4","เขต: คลองเตย","จำนวนช่องจราจร: 0","ไฟกดข้าม: ไม่มี"],"district":"คลองเตย"},"geometry":{"type":"Point","coordinates":[100.57923,13.7148]}},{"type":"Feature","properties":{"title":"ทางม้าลาย หน้าซ.บ้านกล้วยใต้","info":["ถนน: ถนนพระราม4","เขต: คลองเตย","จำนวนช่องจราจร: 0","ไฟกดข้าม: ไม่มี"],"district":"คลองเตย"},"geometry":{"type":"Point","coordinates":[100.58052,13.71334]}},{"type":"Feature","properties":{"title":"ทางม้าลาย หน้า บ.เพชรพิจิก","info":["ถนน: ถนนพระราม4","เขต: คลองเตย","จำนวนช่องจราจร: 0","ไฟกดข้าม: ไม่มี"],"district":"คลองเตย"},"geometry":{"type":"Point","coordinates":[100.58197,13.7131]}},{"type":"Feature","properties":{"title":"ทางม้าลาย แยกกล้วยน้ำไท","info":["ถนน: ถนนพระราม4","เขต: คลองเตย","จำนวนช่องจราจร: 0","ไฟกดข้าม: ไม่มี"],"district":"คลองเตย"},"geometry":{"type":"Point","coordinates":[100.57967,13.71294]}},{"type":"Feature","properties":{"title":"ทางม้าลาย บริเวณโรงแรมทองธารา ริเวอร์วิว","info":["ถนน: ถนนเจริญกรุง","เขต: บางคอแหลม","จำนวนช่องจราจร: 4","ไฟกดข้าม: ไม่มี"],"district":"บางคอแหลม"},"geometry":{"type":"Point","coordinates":[100.49981,13.69965]}},{"type":"Feature","properties":{"title":"ทางม้าลาย บริเวณซอยเจริญกรุง 76/1","info":["ถนน: ถนนเจริญกรุง","เขต: บางคอแหลม","จำนวนช่องจราจร: 4","ไฟกดข้าม: ไม่มี"],"district":"บางคอแหลม"},"geometry":{"type":"Point","coordinates":[100.5012,13.70097]}},{"type":"Feature","properties":{"title":"ทางม้าลาย บริเวณซอยเจริญกรุง 103","info":["ถนน: ถนนเจริญกรุง","เขต: บางคอแหลม","จำนวนช่องจราจร: 4","ไฟกดข้าม: ไม่มี"],"district":"บางคอแหลม"},"geometry":{"type":"Point","coordinates":[100.50178,13.70145]}},{"type":"Feature","properties":{"title":"ทางม้าลาย บริเวณซอยเจริญกรุง 74/3","info":["ถนน: ถนนเจริญกรุง","เขต: บางคอแหลม","จำนวนช่องจราจร: 4","ไฟกดข้าม: ไม่มี"],"district":"บางคอแหลม"},"geometry":{"type":"Point","coordinates":[100.50263,13.70224]}},{"type":"Feature","properties":{"title":"ทางม้าลาย บริเวณซอยเจริญกรุง 95","info":["ถนน: ถนนเจริญกรุง","เขต: บางคอแหลม","จำนวนช่องจราจร: 4","ไฟกดข้าม: ไม่มี"],"district":"บางคอแหลม"},"geometry":{"type":"Point","coordinates":[100.50369,13.70319]}},{"type":"Feature","properties":{"title":"ทางม้าลาย บริเวณซอยเจริญกรุง 87","info":["ถนน: ถนนเจริญกรุง","เขต: บางคอแหลม","จำนวนช่องจราจร: 4","ไฟกดข้าม: ไม่มี"],"district":"บางคอแหลม"},"geometry":{"type":"Point","coordinates":[100.50697,13.70613]}},{"type":"Feature","properties":{"title":"ทางม้าลาย บริเวณซอยเจริญกรุง 72/1","info":["ถนน: ถนนเจริญกรุง","เขต: บางคอแหลม","จำนวนช่องจราจร: 4","ไฟกดข้าม: ไม่มี"],"district":"บางคอแหลม"},"geometry":{"type":"Point","coordinates":[100.50792,13.70704]}},{"type":"Feature","properties":{"title":"ทางม้าลาย บริเวณซอยเจริญกรุง 79","info":["ถนน: ถนนเจริญกรุง","เขต: บางคอแหลม","จำนวนช่องจราจร: 4","ไฟกดข้าม: ไม่มี"],"district":"บางคอแหลม"},"geometry":{"type":"Point","coordinates":[100.50885,13.70783]}},{"type":"Feature","properties":{"title":"ทางม้าลาย บริเวณซอยเจริญกรุง 70/2","info":["ถนน: ถนนเจริญกรุง","เขต: บางคอแหลม","จำนวนช่องจราจร: 4","ไฟกดข้าม: ไม่มี"],"district":"บางคอแหลม"},"geometry":{"type":"Point","coordinates":[100.50958,13.70849]}},{"type":"Feature","properties":{"title":"ทางม้าลาย บริเวณโรงเรียนนานาชาติโชรส์เบอรี กรุงเทพ","info":["ถนน: ถนนเจริญกรุง","เขต: บางคอแหลม","จำนวนช่องจราจร: 4","ไฟกดข้าม: ไม่มี"],"district":"บางคอแหลม"},"geometry":{"type":"Point","coordinates":[100.51029,13.70916]}},{"type":"Feature","properties":{"title":"ทางม้าลาย ใต้สะพานวงแหวนอ่อนนุชตัดพัฒนาการ","info":["ถนน: ถนนพัฒนาการ","เขต: ประเวศ","จำนวนช่องจราจร: 1","ไฟกดข้าม: ไม่มี"],"district":"ประเวศ"},"geometry":{"type":"Point","coordinates":[100.66053,13.71826]}},{"type":"Feature","properties":{"title":"ทางม้าลาย แยกพัฒนาการตัดใหม่ตัดเฉลิมฯ","info":["ถนน: ถนนพัฒนาการ","เขต: ประเวศ","จำนวนช่องจราจร: 6","ไฟกดข้าม: ไม่มี"],"district":"ประเวศ"},"geometry":{"type":"Point","coordinates":[100.67521,13.70029]}},{"type":"Feature","properties":{"title":"ทางม้าลาย พัฒนาการ85","info":["ถนน: ถนนพัฒนาการ","เขต: ประเวศ","จำนวนช่องจราจร: 6","ไฟกดข้าม: ไม่มี"],"district":"ประเวศ"},"geometry":{"type":"Point","coordinates":[100.66733,13.70955]}},{"type":"Feature","properties":{"title":"ทางม้าลาย หน้าซอยพัฒนาการ53","info":["ถนน: ถนนพัฒนาการ","เขต: ประเวศ","จำนวนช่องจราจร: 2","ไฟกดข้าม: ไม่มี"],"district":"ประเวศ"},"geometry":{"type":"Point","coordinates":[100.67531,13.70028]}},{"type":"Feature","properties":{"title":"ทางม้าลาย เฉลิมฯตัดศรีนครินทร์","info":["ถนน: ถนนเฉลิมพระเกียรติ ร9","เขต: ประเวศ","จำนวนช่องจราจร: 4","ไฟกดข้าม: ไม่มี"],"district":"ประเวศ"},"geometry":{"type":"Point","coordinates":[100.64628,13.6777]}},{"type":"Feature","properties":{"title":"ทางม้าลาย เฉลิมพระเกียรติ ร9ซอย4","info":["ถนน: ถนนเฉลิมพระเกียรติ ร9","เขต: ประเวศ","จำนวนช่องจราจร: 4","ไฟกดข้าม: ไม่มี"],"district":"ประเวศ"},"geometry":{"type":"Point","coordinates":[100.65014,13.67763]}},{"type":"Feature","properties":{"title":"ทางม้าลาย เฉลิมพระเกียรติ ร9ซอย9","info":["ถนน: ถนนเฉลิมพระเกียรติ ร9","เขต: ประเวศ","จำนวนช่องจราจร: 4","ไฟกดข้าม: ไม่มี"],"district":"ประเวศ"},"geometry":{"type":"Point","coordinates":[100.65202,13.67744]}},{"type":"Feature","properties":{"title":"ทางม้าลาย เฉลิมพระเกียรติ ร9ซอย15","info":["ถนน: ถนนเฉลิมพระเกียรติ ร9","เขต: ประเวศ","จำนวนช่องจราจร: 4","ไฟกดข้าม: มี"],"district":"ประเวศ"},"geometry":{"type":"Point","coordinates":[100.65436,13.6772]}},{"type":"Feature","properties":{"title":"ทางม้าลาย เฉลิมพระเกียรติ ร9ซอย21","info":["ถนน: ถนนเฉลิมพระเกียรติ ร9","เขต: ประเวศ","จำนวนช่องจราจร: 4","ไฟกดข้าม: ไม่มี"],"district":"ประเวศ"},"geometry":{"type":"Point","coordinates":[100.65663,13.67698]}},{"type":"Feature","properties":{"title":"ทางม้าลาย ศูนย์ก่อสร้างบูรณะ3","info":["ถนน: ถนนเฉลิมพระเกียรติ ร9","เขต: ประเวศ","จำนวนช่องจราจร: 4","ไฟกดข้าม: ไม่มี"],"district":"ประเวศ"},"geometry":{"type":"Point","coordinates":[100.66494,13.68166]}},{"type":"Feature","properties":{"title":"ทางม้าลาย ตรงข้ามหน้าโรงเรียนวัดสุทัศน์","info":["ถนน: ถนนศิริพงษ์","เขต: พระนคร","จำนวนช่องจราจร: 3","ไฟกดข้าม: ไม่มี"],"district":"พระนคร"},"geometry":{"type":"Point","coordinates":[100.50164,13.7489]}},{"type":"Feature","properties":{"title":"ทางม้าลาย หน้าโรงเรียนภารต วิทยาลัย","info":["ถนน: ถนนศิริพงษ์","เขต: พระนคร","จำนวนช่องจราจร: 3","ไฟกดข้าม: ไม่มี"],"district":"พระนคร"},"geometry":{"type":"Point","coordinates":[100.50184,13.75066]}},{"type":"Feature","properties":{"title":"ทางม้าลาย หน้าโรงเรียนเบญจมราชาลัย","info":["ถนน: ถนนศิริพงษ์","เขต: พระนคร","จำนวนช่องจราจร: 3","ไฟกดข้าม: ไม่มี"],"district":"พระนคร"},"geometry":{"type":"Point","coordinates":[100.50186,13.75109]}},{"type":"Feature","properties":{"title":"ทางม้าลาย ด้านข้าง กทม. 1 (หน้าร้านโกปี้)","info":["ถนน: ถนนศิริพงษ์","เขต: พระนคร","จำนวนช่องจราจร: 3","ไฟกดข้าม: ไม่มี"],"district":"พระนคร"},"geometry":{"type":"Point","coordinates":[100.50221,13.75333]}},{"type":"Feature","properties":{"title":"ทางม้าลาย ตัดถนนเจ้าฟ้า","info":["ถนน: ถนนพระอาทิตย์","เขต: พระนคร","จำนวนช่องจราจร: 4","ไฟกดข้าม: ไม่มี"],"district":"พระนคร"},"geometry":{"type":"Point","coordinates":[100.49204,13.76098]}},{"type":"Feature","properties":{"title":"ทางม้าลาย หน้า FIAT PANIS","info":["ถนน: ถนนพระอาทิตย์","เขต: พระนคร","จำนวนช่องจราจร: 4","ไฟกดข้าม: ไม่มี"],"district":"พระนคร"},"geometry":{"type":"Point","coordinates":[100.49348,13.76206]}},{"type":"Feature","properties":{"title":"ทางม้าลาย ใกล้ ท่าพระอาทิตย์","info":["ถนน: ถนนพระอาทิตย์","เขต: พระนคร","จำนวนช่องจราจร: 4","ไฟกดข้าม: ไม่มี"],"district":"พระนคร"},"geometry":{"type":"Point","coordinates":[100.49518,13.76343]}},{"type":"Feature","properties":{"title":"ทางม้าลาย หน้าชุมชนเขียนนิวาสน์ ใกล้ปั๊ม ปตท.","info":["ถนน: ถนนพระสุเมรุ","เขต: พระนคร","จำนวนช่องจราจร: 4","ไฟกดข้าม: ไม่มี"],"district":"พระนคร"},"geometry":{"type":"Point","coordinates":[100.49636,13.76348]}},{"type":"Feature","properties":{"title":"ทางม้าลาย แยกบางลำพู จุดที่ 1","info":["ถนน: ถนนพระสุเมรุ","เขต: พระนคร","จำนวนช่องจราจร: 4","ไฟกดข้าม: ไม่มี"],"district":"พระนคร"},"geometry":{"type":"Point","coordinates":[100.49816,13.76228]}},{"type":"Feature","properties":{"title":"ทางม้าลาย แยกบางลำพู จุดที่ 2","info":["ถนน: ถนนพระสุเมรุ","เขต: พระนคร","จำนวนช่องจราจร: 4","ไฟกดข้าม: ไม่มี"],"district":"พระนคร"},"geometry":{"type":"Point","coordinates":[100.49838,13.76213]}},{"type":"Feature","properties":{"title":"ทางม้าลาย แยกพระสุเมรุตัดสิบสามห้าง","info":["ถนน: ถนนพระสุเมรุ","เขต: พระนคร","จำนวนช่องจราจร: 4","ไฟกดข้าม: ไม่มี"],"district":"พระนคร"},"geometry":{"type":"Point","coordinates":[100.4996,13.7613]}},{"type":"Feature","properties":{"title":"ทางม้าลาย ก่อนซ.ร.พ.1","info":["ถนน: ถนนพระราม4","เขต: คลองเตย","จำนวนช่องจราจร: 0","ไฟกดข้าม: ไม่มี"],"district":"คลองเตย"},"geometry":{"type":"Point","coordinates":[100.58619,13.71293]}},{"type":"Feature","properties":{"title":"ทางม้าลาย หน้าซ.ร.พ.1","info":["ถนน: ถนนพระราม4","เขต: คลองเตย","จำนวนช่องจราจร: 0","ไฟกดข้าม: ไม่มี"],"district":"คลองเตย"},"geometry":{"type":"Point","coordinates":[100.58639,13.71292]}},{"type":"Feature","properties":{"title":"ทางม้าลาย หน้าซ.ร.พ.2","info":["ถนน: ถนนพระราม4","เขต: คลองเตย","จำนวนช่องจราจร: 0","ไฟกดข้าม: ไม่มี"],"district":"คลองเตย"},"geometry":{"type":"Point","coordinates":[100.58786,13.71287]}},{"type":"Feature","properties":{"title":"ทางม้าลาย หน้าซ.พิชัยสวัสดิ์","info":["ถนน: ถนนพระราม4","เขต: คลองเตย","จำนวนช่องจราจร: 0","ไฟกดข้าม: ไม่มี"],"district":"คลองเตย"},"geometry":{"type":"Point","coordinates":[100.58959,13.71278]}},{"type":"Feature","properties":{"title":"ทางม้าลาย ท้ายซ.สุขุมวิท 46 ฝั่งถ.พระราม4","info":["ถนน: ถนนพระราม4","เขต: คลองเตย","จำนวนช่องจราจร: 0","ไฟกดข้าม: ไม่มี"],"district":"คลองเตย"},"geometry":{"type":"Point","coordinates":[100.59166,13.71345]}},{"type":"Feature","properties":{"title":"ทางม้าลาย แยกพระโขนง","info":["ถนน: ถนนพระราม4","เขต: คลองเตย","จำนวนช่องจราจร: 0","ไฟกดข้าม: ไม่มี"],"district":"คลองเตย"},"geometry":{"type":"Point","coordinates":[100.59228,13.71409]}},{"type":"Feature","properties":{"title":"ทางม้าลาย หน้าชุมชนสวนอ้อย","info":["ถนน: ถนนเลียบทางรถไฟปากน้ำ","เขต: คลองเตย","จำนวนช่องจราจร: 0","ไฟกดข้าม: ไม่มี"],"district":"คลองเตย"},"geometry":{"type":"Point","coordinates":[100.58943,13.69908]}},{"type":"Feature","properties":{"title":"ทางม้าลาย หน้ารร.วัดสะพาน","info":["ถนน: ถนนเลียบทางรถไฟปากน้ำ","เขต: คลองเตย","จำนวนช่องจราจร: 0","ไฟกดข้าม: ไม่มี"],"district":"คลองเตย"},"geometry":{"type":"Point","coordinates":[100.58878,13.70399]}},{"type":"Feature","properties":{"title":"ทางม้าลาย แยกสนง.เขตคลองเตย","info":["ถนน: ถนนเลียบทางรถไฟปากน้ำ","เขต: คลองเตย","จำนวนช่องจราจร: 0","ไฟกดข้าม: ไม่มี"],"district":"คลองเตย"},"geometry":{"type":"Point","coordinates":[100.5836,13.70949]}},{"type":"Feature","properties":{"title":"ทางม้าลาย ถ.ริมทางรถไฟฯตัดถ.กล้วยน้ำไท","info":["ถนน: ถนนเลียบทางรถไฟปากน้ำ","เขต: คลองเตย","จำนวนช่องจราจร: 0","ไฟกดข้าม: ไม่มี"],"district":"คลองเตย"},"geometry":{"type":"Point","coordinates":[100.5823,13.71021]}},{"type":"Feature","properties":{"title":"ทางม้าลาย แยกถ.เกษมราษฎร์ตัดถ.ริมทางรถไฟ","info":["ถนน: ถนนเลียบทางรถไฟปากน้ำ","เขต: คลองเตย","จำนวนช่องจราจร: 0","ไฟกดข้าม: ไม่มี"],"district":"คลองเตย"},"geometry":{"type":"Point","coordinates":[100.56659,13.71704]}},{"type":"Feature","properties":{"title":"ทางม้าลาย บริเวณแยกตรอกจันทน์","info":["ถนน: ถนนเจริญกรุง","เขต: บางคอแหลม","จำนวนช่องจราจร: 4","ไฟกดข้าม: ไม่มี"],"district":"บางคอแหลม"},"geometry":{"type":"Point","coordinates":[100.51137,13.71007]}},{"type":"Feature","properties":{"title":"ทางม้าลาย บริเวณแยกถ.แฉล้มนิมิตร-ซ.เจริญกรุง107","info":["ถนน: ถนนแฉล้มนิมิตร-สุดประเสริฐ","เขต: บางคอแหลม","จำนวนช่องจราจร: 4","ไฟกดข้าม: ไม่มี"],"district":"บางคอแหลม"},"geometry":{"type":"Point","coordinates":[100.50792,13.69322]}},{"type":"Feature","properties":{"title":"ทางม้าลาย บริเวณซอยแฉล้มนิมิตร 10","info":["ถนน: ถนนแฉล้มนิมิตร-สุดประเสริฐ","เขต: บางคอแหลม","จำนวนช่องจราจร: 4","ไฟกดข้าม: ไม่มี"],"district":"บางคอแหลม"},"geometry":{"type":"Point","coordinates":[100.51108,13.69812]}},{"type":"Feature","properties":{"title":"ทางม้าลาย บริเวณซอยสุดประเสริฐ 9","info":["ถนน: ถนนแฉล้มนิมิตร-สุดประเสริฐ","เขต: บางคอแหลม","จำนวนช่องจราจร: 4","ไฟกดข้าม: ไม่มี"],"district":"บางคอแหลม"},"geometry":{"type":"Point","coordinates":[100.51285,13.70217]}},{"type":"Feature","properties":{"title":"ทางม้าลาย บริเวณปากซอยเจริญราษฎร์ 10","info":["ถนน: ถนนเจริญกรุง ซอย 107","เขต: บางคอแหลม","จำนวนช่องจราจร: 2","ไฟกดข้าม: ไม่มี"],"district":"บางคอแหลม"},"geometry":{"type":"Point","coordinates":[100.51076,13.69214]}},{"type":"Feature","properties":{"title":"ทางม้าลาย บริเวณโรงเรียนวัดจันทร์ใน","info":["ถนน: ถนนเจริญกรุง ซอย 107","เขต: บางคอแหลม","จำนวนช่องจราจร: 2","ไฟกดข้าม: ไม่มี"],"district":"บางคอแหลม"},"geometry":{"type":"Point","coordinates":[100.5038,13.69505]}},{"type":"Feature","properties":{"title":"ทางม้าลาย บริเวณซ.ชุมชนวัดจันทร์ใน","info":["ถนน: ถนนเจริญกรุง ซอย 107","เขต: บางคอแหลม","จำนวนช่องจราจร: 2","ไฟกดข้าม: ไม่มี"],"district":"บางคอแหลม"},"geometry":{"type":"Point","coordinates":[100.50001,13.69615]}},{"type":"Feature","properties":{"title":"ทางม้าลาย บริเวณปากซอยเจริญกรุง 107","info":["ถนน: ถนนเจริญกรุง ซอย 107","เขต: บางคอแหลม","จำนวนช่องจราจร: 2","ไฟกดข้าม: ไม่มี"],"district":"บางคอแหลม"},"geometry":{"type":"Point","coordinates":[100.49765,13.69767]}},{"type":"Feature","properties":{"title":"ทางม้าลาย บริเวณซอยเจริญราษฎร์ 10","info":["ถนน: ถนนเจริญราษฎร์","เขต: บางคอแหลม","จำนวนช่องจราจร: 6","ไฟกดข้าม: ไม่มี"],"district":"บางคอแหลม"},"geometry":{"type":"Point","coordinates":[100.51084,13.69218]}},{"type":"Feature","properties":{"title":"ทางม้าลาย บริเวณภัตตาคารผึ่งหลวง","info":["ถนน: ถนนเจริญราษฎร์","เขต: บางคอแหลม","จำนวนช่องจราจร: 6","ไฟกดข้าม: ไม่มี"],"district":"บางคอแหลม"},"geometry":{"type":"Point","coordinates":[100.51195,13.69404]}},{"type":"Feature","properties":{"title":"ทางม้าลาย เฉลิมพระเกียรติ ร9ซอย28","info":["ถนน: ถนนเฉลิมพระเกียรติ ร9","เขต: ประเวศ","จำนวนช่องจราจร: 4","ไฟกดข้าม: ไม่มี"],"district":"ประเวศ"},"geometry":{"type":"Point","coordinates":[100.66715,13.68523]}},{"type":"Feature","properties":{"title":"ทางม้าลาย บิ๊กซี(ประตูสวนหลวง)","info":["ถนน: ถนนเฉลิมพระเกียรติ ร9","เขต: ประเวศ","จำนวนช่องจราจร: 4","ไฟกดข้าม: มี"],"district":"ประเวศ"},"geometry":{"type":"Point","coordinates":[100.66815,13.68701]}},{"type":"Feature","properties":{"title":"ทางม้าลาย บ.พัฒนกล(ประตูสวนหลวง)","info":["ถนน: ถนนเฉลิมพระเกียรติ ร9","เขต: ประเวศ","จำนวนช่องจราจร: 4","ไฟกดข้าม: ไม่มี"],"district":"ประเวศ"},"geometry":{"type":"Point","coordinates":[100.66967,13.68957]}},{"type":"Feature","properties":{"title":"ทางม้าลาย เฉลิมพระเกียรติ ร9 ซอย38","info":["ถนน: ถนนเฉลิมพระเกียรติ ร9","เขต: ประเวศ","จำนวนช่องจราจร: 4","ไฟกดข้าม: มี"],"district":"ประเวศ"},"geometry":{"type":"Point","coordinates":[100.67095,13.69183]}},{"type":"Feature","properties":{"title":"ทางม้าลาย ตึกเมโทรซิเต็มคอร์ปเรชั่น","info":["ถนน: ถนนเฉลิมพระเกียรติ ร9","เขต: ประเวศ","จำนวนช่องจราจร: 4","ไฟกดข้าม: มี"],"district":"ประเวศ"},"geometry":{"type":"Point","coordinates":[100.67337,13.69607]}},{"type":"Feature","properties":{"title":"ทางม้าลาย เฉลิมฯตัดอ่อนนุช","info":["ถนน: ถนนเฉลิมพระเกียรติ ร9","เขต: ประเวศ","จำนวนช่องจราจร: 4","ไฟกดข้าม: ไม่มี"],"district":"ประเวศ"},"geometry":{"type":"Point","coordinates":[100.69773,13.72122]}},{"type":"Feature","properties":{"title":"ทางม้าลาย เฉลิมพระเกียรติ ร9ซอย83","info":["ถนน: ถนนเฉลิมพระเกียรติ ร9","เขต: ประเวศ","จำนวนช่องจราจร: 4","ไฟกดข้าม: ไม่มี"],"district":"ประเวศ"},"geometry":{"type":"Point","coordinates":[100.69728,13.71714]}},{"type":"Feature","properties":{"title":"ทางม้าลาย รร.นานาชาติฮาร์คคอร์ด","info":["ถนน: ถนนเฉลิมพระเกียรติ ร9","เขต: ประเวศ","จำนวนช่องจราจร: 4","ไฟกดข้าม: ไม่มี"],"district":"ประเวศ"},"geometry":{"type":"Point","coordinates":[100.69365,13.71129]}},{"type":"Feature","properties":{"title":"ทางม้าลาย รร.สุเหร่าจรเข้ขบ (ซอยเฉลิม ฯ68)","info":["ถนน: ถนนเฉลิมพระเกียรติ ร9","เขต: ประเวศ","จำนวนช่องจราจร: 4","ไฟกดข้าม: มี"],"district":"ประเวศ"},"geometry":{"type":"Point","coordinates":[100.69208,13.70792]}},{"type":"Feature","properties":{"title":"ทางม้าลาย เฉลิมพระเกียรติ ร9ซอย67","info":["ถนน: ถนนเฉลิมพระเกียรติ ร9","เขต: ประเวศ","จำนวนช่องจราจร: 4","ไฟกดข้าม: ไม่มี"],"district":"ประเวศ"},"geometry":{"type":"Point","coordinates":[100.68517,13.70012]}},{"type":"Feature","properties":{"title":"ทางม้าลาย ทางเข้าวัดบวรนิเวศน์","info":["ถนน: ถนนพระสุเมรุ","เขต: พระนคร","จำนวนช่องจราจร: 4","ไฟกดข้าม: ไม่มี"],"district":"พระนคร"},"geometry":{"type":"Point","coordinates":[100.50044,13.76078]}},{"type":"Feature","properties":{"title":"ทางม้าลาย ทางเข้าโรงเรียนวัดบวรนิเวศน์","info":["ถนน: ถนนพระสุเมรุ","เขต: พระนคร","จำนวนช่องจราจร: 4","ไฟกดข้าม: ไม่มี"],"district":"พระนคร"},"geometry":{"type":"Point","coordinates":[100.50136,13.76014]}},{"type":"Feature","properties":{"title":"ทางม้าลาย แยกสะพานวันชาติ จุดที่ 2","info":["ถนน: ถนนพระสุเมรุ","เขต: พระนคร","จำนวนช่องจราจร: 4","ไฟกดข้าม: ไม่มี"],"district":"พระนคร"},"geometry":{"type":"Point","coordinates":[100.50259,13.75933]}},{"type":"Feature","properties":{"title":"ทางม้าลาย แยกตัดราชดำเนินกลาง","info":["ถนน: ถนนพระสุเมรุ","เขต: พระนคร","จำนวนช่องจราจร: 5","ไฟกดข้าม: ไม่มี"],"district":"พระนคร"},"geometry":{"type":"Point","coordinates":[100.50494,13.75635]}},{"type":"Feature","properties":{"title":"ทางม้าลาย แยกสี่กั๊กเสาชิงช้า","info":["ถนน: ถนนตะนาว","เขต: พระนคร","จำนวนช่องจราจร: 2","ไฟกดข้าม: ไม่มี"],"district":"พระนคร"},"geometry":{"type":"Point","coordinates":[100.4982,13.75171]}},{"type":"Feature","properties":{"title":"ทางม้าลาย ปากซอยนาวา","info":["ถนน: ถนนตะนาว","เขต: พระนคร","จำนวนช่องจราจร: 2","ไฟกดข้าม: ไม่มี"],"district":"พระนคร"},"geometry":{"type":"Point","coordinates":[100.49834,13.75272]}},{"type":"Feature","properties":{"title":"ทางม้าลาย แยกหน้าศาลเจ้าพ่อเสือ จุดที่ 1","info":["ถนน: ถนนตะนาว","เขต: พระนคร","จำนวนช่องจราจร: 2","ไฟกดข้าม: ไม่มี"],"district":"พระนคร"},"geometry":{"type":"Point","coordinates":[100.49847,13.75374]}},{"type":"Feature","properties":{"title":"ทางม้าลาย แยกหน้าศาลเจ้าพ่อเสือ จุดที่ 2","info":["ถนน: ถนนตะนาว","เขต: พระนคร","จำนวนช่องจราจร: 2","ไฟกดข้าม: ไม่มี"],"district":"พระนคร"},"geometry":{"type":"Point","coordinates":[100.4985,13.75397]}},{"type":"Feature","properties":{"title":"ทางม้าลาย แยกตัดถนนบุญศิริ จุดที่ 1","info":["ถนน: ถนนตะนาว","เขต: พระนคร","จำนวนช่องจราจร: 2","ไฟกดข้าม: ไม่มี"],"district":"พระนคร"},"geometry":{"type":"Point","coordinates":[100.49857,13.75448]}},{"type":"Feature","properties":{"title":"ทางม้าลาย แยกตัดถนนบุญศิริ จุดที่ 2","info":["ถนน: ถนนตะนาว","เขต: พระนคร","จำนวนช่องจราจร: 2","ไฟกดข้าม: ไม่มี"],"district":"พระนคร"},"geometry":{"type":"Point","coordinates":[100.49858,13.75468]}},{"type":"Feature","properties":{"title":"ทางม้าลาย แยกตะนาว (ตัดราชดำเนินกลาง) จุดที่ 2","info":["ถนน: ถนนตะนาว","เขต: พระนคร","จำนวนช่องจราจร: 2","ไฟกดข้าม: ไม่มี"],"district":"พระนคร"},"geometry":{"type":"Point","coordinates":[100.49898,13.7576]}},{"type":"Feature","properties":{"title":"ทางม้าลาย หน้าบ้านเลขที่2999","info":["ถนน: ถนนเลียบทางรถไฟปากน้ำ","เขต: คลองเตย","จำนวนช่องจราจร: 0","ไฟกดข้าม: ไม่มี"],"district":"คลองเตย"},"geometry":{"type":"Point","coordinates":[100.57912,13.71175]}},{"type":"Feature","properties":{"title":"ทางม้าลาย ถ.ริมทางรถไฟฯตัดถ.เกษมราษฎร์","info":["ถนน: ถนนเลียบทางรถไฟปากน้ำ","เขต: คลองเตย","จำนวนช่องจราจร: 0","ไฟกดข้าม: ไม่มี"],"district":"คลองเตย"},"geometry":{"type":"Point","coordinates":[100.56631,13.71716]}},{"type":"Feature","properties":{"title":"ทางม้าลาย ถนน ณ ระนองหน้าคลังน้ำมันเชลล์","info":["ถนน: แยก ณ ระนอง","เขต: คลองเตย","จำนวนช่องจราจร: 0","ไฟกดข้าม: ไม่มี"],"district":"คลองเตย"},"geometry":{"type":"Point","coordinates":[100.55913,13.71154]}},{"type":"Feature","properties":{"title":"ทางม้าลาย ถนนสุนทรโกษา หน้าต.รุ่งโรจน์ก๋วยเตี๋ยวปลา","info":["ถนน: ถนนสุนทรโกษา","เขต: คลองเตย","จำนวนช่องจราจร: 0","ไฟกดข้าม: ไม่มี"],"district":"คลองเตย"},"geometry":{"type":"Point","coordinates":[100.55867,13.71726]}},{"type":"Feature","properties":{"title":"ทางม้าลาย แยกกรมศุลกากร","info":["ถนน: ถนนสุนทรโกษา","เขต: คลองเตย","จำนวนช่องจราจร: 0","ไฟกดข้าม: ไม่มี"],"district":"คลองเตย"},"geometry":{"type":"Point","coordinates":[100.56523,13.71466]}},{"type":"Feature","properties":{"title":"ทางม้าลาย แยกเกษมราษฎร์","info":["ถนน: ถนนเกษมราษฎร์","เขต: คลองเตย","จำนวนช่องจราจร: 0","ไฟกดข้าม: ไม่มี"],"district":"คลองเตย"},"geometry":{"type":"Point","coordinates":[100.56713,13.7188]}},{"type":"Feature","properties":{"title":"ทางม้าลาย แยกถนนเกษมราษฎร์ตัดเข้าทางด่วน","info":["ถนน: ถนนเกษมราษฎร์","เขต: คลองเตย","จำนวนช่องจราจร: 0","ไฟกดข้าม: ไม่มี"],"district":"คลองเตย"},"geometry":{"type":"Point","coordinates":[100.56387,13.71183]}},{"type":"Feature","properties":{"title":"ทางม้าลาย เกษมราษฎร์ หน้าอาคารบ.ขนส่ง","info":["ถนน: ถนนเกษมราษฎร์","เขต: คลองเตย","จำนวนช่องจราจร: 0","ไฟกดข้าม: ไม่มี"],"district":"คลองเตย"},"geometry":{"type":"Point","coordinates":[100.56419,13.70938]}},{"type":"Feature","properties":{"title":"ทางม้าลาย หน้าชุมชนน้องใหม่","info":["ถนน: ถนนอาจณรงค์","เขต: คลองเตย","จำนวนช่องจราจร: 0","ไฟกดข้าม: ไม่มี"],"district":"คลองเตย"},"geometry":{"type":"Point","coordinates":[100.56867,13.71316]}},{"type":"Feature","properties":{"title":"ทางม้าลาย หน้าแฟลต4-5-6","info":["ถนน: ถนนอาจณรงค์","เขต: คลองเตย","จำนวนช่องจราจร: 0","ไฟกดข้าม: ไม่มี"],"district":"คลองเตย"},"geometry":{"type":"Point","coordinates":[100.57258,13.71334]}},{"type":"Feature","properties":{"title":"ทางม้าลาย หน้าสถานีครวจสอบสินค้า3","info":["ถนน: ถนนอาจณรงค์","เขต: คลองเตย","จำนวนช่องจราจร: 0","ไฟกดข้าม: ไม่มี"],"district":"คลองเตย"},"geometry":{"type":"Point","coordinates":[100.57891,13.7112]}},{"type":"Feature","properties":{"title":"ทางม้าลาย วิทยาลัยเซาธ์อีสท์บางกอก","info":["ถนน: ถนนสรรพาวุธ","เขต: บางนา","จำนวนช่องจราจร: 6","ไฟกดข้าม: มี"],"district":"บางนา"},"geometry":{"type":"Point","coordinates":[100.60081,13.67437]}},{"type":"Feature","properties":{"title":"ทางม้าลาย หน้าซอยเจริญราษฎร์ 5","info":["ถนน: ถนนเจริญราษฎร์","เขต: สาทร","จำนวนช่องจราจร: 6","ไฟกดข้าม: ไม่มี"],"district":"บางคอแหลม"},"geometry":{"type":"Point","coordinates":[100.51752,13.70404]}},{"type":"Feature","properties":{"title":"ทางม้าลาย แยกอุณากรรณ จุดที่ 1","info":["ถนน: ถนนเจริญกรุง","เขต: พระนคร","จำนวนช่องจราจร: 5","ไฟกดข้าม: ไม่มี"],"district":"พระนคร"},"geometry":{"type":"Point","coordinates":[100.50096,13.74709]}},{"type":"Feature","properties":{"title":"ทางม้าลาย ซอยอุดมสุข 39/1","info":["ถนน: ถนนอุดุมสุข","เขต: บางนา","จำนวนช่องจราจร: 4","ไฟกดข้าม: มี"],"district":"บางนา"},"geometry":{"type":"Point","coordinates":[100.62878,13.67818]}},{"type":"Feature","properties":{"title":"ทางม้าลาย ซอยนนทรี 14","info":["ถนน: ถนนนนทรี","เขต: ยานนาวา","จำนวนช่องจราจร: 4","ไฟกดข้าม: ไม่มี"],"district":"ยานนาวา"},"geometry":{"type":"Point","coordinates":[100.53938,13.69435]}},{"type":"Feature","properties":{"title":"ทางม้าลาย แยกตัดถนนสนามไชย","info":["ถนน: ถนนกัลยาณไมตรี","เขต: พระนคร","จำนวนช่องจราจร: 2","ไฟกดข้าม: ไม่มี"],"district":"พระนคร"},"geometry":{"type":"Point","coordinates":[100.49387,13.75104]}},{"type":"Feature","properties":{"title":"ทางม้าลาย ตรงข้ามสำนักงานเขตสาทร","info":["ถนน: ซอยจันทน์ 18/7 แยก 4","เขต: สาทร","จำนวนช่องจราจร: 2","ไฟกดข้าม: ไม่มี"],"district":"สาทร"},"geometry":{"type":"Point","coordinates":[100.52697,13.70774]}},{"type":"Feature","properties":{"title":"ทางม้าลาย ปากซอยเอกมัย 30","info":["ถนน: ถนนสุขุมวิท ซอย 63","เขต: วัฒนา","จำนวนช่องจราจร: 2","ไฟกดข้าม: ไม่มี"],"district":"วัฒนา"},"geometry":{"type":"Point","coordinates":[100.58987,13.74084]}},{"type":"Feature","properties":{"title":"ทางม้าลาย แยกตัดถนนอัษฎางค์","info":["ถนน: ถนนบุญศิริ","เขต: พระนคร","จำนวนช่องจราจร: 2","ไฟกดข้าม: ไม่มี"],"district":"พระนคร"},"geometry":{"type":"Point","coordinates":[100.49583,13.75478]}},{"type":"Feature","properties":{"title":"ทางม้าลาย ลาดกระบัง 1ก/7","info":["ถนน: ถนนลาดกระบัง","เขต: ลาดกระบัง","จำนวนช่องจราจร: 6","ไฟกดข้าม: ไม่มี"],"district":"ลาดกระบัง"},"geometry":{"type":"Point","coordinates":[100.7115,13.72216]}},{"type":"Feature","properties":{"title":"ทางม้าลาย หน้าอาคาร T-One สุขุมวิท40","info":["ถนน: ถนนสุขุมวิท","เขต: คลองเตย","จำนวนช่องจราจร: 6","ไฟกดข้าม: ไม่มี"],"district":"คลองเตย"},"geometry":{"type":"Point","coordinates":[100.58058,13.72269]}},{"type":"Feature","properties":{"title":"ทางม้าลาย วัดทองเนียม","info":["ถนน: ถนนเลียบคลองภาษีเจริญฝั่งใต้","เขต: หนองแขม","จำนวนช่องจราจร: 2","ไฟกดข้าม: ไม่มี"],"district":"หนองแขม"},"geometry":{"type":"Point","coordinates":[100.37457,13.6864]}},{"type":"Feature","properties":{"title":"ทางม้าลาย ทุ่งมังกร ซอย 9","info":["ถนน: ถนนทุ่งมังกร","เขต: ตลิ่งชัน","จำนวนช่องจราจร: 2","ไฟกดข้าม: ไม่มี"],"district":"ตลิ่งชัน"},"geometry":{"type":"Point","coordinates":[100.42799,13.79]}},{"type":"Feature","properties":{"title":"ทางม้าลาย แยกถนนเพชรเกษม","info":["ถนน: ถนนทวีวัฒนา","เขต: หนองแขม","จำนวนช่องจราจร: 4","ไฟกดข้าม: ไม่มี"],"district":"หนองแขม"},"geometry":{"type":"Point","coordinates":[100.37318,13.70813]}},{"type":"Feature","properties":{"title":"ทางม้าลาย ฉิมพลี ซอย 6","info":["ถนน: ถนนฉิมพลี","เขต: ตลิ่งชัน","จำนวนช่องจราจร: 2","ไฟกดข้าม: ไม่มี"],"district":"ตลิ่งชัน"},"geometry":{"type":"Point","coordinates":[100.44853,13.77844]}},{"type":"Feature","properties":{"title":"ทางม้าลาย ถนนฉิมพลี + ถนนบรมราชชนนี (ขาออก)","info":["ถนน: ถนนฉิมพลี","เขต: ตลิ่งชัน","จำนวนช่องจราจร: 2","ไฟกดข้าม: มี"],"district":"ตลิ่งชัน"},"geometry":{"type":"Point","coordinates":[100.4303,13.78058]}},{"type":"Feature","properties":{"title":"ทางม้าลาย ใกล้ศาลาธรรมสพน์ ซอย 25","info":["ถนน: ถนนศาลาธรรมสพน์","เขต: ทวีวัฒนา","จำนวนช่องจราจร: 2","ไฟกดข้าม: ไม่มี"],"district":"ทวีวัฒนา"},"geometry":{"type":"Point","coordinates":[100.36727,13.79889]}},{"type":"Feature","properties":{"title":"ทางม้าลาย ถนนบางระมาด + ถนนกาญจนาภิเษก","info":["ถนน: ถนนบางระมาด","เขต: ตลิ่งชัน","จำนวนช่องจราจร: 2","ไฟกดข้าม: ไม่มี"],"district":"ตลิ่งชัน"},"geometry":{"type":"Point","coordinates":[100.40736,13.76464]}},{"type":"Feature","properties":{"title":"ทางม้าลาย ทางข้ามวุฒากาศ 26","info":["ถนน: ถนนวุฒากาศ","เขต: จอมทอง","จำนวนช่องจราจร: 4","ไฟกดข้าม: ไม่มี"],"district":"จอมทอง"},"geometry":{"type":"Point","coordinates":[100.47005,13.71007]}},{"type":"Feature","properties":{"title":"ทางม้าลาย ทวีวัฒนา+บรมราชชนนี (S)","info":["ถนน: ถนนทวีวัฒนา","เขต: ทวีวัฒนา","จำนวนช่องจราจร: 3","ไฟกดข้าม: ไม่มี"],"district":"ทวีวัฒนา"},"geometry":{"type":"Point","coordinates":[100.3353,13.78771]}},{"type":"Feature","properties":{"title":"ทางม้าลาย ถนนปากน้ำกระโจมทอง + ถนนราชพฤกษ์ (ตต.)","info":["ถนน: ถนนปากน้ำกระโจมทอง","เขต: ตลิ่งชัน","จำนวนช่องจราจร: 2","ไฟกดข้าม: ไม่มี"],"district":"ตลิ่งชัน"},"geometry":{"type":"Point","coordinates":[100.44737,13.74731]}},{"type":"Feature","properties":{"title":"ทางม้าลาย ทางข้ามบริเวณวัดสิงห์","info":["ถนน: ถนนเอกชัย","เขต: จอมทอง","จำนวนช่องจราจร: 4","ไฟกดข้าม: ไม่มี"],"district":"จอมทอง"},"geometry":{"type":"Point","coordinates":[100.4458,13.6852]}},{"type":"Feature","properties":{"title":"ทางม้าลาย อ่อนนุช 23","info":["ถนน: ถนนอ่อนนุช","เขต: สวนหลวง","จำนวนช่องจราจร: 4","ไฟกดข้าม: ไม่มี"],"district":"สวนหลวง"},"geometry":{"type":"Point","coordinates":[100.61952,13.70914]}},{"type":"Feature","properties":{"title":"ทางม้าลาย ระหว่างซอยอุดมสุข 21- 24 (บ้านกรองน้ำ)","info":["ถนน: ถนนอุดุมสุข","เขต: บางนา","จำนวนช่องจราจร: 4","ไฟกดข้าม: มี"],"district":"บางนา"},"geometry":{"type":"Point","coordinates":[100.61852,13.67853]}},{"type":"Feature","properties":{"title":"ทางม้าลาย หน้าซ.สุขุมวิท40","info":["ถนน: ถนนสุขุมวิท","เขต: คลองเตย","จำนวนช่องจราจร: 2","ไฟกดข้าม: ไม่มี"],"district":"คลองเตย"},"geometry":{"type":"Point","coordinates":[100.58085,13.7225]}},{"type":"Feature","properties":{"title":"ทางม้าลาย หน้าลานสมเด็จพระพุทธยอดฟ้าฯ","info":["ถนน: ถนนตรีเพชร","เขต: พระนคร","จำนวนช่องจราจร: 6","ไฟกดข้าม: ไม่มี"],"district":"พระนคร"},"geometry":{"type":"Point","coordinates":[100.49842,13.74195]}},{"type":"Feature","properties":{"title":"ทางม้าลาย บริเวณซอยเจริญกรุง 80","info":["ถนน: ถนนเจริญกรุง","เขต: บางคอแหลม","จำนวนช่องจราจร: 4","ไฟกดข้าม: ไม่มี"],"district":"บางคอแหลม"},"geometry":{"type":"Point","coordinates":[100.50038,13.70019]}},{"type":"Feature","properties":{"title":"ทางม้าลาย แยกพระสุเมรุตัดบวรนิเวศน์","info":["ถนน: ถนนพระสุเมรุ","เขต: พระนคร","จำนวนช่องจราจร: 4","ไฟกดข้าม: ไม่มี"],"district":"พระนคร"},"geometry":{"type":"Point","coordinates":[100.49994,13.76109]}},{"type":"Feature","properties":{"title":"ทางม้าลาย หน้าบ้านเลขที่2999","info":["ถนน: ถนนเลียบทางรถไฟปากน้ำ","เขต: คลองเตย","จำนวนช่องจราจร: 0","ไฟกดข้าม: ไม่มี"],"district":"คลองเตย"},"geometry":{"type":"Point","coordinates":[100.57912,13.71175]}},{"type":"Feature","properties":{"title":"ทางม้าลาย แยกตะนาว (ตัดราชดำเนินกลาง) จุดที่ 1","info":["ถนน: ถนนตะนาว","เขต: พระนคร","จำนวนช่องจราจร: 2","ไฟกดข้าม: ไม่มี"],"district":"พระนคร"},"geometry":{"type":"Point","coordinates":[100.49887,13.75703]}},{"type":"Feature","properties":{"title":"ทางม้าลาย หน้าชุมชน4-5-6","info":["ถนน: ถนนอาจณรงค์","เขต: คลองเตย","จำนวนช่องจราจร: 0","ไฟกดข้าม: ไม่มี"],"district":"คลองเตย"},"geometry":{"type":"Point","coordinates":[100.57674,13.71212]}},{"type":"Feature","properties":{"title":"ทางม้าลาย หลวงแพ่งตัดมอเตอร์เวย์","info":["ถนน: ถนนหลวงแพ่ง","เขต: ลาดกระบัง","จำนวนช่องจราจร: 6","ไฟกดข้าม: ไม่มี"],"district":"ลาดกระบัง"},"geometry":{"type":"Point","coordinates":[100.8216,13.71048]}},{"type":"Feature","properties":{"title":"ทางม้าลาย ทางข้ามบริเวณใกล้ซอยเอกชัย 43/3","info":["ถนน: ถนนเอกชัย","เขต: บางบอน","จำนวนช่องจราจร: 0","ไฟกดข้าม: ไม่มี"],"district":"บางบอน"},"geometry":{"type":"Point","coordinates":[100.4428,13.6834]}},{"type":"Feature","properties":{"title":"ทางม้าลาย หน้าตึกผู้ป่วยนอก (OPD) โรงพยาบาลศิริราช","info":["ถนน: ถนนอรุณอมรินทร์","เขต: บางกอกน้อย","จำนวนช่องจราจร: 4","ไฟกดข้าม: ไม่มี"],"district":"บางกอกน้อย"},"geometry":{"type":"Point","coordinates":[100.48339,13.7569]}},{"type":"Feature","properties":{"title":"ทางม้าลาย ทางข้ามหน้าสำนักงานเขตธนบุรี","info":["ถนน: ถนนเทอดไท","เขต: ธนบุรี","จำนวนช่องจราจร: 4","ไฟกดข้าม: ไม่มี"],"district":"ธนบุรี"},"geometry":{"type":"Point","coordinates":[100.48595,13.72496]}},{"type":"Feature","properties":{"title":"ทางม้าลาย ใกล้อุทยาน ซอย 9","info":["ถนน: ถนนอุทยาน","เขต: ทวีวัฒนา","จำนวนช่องจราจร: 10","ไฟกดข้าม: ไม่มี"],"district":"ทวีวัฒนา"},"geometry":{"type":"Point","coordinates":[100.34658,13.77768]}},{"type":"Feature","properties":{"title":"ทางม้าลาย ทางข้ามใกล้ซอยเทอดไท 35","info":["ถนน: ถนนเทอดไท","เขต: ธนบุรี","จำนวนช่องจราจร: 2","ไฟกดข้าม: ไม่มี"],"district":"ธนบุรี"},"geometry":{"type":"Point","coordinates":[100.47318,13.71978]}},{"type":"Feature","properties":{"title":"ทางม้าลาย ทางข้ามซอยอิสรภาพ 11","info":["ถนน: ถนนอิสรภาพ","เขต: ธนบุรี","จำนวนช่องจราจร: 4","ไฟกดข้าม: ไม่มี"],"district":"ธนบุรี"},"geometry":{"type":"Point","coordinates":[100.49363,13.73163]}},{"type":"Feature","properties":{"title":"ทางม้าลาย ใกล้ซอยบางขุนนนท์ 7","info":["ถนน: ถนนบางขุนนนท์","เขต: บางกอกน้อย","จำนวนช่องจราจร: 4","ไฟกดข้าม: มี"],"district":"บางกอกน้อย"},"geometry":{"type":"Point","coordinates":[100.47244,13.76555]}},{"type":"Feature","properties":{"title":"ทางม้าลาย ทางข้ามบริเวณใกล้ซอยบางกระดี่ 19","info":["ถนน: ถนนบางกระดี่","เขต: บางขุนเทียน","จำนวนช่องจราจร: 0","ไฟกดข้าม: ไม่มี"],"district":"บางขุนเทียน"},"geometry":{"type":"Point","coordinates":[100.4013,13.62]}},{"type":"Feature","properties":{"title":"ทางม้าลาย ทางข้ามบริเวณหน้าวิทยาลัยเทคโนโลยีสารสาสน์เซนต์ฯ","info":["ถนน: ถนนบางบอน 3","เขต: บางบอน","จำนวนช่องจราจร: 0","ไฟกดข้าม: ไม่มี"],"district":"บางบอน"},"geometry":{"type":"Point","coordinates":[100.3848,13.663]}},{"type":"Feature","properties":{"title":"ทางม้าลาย ทางข้ามบริเวณใกล้ซอยเทียนทะเล 7","info":["ถนน: ถนนบางขุนเทียนชายทะเล","เขต: บางขุนเทียน","จำนวนช่องจราจร: 0","ไฟกดข้าม: ไม่มี"],"district":"บางขุนเทียน"},"geometry":{"type":"Point","coordinates":[100.4321,13.6415]}},{"type":"Feature","properties":{"title":"ทางม้าลาย สามแยกลาซาล-แบริ่ง","info":["ถนน: ถนนลาซาล","เขต: บางนา","จำนวนช่องจราจร: 4","ไฟกดข้าม: มี"],"district":"บางนา"},"geometry":{"type":"Point","coordinates":[100.62484,13.66077]}},{"type":"Feature","properties":{"title":"ทางม้าลาย ใกล้ซอยอิสรภาพ 29/1","info":["ถนน: ถนนอิสรภาพ","เขต: บางกอกใหญ่","จำนวนช่องจราจร: 4","ไฟกดข้าม: ไม่มี"],"district":"บางกอกใหญ่"},"geometry":{"type":"Point","coordinates":[100.4827,13.74212]}},{"type":"Feature","properties":{"title":"ทางม้าลาย บ้านเลขที่3033/1/2และS.C.C. MANSION","info":["ถนน: ถนนสุขุมวิท","เขต: พระโขนง","จำนวนช่องจราจร: 2","ไฟกดข้าม: ไม่มี"],"district":"พระโขนง"},"geometry":{"type":"Point","coordinates":[100.60795,13.69127]}},{"type":"Feature","properties":{"title":"ทางม้าลาย ปากซอยทองหล่อ 19 (บนซอย)","info":["ถนน: ถนนสุขุมวิท ซอย 55","เขต: วัฒนา","จำนวนช่องจราจร: 6","ไฟกดข้าม: ไม่มี"],"district":"วัฒนา"},"geometry":{"type":"Point","coordinates":[100.58322,13.73602]}},{"type":"Feature","properties":{"title":"ทางม้าลาย บริเวณซอยเจริญกรุง 105","info":["ถนน: ถนนเจริญกรุง","เขต: บางคอแหลม","จำนวนช่องจราจร: 4","ไฟกดข้าม: ไม่มี"],"district":"บางคอแหลม"},"geometry":{"type":"Point","coordinates":[100.4991,13.69902]}},{"type":"Feature","properties":{"title":"ทางม้าลาย แยกสะพานวันชาติ จุดที่ 1","info":["ถนน: ถนนพระสุเมรุ","เขต: พระนคร","จำนวนช่องจราจร: 4","ไฟกดข้าม: ไม่มี"],"district":"พระนคร"},"geometry":{"type":"Point","coordinates":[100.50235,13.75948]}},{"type":"Feature","properties":{"title":"ทางม้าลาย ใกล้อนุสาวรีย์ประชาธิปไตย จุดที่ 1","info":["ถนน: ถนนราชดำเนินกลาง","เขต: พระนคร","จำนวนช่องจราจร: 12","ไฟกดข้าม: ไม่มี"],"district":"พระนคร"},"geometry":{"type":"Point","coordinates":[100.50116,13.75693]}},{"type":"Feature","properties":{"title":"ทางม้าลาย ทางข้ามบริเวณแยกเชื่อมซอยท่าข้าม 23","info":["ถนน: ถนนท่าข้าม","เขต: บางขุนเทียน","จำนวนช่องจราจร: 0","ไฟกดข้าม: ไม่มี"],"district":"บางขุนเทียน"},"geometry":{"type":"Point","coordinates":[100.4448,13.64]}},{"type":"Feature","properties":{"title":"ทางม้าลาย ปากซอยอรุณอมรินทร์ 34","info":["ถนน: ถนนอรุณอมรินทร์","เขต: บางพลัด","จำนวนช่องจราจร: 2","ไฟกดข้าม: ไม่มี"],"district":"บางพลัด"},"geometry":{"type":"Point","coordinates":[100.4913,13.77279]}},{"type":"Feature","properties":{"title":"ทางม้าลาย ซอยจรัญสนิทวงศ์ 68 (โรงเรียนวัดเทพากร(เลี่ยมมาตุทิศ)","info":["ถนน: ถนนจรัญสนิทวงศ์","เขต: บางพลัด","จำนวนช่องจราจร: 2","ไฟกดข้าม: ไม่มี"],"district":"บางพลัด"},"geometry":{"type":"Point","coordinates":[100.50162,13.7863]}},{"type":"Feature","properties":{"title":"ทางม้าลาย ทางข้ามบริเวณแยกเชื่อมถนนพระรามที่ 2","info":["ถนน: ถนนบางขุนเทียน","เขต: บางขุนเทียน","จำนวนช่องจราจร: 0","ไฟกดข้าม: ไม่มี"],"district":"บางขุนเทียน"},"geometry":{"type":"Point","coordinates":[100.4301,13.6572]}},{"type":"Feature","properties":{"title":"ทางม้าลาย บริเวณแยกถนนตก","info":["ถนน: ถนนพระรามที่ 3","เขต: บางคอแหลม","จำนวนช่องจราจร: 0","ไฟกดข้าม: ไม่มี"],"district":"บางคอแหลม"},"geometry":{"type":"Point","coordinates":[100.49687,13.69714]}},{"type":"Feature","properties":{"title":"ทางม้าลาย ในซอยอ่อนนุช70/1(ด้านหน้าซอย)","info":["ถนน: ถนนอ่อนนุช","เขต: ประเวศ","จำนวนช่องจราจร: 2","ไฟกดข้าม: ไม่มี"],"district":"ประเวศ"},"geometry":{"type":"Point","coordinates":[100.6538,13.71617]}},{"type":"Feature","properties":{"title":"ทางม้าลาย แยกตัดถนนจักรเพชร (ปากคลองตลาด)","info":["ถนน: ถนนอัษฎางค์","เขต: พระนคร","จำนวนช่องจราจร: 3","ไฟกดข้าม: ไม่มี"],"district":"พระนคร"},"geometry":{"type":"Point","coordinates":[100.49527,13.7429]}},{"type":"Feature","properties":{"title":"ทางม้าลาย ในซอยอ่อนนุช70/1 (รร.มัธยมสุวิทย์เสรีอนุสรณ์","info":["ถนน: ถนนอ่อนนุช","เขต: ประเวศ","จำนวนช่องจราจร: 2","ไฟกดข้าม: ไม่มี"],"district":"ประเวศ"},"geometry":{"type":"Point","coordinates":[100.66331,13.70922]}},{"type":"Feature","properties":{"title":"ทางม้าลาย แยกตัดถนนบุญศิริ","info":["ถนน: ถนนอัษฎางค์","เขต: พระนคร","จำนวนช่องจราจร: 4","ไฟกดข้าม: ไม่มี"],"district":"พระนคร"},"geometry":{"type":"Point","coordinates":[100.4957,13.75486]}},{"type":"Feature","properties":{"title":"ทางม้าลาย หน้าโรงเรียนวัฒนาวิทยาลัย จุดที่ 2","info":["ถนน: ถนนสุขุมวิท ซอย 19","เขต: วัฒนา","จำนวนช่องจราจร: 2","ไฟกดข้าม: ไม่มี"],"district":"วัฒนา"},"geometry":{"type":"Point","coordinates":[100.56061,13.74269]}},{"type":"Feature","properties":{"title":"ทางม้าลาย หน้าโรงเรียนสวัสดี","info":["ถนน: ถนนสุขุมวิท ซอย 31","เขต: วัฒนา","จำนวนช่องจราจร: 2","ไฟกดข้าม: ไม่มี"],"district":"วัฒนา"},"geometry":{"type":"Point","coordinates":[100.56633,13.74007]}},{"type":"Feature","properties":{"title":"ทางม้าลาย ซอยวชิรธรรมสาธิต 41 (ห้างโลตัส)","info":["ถนน: ถนนสุขุมวิท","เขต: พระโขนง","จำนวนช่องจราจร: 2","ไฟกดข้าม: ไม่มี"],"district":"พระโขนง"},"geometry":{"type":"Point","coordinates":[100.62846,13.68525]}},{"type":"Feature","properties":{"title":"ทางม้าลาย หน้าซอยเจริญกรุง 69","info":["ถนน: ถนนเจริญกรุง","เขต: สาทร","จำนวนช่องจราจร: 4","ไฟกดข้าม: ไม่มี"],"district":"สาทร"},"geometry":{"type":"Point","coordinates":[100.51186,13.71119]}},{"type":"Feature","properties":{"title":"ทางม้าลาย แยกปากซอยเอกมัย 19 - 22 จุดที่ 2","info":["ถนน: ถนนสุขุมวิท ซอย 63","เขต: วัฒนา","จำนวนช่องจราจร: 2","ไฟกดข้าม: ไม่มี"],"district":"วัฒนา"},"geometry":{"type":"Point","coordinates":[100.58802,13.73583]}},{"type":"Feature","properties":{"title":"ทางม้าลาย ศูนย์จ่ายน้ำมันบางจาก","info":["ถนน: ถนนทางรถไฟสายเก่าปากน้ำ","เขต: พระโขนง","จำนวนช่องจราจร: 2","ไฟกดข้าม: มี"],"district":"พระโขนง"},"geometry":{"type":"Point","coordinates":[100.59129,13.68369]}},{"type":"Feature","properties":{"title":"ทางม้าลาย แยกสี่กั๊กพระยาศรี","info":["ถนน: ถนนบ้านหม้อ","เขต: พระนคร","จำนวนช่องจราจร: 2","ไฟกดข้าม: ไม่มี"],"district":"พระนคร"},"geometry":{"type":"Point","coordinates":[100.49763,13.74707]}},{"type":"Feature","properties":{"title":"ทางม้าลาย บริเวณซอยสาธุประดิษฐ์ 58","info":["ถนน: ถนนสาธุประดิษฐ์","เขต: ยานนาวา","จำนวนช่องจราจร: 4","ไฟกดข้าม: ไม่มี"],"district":"ยานนาวา"},"geometry":{"type":"Point","coordinates":[100.53079,13.68093]}},{"type":"Feature","properties":{"title":"ทางม้าลาย แยกตัดถนนพระพิพิธ จุดที่ 2","info":["ถนน: ถนนราชินี","เขต: พระนคร","จำนวนช่องจราจร: 3","ไฟกดข้าม: ไม่มี"],"district":"พระนคร"},"geometry":{"type":"Point","coordinates":[100.49611,13.74544]}},{"type":"Feature","properties":{"title":"ทางม้าลาย ปากซอยสุขุมวิท 51","info":["ถนน: ถนนสุขุมวิท ซอย 51","เขต: วัฒนา","จำนวนช่องจราจร: 2","ไฟกดข้าม: ไม่มี"],"district":"วัฒนา"},"geometry":{"type":"Point","coordinates":[100.5765,13.72583]}},{"type":"Feature","properties":{"title":"ทางม้าลาย บริเวณแยก ถ.สาธุประดิษฐ์ ตัด ถ.จันทน์","info":["ถนน: ถนนสาธุประดิษฐ์","เขต: ยานนาวา","จำนวนช่องจราจร: 4","ไฟกดข้าม: ไม่มี"],"district":"สาทร"},"geometry":{"type":"Point","coordinates":[100.5287,13.70586]}},{"type":"Feature","properties":{"title":"ทางม้าลาย แยกผ่านพิภพลีลา จุดที่ 2","info":["ถนน: ถนนสมเด็จพระปิ่นเกล้า","เขต: พระนคร","จำนวนช่องจราจร: 4","ไฟกดข้าม: ไม่มี"],"district":"พระนคร"},"geometry":{"type":"Point","coordinates":[100.4951,13.75784]}},{"type":"Feature","properties":{"title":"ทางม้าลาย ทางโค้งปากซอยงามดูพลี","info":["ถนน: ซอยงามดูพลี","เขต: สาทร","จำนวนช่องจราจร: 2","ไฟกดข้าม: ไม่มี"],"district":"สาทร"},"geometry":{"type":"Point","coordinates":[100.5403,13.71678]}},{"type":"Feature","properties":{"title":"ทางม้าลาย แยกจันทน์-สาธุประดิษฐ์","info":["ถนน: ถนนจันทน์","เขต: สาทร","จำนวนช่องจราจร: 13","ไฟกดข้าม: ไม่มี"],"district":"สาทร"},"geometry":{"type":"Point","coordinates":[100.52851,13.70594]}},{"type":"Feature","properties":{"title":"ทางม้าลาย ซอยจันทน์เก่า 6","info":["ถนน: ถนนจันทน์เก่า","เขต: ยานนาวา","จำนวนช่องจราจร: 2","ไฟกดข้าม: ไม่มี"],"district":"ยานนาวา"},"geometry":{"type":"Point","coordinates":[100.54003,13.705]}},{"type":"Feature","properties":{"title":"ทางม้าลาย โรงเรียนเตรียมอุดมศึกษาพัฒนาการ ยานนาเวศ","info":["ถนน: ถนนสาธุประดิษฐ์","เขต: สาทร","จำนวนช่องจราจร: 4","ไฟกดข้าม: ไม่มี"],"district":"ยานนาวา"},"geometry":{"type":"Point","coordinates":[100.52958,13.70361]}},{"type":"Feature","properties":{"title":"ทางม้าลาย แยกนานา (สุขุมวิท4)","info":["ถนน: ถนนสุขุมวิท","เขต: คลองเตย","จำนวนช่องจราจร: 6","ไฟกดข้าม: ไม่มี"],"district":"คลองเตย"},"geometry":{"type":"Point","coordinates":[100.55298,13.74215]}},{"type":"Feature","properties":{"title":"ทางม้าลาย คลังสินค้าไทเกอร์สุวรรณภูมิ","info":["ถนน: ถนนเจ้าคุณทหาร","เขต: ลาดกระบัง","จำนวนช่องจราจร: 4","ไฟกดข้าม: ไม่มี"],"district":"ลาดกระบัง"},"geometry":{"type":"Point","coordinates":[100.76131,13.75455]}},{"type":"Feature","properties":{"title":"ทางม้าลาย ซ.สุขุมวิท22 ซ.สายน้ำทิพย์2","info":["ถนน: ถนนสุขุมวิท","เขต: คลองเตย","จำนวนช่องจราจร: 2","ไฟกดข้าม: ไม่มี"],"district":"คลองเตย"},"geometry":{"type":"Point","coordinates":[100.5651,13.72621]}},{"type":"Feature","properties":{"title":"ทางม้าลาย ตัดถนนกำแพงเพชร 7","info":["ถนน: ซอยพัฒนาการ 25","เขต: สวนหลวง","จำนวนช่องจราจร: 2","ไฟกดข้าม: ไม่มี"],"district":"สวนหลวง"},"geometry":{"type":"Point","coordinates":[100.61603,13.74101]}},{"type":"Feature","properties":{"title":"ทางม้าลาย หน้า บิ๊กซี อ่อนนุช","info":["ถนน: ถนนสุขุมวิท ซอย 77","เขต: วัฒนา","จำนวนช่องจราจร: 2","ไฟกดข้าม: ไม่มี"],"district":"วัฒนา"},"geometry":{"type":"Point","coordinates":[100.60068,13.70959]}},{"type":"Feature","properties":{"title":"ทางม้าลาย สน.ร่มเกล้า","info":["ถนน: ถนนเคหะร่มเกล้า","เขต: ลาดกระบัง","จำนวนช่องจราจร: 4","ไฟกดข้าม: ไม่มี"],"district":"ลาดกระบัง"},"geometry":{"type":"Point","coordinates":[100.73214,13.73214]}},{"type":"Feature","properties":{"title":"ทางม้าลาย หน้าซ.สุขุมวิท26","info":["ถนน: ถนนสุขุมวิท","เขต: คลองเตย","จำนวนช่องจราจร: 2","ไฟกดข้าม: ไม่มี"],"district":"คลองเตย"},"geometry":{"type":"Point","coordinates":[100.57108,13.72944]}},{"type":"Feature","properties":{"title":"ทางม้าลาย ปากซอยพัฒนาการ 38","info":["ถนน: ซอยพัฒนาการ 38","เขต: สวนหลวง","จำนวนช่องจราจร: 2","ไฟกดข้าม: ไม่มี"],"district":"สวนหลวง"},"geometry":{"type":"Point","coordinates":[100.62455,13.73688]}},{"type":"Feature","properties":{"title":"ทางม้าลาย ปากซอยเอกมัย 10","info":["ถนน: ถนนสุขุมวิท ซอย 63","เขต: วัฒนา","จำนวนช่องจราจร: 2","ไฟกดข้าม: ไม่มี"],"district":"วัฒนา"},"geometry":{"type":"Point","coordinates":[100.58598,13.72919]}},{"type":"Feature","properties":{"title":"ทางม้าลาย แยกวิสุทธิ์กษัตรย์ จุดที่ 1","info":["ถนน: ถนนประชาธิปไตย","เขต: พระนคร","จำนวนช่องจราจร: 4","ไฟกดข้าม: ไม่มี"],"district":"พระนคร"},"geometry":{"type":"Point","coordinates":[100.50425,13.76234]}},{"type":"Feature","properties":{"title":"ทางม้าลาย พระราม4เชื่อมถนนดวงพิทักษ์","info":["ถนน: ถนนพระราม4","เขต: คลองเตย","จำนวนช่องจราจร: 9","ไฟกดข้าม: ไม่มี"],"district":"คลองเตย"},"geometry":{"type":"Point","coordinates":[100.55302,13.72278]}},{"type":"Feature","properties":{"title":"ทางม้าลาย ซอยรามคำแหง2ซอย(number one plaza)","info":["ถนน: ถนนรามคำแหง2","เขต: ประเวศ","จำนวนช่องจราจร: 4","ไฟกดข้าม: ไม่มี"],"district":"ประเวศ"},"geometry":{"type":"Point","coordinates":[100.68351,13.66782]}},{"type":"Feature","properties":{"title":"ทางม้าลาย แยกตัดบำรุงเมือง","info":["ถนน: ถนนตีทอง","เขต: พระนคร","จำนวนช่องจราจร: 4","ไฟกดข้าม: ไม่มี"],"district":"พระนคร"},"geometry":{"type":"Point","coordinates":[100.50045,13.75168]}},{"type":"Feature","properties":{"title":"ทางม้าลาย ซ.นภาศัพท์","info":["ถนน: ถนนพระราม4","เขต: คลองเตย","จำนวนช่องจราจร: 2","ไฟกดข้าม: ไม่มี"],"district":"คลองเตย"},"geometry":{"type":"Point","coordinates":[100.57676,13.72242]}},{"type":"Feature","properties":{"title":"ทางม้าลาย ประตูเฟืองฟ้าสวนหลวง ร9","info":["ถนน: ถนนเฉลิมพระเกียรติ ร9","เขต: ประเวศ","จำนวนช่องจราจร: 4","ไฟกดข้าม: ไม่มี"],"district":"ประเวศ"},"geometry":{"type":"Point","coordinates":[100.66378,13.67923]}},{"type":"Feature","properties":{"title":"ทางม้าลาย แยกตัดบำรุงเมือง","info":["ถนน: ถนนศิริพงษ์","เขต: พระนคร","จำนวนช่องจราจร: 3","ไฟกดข้าม: ไม่มี"],"district":"พระนคร"},"geometry":{"type":"Point","coordinates":[100.50203,13.75199]}},{"type":"Feature","properties":{"title":"ทางม้าลาย ก่อนซ.พิชัยสวัสดิ์","info":["ถนน: ถนนพระราม4","เขต: คลองเตย","จำนวนช่องจราจร: 0","ไฟกดข้าม: ไม่มี"],"district":"คลองเตย"},"geometry":{"type":"Point","coordinates":[100.5894,13.71279]}},{"type":"Feature","properties":{"title":"ทางม้าลาย บริเวณซอยแฉล้มนิมิตร 5","info":["ถนน: ถนนแฉล้มนิมิตร-สุดประเสริฐ","เขต: บางคอแหลม","จำนวนช่องจราจร: 4","ไฟกดข้าม: ไม่มี"],"district":"บางคอแหลม"},"geometry":{"type":"Point","coordinates":[100.51039,13.69724]}},{"type":"Feature","properties":{"title":"ทางม้าลาย เฉลิมฯตัดพัฒนาการตัดใหม่","info":["ถนน: ถนนเฉลิมพระเกียรติ ร9","เขต: ประเวศ","จำนวนช่องจราจร: 4","ไฟกดข้าม: ไม่มี"],"district":"ประเวศ"},"geometry":{"type":"Point","coordinates":[100.67552,13.69988]}},{"type":"Feature","properties":{"title":"ทางม้าลาย ถนน ณ ระนองหน้าอาคาร Loxley","info":["ถนน: แยก ณ ระนอง","เขต: คลองเตย","จำนวนช่องจราจร: 0","ไฟกดข้าม: ไม่มี"],"district":"คลองเตย"},"geometry":{"type":"Point","coordinates":[100.55831,13.71599]}},{"type":"Feature","properties":{"title":"ทางม้าลาย คอนโด ไอดีโอ","info":["ถนน: ถนนพระราม 9","เขต: ห้วยขวาง","จำนวนช่องจราจร: 6","ไฟกดข้าม: ไม่มี"],"district":"ห้วยขวาง"},"geometry":{"type":"Point","coordinates":[100.56749,13.7558]}},{"type":"Feature","properties":{"title":"ทางม้าลาย ธนาคารไทยพาณิชย์","info":["ถนน: ถนนเพชรบุรี","เขต: ห้วยขวาง","จำนวนช่องจราจร: 6","ไฟกดข้าม: ไม่มี"],"district":"ห้วยขวาง"},"geometry":{"type":"Point","coordinates":[100.57621,13.74659]}},{"type":"Feature","properties":{"title":"ทางม้าลาย โรงเรียนอนุบาลบุญรักษ์","info":["ถนน: ถนนประชาอุทิศ","เขต: ห้วยขวาง","จำนวนช่องจราจร: 4","ไฟกดข้าม: ไม่มี"],"district":"ห้วยขวาง"},"geometry":{"type":"Point","coordinates":[100.58748,13.77673]}},{"type":"Feature","properties":{"title":"ทางม้าลาย แยกผังเมือง","info":["ถนน: ถนนวัฒนธรรม","เขต: ห้วยขวาง","จำนวนช่องจราจร: 18","ไฟกดข้าม: ไม่มี"],"district":"ห้วยขวาง"},"geometry":{"type":"Point","coordinates":[100.57307,13.75556]}},{"type":"Feature","properties":{"title":"ทางม้าลาย แยกรัชดา-ลาดพร้าว","info":["ถนน: ถนนลาดพร้าว(ห้าแยกลาดพร้าวถึงคลองบางซื่อ ซอย 43/1)","เขต: จตุจักร","จำนวนช่องจราจร: 6","ไฟกดข้าม: ไม่มี"],"district":"จตุจักร"},"geometry":{"type":"Point","coordinates":[100.57458,13.8055]}},{"type":"Feature","properties":{"title":"ทางม้าลาย แยกสุทธิสาร (ด้านดับเพลิงสุทธิสาร)","info":["ถนน: ถนนสุทธิสารวินิจฉัย","เขต: ดินแดง","จำนวนช่องจราจร: 11","ไฟกดข้าม: ไม่มี"],"district":"พญาไท"},"geometry":{"type":"Point","coordinates":[100.56191,13.78944]}},{"type":"Feature","properties":{"title":"ทางม้าลาย ใกล้ซอยประชาสงเคราะห์ 27","info":["ถนน: ถนนประชาสงเคราะห์","เขต: ดินแดง","จำนวนช่องจราจร: 2","ไฟกดข้าม: ไม่มี"],"district":"ดินแดง"},"geometry":{"type":"Point","coordinates":[100.56187,13.77492]}},{"type":"Feature","properties":{"title":"ทางม้าลาย หน้าสถานีตำรวจนครบาลดินแดง","info":["ถนน: ถนนมิตรไมตรี","เขต: ดินแดง","จำนวนช่องจราจร: 5","ไฟกดข้าม: ไม่มี"],"district":"ดินแดง"},"geometry":{"type":"Point","coordinates":[100.55675,13.77128]}},{"type":"Feature","properties":{"title":"ทางม้าลาย เสนานิคม 1 ซอย 12 สามแยก","info":["ถนน: ถนนเสนานิคม 1(ซอยพหลโยธิน 32)","เขต: จตุจักร","จำนวนช่องจราจร: 2","ไฟกดข้าม: ไม่มี"],"district":"จตุจักร"},"geometry":{"type":"Point","coordinates":[100.57889,13.83446]}},{"type":"Feature","properties":{"title":"ทางม้าลาย ซอยวัดเวฬุวนาราม","info":["ถนน: ถนนวัดเวฬุวนาราม","เขต: ดอนเมือง","จำนวนช่องจราจร: 2","ไฟกดข้าม: ไม่มี"],"district":"ดอนเมือง"},"geometry":{"type":"Point","coordinates":[100.56825,13.93176]}},{"type":"Feature","properties":{"title":"ทางม้าลาย สถานีตำรวจนครบาลดุสิต","info":["ถนน: ถนนพระรามที่ 5","เขต: ดุสิต","จำนวนช่องจราจร: 4","ไฟกดข้าม: ไม่มี"],"district":"ดุสิต"},"geometry":{"type":"Point","coordinates":[100.52107,13.77722]}},{"type":"Feature","properties":{"title":"ทางม้าลาย แยกรัชโยธิน","info":["ถนน: ถนนรัชดาภิเษก(เริ่มจากแยกประชานุกูลถึงคลองน้ำแก้ว)","เขต: จตุจักร","จำนวนช่องจราจร: 10","ไฟกดข้าม: ไม่มี"],"district":"จตุจักร"},"geometry":{"type":"Point","coordinates":[100.56801,13.82713]}},{"type":"Feature","properties":{"title":"ทางม้าลาย ปากซอยพหลโยธิน 18","info":["ถนน: ซอยแยกย่อยต่างๆ","เขต: จตุจักร","จำนวนช่องจราจร: 2","ไฟกดข้าม: ไม่มี"],"district":"จตุจักร"},"geometry":{"type":"Point","coordinates":[100.55132,13.79782]}},{"type":"Feature","properties":{"title":"ทางม้าลาย ซอยนาวงประชาพัฒนา ๑๓","info":["ถนน: ถนนนาวงประชาพัฒนา","เขต: ดอนเมือง","จำนวนช่องจราจร: 4","ไฟกดข้าม: ไม่มี"],"district":"ดอนเมือง"},"geometry":{"type":"Point","coordinates":[100.57059,13.94369]}},{"type":"Feature","properties":{"title":"ทางม้าลาย ประชาชื่น ซอย 11","info":["ถนน: ถนนประชาชื่น","เขต: บางซื่อ","จำนวนช่องจราจร: 4","ไฟกดข้าม: ไม่มี"],"district":"บางซื่อ"},"geometry":{"type":"Point","coordinates":[100.53507,13.81351]}},{"type":"Feature","properties":{"title":"ทางม้าลาย แยกอุภัยเจษฎุทิศ","info":["ถนน: ถนนสวรรคโลก","เขต: ดุสิต","จำนวนช่องจราจร: 5","ไฟกดข้าม: ไม่มี"],"district":"ดุสิต"},"geometry":{"type":"Point","coordinates":[100.52593,13.77047]}},{"type":"Feature","properties":{"title":"ทางม้าลาย แยกพิชัย","info":["ถนน: ถนนนครไชยศรี","เขต: ดุสิต","จำนวนช่องจราจร: 4","ไฟกดข้าม: ไม่มี"],"district":"ดุสิต"},"geometry":{"type":"Point","coordinates":[100.518,13.78188]}},{"type":"Feature","properties":{"title":"ทางม้าลาย แยกลานพระรูปฯ","info":["ถนน: ถนนศรีอยุธยา","เขต: ดุสิต","จำนวนช่องจราจร: 6","ไฟกดข้าม: ไม่มี"],"district":"ดุสิต"},"geometry":{"type":"Point","coordinates":[100.51166,13.76823]}},{"type":"Feature","properties":{"title":"ทางม้าลาย โรงเรียนสาธิตมหาวิทยาลัยสวนสุนันทา","info":["ถนน: ถนนอู่ทองนอก","เขต: ดุสิต","จำนวนช่องจราจร: 4","ไฟกดข้าม: ไม่มี"],"district":"ดุสิต"},"geometry":{"type":"Point","coordinates":[100.50712,13.77307]}},{"type":"Feature","properties":{"title":"ทางม้าลาย ซอยแจ้งวัฒนะ 14","info":["ถนน: ซอยแยกย่อยต่างๆ","เขต: หลักสี่","จำนวนช่องจราจร: 2","ไฟกดข้าม: ไม่มี"],"district":"หลักสี่"},"geometry":{"type":"Point","coordinates":[100.56112,13.89436]}},{"type":"Feature","properties":{"title":"ทางม้าลาย แยกพญาไท","info":["ถนน: ถนนพญาไท","เขต: ราชเทวี","จำนวนช่องจราจร: 18","ไฟกดข้าม: ไม่มี"],"district":"ราชเทวี"},"geometry":{"type":"Point","coordinates":[100.53445,13.75821]}},{"type":"Feature","properties":{"title":"ทางม้าลาย กระทรวงการต่างประเทศ","info":["ถนน: ถนนศรีอยุธยา","เขต: ราชเทวี","จำนวนช่องจราจร: 8","ไฟกดข้าม: ไม่มี"],"district":"ราชเทวี"},"geometry":{"type":"Point","coordinates":[100.52358,13.76284]}},{"type":"Feature","properties":{"title":"ทางม้าลาย การนิคมอุตสาหกรรมแห่งประเทศไทย","info":["ถนน: ถนนมักกะสัน","เขต: ราชเทวี","จำนวนช่องจราจร: 4","ไฟกดข้าม: ไม่มี"],"district":"ราชเทวี"},"geometry":{"type":"Point","coordinates":[100.54473,13.75427]}},{"type":"Feature","properties":{"title":"ทางม้าลาย ทางแยกถนนราษฎร์รัฐพัฒนา","info":["ถนน: ถนนราษฎร์อุทิศ","เขต: มีนบุรี","จำนวนช่องจราจร: 6","ไฟกดข้าม: ไม่มี"],"district":"มีนบุรี"},"geometry":{"type":"Point","coordinates":[100.78205,13.83798]}},{"type":"Feature","properties":{"title":"ทางม้าลาย สามแยกเสรีไทย 43","info":["ถนน: ถนนเสรีไทย(แยกนิด้า-คลองชัน)","เขต: บึงกุ่ม","จำนวนช่องจราจร: 6","ไฟกดข้าม: ไม่มี"],"district":"บึงกุ่ม"},"geometry":{"type":"Point","coordinates":[100.67106,13.78189]}},{"type":"Feature","properties":{"title":"ทางม้าลาย โรงเรียนโชคชัยครูเกียว","info":["ถนน: ถนนสุคนธสวัสดิ์","เขต: ลาดพร้าว","จำนวนช่องจราจร: 4","ไฟกดข้าม: ไม่มี"],"district":"ลาดพร้าว"},"geometry":{"type":"Point","coordinates":[100.62672,13.83474]}},{"type":"Feature","properties":{"title":"ทางม้าลาย แยกซอยรามคำแหง 60","info":["ถนน: ถนนรามคำแหง","เขต: บางกะปิ","จำนวนช่องจราจร: 11","ไฟกดข้าม: ไม่มี"],"district":"บางกะปิ"},"geometry":{"type":"Point","coordinates":[100.64879,13.76296]}},{"type":"Feature","properties":{"title":"ทางม้าลาย โชคชัย 4 ซอย 75","info":["ถนน: ถนนโชคชัย 4","เขต: ลาดพร้าว","จำนวนช่องจราจร: 2","ไฟกดข้าม: ไม่มี"],"district":"ลาดพร้าว"},"geometry":{"type":"Point","coordinates":[100.59634,13.82265]}},{"type":"Feature","properties":{"title":"ทางม้าลาย ซอยมิตรไมตรี 6","info":["ถนน: ถนนมิตรไมตรี","เขต: หนองจอก","จำนวนช่องจราจร: 2","ไฟกดข้าม: ไม่มี"],"district":"หนองจอก"},"geometry":{"type":"Point","coordinates":[100.85301,13.85951]}},{"type":"Feature","properties":{"title":"ทางม้าลาย เคหะเอื้ออาทรหัวหมาก","info":["ถนน: ซอยกรุงเทพกรีฑา 7","เขต: บางกะปิ","จำนวนช่องจราจร: 2","ไฟกดข้าม: ไม่มี"],"district":"บางกะปิ"},"geometry":{"type":"Point","coordinates":[100.65688,13.75071]}},{"type":"Feature","properties":{"title":"ทางม้าลาย ตลาดถนอมมิตร","info":["ถนน: ถนนวัชรพล","เขต: บางเขน","จำนวนช่องจราจร: 2","ไฟกดข้าม: ไม่มี"],"district":"บางเขน"},"geometry":{"type":"Point","coordinates":[100.64347,13.85867]}},{"type":"Feature","properties":{"title":"ทางม้าลาย ซอยอยู่วิทยา 18","info":["ถนน: ถนนอยู่วิทยา","เขต: หนองจอก","จำนวนช่องจราจร: 2","ไฟกดข้าม: ไม่มี"],"district":"หนองจอก"},"geometry":{"type":"Point","coordinates":[100.87089,13.82167]}},{"type":"Feature","properties":{"title":"ทางม้าลาย หน้าศูนย์รวมรถยนต์ สวนสยาม","info":["ถนน: ถนนเสรีไทย","เขต: คันนายาว","จำนวนช่องจราจร: 6","ไฟกดข้าม: ไม่มี"],"district":"คันนายาว"},"geometry":{"type":"Point","coordinates":[100.68896,13.79442]}},{"type":"Feature","properties":{"title":"ทางม้าลาย ซอยสายไหม 49 (46)","info":["ถนน: ถนนสายไหม","เขต: สายไหม","จำนวนช่องจราจร: 4","ไฟกดข้าม: ไม่มี"],"district":"สายไหม"},"geometry":{"type":"Point","coordinates":[100.66727,13.92113]}},{"type":"Feature","properties":{"title":"ทางม้าลาย ปากซอยลาดพร้าว 64","info":["ถนน: ซอยลาดพร้าว 64","เขต: วังทองหลาง","จำนวนช่องจราจร: 2","ไฟกดข้าม: ไม่มี"],"district":"วังทองหลาง"},"geometry":{"type":"Point","coordinates":[100.59973,13.79136]}},{"type":"Feature","properties":{"title":"ทางม้าลาย ซอยคู้บอน 35","info":["ถนน: ซอยคู้บอน 35(ถนนคู้บอน-ถนนกาญจนาภิเษก)","เขต: คลองสามวา","จำนวนช่องจราจร: 0","ไฟกดข้าม: ไม่มี"],"district":"คลองสามวา"},"geometry":{"type":"Point","coordinates":[100.67317,13.85255]}},{"type":"Feature","properties":{"title":"ทางม้าลาย ซอยกรุงเทพกรีฑา 20 , 37 (4 ด้าน)","info":["ถนน: ถนนกรุงเทพกรีฑา","เขต: สะพานสูง","จำนวนช่องจราจร: 2","ไฟกดข้าม: ไม่มี"],"district":"สะพานสูง"},"geometry":{"type":"Point","coordinates":[100.68251,13.74152]}},{"type":"Feature","properties":{"title":"ทางม้าลาย หน้าโรงเรียนนวมินทราชินูทิศ เบญจมราชาลัย 1","info":["ถนน: ถนนไทยรามัญ","เขต: คลองสามวา","จำนวนช่องจราจร: 2","ไฟกดข้าม: ไม่มี"],"district":"คลองสามวา"},"geometry":{"type":"Point","coordinates":[100.696,13.89174]}},{"type":"Feature","properties":{"title":"ทางม้าลาย แยกสีลม-นราธิวาสราชนครินทร์","info":["ถนน: ถนนสีลม","เขต: บางรัก","จำนวนช่องจราจร: 31","ไฟกดข้าม: ไม่มี"],"district":"บางรัก"},"geometry":{"type":"Point","coordinates":[100.52793,13.72632]}},{"type":"Feature","properties":{"title":"ทางม้าลาย ปากซอยสาทร 10","info":["ถนน: ซอยสาทร 10","เขต: บางรัก","จำนวนช่องจราจร: 3","ไฟกดข้าม: ไม่มี"],"district":"บางรัก"},"geometry":{"type":"Point","coordinates":[100.52782,13.72141]}},{"type":"Feature","properties":{"title":"ทางม้าลาย หน้าอาคารบ้านพักข้าราชการ สน.บางรัก","info":["ถนน: ถนนสี่พระยา","เขต: บางรัก","จำนวนช่องจราจร: 3","ไฟกดข้าม: ไม่มี"],"district":"บางรัก"},"geometry":{"type":"Point","coordinates":[100.51869,13.73075]}},{"type":"Feature","properties":{"title":"ทางม้าลาย คณะแพทย์ศาสตร์ จุฬาฯ","info":["ถนน: ถนนราชดำริ","เขต: ปทุมวัน","จำนวนช่องจราจร: 6","ไฟกดข้าม: ü"],"district":"ปทุมวัน"},"geometry":{"type":"Point","coordinates":[100.53811,13.73341]}},{"type":"Feature","properties":{"title":"ทางม้าลาย แยกเพลินจิต","info":["ถนน: ถนนวิทยุ","เขต: ปทุมวัน","จำนวนช่องจราจร: 6","ไฟกดข้าม: ไม่มี"],"district":"ปทุมวัน"},"geometry":{"type":"Point","coordinates":[100.54755,13.74347]}},{"type":"Feature","properties":{"title":"ทางม้าลาย ห้างหุ้นส่วนจำกัด เจริญกรุงบุ๊คสโตร์","info":["ถนน: ถนนเจริญกรุง","เขต: สัมพันธวงศ์","จำนวนช่องจราจร: 4","ไฟกดข้าม: ไม่มี"],"district":"สัมพันธวงศ์"},"geometry":{"type":"Point","coordinates":[100.51124,13.74124]}},{"type":"Feature","properties":{"title":"ทางม้าลาย ซอยนครสวรรค์ 3","info":["ถนน: ถนนนครสวรรค์","เขต: ป้อมปราบศัตรูพ่าย","จำนวนช่องจราจร: 5","ไฟกดข้าม: มี"],"district":"ป้อมปราบศัตรูพ่าย"},"geometry":{"type":"Point","coordinates":[100.51084,13.759]}},{"type":"Feature","properties":{"title":"ทางม้าลาย ทางเข้าด้านข้าง ศาลาว่าการ กทม. เสาชิงช้า","info":["ถนน: ถนนดินสอ","เขต: พระนคร","จำนวนช่องจราจร: 4","ไฟกดข้าม: ไม่มี"],"district":"พระนคร"},"geometry":{"type":"Point","coordinates":[100.50129,13.75428]}},{"type":"Feature","properties":{"title":"ทางม้าลาย ธนาคารกรุงไทย (สาขาราชวงศ์)","info":["ถนน: ถนนอนุวงศ์","เขต: สัมพันธวงศ์","จำนวนช่องจราจร: 2","ไฟกดข้าม: ไม่มี"],"district":"สัมพันธวงศ์"},"geometry":{"type":"Point","coordinates":[100.50499,13.73989]}},{"type":"Feature","properties":{"title":"ทางม้าลาย หน้าโรงเรียนวัดราชบพิธ","info":["ถนน: ถนนสนามไชย","เขต: พระนคร","จำนวนช่องจราจร: 4","ไฟกดข้าม: ไม่มี"],"district":"พระนคร"},"geometry":{"type":"Point","coordinates":[100.49455,13.74457]}},{"type":"Feature","properties":{"title":"ทางม้าลาย ใกล้ประตูเทวาภิรมย์","info":["ถนน: ถนนมหาราช","เขต: พระนคร","จำนวนช่องจราจร: 2","ไฟกดข้าม: ไม่มี"],"district":"พระนคร"},"geometry":{"type":"Point","coordinates":[100.48958,13.75017]}},{"type":"Feature","properties":{"title":"ทางม้าลาย ใกล้ปากซอยราษฎร์บูรณะ 6/1","info":["ถนน: ถนนราษฎร์บูรณะ","เขต: ราษฎร์บูรณะ","จำนวนช่องจราจร: 4","ไฟกดข้าม: ไม่มี"],"district":"ราษฎร์บูรณะ"},"geometry":{"type":"Point","coordinates":[100.49148,13.68901]}},{"type":"Feature","properties":{"title":"ทางม้าลาย ปากซอยบางแวก 53","info":["ถนน: ถนนบางแวก","เขต: ภาษีเจริญ","จำนวนช่องจราจร: 2","ไฟกดข้าม: ไม่มี"],"district":"ภาษีเจริญ"},"geometry":{"type":"Point","coordinates":[100.44152,13.73737]}},{"type":"Feature","properties":{"title":"ทางม้าลาย แยกถนนพุทธมณฑลสาย 3 (1)","info":["ถนน: ถนนบางแวก","เขต: บางแค","จำนวนช่องจราจร: 2","ไฟกดข้าม: ไม่มี"],"district":"บางแค"},"geometry":{"type":"Point","coordinates":[100.36359,13.74805]}},{"type":"Feature","properties":{"title":"ทางม้าลาย แยกวัดม่วง (3 แยก)","info":["ถนน: เพชรเกษม 63","เขต: บางแค","จำนวนช่องจราจร: 2","ไฟกดข้าม: ไม่มี"],"district":"บางแค"},"geometry":{"type":"Point","coordinates":[100.39102,13.69682]}},{"type":"Feature","properties":{"title":"ทางม้าลาย ใกล้ซอยประชาอุทิศ 40/1","info":["ถนน: ถนนประชาอุทิศ","เขต: ทุ่งครุ","จำนวนช่องจราจร: 4","ไฟกดข้าม: มี"],"district":"ทุ่งครุ"},"geometry":{"type":"Point","coordinates":[100.49628,13.64875]}},{"type":"Feature","properties":{"title":"ทางม้าลาย ทางข้ามบริเวณแยกเชื่อมถนนบางบอน4","info":["ถนน: ซอยบางบอน 4 ซอย 14","เขต: บางบอน","จำนวนช่องจราจร: 0","ไฟกดข้าม: ไม่มี"],"district":"บางบอน"},"geometry":{"type":"Point","coordinates":[100.371,13.6632]}},{"type":"Feature","properties":{"title":"ทางม้าลาย หมู่บ้านศุภาวรรณ 4 (ซอย 6/1)","info":["ถนน: ถนนเลียบคลองภาษีเจริญฝั่งเหนือ","เขต: หนองแขม","จำนวนช่องจราจร: 4","ไฟกดข้าม: ไม่มี"],"district":"หนองแขม"},"geometry":{"type":"Point","coordinates":[100.37733,13.69214]}},{"type":"Feature","properties":{"title":"ทางม้าลาย องค์การอุตสาหกรรมป่าไม้","info":["ถนน: ถนนราชดำเนินนอก","เขต: ป้อมปราบศัตรูพ่าย","จำนวนช่องจราจร: 10","ไฟกดข้าม: มี"],"district":"ป้อมปราบศัตรูพ่าย"},"geometry":{"type":"Point","coordinates":[100.50842,13.76151]}},{"type":"Feature","properties":{"title":"ทางม้าลาย อนุบาลประสิทธิ์ หน้าอาคาร","info":["ถนน: ถนนศรีเวียง","เขต: บางรัก","จำนวนช่องจราจร: 2","ไฟกดข้าม: ไม่มี"],"district":"บางรัก"},"geometry":{"type":"Point","coordinates":[100.51943,13.72064]}},{"type":"Feature","properties":{"title":"ทางม้าลาย หน้าศาลแขวงปทุมวัน","info":["ถนน: พระรามที่ 4","เขต: ปทุมวัน","จำนวนช่องจราจร: 10","ไฟกดข้าม: ไม่มี"],"district":"ปทุมวัน"},"geometry":{"type":"Point","coordinates":[100.52011,13.73635]}},{"type":"Feature","properties":{"title":"ทางม้าลาย แยกซอยจุฬา 12","info":["ถนน: ถนนพญาไท","เขต: ปทุมวัน","จำนวนช่องจราจร: 8","ไฟกดข้าม: ไม่มี"],"district":"ปทุมวัน"},"geometry":{"type":"Point","coordinates":[100.53025,13.74267]}},{"type":"Feature","properties":{"title":"ทางม้าลาย โรงเรียนสีตบุตรบำรุง","info":["ถนน: ถนนจรัญเมือง","เขต: ปทุมวัน","จำนวนช่องจราจร: 4","ไฟกดข้าม: ไม่มี"],"district":"ปทุมวัน"},"geometry":{"type":"Point","coordinates":[100.52125,13.74263]}},{"type":"Feature","properties":{"title":"ทางม้าลาย ซ.พันธ์จิตต์ตัดกับถ.ไมตรีจิตต์","info":["ถนน: ถนนพันจิตต์","เขต: ป้อมปราบศัตรูพ่าย","จำนวนช่องจราจร: 2","ไฟกดข้าม: มี"],"district":"ป้อมปราบศัตรูพ่าย"},"geometry":{"type":"Point","coordinates":[100.51437,13.74048]}},{"type":"Feature","properties":{"title":"ทางม้าลาย ถ.มังกร ตัดกับ ถ.ไมตรีจิตต์","info":["ถนน: ถนนมังกร","เขต: ป้อมปราบศัตรูพ่าย","จำนวนช่องจราจร: 2","ไฟกดข้าม: มี"],"district":"ป้อมปราบศัตรูพ่าย"},"geometry":{"type":"Point","coordinates":[100.51135,13.74535]}},{"type":"Feature","properties":{"title":"ทางม้าลาย สมาคมผู้ปกคลองและครู ร.ร.เทพศิรินฯ","info":["ถนน: ถนนกรุงเกษม","เขต: ป้อมปราบศัตรูพ่าย","จำนวนช่องจราจร: 4","ไฟกดข้าม: มี"],"district":"ป้อมปราบศัตรูพ่าย"},"geometry":{"type":"Point","coordinates":[100.51617,13.74581]}},{"type":"Feature","properties":{"title":"ทางม้าลาย แยกแม้นศรี","info":["ถนน: ถนนบำรุงเมือง","เขต: ป้อมปราบศัตรูพ่าย","จำนวนช่องจราจร: 4","ไฟกดข้าม: มี"],"district":"ป้อมปราบศัตรูพ่าย"},"geometry":{"type":"Point","coordinates":[100.50859,13.75194]}},{"type":"Feature","properties":{"title":"ทางม้าลาย เซ่เว่น(ฝั่งตรงข้ามร.ร.สตรีจุคนาค)","info":["ถนน: ถนนกะออม","เขต: ป้อมปราบศัตรูพ่าย","จำนวนช่องจราจร: 2","ไฟกดข้าม: มี"],"district":"ป้อมปราบศัตรูพ่าย"},"geometry":{"type":"Point","coordinates":[100.50809,13.75762]}},{"type":"Feature","properties":{"title":"ทางม้าลาย โรงเรียนวัดบุณยประดิษฐ์","info":["ถนน: ถนนพุทธมณฑลสาย 2 ซอย 7","เขต: บางแค","จำนวนช่องจราจร: 2","ไฟกดข้าม: ไม่มี"],"district":"บางแค"},"geometry":{"type":"Point","coordinates":[100.38901,13.73026]}},{"type":"Feature","properties":{"title":"ทางม้าลาย โรงเรียนกรพิทักษ์ศึกษา","info":["ถนน: ถนนบางบอน 3","เขต: หนองแขม","จำนวนช่องจราจร: 4","ไฟกดข้าม: ไม่มี"],"district":"หนองแขม"},"geometry":{"type":"Point","coordinates":[100.38157,13.68055]}},{"type":"Feature","properties":{"title":"ทางม้าลาย แยกท่าดินแดง (1)","info":["ถนน: ถนนสมเด็จเจ้าพระยา","เขต: คลองสาน","จำนวนช่องจราจร: 4","ไฟกดข้าม: ไม่มี"],"district":"คลองสาน"},"geometry":{"type":"Point","coordinates":[100.50233,13.73223]}},{"type":"Feature","properties":{"title":"ทางม้าลาย หน้าโรงเรียนฝึกอาชีพฯ อาทร สังขะวัฒนะ (ทางเข้า)","info":["ถนน: ถนนพุทธบูชา","เขต: ทุ่งครุ","จำนวนช่องจราจร: 4","ไฟกดข้าม: มี"],"district":"ทุ่งครุ"},"geometry":{"type":"Point","coordinates":[100.49264,13.64902]}},{"type":"Feature","properties":{"title":"ทางม้าลาย TMC. COM.","info":["ถนน: ถนนลาดหญ้า","เขต: คลองสาน","จำนวนช่องจราจร: 4","ไฟกดข้าม: ไม่มี"],"district":"คลองสาน"},"geometry":{"type":"Point","coordinates":[100.50327,13.72875]}},{"type":"Feature","properties":{"title":"ทางม้าลาย ทางข้ามคลองสาธารณะประโยชน์","info":["ถนน: ถนนพุทธบูชา","เขต: จอมทอง","จำนวนช่องจราจร: 4","ไฟกดข้าม: ไม่มี"],"district":"จอมทอง"},"geometry":{"type":"Point","coordinates":[100.47063,13.6616]}},{"type":"Feature","properties":{"title":"ทางม้าลาย ทางข้ามบริเวณซอยจอมทอง 4","info":["ถนน: ถนนจอมทอง","เขต: จอมทอง","จำนวนช่องจราจร: 4","ไฟกดข้าม: ไม่มี"],"district":"จอมทอง"},"geometry":{"type":"Point","coordinates":[100.477,13.6957]}},{"type":"Feature","properties":{"title":"ทางม้าลาย างข้ามบริเวณหน้า รร.สิบสองวิทยา","info":["ถนน: ถนนบางบอน 1","เขต: บางบอน","จำนวนช่องจราจร: 0","ไฟกดข้าม: ไม่มี"],"district":"บางบอน"},"geometry":{"type":"Point","coordinates":[100.4246,13.6817]}},{"type":"Feature","properties":{"title":"ทางม้าลาย ทวีวัฒนา+บรมราชชนนี (N)","info":["ถนน: ถนนทวีวัฒนา","เขต: ทวีวัฒนา","จำนวนช่องจราจร: 3","ไฟกดข้าม: ไม่มี"],"district":"ทวีวัฒนา"},"geometry":{"type":"Point","coordinates":[100.33514,13.78823]}},{"type":"Feature","properties":{"title":"ทางม้าลาย ทางข้ามใกล้ซอยเทอดไท 18","info":["ถนน: ถนนเทอดไท","เขต: ธนบุรี","จำนวนช่องจราจร: 2","ไฟกดข้าม: ไม่มี"],"district":"ธนบุรี"},"geometry":{"type":"Point","coordinates":[100.47751,13.721]}},{"type":"Feature","properties":{"title":"ทางม้าลาย ใกล้ตลาดอัมรินทร์","info":["ถนน: ถนนรถไฟ","เขต: บางกอกน้อย","จำนวนช่องจราจร: 2","ไฟกดข้าม: ไม่มี"],"district":"บางกอกน้อย"},"geometry":{"type":"Point","coordinates":[100.4835,13.75951]}},{"type":"Feature","properties":{"title":"ทางม้าลาย จุดตัดถนนราชินี","info":["ถนน: ถนนหน้าพระธาตุ","เขต: พระนคร","จำนวนช่องจราจร: 4","ไฟกดข้าม: ไม่มี"],"district":"พระนคร"},"geometry":{"type":"Point","coordinates":[100.493,13.75874]}},{"type":"Feature","properties":{"title":"ทางม้าลาย หน้าธนาคารแห่งประเทศไทย","info":["ถนน: ถนนสามเสน","เขต: พระนคร","จำนวนช่องจราจร: 4","ไฟกดข้าม: ไม่มี"],"district":"พระนคร"},"geometry":{"type":"Point","coordinates":[100.50274,13.76865]}},{"type":"Feature","properties":{"title":"ทางม้าลาย ห้างทองจินฮั้วเฮง ห้างทองใบเยาวราช","info":["ถนน: ถนนเยาวราช","เขต: สัมพันธวงศ์","จำนวนช่องจราจร: 5","ไฟกดข้าม: ไม่มี"],"district":"สัมพันธวงศ์"},"geometry":{"type":"Point","coordinates":[100.50856,13.741]}},{"type":"Feature","properties":{"title":"ทางม้าลาย อาคารยูไนเต็ดฟลาวบิลล์(ยู.เอฟ.เอ็ม)","info":["ถนน: ถนนราชวงศ์","เขต: สัมพันธวงศ์","จำนวนช่องจราจร: 5","ไฟกดข้าม: ไม่มี"],"district":"สัมพันธวงศ์"},"geometry":{"type":"Point","coordinates":[100.50557,13.74048]}},{"type":"Feature","properties":{"title":"ทางม้าลาย ร้านดีเฮง","info":["ถนน: ถนนมิตรภาพไทย-จีน","เขต: สัมพันธวงศ์","จำนวนช่องจราจร: 4","ไฟกดข้าม: ไม่มี"],"district":"สัมพันธวงศ์"},"geometry":{"type":"Point","coordinates":[100.51448,13.73771]}},{"type":"Feature","properties":{"title":"ทางม้าลาย แยกตัดถนนกัลยาณไมตรี จุดที่ 1","info":["ถนน: ถนนสนามไชย","เขต: พระนคร","จำนวนช่องจราจร: 4","ไฟกดข้าม: ไม่มี"],"district":"พระนคร"},"geometry":{"type":"Point","coordinates":[100.49376,13.75087]}},{"type":"Feature","properties":{"title":"ทางม้าลาย ซอยจรัญสนิทวงศ์ 69 (โรงเรียนพิมลวิทย์)","info":["ถนน: ถนนจรัญสนิทวงศ์","เขต: บางพลัด","จำนวนช่องจราจร: 2","ไฟกดข้าม: ไม่มี"],"district":"บางพลัด"},"geometry":{"type":"Point","coordinates":[100.49498,13.78567]}},{"type":"Feature","properties":{"title":"ทางม้าลาย ทางข้ามบริเวณแยกเชื่อมถนนพระรามที่ 2","info":["ถนน: ซอยพระรามที่2 ซอย82","เขต: บางขุนเทียน","จำนวนช่องจราจร: 0","ไฟกดข้าม: ไม่มี"],"district":"บางขุนเทียน"},"geometry":{"type":"Point","coordinates":[100.3997,13.6331]}},{"type":"Feature","properties":{"title":"ทางม้าลาย พุทธมณฑลสาย 1 ซอย 27","info":["ถนน: ถนนพุทธมณฑลสาย 1","เขต: ตลิ่งชัน","จำนวนช่องจราจร: 6","ไฟกดข้าม: มี"],"district":"ตลิ่งชัน"},"geometry":{"type":"Point","coordinates":[100.42583,13.7706]}},{"type":"Feature","properties":{"title":"ทางม้าลาย หน้าโรงเรียนวัดประเสริฐสุทธาวาส","info":["ถนน: ถนนราษฎร์พัฒนา","เขต: ราษฎร์บูรณะ","จำนวนช่องจราจร: 4","ไฟกดข้าม: ไม่มี"],"district":"ราษฎร์บูรณะ"},"geometry":{"type":"Point","coordinates":[100.50334,13.68037]}},{"type":"Feature","properties":{"title":"ทางม้าลาย แยกนาวงประชาพัฒนา","info":["ถนน: ถนนสรงประภา","เขต: ดอนเมือง","จำนวนช่องจราจร: 18","ไฟกดข้าม: ไม่มี"],"district":"ดอนเมือง"},"geometry":{"type":"Point","coordinates":[100.56712,13.93313]}},{"type":"Feature","properties":{"title":"ทางม้าลาย ถนนพุทธมณฑลสาย 3 + ถนนบรมราชชนนี (N)","info":["ถนน: ถนนพุทธมณฑลสาย 3","เขต: ทวีวัฒนา","จำนวนช่องจราจร: 4","ไฟกดข้าม: ไม่มี"],"district":"ทวีวัฒนา"},"geometry":{"type":"Point","coordinates":[100.36361,13.78803]}},{"type":"Feature","properties":{"title":"ทางม้าลาย ทางข้ามบริเวณใกล้ซอยบางกระดี่ 20","info":["ถนน: ถนนบางกระดี่","เขต: บางขุนเทียน","จำนวนช่องจราจร: 0","ไฟกดข้าม: ไม่มี"],"district":"บางขุนเทียน"},"geometry":{"type":"Point","coordinates":[100.4033,13.6121]}},{"type":"Feature","properties":{"title":"ทางม้าลาย ทางข้ามบริเวณแยกเชื่อมถนนเอกชัย","info":["ถนน: ซอยเอกชัย 69","เขต: บางบอน","จำนวนช่องจราจร: 0","ไฟกดข้าม: ไม่มี"],"district":"บางบอน"},"geometry":{"type":"Point","coordinates":[100.4342,13.6785]}},{"type":"Feature","properties":{"title":"ทางม้าลาย ถนนพุทธมณฑลสาย 2 + ถนนสุขาภิบาลบางระมาด","info":["ถนน: ถนนพุทธมณฑลสาย 2","เขต: ทวีวัฒนา","จำนวนช่องจราจร: 6","ไฟกดข้าม: มี"],"district":"ทวีวัฒนา"},"geometry":{"type":"Point","coordinates":[100.39494,13.76587]}},{"type":"Feature","properties":{"title":"ทางม้าลาย ใกล้ซอยบางขุนนนท์ 17","info":["ถนน: ถนนบางขุนนนท์","เขต: บางกอกน้อย","จำนวนช่องจราจร: 4","ไฟกดข้าม: มี"],"district":"บางกอกน้อย"},"geometry":{"type":"Point","coordinates":[100.4701,13.76825]}},{"type":"Feature","properties":{"title":"ทางม้าลาย ทางข้ามบริเวณแยกเชื่อมถนนพระรามที่ 2","info":["ถนน: ถนนบางขุนเทียนชายทะเล","เขต: บางขุนเทียน","จำนวนช่องจราจร: 0","ไฟกดข้าม: ไม่มี"],"district":"บางขุนเทียน"},"geometry":{"type":"Point","coordinates":[100.43,13.6563]}},{"type":"Feature","properties":{"title":"ทางม้าลาย แยกซอยพหลโยธิน 54/1","info":["ถนน: ถนนพหลโยธิน","เขต: สายไหม","จำนวนช่องจราจร: 0","ไฟกดข้าม: ไม่มี"],"district":"ดอนเมือง"},"geometry":{"type":"Point","coordinates":[100.61198,13.90168]}},{"type":"Feature","properties":{"title":"ทางม้าลาย ทางข้ามบริเวณหน้า รร.วัดท่าข้าม","info":["ถนน: ถนนอนามัยงามเจริญ","เขต: บางขุนเทียน","จำนวนช่องจราจร: 0","ไฟกดข้าม: ไม่มี"],"district":"บางขุนเทียน"},"geometry":{"type":"Point","coordinates":[100.4485,13.6524]}},{"type":"Feature","properties":{"title":"ทางม้าลาย สี่แยกลาซาล-ศรีนครินทร์","info":["ถนน: ถนนลาซาล","เขต: บางนา","จำนวนช่องจราจร: 4","ไฟกดข้าม: ไม่มี"],"district":"บางนา"},"geometry":{"type":"Point","coordinates":[100.64219,13.65619]}},{"type":"Feature","properties":{"title":"ทางม้าลาย ทางข้ามบริเวณแยกเชื่อมถนนพระรามที่ 2","info":["ถนน: ซอยพระรามที่2 ซอย69","เขต: บางขุนเทียน","จำนวนช่องจราจร: 0","ไฟกดข้าม: ไม่มี"],"district":"บางขุนเทียน"},"geometry":{"type":"Point","coordinates":[100.4195,13.6485]}},{"type":"Feature","properties":{"title":"ทางม้าลาย แยกถนนภาษีเจริญฝั่งใต้ (1)","info":["ถนน: ถนนบางบอน 5","เขต: หนองแขม","จำนวนช่องจราจร: 4","ไฟกดข้าม: ไม่มี"],"district":"หนองแขม"},"geometry":{"type":"Point","coordinates":[100.34529,13.67842]}},{"type":"Feature","properties":{"title":"ทางม้าลาย ถนนปากน้ำฝั่งเหนือ + ถนนแก้วเงินทอง","info":["ถนน: ถนนปากน้ำฝั่งเหนือ","เขต: ตลิ่งชัน","จำนวนช่องจราจร: 2","ไฟกดข้าม: ไม่มี"],"district":"ตลิ่งชัน"},"geometry":{"type":"Point","coordinates":[100.45518,13.75508]}},{"type":"Feature","properties":{"title":"ทางม้าลาย หมู่บ้าน มัณฑนา","info":["ถนน: ถนนมาเจริญ (เพชรเกษม 81)","เขต: หนองแขม","จำนวนช่องจราจร: 4","ไฟกดข้าม: ไม่มี"],"district":"หนองแขม"},"geometry":{"type":"Point","coordinates":[100.34186,13.69256]}},{"type":"Feature","properties":{"title":"ทางม้าลาย สวนผัก ซอย 4 (ปากซอย)","info":["ถนน: ถนนสวนผัก","เขต: ตลิ่งชัน","จำนวนช่องจราจร: 2","ไฟกดข้าม: ไม่มี"],"district":"ตลิ่งชัน"},"geometry":{"type":"Point","coordinates":[100.45648,13.79432]}},{"type":"Feature","properties":{"title":"ทางม้าลาย แยกถนนบางแวก (2)","info":["ถนน: ถนนพุทธมณฑล สาย 3","เขต: บางแค","จำนวนช่องจราจร: 4","ไฟกดข้าม: ไม่มี"],"district":"บางแค"},"geometry":{"type":"Point","coordinates":[100.36393,13.74834]}},{"type":"Feature","properties":{"title":"ทางม้าลาย ซอยประชาอุทิศ 69 (โรงเรียนสามัคคีบำรุง)","info":["ถนน: ถนนประชาอุทิศ","เขต: ทุ่งครุ","จำนวนช่องจราจร: 2","ไฟกดข้าม: ไม่มี"],"district":"ทุ่งครุ"},"geometry":{"type":"Point","coordinates":[100.51158,13.64542]}},{"type":"Feature","properties":{"title":"ทางม้าลาย ซอย 5 (ปั้ม ปตท.)","info":["ถนน: ถนนพุทธมณฑล สาย 3","เขต: หนองแขม","จำนวนช่องจราจร: 4","ไฟกดข้าม: ไม่มี"],"district":"หนองแขม"},"geometry":{"type":"Point","coordinates":[100.36409,13.71905]}},{"type":"Feature","properties":{"title":"ทางม้าลาย ใกล้สวนผัก ซอย 32 (ต.ต.)","info":["ถนน: ถนนสวนผัก","เขต: ตลิ่งชัน","จำนวนช่องจราจร: 2","ไฟกดข้าม: ไม่มี"],"district":"ตลิ่งชัน"},"geometry":{"type":"Point","coordinates":[100.43777,13.79778]}},{"type":"Feature","properties":{"title":"ทางม้าลาย เชื่อมถนนกาญจนาภิเก","info":["ถนน: ถนนบางไผ่","เขต: บางแค","จำนวนช่องจราจร: 2","ไฟกดข้าม: ไม่มี"],"district":"บางแค"},"geometry":{"type":"Point","coordinates":[100.40553,13.73175]}},{"type":"Feature","properties":{"title":"ทางม้าลาย ทางข้ามบริเวณแยกเชื่อมถนนเอกชัย","info":["ถนน: ถนนบางบอน 4","เขต: บางบอน","จำนวนช่องจราจร: 0","ไฟกดข้าม: ไม่มี"],"district":"บางบอน"},"geometry":{"type":"Point","coordinates":[100.3762,13.6422]}},{"type":"Feature","properties":{"title":"ทางม้าลาย แยกตัดถนนรัชมงคลประสาธน์","info":["ถนน: ถนนเทอดไท","เขต: ภาษีเจริญ","จำนวนช่องจราจร: 3","ไฟกดข้าม: ไม่มี"],"district":"ภาษีเจริญ"},"geometry":{"type":"Point","coordinates":[100.4669,13.71883]}},{"type":"Feature","properties":{"title":"ทางม้าลาย ซอยสุขาภิบาล 2ซอย25","info":["ถนน: ถนนสุขาภิบาล5","เขต: ประเวศ","จำนวนช่องจราจร: 6","ไฟกดข้าม: ไม่มี"],"district":"ประเวศ"},"geometry":{"type":"Point","coordinates":[100.70186,13.69065]}},{"type":"Feature","properties":{"title":"ทางม้าลาย หน้า รพ. จักษุฯ","info":["ถนน: ถนนอโศกมนตรี","เขต: วัฒนา","จำนวนช่องจราจร: 4","ไฟกดข้าม: ไม่มี"],"district":"วัฒนา"},"geometry":{"type":"Point","coordinates":[100.56275,13.74624]}},{"type":"Feature","properties":{"title":"ทางม้าลาย แยกเทเวศร์ จุดที่ 2","info":["ถนน: ถนนกรุงเกษม","เขต: พระนคร","จำนวนช่องจราจร: 4","ไฟกดข้าม: ไม่มี"],"district":"พระนคร"},"geometry":{"type":"Point","coordinates":[100.50377,13.76952]}},{"type":"Feature","properties":{"title":"ทางม้าลาย ใกล้ซอยฉลองกรุง21","info":["ถนน: ถนนฉลองกรุง","เขต: ลาดกระบัง","จำนวนช่องจราจร: 6","ไฟกดข้าม: ไม่มี"],"district":"ลาดกระบัง"},"geometry":{"type":"Point","coordinates":[100.79534,13.75218]}},{"type":"Feature","properties":{"title":"ทางม้าลาย แยกสะพานมัฆวานฯ","info":["ถนน: ถนนกรุงเกษม","เขต: พระนคร","จำนวนช่องจราจร: 4","ไฟกดข้าม: ไม่มี"],"district":"ป้อมปราบศัตรูพ่าย"},"geometry":{"type":"Point","coordinates":[100.5096,13.76315]}},{"type":"Feature","properties":{"title":"ทางม้าลาย ซอยฉลองกรุง43","info":["ถนน: ถนนฉลองกรุง","เขต: ลาดกระบัง","จำนวนช่องจราจร: 6","ไฟกดข้าม: ไม่มี"],"district":"ลาดกระบัง"},"geometry":{"type":"Point","coordinates":[100.80214,13.76174]}},{"type":"Feature","properties":{"title":"ทางม้าลาย แยกเสาชิงช้า (ตัดถนนศิริพงษ์) จุดที่ 4","info":["ถนน: ถนนบำรุงเมือง","เขต: พระนคร","จำนวนช่องจราจร: 1","ไฟกดข้าม: ไม่มี"],"district":"พระนคร"},"geometry":{"type":"Point","coordinates":[100.50161,13.75176]}},{"type":"Feature","properties":{"title":"ทางม้าลาย โรงเรียนวัดดอน","info":["ถนน: ซอยเจริญกรุง 63","เขต: สาทร","จำนวนช่องจราจร: 2","ไฟกดข้าม: ไม่มี"],"district":"สาทร"},"geometry":{"type":"Point","coordinates":[100.51668,13.71364]}},{"type":"Feature","properties":{"title":"ทางม้าลาย โรงเรียนอัสสัมชัญประถม ประตู1","info":["ถนน: ซอยสาทร 11","เขต: สาทร","จำนวนช่องจราจร: 2","ไฟกดข้าม: ไม่มี"],"district":"สาทร"},"geometry":{"type":"Point","coordinates":[100.52718,13.71711]}},{"type":"Feature","properties":{"title":"ทางม้าลาย หน้าบริษัทบริหารสินทรัพย์กรุงเทพ","info":["ถนน: ถนนสุรศักดิ์","เขต: บางรัก","จำนวนช่องจราจร: 4","ไฟกดข้าม: ไม่มี"],"district":"บางรัก"},"geometry":{"type":"Point","coordinates":[100.51967,13.72026]}}]}