{"type":"FeatureCollection","features":[{"type":"Feature","properties":{"title":"แยกซังฮี้ (ถนนสามเสน - ถนนราชวิถี)","info":["เขต: เขตดุสิต","ช่วงติด: ช่วงเวลาเร่งด่วนเช้า (06.00 น. - 08.59 น.)/ช่วงเวลาเร่งด่วนเย็น (16.00 น. - 19.59 น.)","สาเหตุ: รถสะสมจากสะพานซังฮี้เลี้ยวซ้ายถนนขาวและเข้าถนนสุโขทัยตัดถนนสามเสน","แนวทางแก้ไข: 1.สน.สามเสนใช้วิธีกำหนดช่องเวลาเร่งด่วน 1:3 เลน โดยใช้สลับช่วงเวลา 07.50 และ 08.10 น. เพื่อระบายรถทั้ง 2 ฝั่ง 2. สน. ต้องการให้ปรับลดจำนวนทางข้ามบริเวณหน้ามหาวิทยาลัยราชภัฎสวนดุสิต และสวนสุนันทา ให้เหลือเพียงจุดเดียว เนื่องจาก มีทางเข้าออก 2 ทางแล้ว และยังมีทางข้ามอีก ทำให้รถชะลอตัวสะสม"],"district":"ดุสิต"},"geometry":{"type":"Point","coordinates":[100.50842,13.77832]}},{"type":"Feature","properties":{"title":"แยกเกียกกาย (ถนนสามเสน - ถนนทหาร)","info":["เขต: เขตดุสิต","ช่วงติด: ช่วงเวลาเร่งด่วนเช้า (06.00 น. - 08.59 น.)/ช่วงเวลานอกเร่งด่วนบ่าย (13.00 น. - 15.59 น.) และช่วงที่มีการประชุมรัฐสภา วาระต่างๆ","สาเหตุ: รถสะสมจากถนนสามเสน รวมกับรถที่ออกจากรัฐสภา ทำให้รถที่ปล่อยไปถนนทหารแยกสะพานแดง ระบายรถไม่ทัน"],"district":"ดุสิต"},"geometry":{"type":"Point","coordinates":[100.52134,13.79756]}},{"type":"Feature","properties":{"title":"แยกถนนพระราม 6 ตัดถนนเตชวะนิช","info":["เขต: เขตดุสิต","ช่วงติด: ช่วงเวลาเร่งด่วนเช้า (06.00 น. - 08.59 น.)/ช่วงเวลานอกเร่งด่วนบ่าย (13.00 น. - 15.59 น.)","สาเหตุ: เนื่องจากรถมีการชลอตามสัญญาณไฟทางคนข้าม ซึ่งปัจจุบันมีระยะเวลา 20 วินาที เมื่อมีคนข้าม ก็ขอสัญญาณบ่อยมาก","แนวทางแก้ไข: ขอปรับลดสัญญาณคนข้ามให้เหลือสัก 10 วินาที"],"district":"ดุสิต"},"geometry":{"type":"Point","coordinates":[100.53317,13.79948]}},{"type":"Feature","properties":{"title":"สะพานข้ามแยกยมราช","info":["เขต: เขตดุสิต","ช่วงติด: ช่วงเวลาเร่งด่วนเย็น (16.00 น. - 19.59 น.)","สาเหตุ: รถสะสมจากแยกมิสกวันมุ่งหน้าแยกยมราช รถบนสะพานค่อนข้างเยอะ"],"district":"ดุสิต"},"geometry":{"type":"Point","coordinates":[100.52051,13.75762]}},{"type":"Feature","properties":{"title":"ถนนหลวง ตั้งแต่แยกวรจักร ถึงสะพานระพีพัฒนภาค.","info":["เขต: เขตป้อมปราบศัตรูพ่าย","ช่วงติด: ช่วงเวลาทำงาน (09.00 น. - 14.00 น.)","สาเหตุ: รถจอดรับ-ส่ง สินค้า","แนวทางแก้ไข: เจ้าหน้าที่จราจรบังคับใช้กฎหมาย"],"district":"ป้อมปราบศัตรูพ่าย"},"geometry":{"type":"Point","coordinates":[100.50598,13.7485]}},{"type":"Feature","properties":{"title":"ถนนกรุงเกษม บริเวณหน้าโรงเรียนเทพศิรินทร์","info":["เขต: เขตป้อมปราบศัตรูพ่าย","ช่วงติด: ช่วงเวลาเร่งด่วนเย็น (15.00 น. - 16.15 น.)","สาเหตุ: รถจอดรอรับเด็กนักเรียน","แนวทางแก้ไข: จัดระเบียบรถที่รอรับเด็กนักเรียนและไม่ให้จอดซ้อนคัน"],"district":"ป้อมปราบศัตรูพ่าย"},"geometry":{"type":"Point","coordinates":[100.51617,13.74603]}},{"type":"Feature","properties":{"title":"แยกผ่านพิภพลีลา (ถนนราชดำเนินกลางขาออก)","info":["เขต: เขตพระนคร","ช่วงติด: ช่วงเวลาเร่งด่วนเย็น (16.00 น. - 19.00 น.)","สาเหตุ: รถติดสะสมมาจากแยกอรุณอัมรินทร์และรถที่จะขึ้นคู่ขนานลอยฟ้า","แนวทางแก้ไข: เจ้าหน้าที่จราจรปล่อยรถบริเวณแยกผ่านภิภพขึ้นสะพานปิ่นเกล้าตามจังหวะที่แยกอรุณอัมรินทร์ปล่อยรถเพื่อไม่ให้รถติดค้างขวางสี่แยกแล้วกระทบการจราจรในถนนเส้นอื่น"],"district":"พระนคร"},"geometry":{"type":"Point","coordinates":[100.49501,13.75727]}},{"type":"Feature","properties":{"title":"แยกคอกวัว (ถนนราชดำเนินกลาง - ถนนตะนาว)","info":["เขต: เขตพระนคร","ช่วงติด: ช่วงเวลาเร่งด่วนเย็น (16.00 น. - 19.00 น.)","สาเหตุ: รถติดสะสมยาวมาจากแยกผ่านภิภพ","แนวทางแก้ไข: เจ้าหน้าที่ปล่อยรถแยกคอกวัวตามจังวะที่แยกผ่านภิภพเพื่อไม่ให้รถค้างขวางสี่แยกคอกวัว"],"district":"พระนคร"},"geometry":{"type":"Point","coordinates":[100.49893,13.7574]}},{"type":"Feature","properties":{"title":"แยกพาหุรัด (ถนนตรีเพชร - ถนนพาหุรัด)","info":["เขต: เขตพระนคร","ช่วงติด: ช่วงเวลาเร่งด่วนเย็น (06.30 - 08.30 น. และ 16.00 น. - 19.00 น. )","สาเหตุ: ผู้ปกครองจอดรถรับเด็กนักเรียนบริเวณหน้าสวนกุหลาบทำให้รถติดสะสม","แนวทางแก้ไข: เจ้าหน้าที่จราจรเร่งระบายรถหน้าสวนกุหลาบไม่ให้จอดแช่นาน"],"district":"พระนคร"},"geometry":{"type":"Point","coordinates":[100.49937,13.74511]}},{"type":"Feature","properties":{"title":"แยกป้อมมหากาฬ (ถนนราชดำเนินกลาง - ถนนมหาไชย - ถนนพระสุเมรุ)","info":["เขต: เขตพระนคร","ช่วงติด: ช่วงเวลาเร่งด่วนเย็น (16.00 น. - 19.00 น.)","สาเหตุ: รถติดสะสมมาจากแยกคอกวัวที่จะมุ่งหน้าขึ้นสะพานปิ่นเกล้า","แนวทางแก้ไข: เจ้าหน้าจราจรที่ปล่อยรถตามจังหวะที่แยกคอกวัวไม่ให้รถติดค้างที่สี่แยก"],"district":"พระนคร"},"geometry":{"type":"Point","coordinates":[100.50535,13.75571]}},{"type":"Feature","properties":{"title":"แยกประตูน้ำ (ถนนเพชรบุรี - ถนนราชปรารถ)","info":["เขต: เขตราชเทวี","ช่วงติด: ช่วงเวลาเร่งด่วนเช้า (06.00 น. - 08.59 น.) /ช่วงนอกเวลาเร่งด่วน (11.00 น. - 13.30 น.) /ช่วงเวลาเร่งด่วนเย็น (16.00 น. - 19.59 น.)","สาเหตุ: 1) ถนนเพชรบุรีมีซอยย่อยเป็นจำนวนมากมีรถเข้าออกเยอะทำให้รถต้องชะลอตัว 2) รถรับจ้างจอดแช่ทำให้เสียช่องจราจร 1 ช่องจราจร ตั้งแต่ซอยเพชบุรี 21 3) บริเวณถนนราชปรารภมีผู้กระทำผิดกฎจราจรเป็นจำนวนมาก 4) รถจะเปลี่ยนช่องจราจรขึ้นสะพานข้ามแยก 5) ถนนเพชรบุรีก่อนถึงสี่แยกประตูน้ำรถติดช่องกลับรถเข้าห้างแพล็ตทินั่ม","แนวทางแก้ไข: 1) มีเจ้าหน้าที่ตำรวจจราจรและเจ้าหน้าที่ประจำห้างฯอำนวยการจราจร 2) มีเจ้าหน้าที่ตำรวจตั้งจุดกวดขันวินัยจราจรบริเวณถนนราชปรารภ 3) ปิดช่องกลับรถบริเวณหน้าห้างแพล็ตทินั่มโดยใช้แท่งแบริเออร์ชนิดปูน"],"district":"ราชเทวี"},"geometry":{"type":"Point","coordinates":[100.54114,13.7506]}},{"type":"Feature","properties":{"title":"แยกพญาไท (ถนนพญาไท - ถนนศรีอยุธยา)","info":["เขต: เขตราชเทวี","ช่วงติด: ช่วงเวลาเร่งด่วนเช้า (06.00 น. - 08.59 น.) /ช่วงนอกเวลาเร่งด่วน (11.00 น. - 13.30 น.) /ช่วงเวลาเร่งด่วนเย็น (16.00 น. - 19.59 น.)","สาเหตุ: 1) ถนนศรีอยุธยาขาออกจะมีปัญหาช่วงเวลาเร่งด่วน (เย็น) เป็นปัญหาต่อเนื่องมาจาก สน.ดินแดง 2) ถนนศรีอยุธยาขาออกบริเวณสี่แยกพญาไท รถจอดติดไฟแดงทำให้รถเลี้ยวซ้ายไม่ได้ 3) รถเปลี่ยนช่องจราจรจากถนนจตุรทิศมาสี่แยกพญาไท","แนวทางแก้ไข: มีเจ้าหน้าที่ตำรวจอำนวยการจราจร"],"district":"ราชเทวี"},"geometry":{"type":"Point","coordinates":[100.53434,13.75785]}},{"type":"Feature","properties":{"title":"แยกศรีอยุธยา (ถนนพระรามที่ 6 - ถนนศรีอยุธยา)","info":["เขต: เขตราชเทวี","ช่วงติด: ช่วงเวลาเร่งด่วนเย็น (16.00 น. - 19.59 น.)","สาเหตุ: 1) รถผู้ปกครองจอดรอนักเรียนบริเวณหน้าโรงเรียนอำนวยศิลป์ 2) รถรอกลับรถบริเวณหน้ากองพันสารวัตรทหารที่ 11 3) รถลงมาจากสะพานข้ามแยกพญาไทเปลี่ยนช่องจราจร","แนวทางแก้ไข: 1) ติดตั้งแท่งแบริเออร์ชนิดปูนป้องกันการกลับรถหรือเลี้ยวในบางจุด 2) มีเจ้าหน้าที่ตำรวจอำนวยการจราจร"],"district":"ราชเทวี"},"geometry":{"type":"Point","coordinates":[100.52569,13.76211]}},{"type":"Feature","properties":{"title":"วงเวียนอนุสาวรีย์ชัยสมรภูมิ","info":["เขต: เขตราชเทวี","ช่วงติด: ช่วงเวลาเร่งด่วนเช้า (06.00 น. - 08.59 น.) /ช่วงเวลาเร่งด่วนเย็น (16.00 น. - 19.59 น.)","สาเหตุ: 1) ทางม้าลายบริเวณถนนราชวิถีอยู่ใกล้กัน จำนวน 3 จุด 2) ปัญหารถเข้า-ออกโรงพยาบาลราชวิถีบริเวณซอยราชวิถี 13 3) จุดกลับรถมีหลายจุด","แนวทางแก้ไข: 1) ปิดจุดกลับรถบางจุดให้เหลือจุดเดียวบริเวณใกล้แยกตึกชัย 2) มีเจ้าหน้าที่ตำรวจอำนวยการจราจร"],"district":"ราชเทวี"},"geometry":{"type":"Point","coordinates":[100.53831,13.76518]}},{"type":"Feature","properties":{"title":"ถนนจตุรทิศ หน้าโรงพยาบาลพญาไท 1","info":["เขต: เขตราชเทวี","ช่วงติด: ช่วงเวลาเร่งด่วนเย็น (16.00 น. - 19.59 น.)","สาเหตุ: 1) รถติดสะสมจาก สน.ดินแดง 2) รถเปลี่ยนช่องจราจร","แนวทางแก้ไข: มีเจ้าหน้าที่ตำรวจอำนวยการจราจร"],"district":"ราชเทวี"},"geometry":{"type":"Point","coordinates":[100.53946,13.75673]}},{"type":"Feature","properties":{"title":"บริเวณถนนอินทราภรณ์ ถึงบริเวณหน้าโรงเรียนบดินทรเดชา","info":["เขต: เขตวังทองหลาง","ช่วงติด: ช่่วงเวลาเร่งด่วนช่วงเช้า (06.00-08.59 น.)/ช่วงเวลาเร่งด่วนช่วงเย็น (16.00-19.59 น.)","สาเหตุ: การหยุดรถรับส่งนักเรียนบริเวณหน้าโรงเรียน","แนวทางแก้ไข: จัดกำลังเจ้าหน้าที่เทศกิจสนับสนุนการปฏิบัติงานของเจ้าหน้าที่ตำรวจจราจรในการช่วยเหลือนักเรียนข้ามถนน"],"district":"วังทองหลาง"},"geometry":{"type":"Point","coordinates":[100.61488,13.77073]}},{"type":"Feature","properties":{"title":"ทางแยกเข้าโรงเรียนนานาชาติ บริเวณถนนประชาอุทิศ","info":["เขต: เขตวังทองหลาง","ช่วงติด: ช่วงเวลาเร่งด่วนช่วงเช้า (06.00-08.59 น.)/ช่วงเวลาเร่งด่วนช่วงเย็น (16.00-19.59 น)","สาเหตุ: ช่วงถนนตั้งแต่แยกประชาธรรมถึงบริเวณแยกสถานฑูตลาว มีโรงเรียนนานาชาติตั้งอยู่ จำนวน 3 โรงเรียน มีปริมาณรถผู้ปกครองรับ-ส่ง นักเรียนเป็นจำนวนมาก","แนวทางแก้ไข: จัดกำลังเจ้าหน้าที่เทศกิจสนับสนุนการปฏิบัติงานของเจ้าหน้าที่ตำรวจจราจรในการช่วยเหลือนักเรียนข้ามถนน"],"district":"วังทองหลาง"},"geometry":{"type":"Point","coordinates":[100.59608,13.7682]}},{"type":"Feature","properties":{"title":"แยกสุทธิสาร (ถนนวิภาวดีรังสิต - ถนนสุทธิสารวินิจฉัย)","info":["เขต: เขตพญาไท","ช่วงติด: ช่วงเวลาเร่งด่วนเช้า (06.00 น. - 08.59 น.)/ช่วงเวลาเร่งด่วนเย็น (16.00 น. - 19.59 น.)","สาเหตุ: ผู้ควบคุมสัญญาณไฟจราจรเป็น สน.วิภาวดี แต่ปัญหาการจราจรติดขัดอยู่บนถนนสุทธิสารวินิจฉัยเนื่องจากเป็นถนนแคบมีเส้นทางจราจร 3 เลน ประกอบกับมีซอยเข้า-ออก จำนวนมาก และมีธนาคารออมสินสำนักงานใหญ่ตั้งอยู่ จึงเกิดปัญหาจราจรในช่วงเวลาเร่งด่วน","แนวทางแก้ไข: 1.สน.บางซื่อ จัดเจ้าหน้าที่ตำรวจดูแลการจราจรตลอดเส้นทางทุกวัน ในช่วงเวลาเร่งด่วนเช้า เวลา 07.00 - 08.30 น. และช่วงเวลาเร่งด่วนเย็น เวลา 16.30 - 19.30 น. 2.นำแผงเหล็กกั้นบริเวณถนนสุทธิสารวินิจฉัย เพื่อบังคับไม่ให้รถที่มาจากถนนวิภาวดี และถนนสุทธิสาร ฝั่งเขตดินแดงเข้ามา เพื่อช่วยบรรเทาให้การจราจรคล่องตัวขึ้น"],"district":"พญาไท"},"geometry":{"type":"Point","coordinates":[100.56171,13.78946]}},{"type":"Feature","properties":{"title":"แยกสะพานควาย (ถนนพหลโยธิน - ถนนประดิพัทธ์)","info":["เขต: เขตพญาไท","ช่วงติด: ช่วงเวลาเร่งด่วนเช้า (06.00 น. - 08.59 น.)/ช่วงเวลาเร่งด่วนเย็น (16.00 น. - 19.59 น.)","สาเหตุ: รถติดสะสมจากการรอสัญญาณไฟจราจร","แนวทางแก้ไข: 1.จัดตำรวจท้องที่ประจำบริเวณทางแยก เพื่อเร่งระบายรถในช่วงเวลาเร่งด่วนเช้า และเร่งด่วนเย็น 2.ประสานสำนักการจราจรและขนส่งทาสีเส้นบังคับการจราจรบริเวณทางแยกสะพานควายทั้ง 4 ด้าน ให้ชัดเจน เพื่อช่วยป้องกันอุบัติเหตุที่อาจเกิดกับรถที่จอดรอบริเวณทางแยก 3.ประสานสำนักการจราจรและขนส่งขอติดตั้งกล้องวงจรปิด เพื่อตรวจจับผู้กระทำผิดกฎจราจร"],"district":"พญาไท"},"geometry":{"type":"Point","coordinates":[100.54856,13.79]}},{"type":"Feature","properties":{"title":"แยกประดิพัทธ์ (ถนนพระรามที่ 6 - ถนนประดิพัทธ์)","info":["เขต: เขตพญาไท","ช่วงติด: ช่วงเวลาเร่งด่วนเช้า (06.00 น. - 08.59 น.)/ช่วงเวลาเร่งด่วนเย็น (16.00 น. - 19.59 น.)","สาเหตุ: รถติดสะสมจากการรอสัญญาณไฟจราจร","แนวทางแก้ไข: 1.จัดตำรวจท้องที่ประจำบริเวณทางแยก เพื่อเร่งระบายรถในช่วงเวลาเร่งด่วนเช้า และเร่งด่วนเย็น 2.ประสานสำนักการจราจรและขนส่งทาสีเส้นบังคับการจราจรบริเวณถนนประดิพัทธ์ เนื่องจากเส้นบังคับการจราจรเลือนลาง"],"district":"พญาไท"},"geometry":{"type":"Point","coordinates":[100.53776,13.79204]}},{"type":"Feature","properties":{"title":"หน้าโรงเรียนสามเสนวิทยาลัย ถนนพระรามที่ 6","info":["เขต: เขตพญาไท","ช่วงติด: ช่วงเวลาเร่งด่วนเย็น (16.00 น. - 19.59 น.)","สาเหตุ: เกิดจากการจอดรับนักเรียนในช่วงเวลาเลิกเรียน ทำให้เสียช่องการจราจรไป 2 ช่องทาง 1.ช่วงเวลาตั้งแต่ 14.00 น. จะมีรถสามล้อจอดเลน 1 (ติดทางเท้า) ต่อแถวยาว เพื่อรอรับนักเรียน ตั้งแต่บริเวณหน้าโรงเรียนไปจนถึงหน้าโรงพยาบาลวิชัยยุทธ 2. ช่วงวลาตั้งแต่ 14.00 น. จะมีรถผู้ปกครองมาจอดเลน 2 (ถัดจากรถสามล้อ) ต่อแถวยาว เพื่อรอรับนักเรียนตั้งแต่บริเวณหน้าโรงเรียนไปจนถึงถนนเศรษฐศิริ และไม่ได้รับความร่วมมือในการจัดการจราจรจากผู้ปกครองนักเรียน","แนวทางแก้ไข: 1.โรงเรียนสามเสนวิทยาลัย ได้จัดสถานที่จอดรถบริเวณใต้ทางด่วน ติดประตูด้านข้างของโรงเรียน เพื่อรองรับการจอดรถของผู้ปกครองที่มารอรับนักเรียน สามารถจอดรถได้ 70 คัน และโรงเรียนได้ประชาสัมพันธ์ขอความร่วมมือผู้ปกครองนักเรียนในทุกช่องทางทั้ง เอกสาร ทั้งการประชุมผู้ปกครอง และทางสื่อโซเชียลต่างๆ เพื่อแก้ไขปัญหาการจราจร 2.สน.ท้องที่ ประชาสัมพันธ์สร้างจิตสำนักในการใช้ถนนร่วมกัน และขอความร่วมมือผู้ปกครองไม่ให้จอดแช่เป็นเวลานาน 3.จัดเจ้าหน้าที่เทศกิจ เจ้าหน้าที่ทหาร (ทหารม้ารักษาพระองค์) เจ้าหน้าที่รักษาความปลอดภัยของโรงเรียน ขอความร่วมมือให้เคลื่อนรถไปจอดรอ ณ บริเวณที่โรงเรียนจัดไว้ หากไม่ปฏิบัติตามจะมีการบังคับใช้กฎหมายโดยเคร่งครัด"],"district":"พญาไท"},"geometry":{"type":"Point","coordinates":[100.5346,13.78391]}},{"type":"Feature","properties":{"title":"ถนนประชาสงเคราะห์ตลอดเส้นทาง","info":["เขต: เขตดินแดง","ช่วงติด: ช่วงเวลาเร่งด่วน(เช้า06.00-09.00 น)(เย็น16.00-20.00น)","สาเหตุ: รถจอดริมถนนเกิดปัญหา","แนวทางแก้ไข: ตีเส้นการจราจรและเส้นขาวแดงห้ามจอดให้ชัดเจน"],"district":"ดินแดง"},"geometry":{"type":"Point","coordinates":[100.55512,13.76051]}},{"type":"Feature","properties":{"title":"หน้าฟอร์จูนฯและเซ็นทรัลพระราม 9","info":["เขต: เขตดินแดง","ช่วงติด: ช่วงเวลาเร่งด่วน(เช้า06.00-09.00 น ) (เย็น16.00-20.00)","สาเหตุ: ติดสะสมมาจาก มศว.เนื่องจากมีการข้ามถนนตลอด","แนวทางแก้ไข: ให้ สนง.เขตวัฒนา เสนอหน่วยงานที่เกี่ยวข้องทำสะพานลอยคนข้าม"],"district":"ดินแดง"},"geometry":{"type":"Point","coordinates":[100.56535,13.75781]}},{"type":"Feature","properties":{"title":"แยกวชิระ (ถนนสามเสน - ถนนสุโขทัย)","info":["เขต: เขตดุสิต","ช่วงติด: ช่วงเวลาเร่งด่วนเช้า (06.00 น. - 08.59 น.)/ช่วงเวลาเร่งด่วนเย็น (16.00 น. - 19.59 น.)","สาเหตุ: รถสะสมจากสะพานซังฮี้เลี้ยวซ้ายถนนขาวและเข้าถนนสุโขทัยตัดถนนสามเสน","แนวทางแก้ไข: 1.สน.สามเสนใช้วิธีกำหนดช่องเวลาเร่งด่วน 1:3 เลน โดยใช้สลับช่วงเวลา 07.50 และ 08.10 น. เพื่อระบายรถทั้ง 2 ฝั่ง 2. สน. ต้องการให้ปรับลดจำนวนทางข้ามบริเวณหน้ามหาวิทยาลัยราชภัฎสวนดุสิต และสวนสุนันทา ให้เหลือเพียงจุดเดียว เนื่องจาก มีทางเข้าออก 2 ทางแล้ว และยังมีทางข้ามอีก ทำให้รถชะลอตัวสะสม"],"district":"ดุสิต"},"geometry":{"type":"Point","coordinates":[100.50982,13.78132]}},{"type":"Feature","properties":{"title":"แยกการเรือน (ถนนราชวิถี - ถนนราชสีมา)","info":["เขต: เขตดุสิต","ช่วงติด: ช่วงเวลาเร่งด่วนเช้า (06.00 น. - 08.59 น.)/ช่วงเวลาเร่งด่วนเย็น (16.00 น. - 19.59 น.)","สาเหตุ: รถสะสมจากแยกซังฮี้ ขึ้นสะพานกรุงธน ถนนราชวิถี"],"district":"ดุสิต"},"geometry":{"type":"Point","coordinates":[100.51169,13.77708]}},{"type":"Feature","properties":{"title":"แยกราชวิถี (ถนนราชวิถี - ถนนพระรามที่ 5)","info":["เขต: เขตดุสิต","ช่วงติด: ช่วงเวลาเร่งด่วนเช้า (06.00 น. - 08.59 น.)/ช่วงเวลาเร่งด่วนเย็น (16.00 น. - 19.59 น.)","สาเหตุ: รถสะสมจากแยกซังฮี้ ขึ้นสะพานกรุงธน ถนนราชวิถี"],"district":"ดุสิต"},"geometry":{"type":"Point","coordinates":[100.51907,13.77356]}},{"type":"Feature","properties":{"title":"แยกอุภัยเจษฎุทิศ (ถนนราชวิถี - ถนนสวรรคโลก)","info":["เขต: เขตดุสิต","ช่วงติด: ช่วงเวลาเร่งด่วนเช้า (06.00 น. - 08.59 น.)/ช่วงเวลาเร่งด่วนเย็น (16.00 น. - 19.59 น.)","สาเหตุ: เนื่องจากแยกดังกล่าวมีเส้นทางรถไฟ ทำให้ในช่วงเวลาเร่งด่วน ขบวนรถไฟมีรอบตัดถนนหลายรอบ ทำให้รถชะลอตัวรวมกับรถที่มาจากสะพานกรุงธนอีก"],"district":"ดุสิต"},"geometry":{"type":"Point","coordinates":[100.52587,13.77032]}},{"type":"Feature","properties":{"title":"แยกสะพานแดง (ถนนพระรามที่ 5 - ถนนทหาร - ถนนเตชะวณิช)","info":["เขต: เขตดุสิต","ช่วงติด: ช่วงเวลาเร่งด่วนเช้า (06.00 น. - 08.59 น.)/ช่วงเวลาเร่งด่วนเย็น (16.00 น. - 19.59 น.)","สาเหตุ: รถสะสมจากแยกเกียกกาย เลี้ยวเข้าถนนทหาร มุ่งหน้าถนนประดิพัทธ์"],"district":"ดุสิต"},"geometry":{"type":"Point","coordinates":[100.52993,13.79342]}},{"type":"Feature","properties":{"title":"หน้าโรงเรียนโชคชัย (ครูเกียว) ถนนสุคนธสวัสดิ์","info":["เขต: เขตลาดพร้าว","ช่วงติด: ช่วงเวลาเร่งด่วนเช้า (06.00 น. - 08.59 น.)/ช่วงเวลาเร่งด่วนเย็น (16.00 น. - 19.59 น.)","สาเหตุ: การจราจรติดขัดเนื่องจากมีรถจอดรอรับ-ส่งนักเรียน","แนวทางแก้ไข: 1.สน.ท้องที่นำกรวยยางวางเป็นแนวช่องจราจรสำหรับรถผู้ปกครองรับ-ส่งนักเรียน 2.จัดเจ้าหน้าที่ตำรวจประจำจุดอำนวยการจราจร 3.มอบฝ่ายโยธาประสานสำนักการจราจรและขนส่ง ตีเส้นทะแยงเหลืองทางเข้า-ออก หมู่บ้านมรเทียรและปากซอยสุคนธสวัสดิ์ 19"],"district":"ลาดพร้าว"},"geometry":{"type":"Point","coordinates":[100.62656,13.83443]}},{"type":"Feature","properties":{"title":"บริเวณหน้าตลาดบัวพัฒนา ถนนลาดปลาเค้า","info":["เขต: เขตลาดพร้าว","ช่วงติด: ช่วงเวลาเร่งด่วนเช้า (06.00 น. - 08.59 น.)/ช่วงเวลาเร่งด่วนเย็น (16.00 น. - 19.59 น.)","สาเหตุ: มีรถจอดเพื่อซื้อสินค้า","แนวทางแก้ไข: 1.ฝ่ายเทศกิจจัดเจ้าหน้าที่เทศกิจกวดขันผู้ค้าห้ามจำหน่ายสินค้าด้านหลังแผงค้า และประชาสัมพันธ์ห้ามจอดรถ 2.มอบฝ่ายโยธาประสานสำนักการโยธาจัดทำแผงเหล็กปิดกั้นตลอดแนวหน้าตลาดบัวพัฒนา"],"district":"ลาดพร้าว"},"geometry":{"type":"Point","coordinates":[100.60119,13.84537]}},{"type":"Feature","properties":{"title":"ถนนแจ้งวัฒนะ จากสะพานข้ามคลองประปาถึงสะพานข้ามทางแยกเข้าศูนย์ราชการ","info":["เขต: เขตหลักสี่","ช่วงติด: ช่วงเวลาเร่งด่วนเช้า (06.00 น. - 08.59 น.)/ช่วงเวลาเร่งด่วนเย็น (16.00 น. - 19.59 น.)","สาเหตุ: มีการก่อสร้างรถไฟฟ้า","แนวทางแก้ไข: ประสานการรถไฟฟ้าเร่งดำเนินการและคืนผิวจราจรในส่วนที่ก่อสร้างแล้วเสร็จพร้อมตีเส้นจราจรชั่วคราวให้รถเคลื่อนตัวได้ดีขึ้น"],"district":"หลักสี่"},"geometry":{"type":"Point","coordinates":[100.55476,13.89527]}},{"type":"Feature","properties":{"title":"หน้า มทบ.11 จากสะพานข้ามคลองประปาถึงสะพานข้ามทางแยกเข้าศูนย์ราชการ","info":["เขต: เขตหลักสี่","ช่วงติด: ช่วงเวลาเร่งด่วนเช้า (06.00 น. - 08.59 น.)/ช่วงเวลาเร่งด่วนเย็น (16.00 น. - 19.59 น.)","สาเหตุ: มีการก่อสร้างรถไฟฟ้า","แนวทางแก้ไข: ประสานการรถไฟฟ้าเร่งดำเนินการและคืนผิวจราจรในส่วนที่ก่อสร้างแล้วเสร็จพร้อมตีเส้นจราจรชั่วคราวให้รถเคลื่อนตัวได้ดีขึ้น"],"district":"หลักสี่"},"geometry":{"type":"Point","coordinates":[100.55595,13.89457]}},{"type":"Feature","properties":{"title":"ถนนแจ้งวัฒนะขาเข้า หน้าห้างบิ๊กซี","info":["เขต: เขตหลักสี่","ช่วงติด: ช่วงเวลาเร่งด่วนเช้า (06.00 น. - 08.59 น.)/ช่วงเวลาเร่งด่วนเย็น (16.00 น. - 19.59 น.)","สาเหตุ: มีการก่อสร้างรถไฟฟ้า","แนวทางแก้ไข: ประสานการรถไฟฟ้าเร่งดำเนินการและคืนผิวจราจรในส่วนที่ก่อสร้างแล้วเสร็จพร้อมตีเส้นจราจรชั่วคราวให้รถเคลื่อนตัวได้ดีขึ้น"],"district":"หลักสี่"},"geometry":{"type":"Point","coordinates":[100.55942,13.89364]}},{"type":"Feature","properties":{"title":"หน้าศูนย์ราชการขาเข้า ถนนแจ้งวัฒนะ","info":["เขต: เขตหลักสี่","ช่วงติด: ช่วงเวลาเร่งด่วนเช้า (06.00 น. - 08.59 น.)/ช่วงเวลาเร่งด่วนเย็น (16.00 น. - 19.59 น.)","สาเหตุ: มีการก่อสร้างรถไฟฟ้า","แนวทางแก้ไข: ประสานการรถไฟฟ้าเร่งดำเนินการและคืนผิวจราจรในส่วนที่ก่อสร้างแล้วเสร็จพร้อมตีเส้นจราจรชั่วคราวให้รถเคลื่อนตัวได้ดีขึ้น"],"district":"หลักสี่"},"geometry":{"type":"Point","coordinates":[100.56919,13.89003]}},{"type":"Feature","properties":{"title":"ถนนกำแพงเพชร 6 สามแยกเลี้ยวซ้ายเข้าถนนเฉลิมพระเกียรติจุฬาภรณ์","info":["เขต: เขตหลักสี่","ช่วงติด: ช่วงเวลาเร่งด่วนเช้า (06.00 น. - 08.59 น.)/ช่วงเวลาเร่งด่วนเย็น (16.00 น. - 19.59 น.)","สาเหตุ: รถรอเลี้ยวซ้ายชะลอตัวติดรถทางตรง","แนวทางแก้ไข: เพิ่มช่องจราจรให้เลี้ยวซ้ายได้ 2 เลน"],"district":"หลักสี่"},"geometry":{"type":"Point","coordinates":[100.57467,13.87358]}},{"type":"Feature","properties":{"title":"สี่แยกภาสยา","info":["เขต: เขตหลักสี่","ช่วงติด: ช่วงเวลาเร่งด่วนเช้า (06.00 น. - 08.59 น.)/ช่วงเวลาเร่งด่วนเย็น (16.00 น. - 19.59 น.)","สาเหตุ: ลักษณะเป็นสี่แยกรถชะลอตัว","แนวทางแก้ไข: สน.จัดเจ้าหน้าที่อำนวยการจราจรและบังคับใช้กฎหมาย"],"district":"หลักสี่"},"geometry":{"type":"Point","coordinates":[100.55593,13.86975]}},{"type":"Feature","properties":{"title":"จุดตัดทางข้ามทางรถไฟหน้าวัดหลักสี่ จุดตัดข้ามทางรถไฟหน้าวัดหลักสี่","info":["เขต: เขตหลักสี่","ช่วงติด: ช่วงเวลาเร่งด่วนเช้า (06.00 น. - 08.59 น.)/ช่วงเวลาเร่งด่วนเย็น (16.00 น. - 19.59 น.)","สาเหตุ: รถติดสะสมจากปากซอยกำแพงเพชร 6 ซอย 5","แนวทางแก้ไข: สน.จัดเจ้าหน้าที่อำนวยการจราจรและบังคับใช้กฎหมาย"],"district":"หลักสี่"},"geometry":{"type":"Point","coordinates":[100.58338,13.88867]}},{"type":"Feature","properties":{"title":"หน้าตลาดท่าทราย","info":["เขต: เขตหลักสี่","ช่วงติด: ช่วงเวลาเร่งด่วนเช้า (06.00 น. - 08.59 น.)/ช่วงเวลาเร่งด่วนเย็น (16.00 น. - 19.59 น.)","สาเหตุ: จอดรถกีดขวางการจราจร","แนวทางแก้ไข: สน.จัดเจ้าหน้าที่อำนวยการจราจรและบังคับใช้กฎหมาย"],"district":"หลักสี่"},"geometry":{"type":"Point","coordinates":[100.55481,13.87275]}},{"type":"Feature","properties":{"title":"ถนนวิภาวดี ทางเข้านอร์ทปาร์ค","info":["เขต: เขตหลักสี่","ช่วงติด: ช่วงเวลาเร่งด่วนเช้า (06.00 น. - 08.59 น.)/ช่วงเวลาเร่งด่วนเย็น (16.00 น. - 19.59 น.)","สาเหตุ: รถชะลอตัวรถเลี้ยวซ้าย","แนวทางแก้ไข: ประสานการรถไฟฟ้าเร่งดำเนินการและคืนผิวจราจรในส่วนที่ก่อสร้างแล้วเสร็จพร้อมตีเส้นจราจรชั่วคราวให้รถเคลื่อนตัวได้ดีขึ้น"],"district":"หลักสี่"},"geometry":{"type":"Point","coordinates":[100.57072,13.86657]}},{"type":"Feature","properties":{"title":"ถนนแจ้งวัฒนะ หน้าสำนักงานเขตหลักสี่","info":["เขต: เขตหลักสี่","ช่วงติด: ช่วงเวลาเร่งด่วนเช้า (06.00 น. - 08.59 น.)/ช่วงเวลาเร่งด่วนเย็น (16.00 น. - 19.59 น.)","สาเหตุ: มีการก่อสร้างรถไฟฟ้า","แนวทางแก้ไข: ประสานการรถไฟฟ้าเร่งดำเนินการและคืนผิวจราจรในส่วนที่ก่อสร้างแล้วเสร็จพร้อมตีเส้นจราจรชั่วคราวให้รถเคลื่อนตัวได้ดีขึ้น"],"district":"หลักสี่"},"geometry":{"type":"Point","coordinates":[100.57805,13.8864]}},{"type":"Feature","properties":{"title":"จุุดกลับรถ ถนนงามวงศ์วาน จุดกลับรถใต้สะพานข้ามแยกถนนงามวงศ์วาน","info":["เขต: เขตหลักสี่","ช่วงติด: ช่วงเวลาเร่งด่วนเช้า (06.00 น. - 08.59 น.)/ช่วงเวลาเร่งด่วนเย็น (16.00 น. - 19.59 น.)","สาเหตุ: รถชะลอตัวรอกลับรถ","แนวทางแก้ไข: เพิ่มช่องทางสำหรับกลับรถ"],"district":"หลักสี่"},"geometry":{"type":"Point","coordinates":[100.54778,13.85502]}},{"type":"Feature","properties":{"title":"บริเวณสะพานข้ามแยกลาดพร้าว มุ่งหน้าไปดินแดง ถนนวิภาดีรังสิต","info":["เขต: เขตจตุจักร","ช่วงติด: ช่วงเวลาเร่งด่วนเช้า (06.00 น. - 08.59 น.) /ช่วงเวลาเร่งด่วนเย็น (16.00 น. - 19.59น.)","สาเหตุ: ป้ายบอกเส้นทางการจราจร","แนวทางแก้ไข: ตรวจสอบที่ติดตั้งป้ายร่วมกับหมวดทางหลวงสุทธิสารและประสานการแก้ไข/ติดตั้ง"],"district":"จตุจักร"},"geometry":{"type":"Point","coordinates":[100.55937,13.81508]}},{"type":"Feature","properties":{"title":"ปากซอยพหลโยธิน 18/2","info":["เขต: เขตจตุจักร","ช่วงติด: ช่วงเวลาเร่งด่วนเช้า (06.00 น. - 08.59 น.)","สาเหตุ: 1.จุดติดตั้งป้ายรอรถโดยสารประจำทางที่ไม่ชัดเจน 2.ตัดกิ่งไม้ ต้นไม้บริเวณที่รอรถโดยสารประจำทาง","แนวทางแก้ไข: ประสานสำนักการจราจรและขนส่งติดตั้งป้ายรอรถโดยสารประจำทาง"],"district":"จตุจักร"},"geometry":{"type":"Point","coordinates":[100.55655,13.8071]}},{"type":"Feature","properties":{"title":"บริเวณหน้าตลาดนัดจตุจักร","info":["เขต: เขตจตุจักร","ช่วงติด: เสาร์ - อาทิตย์ (14.00 น. - 19.00 น.)","สาเหตุ: สัญญาณไฟจราจรขาว - แดงไม่ชัดเจน","แนวทางแก้ไข: ตรวจสอบพื้นที่/ความรับผิดชอบ และประสานหน่วยงานที่เกี่ยวข้องดำเนินการแก้ไข"],"district":"จตุจักร"},"geometry":{"type":"Point","coordinates":[100.55134,13.79873]}},{"type":"Feature","properties":{"title":"บริเวณหน้าตลาดต้นไม้","info":["เขต: เขตจตุจักร","ช่วงติด: เสาร์ - อาทิตย์ (10.00 น. - 14.00 น.)","สาเหตุ: สัญญาณไฟจราจรขาว - แดงไม่ชัดเจน","แนวทางแก้ไข: ตรวจสอบพื้นที่/ความรับผิดชอบ และประสานหน่วยงานที่เกี่ยวข้องดำเนินการแก้ไข"],"district":"จตุจักร"},"geometry":{"type":"Point","coordinates":[100.54581,13.79745]}},{"type":"Feature","properties":{"title":"บริเวณแยกกำแพงเพชร - ห้าแยกลาดพร้าว ถนนพหลโยธิน ทั้งสองฝั่ง","info":["เขต: เขตจตุจักร","ช่วงติด: ช่วงเวลาเร่งด่วนเช้า (06.00 น. - 08.59 น.) /ช่วงเวลาเร่งด่วนเย็น (16.00 น. - 19.59น.)","สาเหตุ: ติดตั้งกล้องโทรทัศน์วงจรปิด สำหรับการตรวจสอบการจราจร บริเวณแยกกำแพงเพชร - ห้าแยกลาดพร้าว ถนนพหลโยธิน ทั้งสองฝั่ง","แนวทางแก้ไข: ประสานสำนักการจราจรและขนส่งดำเนินการในส่วนที่เกี่ยวข้อง"],"district":"จตุจักร"},"geometry":{"type":"Point","coordinates":[100.55126,13.79778]}},{"type":"Feature","properties":{"title":"บริเวณทางลงทางด่วนประชานุกูล ให้ครอบคลุมถึงสี่แยกประชานุกุล","info":["เขต: เขตจตุจักร","ช่วงติด: ช่วงเวลาเร่งด่วนเช้า (06.00 น. - 08.59 น.) /ช่วงเวลาเร่งด่วนเย็น (16.00 น. - 19.59น.)","สาเหตุ: 1.ติดตั้งกล้องโทรทัศน์วงจรปิด สำหรับการตรวจสอบการจราจร บริเวณทางลงทางด่วนประชานุกูล ให้ครอบคลุมถึงสี่แยกประชานุกุล 2.การเพิ่มระยะสายไฟสัญญาณจราจรให้เชื่อมต่อไปยังจุดควบคุมไฟสัญญาณป้อมประชานุกูล","แนวทางแก้ไข: ประสานสำนักการจราจรและขนส่งดำเนินการในส่วนที่เกี่ยวข้อง"],"district":"จตุจักร"},"geometry":{"type":"Point","coordinates":[100.5396,13.83083]}},{"type":"Feature","properties":{"title":"ครอบคลุมทั่วพื้นที่","info":["เขต: เขตจตุจักร","ช่วงติด: ช่วงเวลาเร่งด่วนเช้า (06.00 น. - 08.59 น.) /ช่วงเวลาเร่งด่วนเย็น (16.00 น. - 19.59น.)","สาเหตุ: การเชื่อมต่อสัญญาณกล้องโทรทัศน์วงจรปิดของทาง กทม.ให้เจ้าหน้าที่ตำรวจสามารถใช้งานได้เพื่อให้ครอบคลุมสำหรับการติดตามตรวจสอบ","แนวทางแก้ไข: ประสานรายละเอียดขอบเขตพื้นที่ให้ครอบคลุม เพื่อความตกลงร่วมมือกับสำนักการจราจรและขนส่ง"],"district":"จตุจักร"},"geometry":{"type":"Point","coordinates":[100.56922,13.82636]}},{"type":"Feature","properties":{"title":"แยกบางซ่อน ถนนกรุงเทพ-นนทบุรี","info":["เขต: เขตบางซื่อ","ช่วงติด: ช่วงเวลาเร่งด่วนเย็น (16.00 น. - 19.59 น.)","สาเหตุ: รถที่ลงมาจากทางด่วนและมาจากถนนประชาราษฎร์ สาย 1 ไม่สามารถข้ามไปยังมุ่งหน้าถนนประชาชื่นได้ เนื่องจากมีแบริเออร์ขวางทางสี่แยก","แนวทางแก้ไข: #NAME?"],"district":"บางซื่อ"},"geometry":{"type":"Point","coordinates":[100.53254,13.82179]}},{"type":"Feature","properties":{"title":"เเยกวงศ์สว่าง (ถนนวงศ์สว่าง - ถนนกรุงเทพ-นนท์) ฝั่งมุ่งหน้านนทบุรี และฝั่งมุ่งหน้าถนนวิภาวดีรังสิต","info":["เขต: เขตบางซื่อ","ช่วงติด: ช่วงเวลาเร่งด่วนเช้า (06.00 น. - 08.59 น.)/ช่วงเวลาเร่งด่วนเย็น (16.00 น. - 19.59 น.)","สาเหตุ: ปริมาณรถมีจำนวนมากที่จะมุ่งหน้าไปจังหวัดนนทบุรีในช่วงเวลาเร่งด่วน","แนวทางแก้ไข: เพิ่มความถี่การปล่อยสัญญาณไฟเขียว"],"district":"บางซื่อ"},"geometry":{"type":"Point","coordinates":[100.52842,13.82853]}},{"type":"Feature","properties":{"title":"ถนนวงศ์สว่าง (สะพานพระราม 7 – แยกวงศ์สว่าง) ทางลงสะพานพระราม 7 ถนนวงศ์สว่าง ฝั่งมุ่งหน้าถนนประชาชื่น","info":["เขต: เขตบางซื่อ","ช่วงติด: ช่วงเวลาเร่งด่วนเช้า (06.00 น. - 08.59 น.)/ช่วงเวลาเร่งด่วนเย็น (16.00 น. - 19.59 น.)","สาเหตุ: ถนนจากสองเลนเปลี่ยนเป็นสี่เลน เจ้าหน้าที่ตำรวจที่ปล่อยสัญญาณไฟมองไม่เห็นท้ายแถวรถสะสม","แนวทางแก้ไข: #NAME?"],"district":"บางซื่อ"},"geometry":{"type":"Point","coordinates":[100.52661,13.82711]}},{"type":"Feature","properties":{"title":"ทางโค้งตลาดศรีเขมา หน้าโรงเรียนโยธินบูรณะ ถนนประชาราษฎร์สาย 1 ปากซอยประชาราษฎร์สาย 1 ซอย 36","info":["เขต: เขตบางซื่อ","ช่วงติด: ช่วงเวลาเร่งด่วนเช้า (06.00 น. - 08.59 น.)/ช่วงเวลาเร่งด่วนเย็น (16.00 น. - 19.59 น.)","สาเหตุ: บริเวณซอยประชาราษฎร์ สาย 1 ซอย 36 เป็นซอยแคบ ปากซอยอยู่ทางหัวโค้ง ซึ่งมีทั้งรถเข้าและออก ทำให้การจราจรติดขัด","แนวทางแก้ไข: - ขอให้มีเกาะกลางถนน - เปลี่ยนจุดกลับรถโดยให้เลยจากจุดเดิมประมาณ 100 – 150 เมตร - จัดเจ้าหน้าที่เทศกิจร่วมกวดขันจุดที่เป็น จุดฝืด"],"district":"บางซื่อ"},"geometry":{"type":"Point","coordinates":[100.52106,13.81458]}},{"type":"Feature","properties":{"title":"แยก รร. นายเรืออากาศ (ค.ป.อ.) (ถนนพหลโยธิน - ถนนจันทรุเบกษา)","info":["เขต: เขตสายไหม","ช่วงติด: ช่วงเวลาเร่งด่วนเช้า (06.30 น. - 08.30 น.)/ช่วงเวลาเร่งด่วนเย็น (16.00 น. - 19.00 น.)","สาเหตุ: เป็นบริเวณที่รับรถจากถนนจันทรุเบกษา ถนนเลียบคลองสอง ถนนลำลูกกา ผ่านถนนด้านหลังประตูกรุงเทพ","แนวทางแก้ไข: สน.สายไหม จัดเจ้าหน้าที่ประจุดไฟสัญญาณจราจรและอำนวยความสะดวกด้านการจราจรร่วมกับสารวัตรทหารอากาศ"],"district":"สายไหม"},"geometry":{"type":"Point","coordinates":[100.62514,13.92347]}},{"type":"Feature","properties":{"title":"หน้าบิ๊กซีสุขาภิบาล 5 ถึงหน้าตลาดออเงิน ถนนสุขาภิบาล 5","info":["เขต: เขตสายไหม","ช่วงติด: ช่วงเวลาเร่งด่วนเช้า (06.30 น. - 08.30 น.)/ช่วงเวลาเร่งด่วนเย็น (16.30 น. - 20.00 น.)","สาเหตุ: เป็นเส้นทางหลักที่รองรับทางด่วนฉลองรัช และมีซอยแยกตัดกระแสรถทางตรงจำนวนมาก เป็นเส้นทางผ่านศูนย์การค้า ตลาดและหมู่บ้านจัดสรรค่อนข้างมาก","แนวทางแก้ไข: 1.สจส.ติดตั้งกรวจจราจรล้มลุกกันรถเลี้ยวขวาตัดกระแสรถทางตรงเข้าห้างบิ๊กซี (ดำเนินการเรียบร้อยแล้ว) 2. สจส. ตีเส้นทะแยงเหลืองบริเวณทางออกห้างบิ๊กซีสุขาภิบาล 5 3. สน.คันนายาวจัดเจ้าหน้าที่อำนวยความสะดวกจราจรและบังคับใช้กฏหมายในช่วงเวลาเร่งด่วนอย่างเคร่งครัด 4. สจส.ปรับปรุงทางม้าลายปากซอยถนนสุขาภิบาล 5 ที่ 33 ให้ชัดเจน 5. สจส. ปรับปรุงเส้นทะแยงเหลืองบริเวณปากซอยสุขาภิบาล 5 ที่ 41 (ทางเข้าตลาดออเงินให้ชัดเจนขึ้น 6. สจส.ปรับจังหวะสัญญาณไฟทางข้ามบริเวณสามแยกจตุโชติให้สอดคล้องเพื่อให้การจราจรคล่องตัว"],"district":"สายไหม"},"geometry":{"type":"Point","coordinates":[100.6606,13.89689]}},{"type":"Feature","properties":{"title":"วงเวียนบางเขน","info":["เขต: เขตบางเขน","ช่วงติด: ช่วงเช้าเวลา 06.00-09.30 น.,ช่วงเย็นเวลา 16.00-19.30 น.","สาเหตุ: มีปริมาณรถหนาแน่น เคลื่อนตัวช้า รถประมาณ 89-90 % อ้อมวงเวียนเข้าแจ้งวัฒนะเพื่อจะไปขึ้นโทลเวย์หรือวิภาวดี","แนวทางแก้ไข: จัดเจ้าหน้าที่เทศกิจช่วยอำนวยการจราจร อาสาจราจร เฝ้าระวังเหตุรถติด"],"district":"บางเขน"},"geometry":{"type":"Point","coordinates":[100.5971,13.87558]}},{"type":"Feature","properties":{"title":"ถนนรามอินทรา","info":["เขต: เขตบางเขน","ช่วงติด: ช่วงเช้า เวลา 06.00-09.30 น. ช่วงเย็น เวลา 16.00-19.30 น.","สาเหตุ: ขาออกหน้าวัดพระศรีมหาธาตุ มีรถจำนวนมาก ซึ่งทำให้มีปัญหาในเส้นถนนหลัก ถนนรามอินทรา ที่อยู่ระหว่างการก่อสร้าง ทำให้ติดยาวไปถึง กม.4","แนวทางแก้ไข: จัดเจ้าหน้าที่เทศกิจช่วยอำนวยการจราจร อาสาจราจร เฝ้าระวังเหตุรถติด"],"district":"บางเขน"},"geometry":{"type":"Point","coordinates":[100.61346,13.86502]}},{"type":"Feature","properties":{"title":"ถนนเทพรักษ์ตัดถนนพหลโยธิน","info":["เขต: เขตบางเขน","ช่วงติด: ช่วงเช้า เวลา 06.00-09.30 น. ช่วงเย็น เวลา 16.00-19.30 น.","สาเหตุ: มึการก่อสร้างสะพานข้ามแยก ส่งผลกระทบต่อการจราจรติดขัด การก่อสร้างยังเหลือตอม่อสุดท้าย ที่ต้องเทปูน เพดาน","แนวทางแก้ไข: จัดเจ้าหน้าที่เทศกิจช่วยอำนวยการจราจร อาสาจราจร เฝ้าระวังเหตุรถติด"],"district":"บางเขน"},"geometry":{"type":"Point","coordinates":[100.6055,13.89051]}},{"type":"Feature","properties":{"title":"ถนนพหลโยธิน 48","info":["เขต: เขตบางเขน","ช่วงติด: ช่วงเช้า เวลา 06.00-09.30 น.","สาเหตุ: มีการติดตั้งสัญญาณไฟ ยังไม่เปิดใช้งานทำให้รถติดสะสมในซอย"],"district":""},"geometry":{"type":"Point","coordinates":[100.60307,100.60307]}},{"type":"Feature","properties":{"title":"ถนนแจ้งวัฒนะขาเข้า","info":["เขต: เขตบางเขน","ช่วงติด: ช่วงเช้า เวลา 06.00-09.30 น.","สาเหตุ: มีปัญหาช่วงเวลาเร่งด่วนช่วงเย็นกระทบพหลโยธิน ขาออกที่จะเลี้ยวขวาไปถนนเทพรักษ์ รถหนาแน่น ถนนแจ้งวัฒนะถึงวงเวียนบางเขน"],"district":"บางเขน"},"geometry":{"type":"Point","coordinates":[100.59573,13.87623]}},{"type":"Feature","properties":{"title":"บริเวณหน้าตลาดยิ่งเจริญ ปากซอยพหลโยธิน 69/7 ถนนพหลโยธิน","info":["เขต: เขตบางเขน","ช่วงติด: ช่วงเช้า เวลา 06.00-09.30 น.","สาเหตุ: สัญญาณไฟกดปุ่มตรงม้าลาย อาจปรับช่วงเวลาการรอข้ามให้เหมาะสมกับปริมาณจราจร"],"district":"บางเขน"},"geometry":{"type":"Point","coordinates":[100.60731,13.8937]}},{"type":"Feature","properties":{"title":"บริเวณหน้าเสถียรธรรมสถาน ถนนวัชรพล","info":["เขต: เขตบางเขน","ช่วงติด: ช่วงเช้า เวลา 06.00-09.30 น.","สาเหตุ: บริเวณถนนเป็นทางโค้งมีรถจอดข้างทางมาก โดยเฉพาะช่วงเวลาตอนเช้าและตอนเย็น"],"district":"บางเขน"},"geometry":{"type":"Point","coordinates":[100.64094,13.85671]}},{"type":"Feature","properties":{"title":"ถนนรามอินทราบริเวณตลาด กม.4","info":["เขต: เขตบางเขน","ช่วงติด: ช่วงเช้า เวลา 06.00-09.30 น.","สาเหตุ: มีรถโดยสารขนาดเล็กจอดตรงป้ายรถเมย์ ทำให้เหลือ 2 เลน เป็นปัญหาการจราจรติดขัด"],"district":"บางเขน"},"geometry":{"type":"Point","coordinates":[100.62683,13.85798]}},{"type":"Feature","properties":{"title":"ถนนลาดปลาเค้า บริเวณหน้าศูนย์รักษาความปลอดภัย (ศรภ.)","info":["เขต: เขตบางเขน","ช่วงติด: ช่วงเช้า เวลา 06.00-09.30 น.","สาเหตุ: มีรถจอดแช่ป้ายหน้าศูนย์รักษาความปลอดภัย (ศรภ.) และรถขายของจอดตลอดเวลา"],"district":"บางเขน"},"geometry":{"type":"Point","coordinates":[100.60911,13.85604]}},{"type":"Feature","properties":{"title":"จุดกลับรถถนนสรงประภา หน้ากรมการสื่อสารทหาร","info":["เขต: เขตดอนเมือง","ช่วงติด: ช่วงเวลาเร่งด่วนเช้า (06.00 น. - 08.59 น.)/ช่วงเวลาเร่งด่วนเย็น (16.00 น. - 19.59 น.)","สาเหตุ: มีรถประชาชนทั่วไปจอดบริเวณที่กลับรถ ทำให้รถติดสะสมยาว","แนวทางแก้ไข: ทาสีเส้นขาว-แดง เจ้าหน้าที่ตำรวจกวดขันวินัยจราจร"],"district":"ดอนเมือง"},"geometry":{"type":"Point","coordinates":[100.58268,13.92824]}},{"type":"Feature","properties":{"title":"ถนนสรงประภา ตัดเข้าถนนเชิดวุฒากาศ","info":["เขต: เขตดอนเมือง","ช่วงติด: ช่วงเวลาเร่งด่วนเช้า (06.00 น. - 08.59 น.)/ช่วงเวลาเร่งด่วนเย็น (16.00 น. - 19.59 น.)","สาเหตุ: คนข้ามถนนตัดหน้ารถจากถนนสรงประภาเข้าถนนเชิดวุฒากาศ เนื่องจากทางม้าลายอยู่ใกล้ทางโค้งทำให้รถติด","แนวทางแก้ไข: ย้ายทางม้าลายออกไปอีก 30 เมตร เจ้าหน้าที่ตำรวจกวดขันและอำนวยความสะดวกจราจรกั้นแผงเหล็กเพื่อให้ประชาชนไปข้ามทางม้าลายใหม่"],"district":"ดอนเมือง"},"geometry":{"type":"Point","coordinates":[100.59484,13.91016]}},{"type":"Feature","properties":{"title":"ถนนวิภาวดี บริเวณหน้าสนามบินดอนมือง","info":["เขต: เขตดอนเมือง","ช่วงติด: ช่วงเวลาเร่งด่วนเช้า (06.00 น. - 08.59 น.)/ช่วงเวลาเร่งด่วนเย็น (16.00 น. - 19.59 น.)","สาเหตุ: รถมาจากถนนพหลโยธิน กองทัพอากาศ และสะพานกลับรถ ตัดเข้าถนนวิภาวดีมีแท๊กซี่จอดตรงป้ายรถประจำทาง ทำให้รถติดยาว","แนวทางแก้ไข: เจ้าหน้าที่กวดขันวินัยจราจร ติดตั้งเครื่องหมายจราจร และปรับปรุงเส้นจราจรให้ชัดเจนพร้อมติดตั้งกล้อง CCTV ในพื้นที่ที่พบการฝ่าฝืนกฎจราจรเป็นประจำ"],"district":"ดอนเมือง"},"geometry":{"type":"Point","coordinates":[100.60971,13.93533]}},{"type":"Feature","properties":{"title":"ตลาดกีบหมู (ถนนสุเหร่าคลองหนึ่ง) การจราจรติดขัดตั้งแต่แยกลำกะโหลก ถึงตลาดกีบหมู เป็นระยะทางเกือบ 1 กิโลเมตร","info":["เขต: เขตคลองสามวา","ช่วงติด: ช่วงเวลาเร่งด่วนเช้า (06.00 น. - 08.59 น.)/ช่วงเวลาเร่งด่วนเย็น (16.00 น. - 19.59 น.)","สาเหตุ: ปัญหาการจราจรติดขัดจะอยู่ในช่วงเวลาเช้า (7.00 -8.00) เย็น (17.00-18.00) รถประชาชนจากหมู่บ้านจัดสรรในชุมชนซอยสุเหร่าคลองหนึ่ง ซอย15 มีจำนวนมากช่องจราจรมี 2 เลนและมีการรับส่งแรงงาน ในพื้นที่ทำให้มีการสะสมรปริมาณรถในท้ายแถว","แนวทางแก้ไข: สน.มีนบุรีจัดจนท.ตร.จำนวน 1 นายอำนวยความสะดวก จนท.ตร.1 นาย กวดขันการจอดรถ เจ้าหน้าที่เทศกิจ1 นายเป็นผู้ช่วยจราจร"],"district":"คลองสามวา"},"geometry":{"type":"Point","coordinates":[100.70409,13.8417]}},{"type":"Feature","properties":{"title":"แยกเลียบคลองสอง - หทัยราษฎร์ (แยกจ่าเฉย_ตามที่ประชาชนเรียก)","info":["เขต: เขตคลองสามวา","ช่วงติด: ช่วงเวลาเร่งด่วนเช้า (06.00 น. - 08.59 น.)/ช่วงเวลาเร่งด่วนเย็น (16.00 น. - 19.59 น.)","สาเหตุ: ในช่วงเวลาเร่งด่วน ช่วงเช้าการจราจร จะติดขัดขาเข้าเมือง เนื่องบริเวณแยกจ่าเฉยจะมีลักษณะเป็นคอขวดจะมีรถติดสะสม","แนวทางแก้ไข: แนวทางแก้ไขปัญหา สน.มีนบุรีจัด จนท.ตร.จำนวน 2 นาย อำนวยความสะดวกจัดระบบจราจรให้มีจุดกลับรถ ก่อนถึงทางแยก สน.นิมิตรใหม่ จนท.ตร.1 นาย อำนวยความสะดวกจราจร เจ้าหน้าที่เทศกิจคลองสามวา 1 นายเป็นผู้ช่วยจราจร"],"district":"คลองสามวา"},"geometry":{"type":"Point","coordinates":[100.72227,13.86192]}},{"type":"Feature","properties":{"title":"ตั้งแต่แยกเฉลิมบุรีถึงแยกราชวงศ์","info":["เขต: เขตสัมพันธวงศ์","ช่วงติด: ช่วงเวลานอกเร่งด่วนบ่าย (13.00 น. - 15.59 น.)/ช่วงเวลาเร่งด่วนเย็น (16.00 น. - 19.59 น.)/ช่วงเวลากลางคืน (20.00 น. - 22.00 น.)","สาเหตุ: 1) เนื่องจากถนนเยาวราช พื้นที่เขตสัมพันธวงศ์ เป็นสถานที่ท่องเที่ยวระดับโลก ซึ่งมีการทำการค้าอย่างหนาแน่น มีประชาชนมาจับจ่ายใช้สอยจำนวนมาก จึงทำให้การจราจรมีความหนาแน่นสูง 2) ปริมาณรถที่สัญจรผ่านถนนเยาวราชมีจำนวนมาก 3) มีการจอดรถเพื่อซื้อสินค้าหรือเพื่อลงสินค้า รวมทั้งมีการจอดรอลูกค้าของรถบริการสาธารณะ ในช่องทางการเดินรถทั้งด้านซ้ายและขวา 4) มีประชาชนและนักท่องเที่ยวจำนวนมากสัญจรไปมาและข้ามถนนทั้งบริเวณที่ให้ข้าม (ทางม้าลาย) และที่ห้ามมิให้ข้าม ทำให้เกิดการหยุดรถอย่างต่อเนื่อง จึงทำให้เกิดการจราจรติดขัดเป็นอย่างมาก","แนวทางแก้ไข: 1) จัดทำป้ายประชาสัมพันธ์ให้ประชาชนที่สัญจรผ่านเส้นทางทราบปํญหาการจราจรติดขัดเพื่อหลีกเลี่ยงเส้นทาง 2) มีการรณรงค์และประชาสัมพันธ์อย่างต่อเนื่องเพื่อสร้างจิตสำนึกให้แก่ประชาชนให้มีความรับผิดชอบต่อสังคม ทั้งการจอดรถและการข้ามถนน 3) จัดเจ้าหน้าที่เทศกิจอำนวยการด้านการจราจรร่วมกับเจ้าหน้าที่ตำรวจจราจร สถานีตำรวจนครบาลในพื้นที่ 4) ประสานเจ้าหน้าที่ตำรวจในพื้นที่กวดขันการจอดรถทุกชนิด"],"district":"สัมพันธวงศ์"},"geometry":{"type":"Point","coordinates":[100.50857,13.74096]}},{"type":"Feature","properties":{"title":"ตั้งแต่แยกเอสเอบี ถึงเชิงสะพานพระปกเกล้า","info":["เขต: เขตสัมพันธวงศ์","ช่วงติด: ช่วงเวลาเร่งด่วนเย็น (16.00 น. - 20.00 น.)","สาเหตุ: 1) รถติดสะสมต่อเนื่องมาจากแยกบ้านแขกติดต่อเนื่องมาจากวงเวียนใหญ่ เนื่องจากเป็นเวลาเลิกงานประชาชนที่ทำงานในเมืองใช้เส้นทางนี้เพื่อออกไปชานเมือง 2) มีประชาชนข้ามถนนบริเวณปากซอยวานิช 1 เป็นจำนวนมากและต่อเนื่องทำให้เกิดการหยุดรถเพื่อให้ประชาชนข้ามและมีความถี่มาก จึงเกิดการจราจรสะสม 3) มีการจอดรถยนต์ส่วนบุคคลและรถขนส่งสินค้าบริเวณถนนจักรวรรดิทั้ง 2 ฝั่ง ตั้งแต่แยกวัดตึกถึงปากซอยบพิตรพิมุข ทำให้สูญเสียผิดจราจรไป 2 ช่องทาง","แนวทางแก้ไข: 1) ประสานเจ้าหน้าที่ตำรวจ สถานีตำรวจนครบาลจักรวรรดิ ให้ประสานการระบายรถกับสถานีตำรวจนครบาลบุปผารามอย่างต่อเนื่อง และกวดขันการจอดรถของประชาชนในช่วงเวลาเร่งด่วน 2) จัดเจ้าหน้าที่เทศกิจอำนวยการด้านการจราจรร่วมกับเจ้าหน้าที่ตำรวจจราจร สถานีตำรวจนครบาลจักรวรรดิ และอำนวยความสะดวกให้แก่ประชาชนในการข้ามถนนตรงทางม้าลาย โดยมีการกำหนดความถี่อย่างชัดเจน 3) มีการประชาสัมพันธ์อย่างต่อเนื่องเพื่อสร้างจิตสำนึกของประชาชนให้มีความรับผิดชอบต่อสังคม ทั้งการจอดรถและการข้ามถนน"],"district":"สัมพันธวงศ์"},"geometry":{"type":"Point","coordinates":[100.50555,13.74554]}},{"type":"Feature","properties":{"title":"ถนนประชาราษฎร์บำเพ็ญ ตั้งแต่แยกห้วยขวางถึงแยกตัดถนนประชาอุทิศ","info":["เขต: เขตห้วยขวาง","ช่วงติด: ช่วงเช้าเวลา 07.00-.09.00 และ ช่วงเย็น เวลา 16.00-20.00 น.","สาเหตุ: มีซอยย่อยจำนวนมากและเป็นเขตเศรษฐกิจ","แนวทางแก้ไข: จัดเจ้าหน้าที่อำนวยความสะดวกการจราจรในชั่วโมงเร่งด่วน"],"district":"ห้วยขวาง"},"geometry":{"type":"Point","coordinates":[100.57623,13.7786]}},{"type":"Feature","properties":{"title":"ถนนเพชรบุรีขาเข้า ลงสะพานคลองตัน จนถึง แยกอโศก-เพชรบุรี","info":["เขต: เขตห้วยขวาง","ช่วงติด: ช่วงเช้าเวลา 07.00-.09.00 และ ช่วงเย็น เวลา 16.00-20.00 น.","สาเหตุ: เป็นเขตเศรษฐกิจและมีสำนักงาน บริษัทต่างๆเป็นจำนวนมาก","แนวทางแก้ไข: มีการเปิดช่องทางพิเศษ บริเวณแยกมารยาทดีและแยกทองหล่อ"],"district":"ห้วยขวาง"},"geometry":{"type":"Point","coordinates":[100.58912,13.74382]}},{"type":"Feature","properties":{"title":"ถนนลาดพร้าวทั้งสองฝั่งตั้งแต่ คลองบางซื่อ ถึง คลองน้ำแก้ว","info":["เขต: เขตห้วยขวาง","ช่วงติด: ตลอดช่วงกลางวัน","สาเหตุ: มีการก่อสร้างรถไฟฟ้า","แนวทางแก้ไข: ประสาน สน.พหลโยธินดำเนินการ"],"district":"ห้วยขวาง"},"geometry":{"type":"Point","coordinates":[100.58616,13.79893]}},{"type":"Feature","properties":{"title":"ถนนประดิษฐ์มนูธรรมทั้งเส้น และ จุดกลับรถหน้าศูนย์การเซ็นทรัลเฟสติวัล อิสต์วิลล์","info":["เขต: เขตลาดพร้าว","ช่วงติด: ช่วงเวลาเร่งด่วนเช้า (06.00 น. - 08.59 น.)/ช่วงเวลาเร่งด่วนเย็น (16.00 น. - 19.59 น.)","สาเหตุ: ถนนประดิษฐ์มนูธรรมมีจุดตัดของถนน 4 จุด จุดกลับรถ 4 จุด มีห้างสรรพสินค้า โรงเรียน ทำให้กระแสรถตัดกันเกิดการชะลอตัว จุดที่มีการจราจรติดขัดมาก บริเวณทางกลับรถหน้าห้างเซ็นทรัลเฟสติวัลต์ อีสวิลล์ เนื่องจากตรงกับช่องกลับรถ","แนวทางแก้ไข: มอบฝ่ายโยธาประสานสำนักการโยธาและทางการพิเศษแห่งประเทศไทย 1.ปรับแบริเออร์และวัสดุกั้นช่องทางจราจรให้มีแนวยาวมากขึ้น ปรับผิวจราจร และตัดคัดหินฟุตบาทด้านขวามือให้กว้างขึ้นไม่ให้รถเบี่ยงออกด้านซ้าย 2.ตัดคันหิน ปรับผิวฟุตบาทบริเวณทางออกห้างเซ็นทรัล เพิ่มมุมเลี้ยวซ้ายให้สะดวกมากขึ้น"],"district":"ลาดพร้าว"},"geometry":{"type":"Point","coordinates":[100.61562,13.80203]}},{"type":"Feature","properties":{"title":"ปากทางเข้าโรงเรียนสตรีวิทยา 2 ถนนสุคนธสวัสดิ์","info":["เขต: เขตลาดพร้าว","ช่วงติด: ช่วงเวลาเร่งด่วนเช้า (06.00 น. - 08.59 น.)/ช่วงเวลาเร่งด่วนเย็น (16.00 น. - 19.59 น.)","สาเหตุ: เนื่องจากตำรวจจราจรต้องเร่งระบายรถเข้า-ออก บนถนนประเสริฐมนูกิจ","แนวทางแก้ไข: สน.ท้องที่จัดเจ้าหน้าที่ตำรวจจราจรประจำบริเวณทางแยกเข้าโรงเรียน และใช้วิทยุติดต่อกับผู้ควบคุมสัญญาณไฟจราจรบริเวณถนนประเสริฐมนูกิจ"],"district":"ลาดพร้าว"},"geometry":{"type":"Point","coordinates":[100.61759,13.82441]}},{"type":"Feature","properties":{"title":"ด้านหลังโรงเรียนสตรีวิทยา 2 ถนนประเสริฐมนูกิจ","info":["เขต: เขตลาดพร้าว","ช่วงติด: ช่วงเวลาเร่งด่วนเช้า (06.00 น. - 08.59 น.)/ช่วงเวลาเร่งด่วนเย็น (16.00 น. - 19.59 น.)","สาเหตุ: มีการจอดรับ-ส่ง นักเรียน บริเวณผิวการจราจรด้านหลังโรงเรียนสตรีวิทยา 2","แนวทางแก้ไข: 1.สน.ท้องที่ จัดเจ้าหน้าที่ตำรวจประชาสัมพันธ์กวดขันห้ามจอด 2.ฝ่ายโยธาประสาน บ.สยามประชาคาร ขอใช้พื้นที่ว่างทำเป็นที่จอดรถผู้ปกครองนักเรียนเป็นการชั่วคราว"],"district":"ลาดพร้าว"},"geometry":{"type":"Point","coordinates":[100.61646,13.83098]}},{"type":"Feature","properties":{"title":"ถนนประดิษฐ์มนูธรรมตัดกับถนนประเสริฐมนูกิจ (บริเวณตลาดหัวมุม)","info":["เขต: เขตลาดพร้าว","ช่วงติด: ช่วงเวลาเร่งด่วนเช้า (06.00 น. - 08.59 น.)/ช่วงเวลาเร่งด่วนเย็น (16.00 น. - 19.59 น.)","สาเหตุ: มีรถจักรยานยนต์ฝ่าฝืนเครื่องหมายจราจร เนื่องจากมีการห้ามรถตรงไป แต่รถจักรยายนต์มักจะฝ่าฝืนตรงไป ไม่เลี้ยวซ้าย","แนวทางแก้ไข: ฝ่ายเทศกิจประสานกรมทางหลวง นำแบริเออร์มาตั้งวางขวางเพิ่มความยาวอีก 2 เมตร"],"district":"บึงกุ่ม"},"geometry":{"type":"Point","coordinates":[100.62853,13.82543]}},{"type":"Feature","properties":{"title":"บริเวณแยก กม.8 ถนนรามอินทรา","info":["เขต: เขตคันนายาว","ช่วงติด: ช่วงเวลาเร่งด่วนเช้า (06.00 น. - 08.59 น.)/ช่วงเวลาเร่งด่วนเย็น (16.00 น. - 19.59 น.)","สาเหตุ: 1.การก่อสร้างรถไฟฟ้าทำให้ช่องจราจรเหลือน้อย 2. ปริมาณรถมีจำนวนมากเกินกว่าที่ถนนจะรองรับได้ 3. สภาพถนนบางช่วงชำรุดทำให้จราจรติดขัด 4. ถนนบางช่วงมีรถจอดเลนซ้ายทำให้สูญเสียช่องจราจร 5. ฝนตกน้ำท่วมขังช่องจราจรด้านซ้ายทำให้รถเบียดกันวิ่งในช่องทางด้านขวา","แนวทางแก้ไข: 1. เจ้าหน้าที่ตำรวจจัดการจราจรและกวดขันผู้กระทำผิดกฎจราจร 2. เพิ่มอัตรากำลังเจ้าหน้าที่ตำรวจในการระบายรถในชั่วโมงเร่งด่วน 3. ขอความร่วมมือกรมทางหลวงปรับปรุงผิวจราจรที่ชำรุด 4. เจ้าหน้าที่เทศกิจประชาสัมพันธ์รถจอดไม่เป็นระเบียบเรียบร้อย 5. ฝ่ายโยธาตรวจสอบถนนที่อยู่ในความรับผิดชอบดูแลพื้นผิวจราจร ไม่ให้เป็นอุปสรรคในการสัญจร 6. ประสานผู้รับเหมาก่อสร้างรถไฟฟ้าคืนพื้นผิวจราจรช่วงเวลาเร่งด่วน"],"district":"คันนายาว"},"geometry":{"type":"Point","coordinates":[100.66253,13.83881]}},{"type":"Feature","properties":{"title":"สามแยกถนนสวนสยามบรรจบถนนรามอินทรา","info":["เขต: เขตคันนายาว","ช่วงติด: ช่วงเวลาเร่งด่วนเช้า (06.00 น. - 08.59 น.)/ช่วงเวลาเร่งด่วนเย็น (16.00 น. - 19.59 น.)","สาเหตุ: 1.การก่อสร้างรถไฟฟ้าทำให้ช่องจราจรเหลือน้อย 2. ปริมาณรถมีจำนวนมากเกินกว่าที่ถนนจะรองรับได้ 3. สภาพถนนบางช่วงชำรุดทำให้จราจรติดขัด 4. ถนนบางช่วงมีรถจอดเลนซ้ายทำให้สูญเสียช่องจราจร 5. ฝนตกน้ำท่วมขังช่องจราจรด้านซ้ายทำให้รถเบียดกันวิ่งในช่องทางด้านขวา","แนวทางแก้ไข: 1. เจ้าหน้าที่ตำรวจจัดการจราจรและกวดขันผู้กระทำผิดกฎจราจร 2. เพิ่มอัตรากำลังเจ้าหน้าที่ตำรวจในการระบายรถในชั่วโมงเร่งด่วน 3. ขอความร่วมมือกรมทางหลวงปรับปรุงผิวจราจรที่ชำรุด 4. เจ้าหน้าที่เทศกิจประชาสัมพันธ์รถจอดไม่เป็นระเบียบเรียบร้อย 5. ฝ่ายโยธาตรวจสอบถนนที่อยู่ในความรับผิดชอบดูแลพื้นผิวจราจร ไม่ให้เป็นอุปสรรคในการสัญจร 6. ประสานผู้รับเหมาก่อสร้างรถไฟฟ้าคืนพื้นผิวจราจรช่วงเวลาเร่งด่วน"],"district":"คันนายาว"},"geometry":{"type":"Point","coordinates":[100.68763,13.81482]}},{"type":"Feature","properties":{"title":"สามแยกอมรพันธ์ ถนนเสรีไทย","info":["เขต: เขตคันนายาว","ช่วงติด: ช่วงเวลาเร่งด่วนเช้า (06.00 น. - 08.59 น.)/ช่วงเวลาเร่งด่วนเย็น (16.00 น. - 19.59 น.)","สาเหตุ: 1.การก่อสร้างรถไฟฟ้าทำให้ช่องจราจรเหลือน้อย 2. ปริมาณรถมีจำนวนมากเกินกว่าที่ถนนจะรองรับได้ 3. สภาพถนนบางช่วงชำรุดทำให้จราจรติดขัด 4. ถนนบางช่วงมีรถจอดเลนซ้ายทำให้สูญเสียช่องจราจร 5. ฝนตกน้ำท่วมขังช่องจราจรด้านซ้ายทำให้รถเบียดกันวิ่งในช่องทางด้านขวา","แนวทางแก้ไข: 1. เจ้าหน้าที่ตำรวจจัดการจราจรและกวดขันผู้กระทำผิดกฎจราจร 2. เพิ่มอัตรากำลังเจ้าหน้าที่ตำรวจในการระบายรถในชั่วโมงเร่งด่วน 3. ขอความร่วมมือกรมทางหลวงปรับปรุงผิวจราจรที่ชำรุด 4. เจ้าหน้าที่เทศกิจประชาสัมพันธ์รถจอดไม่เป็นระเบียบเรียบร้อย 5. ฝ่ายโยธาตรวจสอบถนนที่อยู่ในความรับผิดชอบดูแลพื้นผิวจราจร ไม่ให้เป็นอุปสรรคในการสัญจร 6. ประสานผู้รับเหมาก่อสร้างรถไฟฟ้าคืนพื้นผิวจราจรช่วงเวลาเร่งด่วน"],"district":"คันนายาว"},"geometry":{"type":"Point","coordinates":[100.6912,13.79562]}},{"type":"Feature","properties":{"title":"หน้าห้างแฟชั่นไอส์แลนด์ ถนนรามอินทรา","info":["เขต: เขตคันนายาว","ช่วงติด: ช่วงเวลาเร่งด่วนเช้า (06.00 น. - 08.59 น.)/ช่วงเวลาเร่งด่วนเย็น (16.00 น. - 19.59 น.)","สาเหตุ: 1.การก่อสร้างรถไฟฟ้าทำให้ช่องจราจรเหลือน้อย 2. ปริมาณรถมีจำนวนมากเกินกว่าที่ถนนจะรองรับได้ 3. สภาพถนนบางช่วงชำรุดทำให้จราจรติดขัด 4. ถนนบางช่วงมีรถจอดเลนซ้ายทำให้สูญเสียช่องจราจร 5. ฝนตกน้ำท่วมขังช่องจราจรด้านซ้ายทำให้รถเบียดกันวิ่งในช่องทางด้านขวา","แนวทางแก้ไข: 1. เจ้าหน้าที่ตำรวจจัดการจราจรและกวดขันผู้กระทำผิดกฎจราจร 2. เพิ่มอัตรากำลังเจ้าหน้าที่ตำรวจในการระบายรถในชั่วโมงเร่งด่วน 3. ขอความร่วมมือกรมทางหลวงปรับปรุงผิวจราจรที่ชำรุด 4. เจ้าหน้าที่เทศกิจประชาสัมพันธ์รถจอดไม่เป็นระเบียบเรียบร้อย 5. ฝ่ายโยธาตรวจสอบถนนที่อยู่ในความรับผิดชอบดูแลพื้นผิวจราจร ไม่ให้เป็นอุปสรรคในการสัญจร 6. ประสานผู้รับเหมาก่อสร้างรถไฟฟ้าคืนพื้นผิวจราจรช่วงเวลาเร่งด่วน"],"district":"คันนายาว"},"geometry":{"type":"Point","coordinates":[100.67723,13.82458]}},{"type":"Feature","properties":{"title":"จุดก่อสร้างรถไฟฟ้าสายสีชมพู หน้าหมู่บ้านวิสุทธาวิว ถนนรามอินทรา","info":["เขต: เขตคันนายาว","ช่วงติด: ช่วงเวลาเร่งด่วนเช้า (06.00 น. - 08.59 น.)/ช่วงเวลาเร่งด่วนเย็น (16.00 น. - 19.59 น.)","สาเหตุ: 1.การก่อสร้างรถไฟฟ้าทำให้ช่องจราจรเหลือน้อย 2. ปริมาณรถมีจำนวนมากเกินกว่าที่ถนนจะรองรับได้ 3. สภาพถนนบางช่วงชำรุดทำให้จราจรติดขัด 4. ถนนบางช่วงมีรถจอดเลนซ้ายทำให้สูญเสียช่องจราจร 5. ฝนตกน้ำท่วมขังช่องจราจรด้านซ้ายทำให้รถเบียดกันวิ่งในช่องทางด้านขวา","แนวทางแก้ไข: 1. เจ้าหน้าที่ตำรวจจัดการจราจรและกวดขันผู้กระทำผิดกฎจราจร 2. เพิ่มอัตรากำลังเจ้าหน้าที่ตำรวจในการระบายรถในชั่วโมงเร่งด่วน 3. ขอความร่วมมือกรมทางหลวงปรับปรุงผิวจราจรที่ชำรุด 4. เจ้าหน้าที่เทศกิจประชาสัมพันธ์รถจอดไม่เป็นระเบียบเรียบร้อย 5. ฝ่ายโยธาตรวจสอบถนนที่อยู่ในความรับผิดชอบดูแลพื้นผิวจราจร ไม่ให้เป็นอุปสรรคในการสัญจร 6. ประสานผู้รับเหมาก่อสร้างรถไฟฟ้าคืนพื้นผิวจราจรช่วงเวลาเร่งด่วน"],"district":"คันนายาว"},"geometry":{"type":"Point","coordinates":[100.68533,13.81691]}},{"type":"Feature","properties":{"title":"หน้าโรงพยาบาลนพรัตนราชธานี","info":["เขต: เขตคันนายาว","ช่วงติด: ช่วงเวลาเร่งด่วนเช้า (06.00 น. - 08.59 น.)/ช่วงเวลาเร่งด่วนเย็น (16.00 น. - 19.59 น.)","สาเหตุ: 1.การก่อสร้างรถไฟฟ้าทำให้ช่องจราจรเหลือน้อย 2. ปริมาณรถมีจำนวนมากเกินกว่าที่ถนนจะรองรับได้ 3. สภาพถนนบางช่วงชำรุดทำให้จราจรติดขัด 4. ถนนบางช่วงมีรถจอดเลนซ้ายทำให้สูญเสียช่องจราจร 5. ฝนตกน้ำท่วมขังช่องจราจรด้านซ้ายทำให้รถเบียดกันวิ่งในช่องทางด้านขวา","แนวทางแก้ไข: 1. เจ้าหน้าที่ตำรวจจัดการจราจรและกวดขันผู้กระทำผิดกฎจราจร 2. เพิ่มอัตรากำลังเจ้าหน้าที่ตำรวจในการระบายรถในชั่วโมงเร่งด่วน 3. ขอความร่วมมือกรมทางหลวงปรับปรุงผิวจราจรที่ชำรุด 4. เจ้าหน้าที่เทศกิจประชาสัมพันธ์รถจอดไม่เป็นระเบียบเรียบร้อย 5. ฝ่ายโยธาตรวจสอบถนนที่อยู่ในความรับผิดชอบดูแลพื้นผิวจราจร ไม่ให้เป็นอุปสรรคในการสัญจร 6. ประสานผู้รับเหมาก่อสร้างรถไฟฟ้าคืนพื้นผิวจราจรช่วงเวลาเร่งด่วน"],"district":"คันนายาว"},"geometry":{"type":"Point","coordinates":[100.68711,13.81528]}},{"type":"Feature","properties":{"title":"จุดกลับรถหน้าบริษัทมนตรีทรานสปอร์ต ถนนเสรีไทย","info":["เขต: เขตคันนายาว","ช่วงติด: ช่วงเวลาเร่งด่วนเช้า (06.00 น. - 08.59 น.)/ช่วงเวลาเร่งด่วนเย็น (16.00 น. - 19.59 น.)","สาเหตุ: 1.การก่อสร้างรถไฟฟ้าทำให้ช่องจราจรเหลือน้อย 2. ปริมาณรถมีจำนวนมากเกินกว่าที่ถนนจะรองรับได้ 3. สภาพถนนบางช่วงชำรุดทำให้จราจรติดขัด 4. ถนนบางช่วงมีรถจอดเลนซ้ายทำให้สูญเสียช่องจราจร 5. ฝนตกน้ำท่วมขังช่องจราจรด้านซ้ายทำให้รถเบียดกันวิ่งในช่องทางด้านขวา","แนวทางแก้ไข: 1. เจ้าหน้าที่ตำรวจจัดการจราจรและกวดขันผู้กระทำผิดกฎจราจร 2. เพิ่มอัตรากำลังเจ้าหน้าที่ตำรวจในการระบายรถในชั่วโมงเร่งด่วน 3. ขอความร่วมมือกรมทางหลวงปรับปรุงผิวจราจรที่ชำรุด 4. เจ้าหน้าที่เทศกิจประชาสัมพันธ์รถจอดไม่เป็นระเบียบเรียบร้อย 5. ฝ่ายโยธาตรวจสอบถนนที่อยู่ในความรับผิดชอบดูแลพื้นผิวจราจร ไม่ให้เป็นอุปสรรคในการสัญจร 6. ประสานผู้รับเหมาก่อสร้างรถไฟฟ้าคืนพื้นผิวจราจรช่วงเวลาเร่งด่วน"],"district":"คันนายาว"},"geometry":{"type":"Point","coordinates":[100.68746,13.79366]}},{"type":"Feature","properties":{"title":"ถนนปัญญาอินทรา ตัดถนนคู่ขนานกาญจนาภิเษก","info":["เขต: เขตคันนายาว","ช่วงติด: ช่วงเวลาเร่งด่วนเช้า (06.00 น. - 08.59 น.)/ช่วงเวลาเร่งด่วนเย็น (16.00 น. - 19.59 น.)","สาเหตุ: 1.การก่อสร้างรถไฟฟ้าทำให้ช่องจราจรเหลือน้อย 2. ปริมาณรถมีจำนวนมากเกินกว่าที่ถนนจะรองรับได้ 3. สภาพถนนบางช่วงชำรุดทำให้จราจรติดขัด 4. ถนนบางช่วงมีรถจอดเลนซ้ายทำให้สูญเสียช่องจราจร 5. ฝนตกน้ำท่วมขังช่องจราจรด้านซ้ายทำให้รถเบียดกันวิ่งในช่องทางด้านขวา","แนวทางแก้ไข: 1. เจ้าหน้าที่ตำรวจจัดการจราจรและกวดขันผู้กระทำผิดกฎจราจร 2. เพิ่มอัตรากำลังเจ้าหน้าที่ตำรวจในการระบายรถในชั่วโมงเร่งด่วน 3. ขอความร่วมมือกรมทางหลวงปรับปรุงผิวจราจรที่ชำรุด 4. เจ้าหน้าที่เทศกิจประชาสัมพันธ์รถจอดไม่เป็นระเบียบเรียบร้อย 5. ฝ่ายโยธาตรวจสอบถนนที่อยู่ในความรับผิดชอบดูแลพื้นผิวจราจร ไม่ให้เป็นอุปสรรคในการสัญจร 6. ประสานผู้รับเหมาก่อสร้างรถไฟฟ้าคืนพื้นผิวจราจรช่วงเวลาเร่งด่วน"],"district":"คันนายาว"},"geometry":{"type":"Point","coordinates":[100.67468,13.83042]}},{"type":"Feature","properties":{"title":"จุดกลับรถปากซอยลาดพร้าว 130/2 ถนนลาดพร้าว (จุดก่อสร้างรถไฟฟ้าสายสีเหลือง)","info":["เขต: เขตบางกะปิ","ช่วงติด: ช่วงเวลาเร่งด่วนเช้า (06.00 น. - 08.59 น.)/ช่วงเวลาเร่งด่วนเย็น (16.00 น. - 19.59 น.)","สาเหตุ: มีการก่อสร้างรถไฟฟ้าสายสีเหลือง บริเวณจุดกลับรถอยู่ในความรับผิดชอบของบริษัท ซิโน-ไทย เอ็นจีเนียริ่งแอนด์คอนสตรั๊คชั่น จำกัด (มหาชน)","แนวทางแก้ไข: โดยทางเจ้าหน้าที่ตำรวจ สน.ลาดพร้าว ขอให้ผู้ประกอบการพิจารณาเปลี่ยนจุดกลับรถหรือจัดทำสัญลักษณ์ให้สัมพันธ์กับสัญญาณไฟจราจรบริเวณดังกล่าว เพื่อแก้ไขปัญหาการจราจร"],"district":"วังทองหลาง"},"geometry":{"type":"Point","coordinates":[100.62926,13.77512]}},{"type":"Feature","properties":{"title":"ก่อสร้างรถไฟฟ้าสายสีส้ม ซอยรามคำแหง 9 ถึงซอยรามคำแหง 11 (มุ่งหน้ามหาวิทยาลัยรามคำแหง)","info":["เขต: เขตบางกะปิ","ช่วงติด: ช่วงเวลาเร่งด่วนเช้า (06.00 น. - 08.59 น.)/ช่วงเวลาเร่งด่วนเย็น (16.00 น. - 19.59 น.)","สาเหตุ: โครงการรถไฟฟ้าสายสีส้ม สัญญา 3 อยู่ในความรับผิดชอบของ บริษัท ซิโน-ไทย เอ็นจี","แนวทางแก้ไข: โดยขอความร่วมมือผู้ประกอบการในการจัดระเบียบแนวแบริเออร์ให้ล้ำผิวจราจรให้น้อยที่สุด จัดเก็บวัสดุอุปกรณ์มิให้ล้ำผิวจราจร ปรับผิวจราจรที่ชำรุด บริเวณดังกล่าวและได้ดำเนินการลอกท่อระบายน้ำตามแนวการก่อสร้าง 100 เปอร์เซ็นต์ บริเวณ ซอยรามคำแหง 12 และจะมีการลอกท่อระบายน้ำเพิ่มเติม ตั้งแต่ ซอยรามคำแหง 7 ถึง รามคำแหง 11 ในช่วงเดือน กันยายน นี้"],"district":"บางกะปิ"},"geometry":{"type":"Point","coordinates":[100.60786,13.74989]}},{"type":"Feature","properties":{"title":"ถนนลาดพร้าว ทางเข้าปากซอยลาดพร้าว 101","info":["เขต: เขตบางกะปิ","ช่วงติด: ช่วงเวลาเร่งด่วนเช้า (06.00 น. - 08.59 น.)/ช่วงเวลาเร่งด่วนเย็น (16.00 น. - 19.59 น.)","สาเหตุ: มีการก่อสร้างรถไฟฟ้าสายสีเหลือง อยู่ในความรับผิดชอบของบริษัท ซิโน-ไทย เอ็นจีเนียริ่ง แอนด์คอนสตรั๊คชั่น จำกัด (มหาชน)","แนวทางแก้ไข: โดยขอความร่วมมือผู้ประกอบการในการจัดระเบียบแนวแบริเออร์ให้ล้ำผิวจราจรให้น้อยที่สุด ปรับผิวจราจรที่ชำรุด พร้อมคืนพื้นผิวจราจรทั้งหมดภายในสิ้นปีนี้ และขอความร่วมมือเจ้าหน้าที่ตำรวจในการบังคับใช้กฎหมายกับผู้ฝ่าฝืนจอดรถในที่ห้ามจอด และจะประสานการฟ้านครหลวงในส่วนของการดูแลแผ่นเหล็กบนผิวจราจรของการนำสายไฟฟ้าลงใต้ดินที่ชำรุด และการประปานครหลวงในส่วนของการดูแลแผ่นปูนบนผิวจราจร ในการวางแนวท่อประปา บนถนนลาดพร้าว"],"district":"บางกะปิ"},"geometry":{"type":"Point","coordinates":[100.62916,13.77506]}},{"type":"Feature","properties":{"title":"แยกนิด้า (ถนนเสรีไทย - ถนนศรีบูรพา) ถนนเสรีไทยฝั่งขาเข้า","info":["เขต: เขตบึงกุ่ม","ช่วงติด: ช่วงเวลาเร่งด่วนเช้า (06.00 น. - 08.59 น.)/ช่วงเวลานอกเร่งด่วนสาย (10.00 น. - 12.59 น.)/ช่วงเวลานอกเร่งด่วนบ่าย (13.00 น. - 15.59 น.)/ช่วงเวลาเร่งด่วนเย็น (16.00 น. - 19.59 น.)/ช่วงเวลากลางคืน (20.00 น. - 05.59 น.)","สาเหตุ: ปริมาณรถติดสะสมต่อเนื่อง","แนวทางแก้ไข: 1.จัดเจ้าหน้าที่ตำรวจอำนวยการจราจร 2.จัดเจ้าหน้าที่เทศกิจสนับสนุน 3.ประชาสัมพันธ์"],"district":"บางกะปิ"},"geometry":{"type":"Point","coordinates":[100.65398,13.7721]}},{"type":"Feature","properties":{"title":"แยกนวมินทร์-ประเสริฐมนูกิจ (ถนนประเสริฐมนูกิจฝั่งขาเข้า)","info":["เขต: เขตบึงกุ่ม","ช่วงติด: ช่วงเวลาเร่งด่วนเช้า (06.00 น. - 08.59 น.)/ช่วงเวลาเร่งด่วนเย็น (16.00 น. - 19.59 น.)/ช่วงเวลากลางคืน (20.00 น. - 05.59 น.)","สาเหตุ: ปริมาณรถติดสะสมต่อเนื่อง","แนวทางแก้ไข: 1.จัดเจ้าหน้าที่ตำรวจอำนวยการจราจร 2.จัดเจ้าหน้าที่เทศกิจสนับสนุน"],"district":"บึงกุ่ม"},"geometry":{"type":"Point","coordinates":[100.65012,13.80981]}},{"type":"Feature","properties":{"title":"ถนนเสรีไทย-ถนนศรีบูรพา ทางเข้าร.ร.พร้อมมิตรวิทยา","info":["เขต: เขตบึงกุ่ม","ช่วงติด: ช่วงเวลาเร่งด่วนเช้า (06.00 น. - 07.00 น.)/ช่วงเวลาเร่งด่วนเย็น (16.00 น. - 17.00 น.)","สาเหตุ: 1.รถรับส่งของผู้ปกครองจอดแช่ไม่ขยับ 2.รถรับส่งของโรงเรียนจอดแช่ไม่ขยับ","แนวทางแก้ไข: 1.จัดเจ้าหน้าที่ตำรวจอำนวยการจราจร 2.จัดเจ้าหน้าที่เทศกิจสนับสนุน 3.ประชาสัมพันธ์"],"district":"บางกะปิ"},"geometry":{"type":"Point","coordinates":[100.65563,13.77108]}},{"type":"Feature","properties":{"title":"ถนนโพธิ์แก้วตัดกับถนนนวมินทร์","info":["เขต: เขตบึงกุ่ม","ช่วงติด: ช่วงเวลาเร่งด่วนเช้า (06.00 น. - 08.59 น.)/ช่วงเวลาเร่งด่วนเย็น (16.00 น. - 19.59 น.)","สาเหตุ: ปริมาณรถติดสะสมต่อเนื่องจากซอยลาดพร้าว 101 ,ซอยลาดพร้าว 87 และซอยโยธินพัฒนา","แนวทางแก้ไข: จัดเจ้าหน้าที่ตำรวจอำนวยการจราจรและตามจุดกลับรถทุกจุดเพื่อให้การจราจรเกิดความคล่องตัว"],"district":"บึงกุ่ม"},"geometry":{"type":"Point","coordinates":[100.64809,13.80201]}},{"type":"Feature","properties":{"title":"หน้าร.ร.เลิศหล้า ถนนประเสริฐมนูกิจ (ถนนประเสริฐมนูกิจฝั่งขาเข้า)","info":["เขต: เขตบึงกุ่ม","ช่วงติด: ช่วงเวลาเร่งด่วนเช้า (06.00 น. - 08.59 น.)/ช่วงเวลาเร่งด่วนเย็น (16.00 น. - 19.59 น.)/ช่วงเวลากลางคืน (20.00 น. - 05.59 น.)","สาเหตุ: รถรับส่งของผู้ปกครองจอดเพื่อรอเข้าร.ร.","แนวทางแก้ไข: 1.จัดเจ้าหน้าที่ตำรวจอำนวยการจร 2.ประชาสัมพันธ์กับทางร.ร. 3.ประสานหาสถานที่จอดรถเพิ่มเติมให้ผู้ปกครองที่มารับส่งบุตรหลาน"],"district":"บึงกุ่ม"},"geometry":{"type":"Point","coordinates":[100.63851,13.81777]}},{"type":"Feature","properties":{"title":"แยกศรีนครินทร์ 55 (เชื่อม 327) (ถนนศรีนครินทร์ - ซอยศรีนครินทร์ 55)","info":["เขต: เขตประเวศ","ช่วงติด: ช่วงเวลาเร่งด่วนเช้า (06.00 น. - 08.59 น.)/ช่วงเวลาเร่งด่วนเย็น (16.00 น. - 19.59 น.)","สาเหตุ: มีการก่อสร้างรถไฟฟ้าสายสีเหลือง และช่องทางเดินรถจาก 4 ช่อง เหลือ 3 ช่อง และจาก3 ช่อง เหลือ 2 ช่อง ในระยะทาง150 เมตร บริเวณดังกล่าว","แนวทางแก้ไข: ในเบื้องต้นได้ติดป้ายประชาสัมพันธ์ให้ผู้ใช้ทางทราบแล้ว และรอให้การก่อสร้างแล้วเสีจ"],"district":"ประเวศ"},"geometry":{"type":"Point","coordinates":[100.64709,13.68941]}},{"type":"Feature","properties":{"title":"แยกประเวศ (ถนนสุขุมวิท 77 (ถนนอ่อนนุช-ลาดกระบัง) - ถนนเฉลิมพระเกียรติ ร. 9)","info":["เขต: เขตประเวศ","ช่วงติด: ช่วงเวลาเร่งด่วนเช้า (06.00 น. - 08.59 น.)/ช่วงเวลาเร่งด่วนเย็น (16.00 น. - 19.59 น.)","สาเหตุ: รถที่มาจากทุกเส้นทางจะมากลับรถเพื้อเลี้ยวขวาเข้าถนนมอเตอร์เวย์","แนวทางแก้ไข: กรมทางหลวงกำลังก่อสร้างถนนเพื่อเข้าไปยังถนนมอเตอร์เวย์โดยไม้ผ่านจุดกลับรถ"],"district":"ประเวศ"},"geometry":{"type":"Point","coordinates":[100.69784,13.72167]}},{"type":"Feature","properties":{"title":"ถนนเฉลิมพระกียรติ ร.9 ตัดซอยเฉลิมพระกียรติ ร.9ซอย 22","info":["เขต: เขตประเวศ","ช่วงติด: ช่วงเวลาเร่งด่วนเช้า (06.00 น. - 08.59 น.)/ช่วงเวลาเร่งด่วนเย็น (16.00 น. - 19.59 น.)","สาเหตุ: รถจอดซื้อของในตลาดและการรับ-ส่งผู้โดยสารของรถสาธารณะ","แนวทางแก้ไข: เจ้าหน้าที่ตำรวจอำนวยการจราจรในบริเวณดังกล่าวไม่ให้รถติดสะสมและติดขัด"],"district":"ประเวศ"},"geometry":{"type":"Point","coordinates":[100.66254,13.6771]}},{"type":"Feature","properties":{"title":"แยกนิคมฯ บางชัน (ถนนเสรีไทย - ทางเข้านิคมอุตสาหกรรมบางชัน)","info":["เขต: เขตมีนบุรี","ช่วงติด: ช่วงเวลาเร่งด่วนเช้า (06.00 น. - 08.59 น.)","สาเหตุ: รถติดจากช่วงเวลาทำงาน ได้รับแจ้งว่ามีการจราจรหนาแน่น ปัญหาเกิดจากการกลับรถ แต่ไม่มีปัญหาอุบัติเหตุ","แนวทางแก้ไข: เจ้าหน้าที่ตำรวจอำนวยความสะดวกจราจรและควบคุมสัญญาณไฟ"],"district":"มีนบุรี"},"geometry":{"type":"Point","coordinates":[100.70506,13.80134]}},{"type":"Feature","properties":{"title":"แยกบางชัน (ถนนเสรีไทย - ถนนมีนพัฒนา)","info":["เขต: เขตมีนบุรี","ช่วงติด: ช่วงเวลาเร่งด่วนเช้า (06.00 น. - 08.59 น.)","สาเหตุ: รถติดสะสม","แนวทางแก้ไข: เจ้าหน้าที่ตำรวจอำนวยความสะดวกจราจร และเร่งระบายรถ"],"district":"มีนบุรี"},"geometry":{"type":"Point","coordinates":[100.71225,13.80513]}},{"type":"Feature","properties":{"title":"แยกลาดบัวขาว (ถนนรามคำแหง - ถนนมีนพัฒนา)","info":["เขต: เขตมีนบุรี","ช่วงติด: ช่วงเวลาเร่งด่วนเช้า (06.00 น. - 08.59 น.)","สาเหตุ: 1. ซอยรามคำแหง 174 (หมู่บ้านบัวขาว) มีรถวิ่งเข้า-ออก จำนวนมาก ทั้งช่วงเช้าและเย็น เนื่องจากรถออกจาหมู่บ้านบัวขวาวิ่งขวา เพื่อจะยูเทิร์นกลับรถ ทำให้รถตัดกระแสทางตรง เกิดปัญหาจราจรติดขัด 2. รถออกจากโรงเรียนเทพอักษร และยูเทิร์น","แนวทางแก้ไข: 1.ควบคุมสัญญาไฟจราจร ช่วงวันจันทร์-ศุกร์ เวลา 06.30 และช่วงเย็น เวลา 14.00 - 15.00 น. เพื่อเร่งระบายรถออกให้มากที่สุด 2.จัดเจ้าหน้าที่ตำรวจอำนวยความสะดวกจราจร"],"district":"มีนบุรี"},"geometry":{"type":"Point","coordinates":[100.7156,13.79978]}},{"type":"Feature","properties":{"title":"จุดก่อสร้างรถไฟฟ้าสายสีเหลือง ถนนศรีนครินทร์-ร่มเกล้า ขาออก และช่วงตัดเข้าถนนศรีนครินทร์ ขาออก","info":["เขต: เขตบางกะปิ","ช่วงติด: ช่วงเวลาเร่งด่วนเช้า (06.00 น. - 08.59 น.)/ช่วงเวลาเร่งด่วนเย็น (16.00 น. - 19.59 น.)","สาเหตุ: ออก มีการก่อสร้างรถไฟฟ้าสายสีเหลือง อยู่ในความรับผิดชอบของบริษัท ซิโน-ไทย เอ็นจีเนียริ่งแอนด์คอนสตรั๊คชั่น จำกัด (มหาชน)","แนวทางแก้ไข: โดยขอความร่วมมือในการจัดระเบียบแนวแบริเออร์ให้ล้ำผิวจราจรให้น้อยที่สุด จับเก็บวัสดุอุปกรณ์มิให้ล้ำผิวจราจร ปรับผิวจราจรที่ชำรุด"],"district":"บางกะปิ"},"geometry":{"type":"Point","coordinates":[100.63344,13.77261]}},{"type":"Feature","properties":{"title":"จุดก่อสร้างรถไฟฟ้าสายสีเหลือง ถนนลาดพร้าวบริเวณหน้าห้างฯ แมคโคร สาขาบางกะปิทั้งสองฝั่ง ถึงสี่แยกบางกะปิ","info":["เขต: เขตบางกะปิ","ช่วงติด: ช่วงเวลาเร่งด่วนเช้า (06.00 น. - 08.59 น.)/ช่วงเวลาเร่งด่วนเย็น (16.00 น. - 19.59 น.)","สาเหตุ: มีการก่อสร้างรถไฟฟ้าสายสีเหลือง อยู่ในความรับผิดชอบของบริษัท ซิโน-ไทย เอ็นจีเนียริ่งแอนด์คอนสตรั๊คชั่น จำกัด (มหาชน)","แนวทางแก้ไข: โดยขอความร่วมมือผู้ประกอบการในการจัดระเบียบแนวแบริเออร์ให้ล้ำผิวจราจรให้น้อยที่สุด ปรับผิวจราจรที่ชำรุด และขอความร่วมมือเจ้าหน้าที่ตำรวจในการบังคับใช้กฎหมายกับผู้ฝ่าฝืนจอดรถในที่ห้ามจอด"],"district":"บางกะปิ"},"geometry":{"type":"Point","coordinates":[100.6399,13.76876]}},{"type":"Feature","properties":{"title":"ก่อสร้างสถานีรถไฟฟ้าแยกลำสาลี ถนนศรีนครินทร์มุ่งหน้าแยกลำสาลี","info":["เขต: เขตบางกะปิ","ช่วงติด: ช่วงเวลาเร่งด่วนเช้า (06.00 น. - 08.59 น.)/ช่วงเวลาเร่งด่วนเย็น (16.00 น. - 19.59 น.)","สาเหตุ: โครงการรถไฟฟ้าสายสีส้ม สัญญา 2 อยู่ในความรับผิดชอบของ บริษัท กิจการร่วมค้า CKST","แนวทางแก้ไข: โดยขอความร่วมมือผู้ประกอบการในการจัดระเบียบแนวแบริเออร์ให้ล้ำผิวจราจรให้น้อยที่สุด จัดเก็บวัสดุอุปกรณ์มิให้ล้ำผิวจราจร ปรับผิวจราจรที่ชำรุด โดยในช่วงถนนศรีนครินทร์จะมีการคืนพื้นผิวจราจรภายในเดือนตุลาคม 2565 และช่วงบริเวณซอยรามคำแหง 50 ถึง ซอยรามคำแหง 36 จะมีการคืนพื้นผิวจราจร ในวันที่ 31 สิงหาคม 2565"],"district":"บางกะปิ"},"geometry":{"type":"Point","coordinates":[100.64577,13.76186]}},{"type":"Feature","properties":{"title":"จุดก่อสร้างรถไฟฟ้า ตรงข้ามสำนักงานเขตบางกะปิ ถนนเสรีไทยตั้งแต่สี่แยกบางกะปิ ถึง แยกนิด้า (รื้อถอนสะพานข้ามแยกบางกะปิ ก่อสร้างรถไฟฟ้า)","info":["เขต: เขตบางกะปิ","ช่วงติด: ช่วงเวลาเร่งด่วนเช้า (06.00 น. - 08.59 น.)/ช่วงเวลาเร่งด่วนเย็น (16.00 น. - 19.59 น.)","สาเหตุ: กำลังรื้อถอนสะพานข้ามแยกบางกะปิ อยู่ในความรับผิดชอบของ บริษัท ไออีทีแอล จำกัด สาเหตุของการจราจรติดขัดบริเวณนี้คือมีการกั้นแนวการก่อสร้างด้วยแบริเออร์ปูนตลอดแนวการก่อสร้าง","แนวทางแก้ไข: โดยในที่ประชุมขอความร่วมมือผู้ประกอบการในการจัดระเบียบแนวแบริเออร์ให้ล้ำผิวจราจรให้น้อยที่สุด ทาสีทางคนข้าม(ทางม้าลาย)ที่ผ่าน แนวการก่อสร้างให้ชัดเจนพร้อมจัดเจ้าหน้าที่ของโครงการในการอำนวยความสะดวกในการข้ามถนนของประชาชน และขอความร่วมมือเจ้าหน้าที่ตำรวจในการบังคับใช้กฎหมายกับผู้ฝ่าฝืนจอดรถบริเวณหน้าตลาดบางกะปิ ซึ่งเป็นสาเหตุหนึ่งของการจราจรติดขัด"],"district":"บางกะปิ"},"geometry":{"type":"Point","coordinates":[100.64785,13.76612]}},{"type":"Feature","properties":{"title":"แยกสุเหร่าคลองหนึ่ง (แยกคอกม้า_ตามที่ประชาชนเรียก) (ถนนหทัยราษฎร์ - ถนนสุเหร่าคลองหนึ่ง)","info":["เขต: เขตคลองสามวา","ช่วงติด: ช่วงเวลาเร่งด่วนเช้า (06.00 น. - 08.59 น.)/ช่วงเวลาเร่งด่วนเย็น (16.00 น. - 19.59 น.)","สาเหตุ: ปัญหาการจราจติดขัด รถผู้ปกครองมารับส่งนักเรียนโรงเรียนโชคชัยฯ ทำให้รถติดสะสมจากสุเหร่าคลองหนึ่งต่อเนื่องและรภบนถนนหทัยราษฏร์ ไปกลับรถบริเวณแยกคอกม้าทำให้มีปริมาณรถเพิ่มขึ้น","แนวทางแก้ไข: สน.มีนบุรีจัด จนท.ตร.จำนวน 1 นายอำนวยความสะดวก จนท.ตร.2 นาย กวดขันการจอดรถ เจ้าหน้าที่เทศกิจ 1 นายเป็นผู้ช่วยจราจร"],"district":"คลองสามวา"},"geometry":{"type":"Point","coordinates":[100.7205,13.84173]}},{"type":"Feature","properties":{"title":"แยกหทัยราษฎร์-หทัยมิตร (ถนนหทัยราษฎร์ - ถนนหทัยมิตร)","info":["เขต: เขตคลองสามวา","ช่วงติด: ช่วงเวลาเร่งด่วนเช้า (06.00 น. - 08.59 น.)/ช่วงเวลาเร่งด่วนเย็น (16.00 น. - 19.59 น.)"],"district":"คลองสามวา"},"geometry":{"type":"Point","coordinates":[100.72228,13.8589]}},{"type":"Feature","properties":{"title":"แยกเลียบคลองสอง-พระยาสุเรนทร์ (แยกพระพรหม_ตามที่ประชาชนเรียก) (ถนนเลียบคลองสอง - ถนนพระยาสุเรนทร์ - ถนนคู้บอน)","info":["เขต: เขตคลองสามวา","ช่วงติด: ช่วงเวลาเร่งด่วนเช้า (06.00 น. - 08.59 น.)/ช่วงเวลาเร่งด่วนเย็น (16.00 น. - 19.59 น.)"],"district":"คลองสามวา"},"geometry":{"type":"Point","coordinates":[100.69313,13.85895]}},{"type":"Feature","properties":{"title":"แยกลำกะโหลก (ถนนปัญญาอินทรา - ถนนพระยาสุเรนทร์)","info":["เขต: เขตคลองสามวา","ช่วงติด: ช่วงเวลาเร่งด่วนเช้า (06.00 น. - 08.59 น.)/ช่วงเวลาเร่งด่วนเย็น (16.00 น. - 19.59 น.)","สาเหตุ: เนื่องจากบริเวณดังกล่าวเป็นห้าแยกในชั่วเวลาเร่งด่วนเช้าและเย็น จะพบการจอดรถข้างถนนเพื่อรับส่งคนงาน พนักงานบริษัท","แนวทางแก้ไข: สน.คันนายาวจัดจนท.ตร.จำนวน 2 นาย อำนวยความสะดวก จนท.ตร.1 นาย กวดขันการจอดรถ เจ้าหน้าที่เทศกิจ 1 นายเป็นผู้ช่วยจราจร"],"district":"คลองสามวา"},"geometry":{"type":"Point","coordinates":[100.69653,13.84043]}},{"type":"Feature","properties":{"title":"แยกซาฟารี (ถนนเลียบคลองสอง - ถนนปัญญาอินทรา)","info":["เขต: เขตคลองสามวา","ช่วงติด: ช่วงเวลาเร่งด่วนเช้า (06.00 น. - 08.59 น.)/ช่วงเวลาเร่งด่วนเย็น (16.00 น. - 19.59 น.)"],"district":"คลองสามวา"},"geometry":{"type":"Point","coordinates":[100.7068,13.86639]}},{"type":"Feature","properties":{"title":"จุดตัดคู้บอน - ถนนคู่ขนานวงแหวนรอบนอก (ถนนกาญจนาภิเษก)","info":["เขต: เขตคลองสามวา","ช่วงติด: ช่วงเวลาเร่งด่วนเช้า (06.00 น. - 08.59 น.)/ช่วงเวลาเร่งด่วนเย็น (16.00 น. - 19.59 น.)"],"district":"คลองสามวา"},"geometry":{"type":"Point","coordinates":[100.67328,13.85247]}},{"type":"Feature","properties":{"title":"หน้าตลาดนัดจตุจักร 2 (มีนบุรี) ถนนสุวินทวงศ์","info":["เขต: เขตมีนบุรี","ช่วงติด: ช่วงเวลาเช้า (08.00 น. - 10.00 น.) เย็น (16.00 - 19.00 น.)","สาเหตุ: จราจรติดขัดบริเวณหน้าถนนสีหบุรานุกิจ เนื่องจากรถชะลอตัวเพื่อเข้าตลาดนัดจตุจักร 2 มีนบุรีและตลาดมีนบุรี ที่จอดรถไม่เพียงพอ","แนวทางแก้ไข: 1.เจ้าหน้าที่ตำรวจอำนวยความสะดวกเป็นประจำทุกวันเสาร์-อาทิตย์ 2. เสนอให้ตลาดนัดจตุจักร 2 ( มีนบุรี)และตลาดมีนบุรี หาที่จอดรถรองรับลูกค้า เพื่อลดจำนวนรถที่รอแถวเข้าตลาดมีนบุรี"],"district":"มีนบุรี"},"geometry":{"type":"Point","coordinates":[100.72475,13.81828]}},{"type":"Feature","properties":{"title":"ทางเข้าถนนประชาพัฒนา (วัดพลมานีย์)","info":["เขต: เขตลาดกระบัง","ช่วงติด: ช่วงเวลาเร่งด่วนเช้า (06.00 น. - 08.59 น.)เเละช่วงเวลาเร่งด่วนเย็น 16.00-18.00น.)","สาเหตุ: ติดรถรับส่งนักเรียน","แนวทางแก้ไข: จัดเจ้าหน้าที่จราจรอำนวยความสะดวก"],"district":"ลาดกระบัง"},"geometry":{"type":"Point","coordinates":[100.79647,13.71989]}},{"type":"Feature","properties":{"title":"แยกอ่อนนุช-ร่มเกล้า (ถนนอ่อนนุช-ลาดกระบัง - ถนนร่มเกล้า) มอเตอร์เวย์","info":["เขต: เขตลาดกระบัง","ช่วงติด: ช่วงเวลาเร่งด่วนเช้า (07.00 น. - 09.00 น.) เเละช่วงเวลาเร่งด่วนเย็น 16.00-20.00 น.","สาเหตุ: ติดรถรับส่งนักเรียนบริเวณถนนร่มเกล้า","แนวทางแก้ไข: เร่งสัญญาณไฟจราจรเเละปิดการจราจรให้เหลือช่องทางเดินรถลดลง บริเวณทางร่วม"],"district":"ลาดกระบัง"},"geometry":{"type":"Point","coordinates":[100.7466,13.72744]}},{"type":"Feature","properties":{"title":"แยกเจ้าคุณทหาร (ถนนเจ้าคุณทหาร - ถนนฉลองกรุง)","info":["เขต: เขตลาดกระบัง","ช่วงติด: ช่วงเวลาเร่งด่วนเช้า (06.00 น. - 08.59 น.)เเละช่วงเวลาเร่งด่วนเย็น 16.00-20.00น.)","สาเหตุ: รถบรรทุกวิ่งเข้าออกนิคมได้ทางเดียวเเละมีพนักงานในนิคมจำนวนมาก","แนวทางแก้ไข: จัดเจ้าหน้าที่จราจรอำนวยความสะดวก"],"district":"ลาดกระบัง"},"geometry":{"type":"Point","coordinates":[100.79415,13.75051]}},{"type":"Feature","properties":{"title":"แยกลาดกระบัง 54 (ถนนอ่อนนุช-ลาดกระบัง - ซอยลาดกระบัง 54)","info":["เขต: เขตลาดกระบัง","ช่วงติด: ช่วงเวลาเร่งด่วนเช้า (06.00 น. - 08.59 น.)เเละช่วงเวลาเร่งด่วนช่วงเย็น 16.00-20.00น.","สาเหตุ: อยู่ระหว่างการก่อสร้างโครงการสะพานยกระดับอ่อนนุช-ลาดกระบัง","แนวทางแก้ไข: กำหนดเวลาในการเปิดปิดเเยกไฟเเดง"],"district":"ลาดกระบัง"},"geometry":{"type":"Point","coordinates":[100.78537,13.72192]}},{"type":"Feature","properties":{"title":"แยกมิสทีน (ถนนรามคำแหง - ถนนราษฎร์พัฒนา)","info":["เขต: เขตสะพานสูง","ช่วงติด: ช่วงเวลาเร่งด่วนเช้า (06.00 น. - 08.59 น.)/ช่วงเวลาเร่งด่วนเย็น (16.00 น. - 19.59 น.)","สาเหตุ: #NAME?","แนวทางแก้ไข: #NAME?"],"district":"สะพานสูง"},"geometry":{"type":"Point","coordinates":[100.70206,13.79285]}},{"type":"Feature","properties":{"title":"แยกวงแหวนตัดรามคำแหง ถนนรามคำแหงตัดวงแหวนฝั่งตะวันออก (ระหว่างซอยรามคำแหง 134 ถึงซอยรามคำแหง 136)","info":["เขต: เขตสะพานสูง","ช่วงติด: ช่วงเวลาเร่งด่วนเช้า (06.00 น. - 08.59 น.)/ช่วงเวลาเร่งด่วนเย็น (16.00 น. - 19.59 น.)","สาเหตุ: #NAME?","แนวทางแก้ไข: #NAME?"],"district":"สะพานสูง"},"geometry":{"type":"Point","coordinates":[100.68329,13.78137]}},{"type":"Feature","properties":{"title":"แยกคลองเจ็ก ถนนรามคำแหง (ศูนย์ควบคุมและสั่งการจราจร สน.บางชัน)","info":["เขต: เขตสะพานสูง","ช่วงติด: ช่วงเวลาเร่งด่วนเช้า (06.00 น. - 08.59 น.)/ช่วงเวลาเร่งด่วนเย็น (16.00 น. - 19.59 น.)","สาเหตุ: - อยู่ระหว่างการก่อสร้างโครงการรถไฟฟ้าสายสีส้ม - การกวดขัดวินัยรถบรรทุกบริเวณทางแยกทำให้เกิดความไม่คล่องตัวทางจราจร - รถติดสะสมต่อเนื่องจากซอยรามคำแหง 112 (หน้าหมู่บ้านสัมมากร) - ภาพถนนบางช่วงชำรุดทำให้การจราจรชลอตัว","แนวทางแก้ไข: #NAME?"],"district":"สะพานสูง"},"geometry":{"type":"Point","coordinates":[100.70207,13.79268]}},{"type":"Feature","properties":{"title":"ถนนราษฎร์พัฒนา ตัดถนนคู่ขนานกาญจนาภิเษก","info":["เขต: เขตสะพานสูง","ช่วงติด: ช่วงเวลาเร่งด่วนเช้า (06.00 น. - 08.59 น.)/ช่วงเวลาเร่งด่วนเย็น (16.00 น. - 19.59 น.)","สาเหตุ: #NAME?","แนวทางแก้ไข: #NAME?"],"district":"สะพานสูง"},"geometry":{"type":"Point","coordinates":[100.69275,13.76853]}},{"type":"Feature","properties":{"title":"ซอยรามคำแหง 118 แยก 33 ตัดถนนคู่ขนานกาญจนาภิเษก","info":["เขต: เขตสะพานสูง","ช่วงติด: ช่วงเวลาเร่งด่วนเช้า (06.00 น. - 08.59 น.)/ช่วงเวลาเร่งด่วนเย็น (16.00 น. - 19.59 น.)","สาเหตุ: #NAME?","แนวทางแก้ไข: #NAME?"],"district":"สะพานสูง"},"geometry":{"type":"Point","coordinates":[100.69174,13.7686]}},{"type":"Feature","properties":{"title":"จุดก่อสร้างรถไฟฟ้าสายสีส้ม หน้าหมู่บ้านสัมมากร ถนนรามคำแหง","info":["เขต: เขตสะพานสูง","ช่วงติด: ช่วงเวลาเร่งด่วนเช้า (06.00 น. - 08.59 น.)/ช่วงเวลาเร่งด่วนเย็น (16.00 น. - 19.59 น.)","สาเหตุ: #NAME?","แนวทางแก้ไข: #NAME?"],"district":"คันนายาว"},"geometry":{"type":"Point","coordinates":[100.68531,13.81695]}},{"type":"Feature","properties":{"title":"จุดกลับรถหน้าโตโยต้าภูมิพัฒนา (สาขาหนองจอก) ถนนเลียบวารี","info":["เขต: เขตหนองจอก","ช่วงติด: ช่วงเวลาเร่งด่วนเช้า (06.00 น. - 08.59 น.)/ช่วงเวลาเร่งด่วนเย็น (16.00 น. - 19.59 น.)"],"district":"หนองจอก"},"geometry":{"type":"Point","coordinates":[100.85279,13.8558]}},{"type":"Feature","properties":{"title":"จุดกลับรถหน้าโรงพยาบาลเวชการุณย์รัศมิ์","info":["เขต: เขตหนองจอก","ช่วงติด: ช่วงเวลาเร่งด่วนเช้า (06.00 น. - 08.59 น.)/ช่วงเวลาเร่งด่วนเย็น (16.00 น. - 19.59 น.)"],"district":"หนองจอก"},"geometry":{"type":"Point","coordinates":[100.85889,13.85578]}},{"type":"Feature","properties":{"title":"แยกมิตรไมตรี-คู้คลองสิบ (ลำหิน) (ถนนมิตรไมตรี - ถนนคู้คลองสิบ)","info":["เขต: เขตหนองจอก","ช่วงติด: ช่วงเวลาเร่งด่วนเช้า (06.00 น. - 08.59 น.)/ช่วงเวลาเร่งด่วนเย็น (16.00 น. - 19.59 น.)"],"district":"หนองจอก"},"geometry":{"type":"Point","coordinates":[100.80738,13.85447]}},{"type":"Feature","properties":{"title":"แยกหน้าสำนักงานเขตหนองจอก (ถนนเชื่อมสัมพันธ์ ตัดถนนเลียบวารี/สังฆสันติสุข)","info":["เขต: เขตหนองจอก","ช่วงติด: ช่วงเวลาเร่งด่วนเช้า (06.00 น. - 08.59 น.)/ช่วงเวลาเร่งด่วนเย็น (16.00 น. - 19.59 น.)","สาเหตุ: จากแยก 4 เลนถึงวงเวียนหอนาฬิกา เหลือ 2 เลนถึงแยกสกุลดีทำให้รถติดตรงวงเวียนและแยกสกุลดี","แนวทางแก้ไข: ขยายเลนและย้ายวงเวียนออก ติดสัญญาณไฟจราจรและกล้อง CCTV เพื่อเจ้าหน้าที่จราจรจะได้วางแผนและสั่งการปล่อยรถ"],"district":"หนองจอก"},"geometry":{"type":"Point","coordinates":[100.86271,13.85524]}},{"type":"Feature","properties":{"title":"แยกหน้าโรงเรียนหนองจอกพิทยานุสรณ์ (ถนนมิตรไมตรี - ซอยมิตรไมตรี 3)","info":["เขต: เขตหนองจอก","ช่วงติด: ช่วงเวลาเร่งด่วนเช้า (06.00 น. - 08.59 น.)/ช่วงเวลาเร่งด่วนเย็น (16.00 น. - 19.59 น.)","สาเหตุ: ไม่มีสัญญาณไฟจราจรและรถออกจากซอยโรงเรียนมักปาดออกตรงไปแยกทำให้ติดขัด","แนวทางแก้ไข: ติดตั้งสัญญาณไฟจราจรและขยายถนนเป็น 4 เลน ติดตั้งแบริเออร์บังคับให้รถออกจากซอยไปเลี้ยวกลับมา (ยูเทิร์น)"],"district":"หนองจอก"},"geometry":{"type":"Point","coordinates":[100.85399,13.85938]}},{"type":"Feature","properties":{"title":"แยกถนนเชื่อมสัมพันธ์ ตัดถนนสกุลดี","info":["เขต: เขตหนองจอก","ช่วงติด: ช่วงเวลาเร่งด่วนเช้า (06.00 น. - 08.59 น.)/ช่วงเวลาเร่งด่วนเย็น (16.00 น. - 19.59 น.)"],"district":"หนองจอก"},"geometry":{"type":"Point","coordinates":[100.8644,13.85985]}},{"type":"Feature","properties":{"title":"วงเวียนหอนาฬิกาหนองจอก","info":["เขต: เขตหนองจอก","ช่วงติด: ช่วงเวลาเร่งด่วนเช้า (06.00 น. - 08.59 น.)/ช่วงเวลาเร่งด่วนเย็น (16.00 น. - 19.59 น.)"],"district":"หนองจอก"},"geometry":{"type":"Point","coordinates":[100.86308,13.85635]}},{"type":"Feature","properties":{"title":"หน้าตลาดคลองเตย (ถนนพระราม 4 ขาเข้า)","info":["เขต: เขตคลองเตย","ช่วงติด: ตลอดวัน","สาเหตุ: มีการจอดรถสามล้อ และรถยนต์ขนสินค้า","แนวทางแก้ไข: ติดป้ายประชาสัมพันธ์ ทำหนังสือประสานสถานีตำรวจนครบาลพื้นที่เข้ากวดขัน"],"district":"คลองเตย"},"geometry":{"type":"Point","coordinates":[100.55993,13.71998]}},{"type":"Feature","properties":{"title":"แยกพระโขนง (ถนนสุขุมวิท - ถนนพระรามที่ 4 - ซอยสุขุมวิท 71)","info":["เขต: เขตคลองเตย","ช่วงติด: ตลอดวัน","สาเหตุ: รถยนต์สะสมจากถนนพระราม 4 ขาออก เนื่องจากมีทางร่วมทางแยกจำนวนมาก","แนวทางแก้ไข: สถานีตำรวจนครบาลขอความอนุเคราะห์ติดตั้งกล้อง CCTV เพื่อการจราจรในภาพรวมในพื้นที่จะได้เร่งระบายในจุดที่ติดขัด"],"district":"วัฒนา"},"geometry":{"type":"Point","coordinates":[100.59258,13.71449]}},{"type":"Feature","properties":{"title":"หน้าตลาดคลองเตย (ถนนรัชดาภิเษกมุ่งหน้า ห้าแยก ณ ระนอง)","info":["เขต: เขตคลองเตย","ช่วงติด: ช่วงเวลาเร่งด่วนเช้า (06.00 น. - 08.59 น.)/ช่วงเวลาเร่งด่วนเย็น (16.00 น. - 19.59 น.)/ช่วงเวลากลางคืน (20.00 น. - 05.59 น.)","สาเหตุ: มีการก่อสร้างสะพานข้ามแยกฯ","แนวทางแก้ไข: ประสานสถานีตำรวจนครบาลในพื้นที่กวดขันวินัยจราจร และขอให้เร่งดำเนินการก่อสร้างสะพานข้ามแยกฯ ให้แล้วเสร็จโดยเร็ว"],"district":"คลองเตย"},"geometry":{"type":"Point","coordinates":[100.55993,13.71998]}},{"type":"Feature","properties":{"title":"แยกบางนา (ถนนสุขุมวิท - ถนนบางนา-ตราด - ถนนสรรพาวุธ)","info":["เขต: เขตบางนา","ช่วงติด: ช่่วงเวลาเร่งด่วนเช้า (06.30-09.00 น.) ช่วงเวลาเร่งด่วนเย็น (16.00-19.00 น.)","สาเหตุ: รถสลับสับเปลี่ยนหมุนเวียนกันไปในแต่ละแยก","แนวทางแก้ไข: ประสานสถานีตำรวจนครบาลพื้นที่เร่งระบายรถในแยกที่มีการจราจรติดขัดเป็นเวลานาน เพื่อให้รถสามารถเคลื่อนตัวได้เรื่อยๆ"],"district":"บางนา"},"geometry":{"type":"Point","coordinates":[100.60852,13.67367]}},{"type":"Feature","properties":{"title":"แยกมเหสักข์ (ถนนสุรวงศ์ ตัดถนนมเหสักข์/มหาเศรษฐ์)","info":["เขต: เขตบางรัก","ช่วงติด: ช่วงเวลาเร่งด่วนเย็น (16.00 น. - 19.59 น.)","สาเหตุ: ประชาชนเดินทางกลับหลังเลิกงานเป็นจำนวนมาก ประกอบกับช่องจราจรมีน้อย ไม่เพียงพอต่อจำนวนรถยนต์","แนวทางแก้ไข: 1.เจ้าหน้าที่ตำรวจกวดขันวินัยจราจรอย่างเคร่งครัด โดยเฉพาะการจอดในที่ห้ามจอด 2.เจ้าหน้าที่ตำรวจควบคุมสัญญาณไฟจราจรให้สอดคล้องกับปริมาณรถบนท้องถนน"],"district":"บางรัก"},"geometry":{"type":"Point","coordinates":[100.51886,13.72604]}},{"type":"Feature","properties":{"title":"แยกสุรศักดิ์ (ถนนสีลม - ถนนมเหสักข์ - ถนนสุรศักดิ์)","info":["เขต: เขตบางรัก","ช่วงติด: ช่วงเวลาเร่งด่วนเย็น (16.00 น. - 19.59 น.)","สาเหตุ: ประชาชนเดินทางกลับหลังเลิกงานเป็นจำนวนมาก ประกอบกับช่องจราจรมีน้อย ไม่เพียงพอต่อจำนวนรถยนต์","แนวทางแก้ไข: 1.เจ้าหน้าที่ตำรวจกวดขันวินัยจราจรอย่างเคร่งครัด โดยเฉพาะการจอดในที่ห้ามจอด 2.เจ้าหน้าที่ตำรวจควบคุมสัญญาณไฟจราจรให้สอดคล้องกับปริมาณรถบนท้องถนน"],"district":"บางรัก"},"geometry":{"type":"Point","coordinates":[100.51921,13.72311]}},{"type":"Feature","properties":{"title":"แยกสาทร-นราธิวาส (ถนนนราธิวาสราชนครินทร์ - ถนนสาทร เหนือ-ใต้)","info":["เขต: เขตบางรัก","ช่วงติด: ช่วงเวลาเร่งด่วนเช้า (06.00 น. - 08.59 น.)/ช่วงเวลาเร่งด่วนเย็น (16.00 น. - 19.59 น.)","สาเหตุ: ประชาชนเดินทางเข้ามายังพื้นที่เพื่อทำงาน และรับ-ส่งบุตรหลานไปโรงเรียนเป็นจำนวนมาก","แนวทางแก้ไข: 1.เจ้าหน้าที่ตำรวจกวดขันวินัยจราจรอย่างเคร่งครัด โดยเฉพาะการจอดในที่ห้ามจอด 2.เจ้าหน้าที่ตำรวจควบคุมสัญญาณไฟจราจรให้สอดคล้องกับปริมาณรถบนท้องถนน"],"district":"บางรัก"},"geometry":{"type":"Point","coordinates":[100.53036,13.7221]}},{"type":"Feature","properties":{"title":"ทางเข้าโรงเรียนเซ็นต์โยเซฟคอนเวนต์ (แยกสีลม-คอนแวนต์)","info":["เขต: เขตบางรัก","ช่วงติด: ช่วงเวลาเร่งด่วนเช้า (06.00 น. - 08.59 น.)","สาเหตุ: ผู้ปกครองเดินทางมารับ-ส่งบุตรหลานไปโรงเรียน ใช้ช่องจราจรทั้ง 3 ช่องจราจากฝั่งถนนสีลม(ขาเข้า) เพื่อเลี้ยวซ้ายเข้าถนนคอนแวนต์ ที่มี 2 ช่องจราจร(เฉพาะในช่วงเวลาเร่งด่วน หากเวลาปกติจะเป็นถนนสวนเลน 1 ช่องจราจร)","แนวทางแก้ไข: 1. เจ้าหน้าที่ตำรวจกวดขันวินัยจราจรอย่างเคร่งครัด โดยเฉพาะการจอดรถในที่ห้ามจอดเพื่อลดปัญหาการจราจรติดขัด 2. เจ้าหน้าที่ตำรวจพร้อมด้วยเจ้าหน้าที่เทศกิจ เขตบางรัก อำนวยความสะดวกด้านการจราจรในชั่วโมงเร่งด่วน เพื่อช่วยลดปัญหารการจราจรติดขัด 3. สำนักการจราจรและขนส่ง ขีดสีตีเส้นจราจรในจุดห้ามจอด และติดตั้งป้ายจราจรให้ชัดเจน 4. สำนักการจรและขนส่งสำรวจด้านวิศกรรมการจราจร บริเวณเกาะกลางถนนสีลม (ช่วงแยกศาลาแดง) ว่าสามารถเปิดช่องทางพิเศษเพิ่มอีก 1 ช่องจราจรให้กับถนนสีลม(ขาเข้า) ในชั่วโมงเร่งด่วน เพื่อระบายรถยนต์ที่มุ่งหน้าแยกนรารมย์ว่าสามารถกระทำได้หรือไม่ และออกเป็นข้อบังคับจราจรเพื่อบังคับใช้ต่อไป (ซึ่งทาง สน.ทุ่งหาเมฆ จะจัดทำหนังสือประสานกรณีดังกล่าวภายหลัง)"],"district":"บางรัก"},"geometry":{"type":"Point","coordinates":[100.53315,13.72797]}},{"type":"Feature","properties":{"title":"ทางเข้าโรงเรียนกรุงเทพคริสเตียน (แยกสีลม-ประมวญ)","info":["เขต: เขตบางรัก","ช่วงติด: ช่วงเวลาเร่งด่วนเช้า (06.00 น. - 08.59 น.)/ช่วงเวลาเร่งด่วนเย็น (15.00 น. - 19.59 น.)","สาเหตุ: ผู้ปกครองดินทางมารับ-ส่งบุตรหลานไปโรงเรียนภายในถนนประมวญ ซึ่งมีเพียง 2 ช่องจราจร จึงทำให้การจราจรบริเวณโดยรอบติดขัดหนาแน่นในช่วงเช้า-เย็น","แนวทางแก้ไข: 1. เจ้าหน้าที่ตำรวจกวดขันวินัยจราจรอย่างเคร่งครัด โดยเฉพาะการจอดรถในที่ห้ามจอดเพื่อลดปัญหาการจราจรติดขัด 2. เจ้าหน้าที่ตำรวจพร้อมด้วยเจ้าหน้าที่เทศกิจ เขตบางรัก อำนวยความสะดวกด้านการจราจรในชั่วโมงเร่งด่วน เพื่อช่วยลดปัญหารการจราจรติดขัด 3. สำนักการจราจรและขนส่ง ขีดสีตีเส้นจราจรในจุดห้ามจอด และติดตั้งป้ายจราจรให้ชัดเจน"],"district":"บางรัก"},"geometry":{"type":"Point","coordinates":[100.52178,13.72395]}},{"type":"Feature","properties":{"title":"หน้าโรงเรียนสตรีวัดมหาพฤฒารามฯ ถนนมหาพฤฒาราม","info":["เขต: เขตบางรัก","ช่วงติด: ช่วงเวลาเร่งด่วนเช้า (06.00 น. - 08.59 น.)/ช่วงเวลาเร่งด่วนเย็น (15.00 น. - 19.59 น.)","สาเหตุ: ผู้ปกครองดินทางมาส่งบุตรหลานมาโรงเรียนในช่วงเช้า ประกอบกับถนนมหาพฤฒารามมี 3 ช่องจราจร (2 ช่องซ้ายมุ่งหน้าแยกสี่พระยา , 1 ช่องจราจรด้านขวามุ่งหน้าสะพานพิทยเสถียร) ซึ่งพฤฒติกรรมผู้ขับรถยนต์จะมักใช้ทั้ง 3 ช่องจราจรเพื่อเบียดเข้าไปทางแยกสี่พระยา จึงทำให้การจราจรเกิดการชะลอตัว","แนวทางแก้ไข: 1. เจ้าหน้าที่ตำรวจกวดขันวินัยจราจรอย่างเคร่งครัด โดยเฉพาะการจอดรถในที่ห้ามจอด และการขับในช่องจราจรให้ถูกต้องเพื่อลดปัญหาการจราจรติดขัด 2. เจ้าหน้าที่ตำรวจพร้อมด้วยเจ้าหน้าที่เทศกิจเขตบางรัก อำนวยความสะดวกด้านการจราจรในชั่วโมงเร่งด่วน เพื่อช่วยลดปัญหารการจราจรติดขัด"],"district":"บางรัก"},"geometry":{"type":"Point","coordinates":[100.51574,13.73269]}},{"type":"Feature","properties":{"title":"สะพานกษัตริย์ศึก(ถนนพระรามที่ 1)","info":["เขต: เขตปทุมวัน","ช่วงติด: ช่วงเวลาเร่งด่วนเย็น (16.00 น. - 19.59 น.)","สาเหตุ: รถช่วงสะพานกษัตริย์ศึกเลี้ยวขวาไปถนนรองเมือง จุดตัดรถเส้นทางหลักทำให้เกิดการติดขัด","แนวทางแก้ไข: เจ่าหน้าที่ตำรวจกวดขันจราจรอย่างเคร่งครัด"],"district":"ปทุมวัน"},"geometry":{"type":"Point","coordinates":[100.52073,13.74794]}},{"type":"Feature","properties":{"title":"แยกปทุมวัน","info":["เขต: เขตปทุมวัน","ช่วงติด: ช่วงเวลาเร่งด่วนเย็น (16.00 น. - 19.59 น.)","สาเหตุ: เนื่องจากเป็นจุดรับรถจากหลายเส้นทาง","แนวทางแก้ไข: เจ้าหน้าที่ตำรวจปรับสัญญาณไฟให้เหมาะสมกับสภาพจราจรที่ติดขัด"],"district":"ปทุมวัน"},"geometry":{"type":"Point","coordinates":[100.53059,13.74629]}},{"type":"Feature","properties":{"title":"ถนนบรรทัดทอง","info":["เขต: เขตปทุมวัน","ช่วงติด: ช่วงเวลาเร่งด่วนเย็น (16.00 น. - 19.59 น.)","สาเหตุ: รถจักรยานยนต์รับส่งอาหารจอดตามร้านค้า","แนวทางแก้ไข: เจ้าหน้าที่ตำรวจร่วมกับเจ้าหน้าที่เทศกิจ กวดขันเพื่อหาที่จอดให้เหมาะสมในการรออาหาร"],"district":"ปทุมวัน"},"geometry":{"type":"Point","coordinates":[100.52337,13.74559]}},{"type":"Feature","properties":{"title":"ถนนพระรามที่ 6 แขวงรองเมือง","info":["เขต: เขตปทุมวัน","ช่วงติด: ช่วงเวลาเร่งด่วนเย็น (16.00 น. - 19.59 น.)","สาเหตุ: บริษัทขนส่งจอดซ้อนคัน ในซอยแคบทำให้เกิดรถติดขัด","แนวทางแก้ไข: เจ้าหน้าที่ตำรวจเพิ่มการกวดขันบังคับการตามกฎหมายจราจรและเจ้าหน้าที่เทศกิจร่วมประชาสัมพันธ์"],"district":"ปทุมวัน"},"geometry":{"type":"Point","coordinates":[100.51964,13.74117]}},{"type":"Feature","properties":{"title":"ถนนพระรามที่ 1 หน้าห้างสรรพสินค้าสยามเซ็นเตอร์ สยามพารากอน สยามสแควร์วัน เซ็นทรัลเวิล์ด","info":["เขต: เขตปทุมวัน","ช่วงติด: ช่วงเวลาเร่งด่วนเย็น (16.00 น. - 19.59 น.)","แนวทางแก้ไข: เจ้าหน้าที่ตำรวจร่วมกับรปภ.ห้างฯช่วยเร่งการระบายรถ"],"district":"ปทุมวัน"},"geometry":{"type":"Point","coordinates":[100.53267,13.74637]}},{"type":"Feature","properties":{"title":"หน้าห้างสรรพสินค้ามาบุญครอง (MBK Center) ถนนพญาไท","info":["เขต: เขตปทุมวัน","ช่วงติด: ช่วงเวลาเร่งด่วนเย็น (16.00 น. - 19.59 น.)","สาเหตุ: รถสามล้อจอดรอรับผู้โดยสารทำให้เสียข่องทางจราจร","แนวทางแก้ไข: เจ้าหน้าที่ตำรวจกวดขันจราจรอย่างเคร่งครัด"],"district":"ปทุมวัน"},"geometry":{"type":"Point","coordinates":[100.53006,13.74498]}},{"type":"Feature","properties":{"title":"หน้าโรงเรียนมาแตร์ เดอี ถนนเพลินจิต","info":["เขต: เขตปทุมวัน","ช่วงติด: ช่วงเวลา 14.00 น. - 16.00 น.","แนวทางแก้ไข: เจ้าหน้าที่ตำรวจร่วมกับเจ้าหน้าที่เทศกิจอำนวยความสะดวก"],"district":"ปทุมวัน"},"geometry":{"type":"Point","coordinates":[100.54311,13.74356]}},{"type":"Feature","properties":{"title":"แยกวิทยุเลี้ยวขวาถนนพระรามที่ 4","info":["เขต: เขตปทุมวัน","ช่วงติด: ช่วงเวลาเร่งด่วนเย็น (16.00 น. - 19.59 น.)","สาเหตุ: รถติดสะสม","แนวทางแก้ไข: เจ้าหน้าที่ตำรวจกวดขันจราจรและปรับเปลี่ยนสัญณานไฟจราจรให้เหมาะสม"],"district":"ปทุมวัน"},"geometry":{"type":"Point","coordinates":[100.54439,13.72643]}},{"type":"Feature","properties":{"title":"ถนนวิทยุมุ่งหน้าถนนเพชรบุรีตัดใหม่","info":["เขต: เขตปทุมวัน","ช่วงติด: ช่วงเวลาเร่งด่วนเย็น (16.00 น. - 19.59 น.)","สาเหตุ: จำนวนรถสะสมหนาแน่น","แนวทางแก้ไข: เจ้าหน้าที่ตำรวจเร่งระบายรถที่ติดสะสม"],"district":"ปทุมวัน"},"geometry":{"type":"Point","coordinates":[100.54644,13.73806]}},{"type":"Feature","properties":{"title":"แยกเมืองมีน (ถนนรามอินทรา - ถนนเสรีไทย - ถนนสีหบูรานกิจ)","info":["เขต: เขตมีนบุรี","ช่วงติด: ช่วงเวลาเร่งด่วนเช้า (06.00 น. - 08.59 น.)","สาเหตุ: 1. รถติดจากช่วงเช้าและเย็น เกิดจากรถสะสมทุกถนน 2.รถจักรยานยนนต์ย้อนศร (ช่วงโรงพยาบาลเสรีรักษ์) และรถที่ออกจากโรงพยาบาลเสรีรักษ์ไปยูเทิร์นใต้สะพาน","แนวทางแก้ไข: 1. ติดป้ายเตือนให้ชัดเจน (ป้ายบังคับ)บริเวณจุดกลับรถหน้าโรงพยาบาลเสรีรักษ์"],"district":"มีนบุรี"},"geometry":{"type":"Point","coordinates":[100.71733,13.81299]}},{"type":"Feature","properties":{"title":"แยกสุวินทวงศ์-นิมิตใหม่ (ถนนสุวินทวงศ์ - ถนนนิมิตใหม่)","info":["เขต: เขตมีนบุรี","ช่วงติด: ช่วงเวลาเร่งด่วนเช้า (06.00 น. - 08.59 น.)","สาเหตุ: 1.รถขาเข้าและขาออกมีจำนวนมาก ส่วนใหญ่เป็นรถบรรทุก 2.บริเวณโรงงานโปเต้เป็นจุดกลับรถทำให้รถชะลอความเร็ว รวมทั้งถนนประชาร่วมใจที่มีรถวิ่งออกมาถนนนิมิตใหม่จำนวนมาก ทำให้รถตัดกระแสกัน","แนวทางแก้ไข: 1.ตีเส้นแบ่งช่องจราจรให้ชัดเจน 2. ควบคุมสัญญาณไฟเขียวรถเลี้ยวขวาให้มีระยะเวลาเพิ่มขึ้นในช่วงเย็น"],"district":"มีนบุรี"},"geometry":{"type":"Point","coordinates":[100.74196,13.82045]}},{"type":"Feature","properties":{"title":"แยกรามคำแหง-สุวินทวงศ์ (ถนนรามคำแหง - ถนนสุวินทวงศ์)","info":["เขต: เขตมีนบุรี","ช่วงติด: ช่วงเวลาเร่งด่วนเช้า (06.00 น. - 08.59 น.)","สาเหตุ: ช่วงเช้า (ขาเข้า) รถจักรยานยนต์วิ่งย้อนศร","แนวทางแก้ไข: 1. วางกรวย 2. ตีเส้นจราจรทึบ"],"district":"มีนบุรี"},"geometry":{"type":"Point","coordinates":[100.74423,13.81655]}},{"type":"Feature","properties":{"title":"แยกราษฎร์อุทิศ-สุวินทวงศ์ (ถนนราษฎร์อุทิศ - ถนนสุวินทวงศ์)","info":["เขต: เขตมีนบุรี","ช่วงติด: ช่วงเวลาเร่งด่วนเช้า (06.00 น. - 08.59 น.)","สาเหตุ: รถจักรยานยนต์วิ่งย้อนศร","แนวทางแก้ไข: ติดป้ายเตือนห้ามเลี้ยวขวาและห้ามย้อนศร"],"district":"มีนบุรี"},"geometry":{"type":"Point","coordinates":[100.75157,13.81555]}},{"type":"Feature","properties":{"title":"แยกถนนหม่อมเจ้าสง่างามสุประดิษฐ์ ถนนรามอินทรา","info":["เขต: เขตมีนบุรี","ช่วงติด: ช่วงเวลาเร่งด่วนเช้า (06.00 น. - 08.59 น.)","สาเหตุ: รถที่มาจากถนนหม่อมเจ้าฯ จะมุ่งหน้าไปรามอินทรา (เลี้ยวซ้าย) บริเวณปากทางมีป้ายรถโดยสารประจำทาง ทำให้รถโดยสารจอดแช่เป็นเวลานาน ทำให้รถติดสะสม","แนวทางแก้ไข: 1. ย้ายป้ายรถโดยสารประจำทางให้ห่างจากปากซอย 2. เจ้าหน้าที่ตำรวจอำนวยความสะดวกจราจร"],"district":"มีนบุรี"},"geometry":{"type":"Point","coordinates":[100.7056,13.81261]}},{"type":"Feature","properties":{"title":"แยกถนนหม่อมเจ้าสง่างามสุประดิษฐ์ ถนนเสรีไทย","info":["เขต: เขตมีนบุรี","ช่วงติด: ช่วงเวลาเร่งด่วนเช้า (06.00 น. - 08.59 น.)","สาเหตุ: การจราจรคล่องตัว ไม่มีปัญหาเรื่องร้องเรียน ไม่มีอุบัติเหตุ","แนวทางแก้ไข: มีเจ้าหน้าที่ตำรวจอำนวยความสะดวกจราจรเป็นประจำ"],"district":"มีนบุรี"},"geometry":{"type":"Point","coordinates":[100.70886,13.80301]}},{"type":"Feature","properties":{"title":"แยกหทัยราษฎร์ ถนนสุวินทวงศ์","info":["เขต: เขตมีนบุรี","ช่วงติด: ช่วงเวลาเร่งด่วนเช้า (06.00 น. - 08.59 น.)","สาเหตุ: การจราจรไม่มีปัญหา ส่วนใหญ่จะติดช่วงเช้าและเย็นไม่มาก","แนวทางแก้ไข: ช่วงเวลาเร่งด่วน เพิ่มช่องจราจรจาก 2 ช่องเป็น 3 ช่อง โดยใช้กรวยยางกั้นช่องจราจร"],"district":"มีนบุรี"},"geometry":{"type":"Point","coordinates":[100.72206,13.81672]}},{"type":"Feature","properties":{"title":"แยกร่มเกล้า-สุวินทวงศ์","info":["เขต: เขตมีนบุรี","ช่วงติด: ช่วงเวลาเร่งด่วนเช้า (06.00 น. - 08.59 น.)","สาเหตุ: 1. เรื่องปัญหาจราจร ส่วนใหญ่เป็นช่วงเช้า 2. รถจอดข้างทาง","แนวทางแก้ไข: 1. ตีเส้นเครื่องหมายจราจรห้ามจอดให้ชัดเจน 2. จัดเจ้าหน้าที่จราจร (ตำรวจ) กวดขัน 3. ติดป้ายเตือนห้ามจอด"],"district":"มีนบุรี"},"geometry":{"type":"Point","coordinates":[100.7343,13.81904]}},{"type":"Feature","properties":{"title":"แยกบึงขวาง ถนนสุวินทวงศ์","info":["เขต: เขตมีนบุรี","ช่วงติด: ช่วงเวลาเร่งด่วนเช้า (06.00 น. - 08.59 น.)","สาเหตุ: รถจักรยานยนต์วิ่งย้อนศร","แนวทางแก้ไข: ติดป้ายเตือนห้ามเลี้ยวขวาและห้ามย้อนศร"],"district":"มีนบุรี"},"geometry":{"type":"Point","coordinates":[100.75593,13.8148]}},{"type":"Feature","properties":{"title":"แยกคุ้มเกล้า ถนนสุวินทวงศ์","info":["เขต: เขตมีนบุรี","ช่วงติด: ช่วงเวลาเร่งด่วนเช้า (06.00 น. - 08.59 น.)","สาเหตุ: จุดกลับรถ เนื่องจากออกจากปากซอยวิ่งขวา เพื่อไปยูเทิร์นทำให้รถตัดกระแสทางตรง แต่ไม่มีปัญหาการจราจร","แนวทางแก้ไข: ตีเส้นผิวจราจรห้ามจอด (ขวา-แดง) บริเวณถนนคุ้มเกล้า"],"district":"มีนบุรี"},"geometry":{"type":"Point","coordinates":[100.78252,13.81214]}},{"type":"Feature","properties":{"title":"สะพานข้ามแยกรามคำแหง-ร่มเกล้า (ถนนร่มเกล้า - ถนนรามคำแหง)","info":["เขต: เขตมีนบุรี","ช่วงติด: ช่วงเวลาเร่งด่วนเช้า (06.00 น. - 08.59 น.)","สาเหตุ: รถหนาแน่นส่วนใหญ่ช่วงเช้า และเย็น มีการก่อสร้างรถไฟฟ้า","แนวทางแก้ไข: จัดเจ้าหน้าที่ตำรวจอำนวยความสะดวกจราจร"],"district":"มีนบุรี"},"geometry":{"type":"Point","coordinates":[100.73687,13.81235]}},{"type":"Feature","properties":{"title":"แยกสีหบุรานุกิจ (หน้าโรงเรียนสตรีเศรษฐบุตรบำเพ็ญ) kick off","info":["เขต: เขตมีนบุรี","ช่วงติด: ช่วงเวลาเร่งด่วนเช้า (06.00 น. - 08.59 น.) เย็น (16.00 - 19.59 น.)","สาเหตุ: 1. ช่วงเวลาเข้าเรียนและเลิกเรียน (เช้าและเย็น) มีรถของผู้ปกครองรับ-ส่ง จำนวนมาก 2.สัญญาณไฟทางข้ามหน้าโรงเรียนสตรีเศรษฐบุตรกดให้คนข้ามบ่อย 3. รถที่วิ่งมาจากถนนร่มเกล้าเลี้ยวเข้าถนนสีหบุรานุกิจมาเบียดกับรถใต้สะพานที่จะเลี้ยวซ้ายเข้าตลาดมีนบุรี ทำให้การจราจรจราชะลอตัว","แนวทางแก้ไข: 1.เจ้าหน้าที่จราจรประจำจุด ประกอบด้วยเจ้าหน้าที่ตำรวจ เจ้าหน้าที่เทศกิจ อปพร. เจ้าหน้าที่ รปภ.ของโรงเรียนและสำนักงานเขต 2. เสนอขอให้เจ้าหน้าที่สำนักการจราจรและขนส่ง (สจส.) หาวิธีแนวทางแก้ไขปรับสัญญาณไฟคนข้าม"],"district":"มีนบุรี"},"geometry":{"type":"Point","coordinates":[100.73507,13.81534]}},{"type":"Feature","properties":{"title":"หน้าตลาดนัดจตุจักร 2 (มีนบุรี) ถนนสีหบุรานุกิจ","info":["เขต: เขตมีนบุรี","ช่วงติด: ช่วงเวลาเช้า (08.00 น. - 10.00 น.) เย็น (16.00 - 19.00 น.)","สาเหตุ: จราจรติดขัดบริเวณหน้าถนนสีหบุรานุกิจ เนื่องจากรถชะลอตัวเพื่อเข้าตลาดนัดจตุจักร 2 มีนบุรีและตลาดมีนบุรี ที่จอดรถไม่เพียงพอ","แนวทางแก้ไข: 1.เจ้าหน้าที่ตำรวจอำนวยความสะดวกเป็นประจำทุกวันเสาร์-อาทิตย์ 2. เสนอให้ตลาดนัดจตุจักร 2 มีนบุรีและตลาดมีนบุรี หาที่จอดรถรองรับลูกค้า เพื่อลดจำนวนรถที่รอแถวเข้าตลาดมีนบุรี"],"district":"มีนบุรี"},"geometry":{"type":"Point","coordinates":[100.7264,13.81243]}},{"type":"Feature","properties":{"title":"แยกตรอกจันทน์ (ถนนเจริญกรุง - ถนนจันทน์)","info":["เขต: เขตบางคอแหลม","ช่วงติด: ช่วงเช้าเร่งด่วน (06.00 - 08.59 น.) ช่วงเวลาเร่งด่วนเย็น (16.00 - 19.59 น.)","สาเหตุ: ปัญหาการจราจร ในช่วงเวลาเร่งด่วน มีการจอดรับส่งนักเรียน ในบริเวณดังกล่าว ถนนบริเวณดังกล่าว เป็นถนนฝั่งละ 2 เลน","แนวทางแก้ไข: สถานีตำรวจนครบาลวัดพระยาไกร และสถานีตำรวจนครบาลยานนาวา จัดเจ้าหน้าที่อำนวยความสะดวกด้านการจราจร ประสานหน่วยงานที่เกี่ยวข้อง ดำเนินการแก้ไขทางกายภาพ"],"district":"บางคอแหลม"},"geometry":{"type":"Point","coordinates":[100.51129,13.7104]}},{"type":"Feature","properties":{"title":"แยกพระราม 3-เจริญราษฎร์ (ถนนพระรามที่ 3 - ถนนเจริญราษฎร์)","info":["เขต: เขตบางคอแหลม","ช่วงติด: ช่วงเช้าเร่งด่วน (06.00 - 08.59 น.) ช่วงเวลาเร่งด่วนเย็น (16.00 - 19.59 น.)","สาเหตุ: ปัญหารถชะลอตัว เพื่อขึ้นทางด่วนในช่วงเวลา 06.00 – 08.30 น. ปัญหาสภาพถนนไม่สมบูรณ์แบบ เนื่องจากมีการก่อสร้าง และนำสายสื่อสารลงใต้ดิน","แนวทางแก้ไข: สถานีตำรวจนครบาลวัดพระยาไกร จัดเจ้าหน้าที่อำนวยความสะดวกด้านการจราจร ประสานหน่วยงานที่เกี่ยวข้อง ดำเนินการแก้ไขทางกายภาพ (ปรับปรุงสภาพถนนเป็นการชั่วคราว)"],"district":"บางคอแหลม"},"geometry":{"type":"Point","coordinates":[100.5094,13.68989]}},{"type":"Feature","properties":{"title":"แยกพระรามที่ 3 - รัชดา (ด่วนพระราม 3) (ถนนพระรามที่ 3 - ถนนรัชดาภิเษก/เลียบทางด่วน)","info":["เขต: เขตบางคอแหลม","ช่วงติด: ช่วงเช้าเร่งด่วน (06.00 - 08.59 น.) ช่วงเวลาเร่งด่วนเย็น (16.00 - 19.59 น.)","สาเหตุ: ปัญหาการจราจร ในช่วงเวลาเร่งด่วน ปัญหาสภาพถนนไม่สมบูรณ์แบบ เนื่องจากมีการก่อสร้าง และนำสายสื่อสารลงใต้ดิน","แนวทางแก้ไข: สถานีตำรวจนครบาลวัดพระยาไกร จัดเจ้าหน้าที่อำนวยความสะดวกด้านการจราจร ประสานหน่วยงานที่เกี่ยวข้อง ดำเนินการแก้ไขทางกายภาพ (ปรับปรุงสภาพถนนเป็นการชั่วคราว)"],"district":"ยานนาวา"},"geometry":{"type":"Point","coordinates":[100.52028,13.68637]}},{"type":"Feature","properties":{"title":"จุดกลับรถบริเวณปากซอยสุขุมวิท 81","info":["เขต: เขตพระโขนง","ช่วงติด: ช่วงเวลาเร่งด่วนเช้า (06.00 น. - 08.59 น.)/ช่วงเวลาเร่งด่วนเย็น (16.00 น. - 19.59 น.)","สาเหตุ: เป็นบริเวณจุดกลับรถถนนสุขุมวิท 81 และหน้าห้างโลตัส และมีทั้งรถยนต์และมอเตอร์ไซด์ออกมาจากซอยสุขุมวิท 81 รวมถึงรถออกจากซอยสุขุมวิท 54 และ 56 เพื่อที่จะมากลับรถที่บริเวณหน้าสำนักงานเขตพระโขนงในช่วงเวลาเร่งด่วน","แนวทางแก้ไข: เจ้าหน้าที่ตำรวจประจำจุดทุกจุดที่เป็นจุดกลับรถเพื่อระบายรถ"],"district":"พระโขนง"},"geometry":{"type":"Point","coordinates":[100.60155,13.7046]}},{"type":"Feature","properties":{"title":"จุดกลับรถบริเวณสุขุมวิท 64/1","info":["เขต: เขตพระโขนง","ช่วงติด: ช่วงเวลาเร่งด่วนเช้า (06.00 น. - 08.59 น.)/ช่วงเวลาเร่งด่วนเย็น (16.00 น. - 19.59 น.)","สาเหตุ: เป็นจุดกลับรถถนนสุขุมวิท 64/1 เป็นจุดที่มีรถออกมาจากซอย วัดธรรมมงคล แล้วไปกลับรถที่ซอย 64/1 ซึ่งจะเกิดการจราจรติดขัดมากในเวลาเร่งด่วน","แนวทางแก้ไข: เจ้าหน้าที่ตำรวจกวดขันรถที่จอดริมถนน รวมทั้งตรวจสอบป้ายสัญญาณจราจร ทางม้าลาย พร้อมประสานให้เจ้าหน้าสำนักการจราจรและขนส่ง ดูแลในจุดเชื่อมต่อเขต"],"district":"พระโขนง"},"geometry":{"type":"Point","coordinates":[100.61016,13.68685]}},{"type":"Feature","properties":{"title":"แยกด่วนสุขุมวิท 62 (ถนนสุขุมวิท - ซอยสุขุมวิท 62)","info":["เขต: เขตพระโขนง","ช่วงติด: ช่วงเวลาเร่งด่วนเช้า (06.00 น. - 08.59 น.)/ช่วงเวลาเร่งด่วนเย็น (16.00 น. - 19.59 น.)","สาเหตุ: เป็นจุดที่มีรถออกจากซอยสุขุมวิท 93,95,97 โดยเฉพาะซอย 97/1 ที่เมื่อออกจากซอยแล้วจะเบี่ยงขวาทันทีเพื่อไป ยังจุดกลับรถในขณะเดียวกันด้านซ้ายสุดจะเป็นทางตรงผ่านตลอด","แนวทางแก้ไข: เจ้าหน้าที่ตำรวจควบคุมสัญญาณไฟจราจรประจำตู้ทุกวัน และ กรณีติดขัดมากพิเศษจะประสานงานไปยัง สน.บางนา"],"district":"พระโขนง"},"geometry":{"type":"Point","coordinates":[100.60568,13.69572]}},{"type":"Feature","properties":{"title":"ทางเข้าห้างสรรพสินค้า True Digital Park สุขุมวิท 101/1","info":["เขต: เขตพระโขนง","ช่วงติด: ช่วงเวลาเร่งด่วนเช้า (06.00 น. - 08.59 น.)/ช่วงเวลาเร่งด่วนเย็น (16.00 น. - 19.59 น.)","สาเหตุ: เป็นจุดที่มีห้าง True Digital Park ที่มีการจัดงานหรือประชาชน ใช้บริการมากและฝั่งตรงกันข้ามเป็นโครงการก่อสร้างที่มีรถบรรทุก คันใหญ่เข้าและออกตลอดทั้งวัน เกิดการจราจรติดขัดซึ่งจุดนี้เป็นพื้นที่ของ สน.บางนา","แนวทางแก้ไข: เจ้าหน้าที่ตำรวจจะประสานเครือข่ายวิทยุและ สน.พระโขนงเพิ่มขาเข้า ให้ตามจังหวะ"],"district":"พระโขนง"},"geometry":{"type":"Point","coordinates":[100.61049,13.68511]}},{"type":"Feature","properties":{"title":"ทางแยกและทางข้ามทางรถไฟถนนริมทางรถไฟสายเก่า (ทางเข้า ปตท.)","info":["เขต: เขตพระโขนง","ช่วงติด: ช่วงเวลาเร่งด่วนเช้า (06.00 น. - 08.59 น.)/ช่วงเวลาเร่งด่วนเย็น (16.00 น. - 19.59 น.)","สาเหตุ: จุดทางเข้า ปตท บนถนนริมทางรถไฟสายเก่าที่เดินรถทางเดียว สภาพพื้นผิว ขรุขระ มีทางโค้งอันตราย มีรถบรรทุกเกินขนาดสัญจรเป็นจำนวนมาก และ เป็นจุดเสี่ยงโดยเฉพาะเวลาฝนตกหนักหรือน้ำท่วมทำให้เกิดรถเสียหลักในการขับขี่","แนวทางแก้ไข: ให้เจ้าหน้าที่เทศกิจดำเนินการหาพิกัดจุดถนนเป็นหลุมบ่อ แล้วประสานงานฝ่ายโยธา และการรถไฟซ่อมแซมรวมทั้งตัดสายสื่อสาร จำนวนมากที่ห้อยระโยงระยางอยู่บริเวณกลางถนน"],"district":"พระโขนง"},"geometry":{"type":"Point","coordinates":[100.58965,13.69718]}},{"type":"Feature","properties":{"title":"แยกด่วนสาธุ (เชื่อม 723) (ถนนสาธุประดิษฐ์ - ถนนรัชดาภิเษก) ใต้ทางด่วนสาธุประดิษฐ์ (หน้าตลาดรุ่งเจริญ)","info":["เขต: เขตยานนาวา","ช่วงติด: ช่วงเวลาเร่งด่วนเช้า (06.00 น. - 08.59 น.)/ช่วงเวลาเร่งด่วนเย็น (16.00 น. - 19.59 น.)","สาเหตุ: เป็นถนนที่ประชาชนสัญจรเป็นจำนวนมากทำให้เกิดปัญหาการจราจรในชั่่วโมงเร่งด่วน","แนวทางแก้ไข: จัดกิจกรรมรณรงค์ให้รักษาวินัจจราจร และจัดเจ้าหน้าที่อำนวยความสะดวกด้านการจราจร"],"district":"ยานนาวา"},"geometry":{"type":"Point","coordinates":[100.53302,13.69474]}},{"type":"Feature","properties":{"title":"แยกวงแหวนอุตสาหกรรม (ถนนพระรามที่ 3 - ถนนวงแหวนอุตสาหกรรรม) ทางลงสะพานภูมิพล 1 มุ่งหน้าถนนพระราม 3","info":["เขต: เขตยานนาวา","ช่วงติด: ช่วงเวลาเร่งด่วนเช้า (06.00 น. - 08.59 น.)/ช่วงเวลาเร่งด่วนเย็น (16.00 น. - 19.59 น.)","สาเหตุ: เป็นถนนที่ประชาชนสัญจรเป็นจำนวนมากทำให้เกิดปัญหาการจราจรในชั่่วโมงเร่งด่วน","แนวทางแก้ไข: จััดกิจกรรมรณรงค์ให้รักษาวินัจจราจร และจัดเจ้าหน้าที่อำนวยความสะดวกด้านการจราจร"],"district":"ยานนาวา"},"geometry":{"type":"Point","coordinates":[100.53858,13.67298]}},{"type":"Feature","properties":{"title":"ถนนนางลิ้นจี่ (หน้าตลาดนางลิ้นจี่)","info":["เขต: เขตยานนาวา","ช่วงติด: ช่วงเวลาเร่งด่วนเช้า (06.00 น. - 08.59 น.)/ช่วงเวลาเร่งด่วนเย็น (16.00 น. - 19.59 น.)","สาเหตุ: รถส่งสินค้าและอุปกรณ์ทำการค้าของผู้ค้ากีดขวางทางสัญจร","แนวทางแก้ไข: เจ้าหน้าที่ตำรวจและเทศกิจลงพื้นที่ประชาสัมพันธ์และกวดขันวินัยจราจรอย่างเข้มงวด"],"district":"สาทร"},"geometry":{"type":"Point","coordinates":[100.54208,13.70861]}},{"type":"Feature","properties":{"title":"จุดกลับรถถนนอโศกมนตรี ใกล้แยกอโศก","info":["เขต: เขตวัฒนา","ช่วงติด: ช่วงเวลาเร่งด่วนเช้า (06.00 น. - 08.59 น.)/ช่วงเวลาเร่งด่วนเย็น (16.00 น. - 19.59 น.)"],"district":"วัฒนา"},"geometry":{"type":"Point","coordinates":[100.56161,13.73836]}},{"type":"Feature","properties":{"title":"แยกพร้อมศรี (ซอยสุขุมวิท 39 - ซอยพร้อมศรี 1)","info":["เขต: เขตวัฒนา","ช่วงติด: ช่วงเวลาเร่งด่วนเช้า (06.00 น. - 08.59 น.)/ช่วงเวลาเร่งด่วนเย็น (16.00 น. - 19.59 น.)"],"district":"วัฒนา"},"geometry":{"type":"Point","coordinates":[100.57168,13.7363]}},{"type":"Feature","properties":{"title":"ทางแยกปากซอยทองหล่อ 10 - ซอยทองหล่อ 11 - ซอยทองหล่อ (ซอยสุขุมวิท 55)","info":["เขต: เขตวัฒนา","ช่วงติด: ช่วงเวลานอกเร่งด่วนบ่าย (13.00 น. - 15.59 น.)/ช่วงเวลาเร่งด่วนเย็น (16.00 น. - 19.59 น.)/ช่วงเวลากลางคืน (20.00 น. - 05.59 น.)"],"district":"วัฒนา"},"geometry":{"type":"Point","coordinates":[100.5821,13.73242]}},{"type":"Feature","properties":{"title":"ดองกิ มอลล์ ทองหล่อ","info":["เขต: เขตวัฒนา","ช่วงติด: ช่วงเวลาเร่งด่วนเช้า (06.00 น. - 08.59 น.)/ช่วงเวลาเร่งด่วนเย็น (16.00 น. - 19.59 น.)"],"district":"วัฒนา"},"geometry":{"type":"Point","coordinates":[100.58612,13.73089]}},{"type":"Feature","properties":{"title":"ท๊อป ฟู๊ด ฮอลล์ สาขาสุขุมวิท 39","info":["เขต: เขตวัฒนา","ช่วงติด: ช่วงเวลาเร่งด่วนเช้า (06.00 น. - 08.59 น.)/ช่วงเวลานอกเร่งด่วนบ่าย (13.00 น. - 15.59 น.)/ช่วงเวลาเร่งด่วนเย็น (16.00 น. - 19.59 น.)/ช่วงเวลากลางคืน (20.00 น. - 05.59 น.)"],"district":"วัฒนา"},"geometry":{"type":"Point","coordinates":[100.57255,13.74412]}},{"type":"Feature","properties":{"title":"แยกอ่อนนุช 17 (ถนนอ่อนนุช - อ่อนนุช ซอย 17) ถนนอ่อนนุชขาเข้า และถนนอ่อนนุชขาออก","info":["เขต: เขตสวนหลวง","ช่วงติด: ตลอดทั้งวัน","สาเหตุ: ถนนคับแคบและรถมีจำนวนมาก","แนวทางแก้ไข: เปิดสัญญาณไฟเขียวให้รถไปได้พร้อมกันทั้งสองด้าน หากเปิดทีละด้านจะทำให้การจราจรติดขัด"],"district":"สวนหลวง"},"geometry":{"type":"Point","coordinates":[100.60995,13.71141]}},{"type":"Feature","properties":{"title":"บริเวณทางเชื่อมระหว่างมอเตอร์เวย์กับถนนพระรามเก้า ถนนพระรามเก้าขาเข้า ตั้งแต่หน้าซอยพระรามเก้า 62 ไปจนถึงถนนมอเตอร์เวย์","info":["เขต: เขตสวนหลวง","ช่วงติด: ช่วงเวลาเร่งด่วนเช้า (06.00 น. - 08.59 น.)","สาเหตุ: เป็นทางร่วม รถมีจำนวนมากและเปลี่ยนช่องจราจรตัดกัน และมีการเลี้ยวซ้ายเข้าคู่ขนานปาดหน้ากัน","แนวทางแก้ไข: ติดตั้งกรวยบังคับให้เลี้ยวซ้ายได้เลนเดียว"],"district":"สวนหลวง"},"geometry":{"type":"Point","coordinates":[100.63346,13.74259]}},{"type":"Feature","properties":{"title":"หน้าทางเข้าโรงเรียนเตรียมอุดมศึกษาพัฒนาการ ถนนพัฒนาการขาเข้า ตั้งแต่หน้าซอยพัฒนาการ 58 ไปจนถึงหน้าสำนักงานเขตฯ","info":["เขต: เขตสวนหลวง","ช่วงติด: ช่วงเวลาเร่งด่วนเช้า (06.00 น. - 08.59 น.)","สาเหตุ: มีรถผู้ปกครองมารับ-ส่งบุตรหลานที่โรงเรียนจำนวนมาก มีจุดกลับรถและเลี้ยวขวาเข้าซอย","แนวทางแก้ไข: ช่วงเวลาเร่งด่วนจะกั้นแบริเออร์ไม่ให้กลับรถและไม่ให้เลี้ยวขวาเข้าซอยและจัดเจ้าหน้าที่อำนวยการจราจรหน้าซอยและทางแยกใกล้เคียง"],"district":"สวนหลวง"},"geometry":{"type":"Point","coordinates":[100.64808,13.73281]}},{"type":"Feature","properties":{"title":"แยกวงเวียนใหญ่ (ถนนสมเด็จพระเจ้าตากสิน - ถนนลาดหญ้า - ถนนประชาธิปก - ถนนอินทรพิทักษ์)","info":["เขต: เขตคลองสาน","ช่วงติด: ช่วงเวลาเร่งด่วนเช้า (06.00 น. - 08.59 น.)/ช่วงเวลาเร่งด่วนเย็น (16.00 น. - 19.59 น.)","แนวทางแก้ไข: มีป้ายห้ามจอดตลอดเวลาอยู่ตลอดทุกช่วง หากมีการฝ่าฝืน จะบังคับล้อสถานเดียว"],"district":"ธนบุรี"},"geometry":{"type":"Point","coordinates":[100.49284,13.72549]}},{"type":"Feature","properties":{"title":"แยกบ้านแขก (ถนนประชาธิปก - ถนนอิสรภาพ)","info":["เขต: เขตคลองสาน","ช่วงติด: ช่วงเวลาเร่งด่วนเช้า (06.00 น. - 08.59 น.)/ช่วงเวลาเร่งด่วนเย็น (16.00 น. - 19.59 น.)","แนวทางแก้ไข: ในช่วงเวลา 05.00 - 09.00 เป็นช่วงเวลาเร่งด่วน หากมีการฝ่าฝืนจอดรถในที่ห้ามจอดจะทำการบังคับล้อ"],"district":"ธนบุรี"},"geometry":{"type":"Point","coordinates":[100.49488,13.73119]}},{"type":"Feature","properties":{"title":"แยกคลองต้นไทร (แยกเสนาเฟสต์) (ถนนเจริญนคร - ถนนกรุงธนบุรี (ขาลงสะพานตากสิน))","info":["เขต: เขตคลองสาน","ช่วงติด: ช่วงเวลาเร่งด่วนเช้า (06.00 น. - 08.59 น.)/ช่วงเวลาเร่งด่วนเย็น (16.00 น. - 19.59 น.)","สาเหตุ: เนื่องจากจำนวนรถยนต์ที่มุ่งหน้าเข้าสู่ห้างไอค่อนสยามผ่านทั้งสองแยกนี้เป็นจำนวนมาก และบนถนนเจริญนครทั้งสองฝั่งเป็นพื้นที่ห้ามจอดรถ","แนวทางแก้ไข: เพื่อให้การจราจรคล่องตัว สน.สำเหร่จึงได้ทำการกวดขันบังคับใช้กฎหมาย โดยการบังคับล้อกับผู้ที่ฝ่าฝืนจอดรถทั้งสองฝั่งโดยเฉพาะในช่วงเวลาเร่งด่วนได้แก่ เวลา 06.00 – 10.00 น. และ เวลา 16.00 – 20.00 น."],"district":"คลองสาน"},"geometry":{"type":"Point","coordinates":[100.508,13.71883]}},{"type":"Feature","properties":{"title":"แยกเจริญนคร (แยกเป็ปซี่) (ถนนเจริญนคร - ถนนกรุงธนบุรี (ขาขึ้นสะพานตากสิน))","info":["เขต: เขตคลองสาน","ช่วงติด: ช่วงเวลาเร่งด่วนเช้า (06.00 น. - 08.59 น.)/ช่วงเวลาเร่งด่วนเย็น (16.00 น. - 19.59 น.)","สาเหตุ: เนื่องจากจำนวนรถยนต์ที่มุ่งหน้าเข้าสู่ห้างไอค่อนสยามผ่านทั้งสองแยกนี้เป็นจำนวนมาก และบนถนนเจริญนครทั้งสองฝั่งเป็นพื้นที่ห้ามจอดรถ","แนวทางแก้ไข: เพื่อให้การจราจรคล่องตัว สน.สำเหร่จึงได้ทำการกวดขันบังคับใช้กฎหมาย โดยการบังคับล้อกับผู้ที่ฝ่าฝืนจอดรถทั้งสองฝั่งโดยเฉพาะในช่วงเวลาเร่งด่วนได้แก่ เวลา 06.00 – 10.00 น. และ เวลา 16.00 – 20.00 น."],"district":"คลองสาน"},"geometry":{"type":"Point","coordinates":[100.50885,13.72143]}},{"type":"Feature","properties":{"title":"ห้างไอคอนสยาม ถนนเจริญนคร","info":["เขต: เขตคลองสาน","ช่วงติด: ช่วงเวลาเร่งด่วนเย็น (16.00 น. - 19.59 น.) และช่วงวันเสาร์-อาทิตย์","สาเหตุ: ในวันจันทร์ – วันศุกร์ ไม่มีปัญหาการจราจรติดขัด แต่หากมีการจัดงานที่ไอคอนสยามก็จะเกิดปัญหาการจราจรได้ และหน้าห้างไอคอนสยามมีการปรับปรุงการนำสายไฟลงดินและการขุดเจาะถนนเพื่อแก้ไขงานประปา ทำให้เส้นจราจรเลือนราง บ้างก็หายไปทำให้เกิดปัญหาการจราจรอีกเช่นกัน","แนวทางแก้ไข: ทางไอค่อนสยาม ได้จัดอาสาฯจราจรมาจัดการจราจรบริเวณหน้าห้างเพื่อจัดการจราจร โดยมีตำรวจจราจร สน.ปากคลองสานกำกับดูแลในอีกขั้นหนึ่ง สน.ปากคลองสานจัดทำหนังสือขอความร่วมมือจากสำนักจราจรและขนส่ง กรุงเทพมหานคร เพื่อดำเนินการตีเส้นจราจรในจุดที่เส้นจราจรเลือนลาง"],"district":"คลองสาน"},"geometry":{"type":"Point","coordinates":[100.50904,13.72751]}},{"type":"Feature","properties":{"title":"บริเวณหน้าทางเข้าโรงเรียนปาณยาพัฒนาการ ถนนพัฒนาการขาเข้า ตั้งแต่หน้าซอยพัฒนาการ 44 ไปจนถึงสะพานข้ามแยกศรีนครินทร์","info":["เขต: เขตสวนหลวง","ช่วงติด: ช่วงเวลาเร่งด่วนเช้า-เย็น (06.00 น. - 08.59 น. และ 15.00 - 17.00 น.)","สาเหตุ: มีรถจำนวนมาก เนื่องจากผู้ปกครองมารับ-ส่งและช่วงเย็นผู้ปกครองจอดรอรับนักเรียนทำให้ติดยาวถึงจุดกลับรถ","แนวทางแก้ไข: จัดเจ้าหน้าที่ตำรวจอำนวยการจราจร จำนวน 6 นาย ประจำบริเวณลานจอดรถบริเวณโรงเรียน ปากซอยพัฒนาการ 40, 42 และ 44"],"district":"สวนหลวง"},"geometry":{"type":"Point","coordinates":[100.63052,13.73679]}},{"type":"Feature","properties":{"title":"ป้ายรถเมล์หน้าตลาดเอี่ยมสมบัติ ถนนศรีนครินทร์ตั้งแต่หน้าป้ายรถเมล์ ไปจนถึงถนนอ่อนนุช","info":["เขต: เขตสวนหลวง","ช่วงติด: ติดขัดช่วงที่มีรถแท็กซี่หรือรถโดยสารจอดแช่บริเวณหน้าป้ายรถเมล์","สาเหตุ: รถแท็กซี่และรถโดยสารจอดแช่นานบริเวณหน้าป้ายรถเมล์ทำให้รถเมล์หรือรถอื่นจอดรับส่งผู้โดยสารเลนสอง","แนวทางแก้ไข: เปิดใช้ทางบริเวณสี่แยกศรีนุช และกวดขันรถที่จอดแช่บริเวณป้ายรถเมล์"],"district":"สวนหลวง"},"geometry":{"type":"Point","coordinates":[100.64345,13.7133]}},{"type":"Feature","properties":{"title":"หน้าซอยพัฒนาการ 20 ตั้งแต่ปากซอยไปจนถึงในซอยพัฒนาการ 20","info":["เขต: เขตสวนหลวง","ช่วงติด: ช่วงเวลาเร่งด่วนเช้า (06.00 น. - 08.59 น.)","สาเหตุ: รถยนต์และรถจักรยานยนต์จอดซื้ออาหารบริเวณหน้าปากซอย","แนวทางแก้ไข: จัดเจ้าหน้าที่ตำรวจกวดขันบริเวณหน้าซอยพัฒนาการ 20"],"district":"สวนหลวง"},"geometry":{"type":"Point","coordinates":[100.60908,13.7375]}},{"type":"Feature","properties":{"title":"แยกสาทร-สุรศักดิ์ (ถนนสาทร - ถนนสุรศักดิ์ - ถนนเจริญราษฎร์)","info":["เขต: เขตสาทร","ช่วงติด: ช่วงเวลาเร่งด่วนเช้า (06.00 น. - 08.59 น.)/ช่วงเวลาเร่งด่วนเย็น (16.00 น. - 19.59 น.)","สาเหตุ: มีการสับเปลี่ยนเลนบริเวณสี่แยกของรถที่มาจากถนนเจริญราษฎร์ ระหว่างรถทางตรงกับรถเลี้ยวซ้ายผ่านตลอด จึงทำให้รถเกิดการชะลอตัว","แนวทางแก้ไข: สถานีตำรวจนครบาลในพื้นที่ได้นำแพงเหล็กมากั้นแบ่งเลนสำหรับเลี้ยวซ้ายและทางตรง ในช่วงเวลาเร่งด่วนเพื่อลดการเปลี่ยนเลนบริเวณสี่แยกไฟแดง ช่วยให้การจราจรมีความคล่องตัวมากขึ้น"],"district":"บางรัก"},"geometry":{"type":"Point","coordinates":[100.51986,13.71896]}},{"type":"Feature","properties":{"title":"แยกถนนจันทน์ตัดถนนสาธุประดิษฐ์","info":["เขต: เขตสาทร","ช่วงติด: ช่วงเวลาเร่งด่วนเช้า (06.00 น. - 08.59 น.)/ช่วงเวลาเร่งด่วนเย็น (16.00 น. - 19.59 น.)","สาเหตุ: มีรถจอดซื้อของบริเวณตลาด ประกอบกับรถสองแถวจอดแช่รับผู้โดยสารริมทาง หรือจอดในจุดที่ห้ามจอด","แนวทางแก้ไข: สถานีตำรวจนครบาลในพื้นที่ได้จัดเจ้าหน้าที่กวดขันรถจอดในที่ห้ามจอด และจัดเจ้าหน้าอำนวยการจราจรเร่งรถในช่วงเวลาเร่งด่วน อีกทั้งมีการติดป้ายประชาสัมพันธ์ มิให้รถสองแถวจอดรับส่งผู้โดยสารในจุดห้ามจอด"],"district":"สาทร"},"geometry":{"type":"Point","coordinates":[100.52873,13.70585]}},{"type":"Feature","properties":{"title":"ทางเข้าซอยเจริญกรุง 57 ถนนเจริญกรุง (โรงเรียนสตรีศรีสุริโยทัย)","info":["เขต: เขตสาทร","ช่วงติด: ช่วงเวลาเร่งด่วนเช้า (06.00 น. - 08.59 น.)/ช่วงเวลาเร่งด่วนเย็น (16.00 น. - 19.59 น.)","สาเหตุ: บริเวณดังกล่าวเป็นที่ตั้งของสถานศึกษาหลายแห่ง ทำให้การจราจรมีความหนาแน่นในช่วงเวลาเร่งด่วน ประกอบกับมีการจอดรถรับส่งนักเรียน รถขนส่งสินค้า และรถโดยสารต่าง ๆ","แนวทางแก้ไข: สถานีตำรวจนครบาลในพื้นที่ จัดเจ้าหน้าที่อำนวยความสะดวกด้านการจราจร กวดขัน ไม่ให้มีการจอดรถในที่ห้ามจอด และเร่งระบายรถเพื่อให้เกิดความคล่องตัวมากขึ้น"],"district":"สาทร"},"geometry":{"type":"Point","coordinates":[100.51371,13.71539]}},{"type":"Feature","properties":{"title":"หน้าห้างเซนทรัลเวิลด์ ข้างศาลพระตรีมูรติ มุ่งสู่แยกประตูน้ำ","info":["เขต: เขตปทุมวัน","ช่วงติด: ช่วงเวลาเร่งด่วนเย็น (16.00 น. - 19.59 น.)","สาเหตุ: การจราจรติดขัดและมีการร้องเรียนผ่านทาง Traffy Fondue","แนวทางแก้ไข: เจ้าหน้าที่ตำรวจร่วมกับรปภ.ห้างฯช่วยเร่งการระบายรถ"],"district":"ปทุมวัน"},"geometry":{"type":"Point","coordinates":[100.54036,13.74599]}},{"type":"Feature","properties":{"title":"ใต้ทางด่วนเพลินจิตมุ่งหน้าถนนเพลินจิต แยกชิดลม","info":["เขต: เขตปทุมวัน","ช่วงติด: ช่วงเวลาเร่งด่วนเย็น (16.00 น. - 19.59 น.)","สาเหตุ: จุดตัดค่อนข้างมากทางม้าลายทำให้รถชะลอตัว","แนวทางแก้ไข: เจ้าหน้าที่ตำรวจเร่งระบายรถที่ติดสะสม"],"district":"ปทุมวัน"},"geometry":{"type":"Point","coordinates":[100.55018,13.7428]}},{"type":"Feature","properties":{"title":"ถนนพระรามที่ 4 แยกศาลาแดง","info":["เขต: เขตปทุมวัน","ช่วงติด: ช่วงเวลาเร่งด่วนเย็น (16.00 น. - 19.59 น.)","สาเหตุ: สืบเนื่องรถติดสะสมเซนต์โยเซฟ คอนเวนต์ เขตบางรัก","แนวทางแก้ไข: เจ้าหน้าที่ตำรวจเร่งแก้ปัญหาและปรับเวลาการรับส่งนักเรียน"],"district":"ปทุมวัน"},"geometry":{"type":"Point","coordinates":[100.53659,13.72983]}},{"type":"Feature","properties":{"title":"ใต้ด่วนพระรามที่ 4","info":["เขต: เขตปทุมวัน","ช่วงติด: ช่วงเวลาเร่งด่วนเย็น (16.00 น. - 19.59 น.)","สาเหตุ: จุดตัดทั้งทางลงและขึ้นทางด่วน","แนวทางแก้ไข: ปรับรูปแบบการชำระเงินเป็นอัตโนมัติและเจ้าหน้าที่ตำรวจปรับสัญณานไฟใฟ้เหมาะสม"],"district":"ปทุมวัน"},"geometry":{"type":"Point","coordinates":[100.55252,13.72305]}},{"type":"Feature","properties":{"title":"ถนนพระรามที่ 4หน้าตลาดบ่อนไก่","info":["เขต: เขตปทุมวัน","ช่วงติด: ช่วงเวลาเร่งด่วนเย็น (16.00 น. - 19.59 น.)","สาเหตุ: มีรถจอดทำให้เสียช่องทาง","แนวทางแก้ไข: เจ้าหน้าที่ตำรวจและเจ้าหน้าที่เทศกิจร่วมกวดขันการจอดในที่ห้ามจอดในเวลาเร่งด่วน"],"district":"ปทุมวัน"},"geometry":{"type":"Point","coordinates":[100.54939,13.72427]}},{"type":"Feature","properties":{"title":"สะพานไทย-เบลเยี่ยม","info":["เขต: เขตปทุมวัน","ช่วงติด: ช่วงเวลาเร่งด่วนเย็น (16.00 น. - 19.59 น.)","สาเหตุ: มีการปรับพื้นผิวจราจรบนสะพานไทย-เบลเยี่ยม","แนวทางแก้ไข: ปรับเปลี่ยนเวลาซ่อมแซ่มถนนตามเวลาที่เหมาะสม"],"district":"ปทุมวัน"},"geometry":{"type":"Point","coordinates":[100.54446,13.72663]}},{"type":"Feature","properties":{"title":"แยกถนนตก (ถนนเจริญกรุง - ถนนพระรามที่ 3)","info":["เขต: เขตบางคอแหลม","ช่วงติด: ช่วงเช้าเร่งด่วน (06.00 - 08.59 น.) ช่วงเวลาเร่งด่วนเย็น (16.00 - 19.59 น.)","สาเหตุ: การจราจรติดขัดในช่วงเวลาเร่งด่วน รถเมล์สาย 1 จอดกีดขวางกินพื้นที่ 1 เลน เป็นจุดที่เป็นทางเบี่ยงเข้าถนนพระราม 3","แนวทางแก้ไข: สถานีตำรวจนครบาลวัดพระยาไกร จัดเจ้าหน้าที่อำนวยความสะดวกด้านการจราจร สำนักงานเขตบางคอแหลม จัดเจ้าหน้าที่อำนวยความสะดวกด้าน องค์การขนส่งมวลชนกรุงเทพ บริหารจัดการรถเมล์ให้จอดบริเวณดังกล่าวที่เหมาะสม"],"district":"บางคอแหลม"},"geometry":{"type":"Point","coordinates":[100.49699,13.69741]}},{"type":"Feature","properties":{"title":"แยกจอมทอง (ถนนจอมทอง - ถนนวุฒากาศ)","info":["เขต: เขตจอมทอง","ช่วงติด: ช่วงเวลาเร่งด่วนเช้า (06.00 น. - 09.00 น.และ 15.30 - 18.30 น. )","สาเหตุ: รถที่วิ่งช่องการจราจรซ้ายไม่เลี้ยวซ้ายเข้าถนนวุฒนากาศ โดยมักจะรอเดินรถทางตรงพร้อมกับช่องจราจรขวา","แนวทางแก้ไข: 1.บังคับตามกฏหมาย 2.ดำเนินการกดสัญญานไฟจราจรช่องเลี้ยวซ้ายกับช่องตรงไปให้พร้อมกัน 3.ขอให้นำระบบ ITMS มาใช้"],"district":"จอมทอง"},"geometry":{"type":"Point","coordinates":[100.46727,13.69914]}},{"type":"Feature","properties":{"title":"โรงเรียนอนุบาลวัดนางนอง ถนนวุฒากาศ","info":["เขต: เขตจอมทอง","ช่วงติด: ช่วงเวลาเร่งด่วนเช้า (07.00 น. - 09.00 น.และ 15.00 - 17.00 น. )","สาเหตุ: ผู้ปกครองที่มารับส่งนักเรียนมักจอดรถบนผิวจราจรจำนวนมาก","แนวทางแก้ไข: 1.ทำหนังสือถึงโรงเรียน ขอความอนุเคราะห์ให้จัดจุดจอดรถรับส่งภายในโรงเรียน พร้อมประชาสัมพันธ์ให้ผู้ปกครองทราบ 2.จัดเจ้าหน้าที่ตำรวจตรวจตราในช่วงเวลาเร่งด่วน 3.ฝ่ายเทศกิจ จัดเจ้าหน้าที่อำนวยการจราจรเพิ่ม"],"district":"จอมทอง"},"geometry":{"type":"Point","coordinates":[100.46684,13.70385]}},{"type":"Feature","properties":{"title":"แยกกำนันแม้น (ถนนกำนันแม้น - ถนนเอกชัย)","info":["เขต: เขตจอมทอง","ช่วงติด: ช่วงเวลาเร่งด่วนเช้า (06.00 น. - 09.00 น.และ 15.30 - 18.30 น. )","สาเหตุ: มีซอยย่อยจำนวนมาก ทำให้มีผู้สัญจรมาจากหลากหลายทิศทาง ทำให้ไม่สามารถเปิดใช้สัญญานไฟจราจรได้ จึงใช้สัญญานมือแทน","แนวทางแก้ไข: 1.จัดเจ้าหน้าที่ตำรวจอำนวยการจราจร 2.ขอให้นำระบบ ITMS มาใช้"],"district":"จอมทอง"},"geometry":{"type":"Point","coordinates":[100.44571,13.68515]}},{"type":"Feature","properties":{"title":"ทางกลับรถหน้าโรงพยาบาลบางมด (ถนนพระรามที่ 2 ขาออก)","info":["เขต: เขตจอมทอง","ช่วงติด: ช่วงเวลาเร่งด่วน ( 15.30 - 19.00 น. )","สาเหตุ: รถที่กลับรถมักลักลอบตัดรถกระแสทางตรงเพื่อเข้าซอย หรือป้ายรถประจำทาง และรถที่มาจากทางตรงมักเบี่ยงขวาเพื่อเข้าทางด่วนคู่ขนาน","แนวทางแก้ไข: 1.ประสานกรมทางหลวงซ่อมแซมเสาล้มลุกแทนที่ชำรุด 2.ทำหนังสือถึง ขสมก.เพื่อขอขยับป้ายรถประจำทางออกจากจุดเดิมไปตามความเหมาะสม 3.วางกรวยยางต่อจากเสาล้มลุกเพื่อป้องกันการฝ่าฝืน 4.โครงการทางพิเศษอยู่ระหว่างการสร้างสะพานจุดกลับรถอีก 1 จุด บริเวณคลองบางขุนเทียน เพื่อแก้ไขปัญหาในจุดนี้ได้ต่อไป โดยจะแล้วเสร็จปลายปี2566"],"district":"จอมทอง"},"geometry":{"type":"Point","coordinates":[100.45646,13.67245]}},{"type":"Feature","properties":{"title":"ถนนบรมราชชนนีตัดราชพฤกษ์ (ขาเข้า) กรมทางหลวง","info":["เขต: เขตตลิ่งชัน","ช่วงติด: ช่วงเวลาเร่งด่วนเช้า (06.00 น. - 08.59 น.)","สาเหตุ: มีปริมาณรถยนต์เพิ่มมากขึ้น บางช่วงของถนนเป็นคอขวดทำให้มีการบีบช่องทางจราจรแคบลง","แนวทางแก้ไข: เพิ่มขยายช่องทางการจราจร"],"district":"ตลิ่งชัน"},"geometry":{"type":"Point","coordinates":[100.4438,13.78058]}},{"type":"Feature","properties":{"title":"ถนนราชพฤกษ์ตัดบรมราชชนนี (ขาเข้า) กรมทางหลวง","info":["เขต: เขตตลิ่งชัน","ช่วงติด: ช่วงเวลาเร่งด่วนเช้า (06.00 น. - 08.59 น.)","สาเหตุ: มีปริมาณรถยนต์เพิ่มมากขึ้น บางช่วงของถนนเป็นคอขวดทำให้มีการบีบช่องทางจราจรแคบลง","แนวทางแก้ไข: เพิ่มขยายช่องทางการจราจร"],"district":"ตลิ่งชัน"},"geometry":{"type":"Point","coordinates":[100.4438,13.78058]}},{"type":"Feature","properties":{"title":"ถนนราชพฤกษ์ บริเวณหน้าศูนย์โตโยต้า (ขาออก) กรมทางหลวง","info":["เขต: เขตตลิ่งชัน","ช่วงติด: ช่วงเวลาเร่งด่วนเย็น (16.00 น. - 19.59 น.)","สาเหตุ: มีปริมาณรถยนต์เพิ่มมากขึ้น บางช่วงของถนนเป็นคอขวดทำให้มีการบีบช่องทางจราจรแคบลง","แนวทางแก้ไข: เพิ่มขยายช่องทางการจราจร"],"district":"ตลิ่งชัน"},"geometry":{"type":"Point","coordinates":[100.44657,13.78932]}},{"type":"Feature","properties":{"title":"แยกศาลาธรรมสพน์ 48 (ถนนศาลาธรรมสพน์ - ซอยศาลาธรรมสพน์ 48)","info":["เขต: เขตทวีวัฒนา","ช่วงติด: ช่วงเวลาเร่งด่วนเช้า (06.00 น. - 08.59 น.)/ช่วงเวลาเร่งด่วนเย็น (16.00 น. - 19.59 น.)","สาเหตุ: มีรถจำนวนมากเข้าฝั่งจากตำบลปลายบาง จ.นนทบบุรี ในช่วงเช้า และข้ามกลับในช่วงเย็น","แนวทางแก้ไข: ให้รถที่มุ่งหน้าถนนศาลาธรรมสพน์จัดให้มีป้ายบังคับเลี้ยวซ้าย และประสานทางฝั่งปลายบางจัดทำเส้นทแยงสีเหลือง"],"district":"ทวีวัฒนา"},"geometry":{"type":"Point","coordinates":[100.35465,13.80028]}},{"type":"Feature","properties":{"title":"ทางแยกปากซอยทวีวัฒนา 9","info":["เขต: เขตทวีวัฒนา","ช่วงติด: ช่วงเวลานอกเร่งด่วนบ่าย (13.00 น. - 15.59 น.)/ช่วงเวลาเร่งด่วนเย็น (16.00 น. - 19.59 น.)","สาเหตุ: มีตลาด มีปริมาณรถจำนวนมาก","แนวทางแก้ไข: ด้านกายภาพเพิ่มรัศมีผายปากคันหินทางเท้าบริเวณปากซอยทวีวัฒนา9 และเจ้าหน้าที่ตำรวจกวดขันรถจอดที่กระทำผิดกฎจราจร"],"district":"ทวีวัฒนา"},"geometry":{"type":"Point","coordinates":[100.35648,13.74327]}},{"type":"Feature","properties":{"title":"ถนนบรมราชชนนีขาเข้าก่อนขึ้นคู่ขนานลอยฟ้า","info":["เขต: เขตทวีวัฒนา","ช่วงติด: ช่วงเวลาเร่งด่วนเช้า (06.00 น. - 08.59 น.)/ช่วงเวลาเร่งด่วนเย็น (16.00 น. - 19.59 น.)","สาเหตุ: ปริมาณรถที่มีจำนวนมาก","แนวทางแก้ไข: 1. เจ้าหน้าที่ตำรวจจราจรปฏิบัติหน้าที่อำนวยความสะดวกในช่วงเวลาเร่งด่วน 2. การจัดทำป้าย LED บอกสภาพการจราจรบนทางคู่ขนานลอยฟ้าเสนอจัดทำป้ายบอกจราจรด้านบนคู่ขนานฯ"],"district":"ทวีวัฒนา"},"geometry":{"type":"Point","coordinates":[100.34823,13.78856]}},{"type":"Feature","properties":{"title":"ถนนกาญจนาภิเษก ปากซอยถนนสวนผัก","info":["เขต: เขตทวีวัฒนา","ช่วงติด: ช่วงเวลาเร่งด่วนเช้า (06.00 น. - 08.59 น.)/ช่วงเวลาเร่งด่วนเย็น (16.00 น. - 19.59 น.)","สาเหตุ: มีรถรถเข้า-ออกถนนสวนผักจำนวนมาก ทำให้รถชะลอตัวและติดขัดมายังถนนกาญจนาภิเษก","แนวทางแก้ไข: จุดถนนกาญจนาภิเษกประสาน สน.ตลิ่งชันช่วยจัดจราจร และขอความร่วมมือกรมทางหลวงปรับปรุงพื้นผิวจราจร"],"district":"ทวีวัฒนา"},"geometry":{"type":"Point","coordinates":[100.40951,13.79057]}},{"type":"Feature","properties":{"title":"ปากทางถนนพุทธมณฑลสาย 3 เลี้ยวเข้าจากถนนบรมราชชนนีขาออกทางลงเชิงสะพานข้าม","info":["เขต: เขตทวีวัฒนา","ช่วงติด: ช่วงเวลาเร่งด่วนเช้า (06.00 น. - 08.59 น.)/ช่วงเวลาเร่งด่วนเย็น (16.00 น. - 19.59 น.)","สาเหตุ: รถยนต์จอดช่องทางซ้าย และรถติดสะสมจากฝั่งนครปฐม","แนวทางแก้ไข: เจ้าหน้าที่ตำรวจปฏิบัติหน้าที่กวดขันวินัยจราจร และประสานสถานีตำรวจภูธรพุทธมณฑลช่วยจัดการจราจร"],"district":"ทวีวัฒนา"},"geometry":{"type":"Point","coordinates":[100.36394,13.78651]}},{"type":"Feature","properties":{"title":"ถนนพุทธมณฑลสาย 2 หน้าตลาดกรีนวิลล์","info":["เขต: เขตทวีวัฒนา","ช่วงติด: ช่วงเวลาเร่งด่วนเช้า (06.00 น. - 08.59 น.)/ช่วงเวลาเร่งด่วนเย็น (16.00 น. - 19.59 น.)","สาเหตุ: มีตลาด และมีการจอดรถยนต์บนผิวจราจรทำให้เสียช่องจราจร","แนวทางแก้ไข: 1. เจ้าหน้าที่ตำรวจกวดขันวินัยจราจร 2. เจ้าหน้าที่เทศกิจประชาสัมพันธ์การห้ามจอด"],"district":"ทวีวัฒนา"},"geometry":{"type":"Point","coordinates":[100.3944,13.79168]}},{"type":"Feature","properties":{"title":"ถนนบรมราชชนนีขาออก หน้าตลาดพุทธมณฑล","info":["เขต: เขตทวีวัฒนา","ช่วงติด: ช่วงเวลาเร่งด่วนเช้า (06.00 น. - 08.59 น.)/ช่วงเวลาเร่งด่วนเย็น (16.00 น. - 19.59 น.)","สาเหตุ: การจอดรถในช่องทางซ้าย และมีปริมาณรถจำนวนมาก","แนวทางแก้ไข: 1. เจ้าหน้าที่ตำรวจกวดขันวินัยจราจร 2. เจ้าหน้าที่เทศกิจประชาสัมพันธ์การห้ามจอด"],"district":"ทวีวัฒนา"},"geometry":{"type":"Point","coordinates":[100.33475,13.78771]}},{"type":"Feature","properties":{"title":"ใต้สะพานตลาดพูล (แยกตลาดพลู) บริเวณดังกล่าวเป็นแหล่งของกิน อาหารอร่อยหลากหลาย","info":["เขต: เขตธนบุรี","ช่วงติด: ช่วงเวลาเร่งด่วนเย็น (16.00 น. - 19.59 น.)","สาเหตุ: มีการจอดรถแกรป รถมอเตอร์ไซด์ และรถยนต์บริเวณริมทาง","แนวทางแก้ไข: เจ้าหน้าที่ตำรวจจราจรกวดขันไม่ให้มีการจอดรถริมทางรวมทั้งอำนวยด้านจราจรกรณีมีการจราจรติดขัด และ สำนักการจราจรและขนส่งจะดำเนินการทาสีขอบทางบริเวณจุดห้ามจอดรถและป้ายห้ามจอดรถ"],"district":"ธนบุรี"},"geometry":{"type":"Point","coordinates":[100.47712,13.72094]}},{"type":"Feature","properties":{"title":"แยกตากสิน (ถนนสมเด็จพระเจ้าตากสิน - ถนนกรุงธนบุรี) ถนนสมเด็จพระเจ้าตากสินขาเข้า มุ่งหน้าวงเวียนใหญ่","info":["เขต: เขตธนบุรี","ช่วงติด: ช่วงเวลาเร่งด่วนเช้า (06.00 น. - 08.59 น.)","สาเหตุ: เป็นเส้นทางสายหลักที่ประชาชนใช้ในการเดินทางและเข้าเมือง","แนวทางแก้ไข: เจ้าหน้าที่ตำรวจจราจร จะดำเนินการควบคุมสัญญาณไฟจราจรให้มีความสอดคล้องกับจำนวนปริมาณรถยนต์และการเคลื่อนตัวตามจุดตัดแยกต่างๆในเส้นทาง และกวดขันไม่ให้มีการจอดรถริมทางบนผิวจราจร"],"district":"ธนบุรี"},"geometry":{"type":"Point","coordinates":[100.49118,13.72097]}},{"type":"Feature","properties":{"title":"แยกวงเวียนใหญ่ (ถนนสมเด็จพระเจ้าตากสิน - ถนนประชาธิปก - ถนนอินทรพิทักษ์) ถนนอินทรพิทักษ์ขาเข้า","info":["เขต: เขตธนบุรี","ช่วงติด: ช่วงเวลาเร่งด่วนเช้า (06.00 น. - 08.59 น.)","สาเหตุ: เป็นเส้นทางสายหลักที่ประชาชนใช้ในการเดินทางและเข้าเมือง","แนวทางแก้ไข: เจ้าหน้าที่ตำรวจจราจรจะดำเนินการควบคุมสัญญาณไฟจราจรให้มีความสอดคล้องกับจำนวนปริมาณรถยนต์และการเคลื่อนตัวตามจุดตัดแยกต่างๆในเส้นทางและกวดขันไม่ให้มีการจอดรถริมทางบนผิวจราจร เสนอเป็นจุดนำร่องในการแก้ไขปัญหาจราจรที่ติดขัด โดยสำนักการจราจรและขนส่งจะดำเนินการติดตั้งป้ายแนะนำช่องทางเดินรถด้านซ้ายผ่านตลอดเพื่อเลี้ยวไปทางถนนประชาธิปก ภายใน2สัปดาห์ โดยเน้นให้ช่องทางเดินรถด้านซ้ายสุด เลี้ยว ซ้ายผ่านตลอดเพื่อเข้าสู่ถนนประชาธิปก โดยไม่ให้มีการจอดรถเพื่อรอสัญญาณไฟจราจรที่จะเข้าสู่ทางรอบวงเวียนใหญ่ สำนักงานเขตธนบุรีจะดำเนินการจัดเจ้าหน้าที่เทศกิจปฏิบัติหน้าที่ร่วมกับเจ้าหน้าที่ตำรวจจราจรอำนวยความสะดวกด้านการจราจรในบริเวณพื้นที่ดังกล่าว"],"district":"ธนบุรี"},"geometry":{"type":"Point","coordinates":[100.49284,13.72549]}},{"type":"Feature","properties":{"title":"หน้าศูนย์การค้า เดอะมอลล์ไลฟ์สโตร์ ท่าพระ ถนนรัชดาภิเษก ถนนรัชดาภิเษกขาออก","info":["เขต: เขตธนบุรี","ช่วงติด: ช่วงเวลานอกเร่งด่วนสาย (10.00 น. - 12.59 น.)/ช่วงเวลาเร่งด่วนเย็น (16.00 น. - 19.59 น.)","สาเหตุ: อยู่ระหว่างการก่อสร้างทางลอดอุโมงค์ถนนราชพฤกษ์ - รัชดาภิเษกท่าพระ ทำให้เสียช่องทางเดินรถ ประกอบกับผิวจราจรชำรุดเสียหาย และเป็นเส้นทางหลักในการสัญจรของประชาชน","แนวทางแก้ไข: เจ้าหน้าที่จำตำรวจจราจรจะดำเนินการควบคุมสัญญาณไฟจราจรให้มีความสอดคล้องกับจำนวนปริมาณรถยนต์และการเคลื่อนตัวตามจุดตัดแยกต่างๆในเส้นทางและกวดขันไม่ให้มีการจอดรถริมทางบนผิวจราจร"],"district":"ธนบุรี"},"geometry":{"type":"Point","coordinates":[100.47829,13.7148]}},{"type":"Feature","properties":{"title":"ซอยอรุณอมรินทร์ 4 และถนนอรุณอมรินทร์บรรจบถนนประชาธิปก (เขตชุมชน และโรงเรียน)","info":["เขต: เขตธนบุรี","ช่วงติด: ช่วงเวลาเร่งด่วนเช้า (06.00 น. - 08.59 น.) ช่วงเวลาเร่งด่วนเย็น (16.00 น. - 19.59 น.)","สาเหตุ: เป็นเขตชุมชนหนาแน่นและมีโรงเรียน ทำให้มีปริมาณรถใช้ทางจำนวนมาก มีการจอดรถรับส่งนักเรียน","แนวทางแก้ไข: จัดเจ้าหน้าที่ตำรวจจราจรและเจ้าหน้าที่เทศกิจปฏิบัติหน้าที่อำนวยความสะดวกด้านการจราจร และ การข้ามทางม้าลายของประชาชนและนักเรียน"],"district":"ธนบุรี"},"geometry":{"type":"Point","coordinates":[100.49418,13.73733]}},{"type":"Feature","properties":{"title":"แยกไฟฉาย (ถนนจรัญสนิทวงค์ - ถนนพรานนก) เป็นคอขวดเนื่องจากมีการก่อสร้างอุโมงค์","info":["เขต: เขตบางกอกน้อย","ช่วงติด: ช่วงเวลาเร่งด่วนเช้า (06.00 น. - 08.59 น.)/ช่วงเวลาเร่งด่วนเย็น (16.00 น. - 19.59 น.)","สาเหตุ: ช่วงถนนจากแยกไฟฉายถึงแยกพรานนก ระยะทางประมาณ 900 เมตรซึ่งสั้นทำให้รถจำนวนมากที่มาจากถนนจรัญฯ และถนนพรานนก-พุทธมณฑล มาสะสม","แนวทางแก้ไข: 1.กวดขัน,บังคับตามกฏหมาย 2.ดำเนินการควบคุมสัญญานไฟจราจรให้สอดคล้องกันในแต่ละแยกที่ต่อเนืื่องกัน"],"district":"บางกอกน้อย"},"geometry":{"type":"Point","coordinates":[100.46944,13.75509]}},{"type":"Feature","properties":{"title":"แยกพรานนก (ถนนอิสระภาพ - ถนนพรานนก)","info":["เขต: เขตบางกอกน้อย","ช่วงติด: ช่วงเวลาเร่งด่วนเช้า (06.00 น. - 08.59 น.)/ช่วงเวลาเร่งด่วนเย็น (16.00 น. - 19.59 น.)","สาเหตุ: ใกล้เคียงตลาดพรานนก ทำให้มีรถของผู้ค้าและประชาชนฝ่าฝืนจอดทำให้เส้นทางจราจรไป 1เลน","แนวทางแก้ไข: 1.กวดขัน,บังคับตามกฏหมาย 2.มีการติดตั้งรั้วเหล็กเพิ่มเติมเพื่อลดการฝ่าฝืนจอด"],"district":"บางกอกน้อย"},"geometry":{"type":"Point","coordinates":[100.47782,13.75557]}},{"type":"Feature","properties":{"title":"แยกศิริราช (ถนนอรุณอมรินทร์ - ถนนพรานนก)","info":["เขต: เขตบางกอกน้อย","ช่วงติด: ช่วงเวลาเร่งด่วนเช้า (06.00 น. - 08.59 น.)","สาเหตุ: รถเข้าโรงพยาบาลศิริราช มีจำนวนมากหากการจราจรภายในโรงพยาบาลติดขัดผลกระทบจะมาถึงแยกศิริราช","แนวทางแก้ไข: 1.ทำหนังสือประสาน โรงพยาบาลศิริราชในการอำนวยการจราจรให้สอดคล้องกับเจ้าหน้าที่ตำรวจที่ควบคุมไฟจราจรทางแยก"],"district":"บางกอกน้อย"},"geometry":{"type":"Point","coordinates":[100.48344,13.75607]}},{"type":"Feature","properties":{"title":"แยกอรุณอมรินทร์ (ถนนอรุณอมรินทร์ - ถนนสมเด็จพระปิ่นเกล้า)","info":["เขต: เขตบางกอกน้อย","ช่วงติด: ช่วงเวลาเร่งด่วนเช้า (06.00 น. - 08.59 น.)/ช่วงเวลาเร่งด่วนเย็น (16.00 น. - 19.59 น.)","สาเหตุ: ปริมาณรถมาก การเพิ่มเส้นทางของทางคู่ขนานลอยฟ้า ในช่วงเวลาเช้าและเย็น","แนวทางแก้ไข: 1.กวดขัน,บังคับตามกฏหมาย 2.ดำเนินการควบคุมสัญญานไฟจราจรให้สอดคล้องกันในแต่ละแยกที่ต่อเนืื่องกัน"],"district":"บางกอกน้อย"},"geometry":{"type":"Point","coordinates":[100.48644,13.76794]}},{"type":"Feature","properties":{"title":"สี่แยกบรมราชชนนี","info":["เขต: เขตบางกอกน้อย","ช่วงติด: ช่วงเวลาเร่งด่วนเช้า (06.00 น. - 08.59 น.)/ช่วงเวลาเร่งด่วนเย็น (16.00 น. - 19.59 น.)","สาเหตุ: จากสี่แยกอรุณฯถึงสี่แยกบรมฯมีระยะทาง600 เมตร ซึ่งสั้นทำให้รถมาติดสะสมต่อเนื่อง","แนวทางแก้ไข: 1.กวดขัน,บังคับตามกฏหมาย 2.ดำเนินการควบคุมสัญญานไฟจราจรให้สอดคล้องกันในแต่ละแยกที่ต่อเนืื่องกัน"],"district":"บางกอกน้อย"},"geometry":{"type":"Point","coordinates":[100.48189,13.77333]}},{"type":"Feature","properties":{"title":"ห้างสรรพสินค้าเซ็นทรัล ปิ่นเกล้า ถนนบรมราชชนนี","info":["เขต: เขตบางกอกน้อย","ช่วงติด: ช่วงเวลาเร่งด่วนเย็น (16.00 น. - 19.59 น.)","สาเหตุ: รถบริการสาธารณะ(แท็กซี่,รถตู้,รถจักรยานยนต์รับ-ส่งอาหาร)จอดรอนอกจุดที่ห้างสรรพสินค้าได้จัดไว้","แนวทางแก้ไข: 1.กวดขัน,บังคับตามกฏหมาย 2.เพิ่มเติมการทาสีขอบทางฟุตบาทจากที่มีอยู่แล้ว 3.ทำหนังสือ กรมขนส่งทางบกเพื่อควบคุมรถโดยสารสาธารณะ"],"district":"บางกอกน้อย"},"geometry":{"type":"Point","coordinates":[100.47706,13.7785]}},{"type":"Feature","properties":{"title":"ศูนย์การค้าเทสโก้ โลตัส ปิ่นเกล้า","info":["เขต: เขตบางกอกน้อย","ช่วงติด: ช่วงเวลาเร่งด่วนเย็น (16.00 น. - 19.59 น.)","สาเหตุ: รถบริการสาธารณะ(แท็กซี่,รถตู้,รถจักรยานยนต์รับ-ส่งอาหาร)จอดรอนอกจุดที่ห้างสรรพสินค้าได้จัดไว้","แนวทางแก้ไข: 1.กวดขัน,บังคับตามกฏหมาย 2.เพิ่มเติมการทาสีขอบทางฟุตบาทจากที่มีอยู่แล้ว 3.ทำหนังสือ กรมขนส่งทางบกเพื่อควบคุมรถโดยสารสาธารณะ"],"district":"บางกอกน้อย"},"geometry":{"type":"Point","coordinates":[100.47817,13.77634]}},{"type":"Feature","properties":{"title":"แยกท่าพระ (ถนนจรัญสนิทวงค์ - ถนนเพชรเกษม)","info":["เขต: เขตบางกอกใหญ่","ช่วงติด: ช่วงเวลาเร่งด่วนเช้า (06.00 น. - 08.59 น.)/ช่วงเวลาเร่งด่วนเย็น (16.00 น. - 19.59 น.)","สาเหตุ: ติดสะสมต่อเนื่องจากวงเวียนใหญ่","แนวทางแก้ไข: ประสานการปล่อยสัญญาณไฟให้มีความสัมพันธ์ต่อเนื่องกัน"],"district":"บางกอกใหญ่"},"geometry":{"type":"Point","coordinates":[100.4737,13.72932]}},{"type":"Feature","properties":{"title":"หน้าวิทยาลัยเทคโนโลยีพาณิชยการราชดำเนิน/โรงเรียนทวีธาภิเศก","info":["เขต: เขตบางกอกใหญ่","ช่วงติด: ช่วงเวลาเร่งด่วนเช้า (06.00 น. - 08.59 น.)","สาเหตุ: นักเรียนใช้รถจักรยานยนต์ส่วนตัวเป็นจำนวนมาก","แนวทางแก้ไข: จัดเจ้าหน้าที่อำนวยความสะดวกด้านการจราจรเพิ่มเติม"],"district":"บางกอกใหญ่"},"geometry":{"type":"Point","coordinates":[100.48301,13.74467]}},{"type":"Feature","properties":{"title":"ซอยอิสรภาพ 21 เลี้ยวขวาถนนอิสรภาพ ขึ้นสะพานเจริญพาศน์ ไปทางสี่แยกบ้านแขก","info":["เขต: เขตบางกอกใหญ่","ช่วงติด: ช่วงเวลาเร่งด่วนเช้า (06.30-08.30 น. )","สาเหตุ: ติดสะสมต่อเนื่องจากสี่แยกบ้านแขก","แนวทางแก้ไข: จัดเจ้าหน้าที่อำนวยความสะดวกด้านการจราจรเพิ่มเติม"],"district":"บางกอกใหญ่"},"geometry":{"type":"Point","coordinates":[100.4864,13.7367]}},{"type":"Feature","properties":{"title":"แยกวังเดิม เลี้ยวขวาถนนอรุณอมรินทร์ ขึ้นสะพานอนุทินสวัสดิ์ ไปทางถนนประชาธิปก","info":["เขต: เขตบางกอกใหญ่","ช่วงติด: ช่วงเวลาเร่งด่วนเช้า (06.30-08.30 น.)","สาเหตุ: ติดสะสมต่อเนื่องจากซอยอรุณอมรินทร์ 4 และถนนประชาธิปก","แนวทางแก้ไข: จัดเจ้าหน้าที่อำนวยความสะดวกด้านการจราจรเพิ่มเติม"],"district":"บางกอกใหญ่"},"geometry":{"type":"Point","coordinates":[100.4876,13.7421]}},{"type":"Feature","properties":{"title":"ทางขึ้นสะพานกรุงธน ฝั่งธนบุรี","info":["เขต: เขตบางพลัด","ช่วงติด: ช่วงเวลาเร่งด่วนเช้า (06.00 น. - 08.59)","สาเหตุ: 1.เกิดจากปัญหาทางกายภาพทางถนนช่วงขาขึ้นสะพานกรุงธนมีลักษณะเป็นคอขวด เนื่องจากรถออกจากซอยเจ้าพระยาสยามเลี้ยวซ้ายขึ้นสะพานกรุงธน ทำให้รถที่มาจากทางตรงถนนราชวิถี ตั้งแต่แยกบางพลัดมุ่งหน้าสะพานซังอี้ 4 เลน เกิดปัญหาการจราจรสะสม 2.เวลา 07.00 น. เป็นเวลาที่มีผู้ปกครองคุ้นเคยในการเข้าส่งนักเรียนในเมือง","แนวทางแก้ไข: สน.บางพลัดประสานความร่วมมือเปิดช่องทางพิเศษเพื่อบรรเทาการจราจรติดขัด โดยปรับสัญญาณไฟจราจรช่องทางการจราจรสะพานกรุงธนช่วงเช้า เวลา 05.30 - 08.45 น. ปรับเข้า 3 ออก 1 ช่วงเย็น 15.30 -20.30 น. ปรับ ออก 3 เข้า 1"],"district":"บางพลัด"},"geometry":{"type":"Point","coordinates":[100.49891,13.78276]}},{"type":"Feature","properties":{"title":"แยกทุ่งครุ (ถนนประชาอุทิศ - ถนนครุใน)","info":["เขต: เขตทุ่งครุ","ช่วงติด: ช่วงเวลาเร่งด่วนเช้า (06.00 น. - 08.59 น.) /ช่วงเวลาเร่งด่วนเย็น (16.00 น. - 19.59 น.)","สาเหตุ: มีรถเข้าออกหลายทิศทาง และถนนครุในเป็นถนนสองเลนค่อนข้างแคบ ทำให้มีปัญหาต่อการเลี้ยวของรถขนาดใหญ่","แนวทางแก้ไข: จัดเจ้าหน้าที่ตำรวจประจำจุดในเวลาเร่งด่วน"],"district":"ทุ่งครุ"},"geometry":{"type":"Point","coordinates":[100.51031,13.62241]}},{"type":"Feature","properties":{"title":"แยกประชาอุทิศ 90 (ถนนประชาอุทิศ - ซอยประชาอุทิศ 90)","info":["เขต: เขตทุ่งครุ","ช่วงติด: ช่วงเวลาเร่งด่วนเช้า (06.00 น. - 08.59 น.) /ช่วงเวลาเร่งด่วนเย็น (16.00 น. - 19.59 น.)","สาเหตุ: มีปัญหาบริเวณซอยประชาอุทิศ 90 เนื่องจากตำรวจเร่งระบายรถบนถนนประชาอุทิศ","แนวทางแก้ไข: จัดเจ้าหน้าที่ตำรวจประจำจุดในเวลาเร่งด่วน"],"district":"ทุ่งครุ"},"geometry":{"type":"Point","coordinates":[100.51076,13.6113]}},{"type":"Feature","properties":{"title":"ปากซอยประชาอุทิศ 76 ถนนประชาอุทิศ","info":["เขต: เขตทุ่งครุ","ช่วงติด: ช่วงเวลาเร่งด่วนเช้า (06.00 น. - 08.59 น.) /ช่วงเวลาเร่งด่วนเย็น (16.00 น. - 19.59 น.)","สาเหตุ: ในซอยมีโรงเรียน และประชาชนใช้เป็นเส้นทางลัดในการหลีกเลี่ยงการใช้แยกทุ่งครุ","แนวทางแก้ไข: เปิดสัญญาณไฟจราจรอัตโนมัติ"],"district":"ทุ่งครุ"},"geometry":{"type":"Point","coordinates":[100.50556,13.62699]}},{"type":"Feature","properties":{"title":"หน้าวัดทุ่งครุ ถนนประชาอุทิศ","info":["เขต: เขตทุ่งครุ","ช่วงติด: ช่วงเวลาเร่งด่วนเช้า (06.00 น. - 08.59 น.) /ช่วงเวลาเร่งด่วนเย็น (16.00 น. - 19.59 น.)","สาเหตุ: มีการจอดรถ ทำให้รถชะลอตัว","แนวทางแก้ไข: จัดเจ้าหน้าที่ตำรวจอำนวยความสะดวก"],"district":"ทุ่งครุ"},"geometry":{"type":"Point","coordinates":[100.51141,13.6189]}},{"type":"Feature","properties":{"title":"แยกนาหลวง (ถนนประชาอุทิศ - ถนนพุทธบูชา)","info":["เขต: เขตทุ่งครุ","ช่วงติด: ช่วงเวลาเร่งด่วนเช้า (06.00 น. - 08.59 น.) /ช่วงเวลาเร่งด่วนเย็น (16.00 น. - 19.59 น.)","สาเหตุ: เนื่องจากเป็นแยกใหญ่และเป็นศูนย์รวมที่รับรถเพื่อผ่านไปขึ้นทางด่วนสุขสวัสดิ์ รองรับรถที่มาจากแยกกำนันธารทิพย์ (พุทธบูชา 36 ) และรถที่มาจากแยกทุ่งครุ ทำให้ในเวลาเร่งด่วน ไม่สามารถปล่อยสัญญาณไฟให้สัมพันธ์กับปริมาณการจราจรได้"],"district":"ทุ่งครุ"},"geometry":{"type":"Point","coordinates":[100.49572,13.64719]}},{"type":"Feature","properties":{"title":"ปากซอยประชาอุทิศ 54 ถนนประชาอุทิศ","info":["เขต: เขตทุ่งครุ","ช่วงติด: ช่วงเวลาเร่งด่วนเช้า (06.00 น. - 08.59 น.) /ช่วงเวลาเร่งด่วนเย็น (16.00 น. - 19.59 น.)","สาเหตุ: มีหมู่บ้านเกิดขึ้นใหม่จำนวนมาก และมักจะมีรถจอดเลนทางด้านซ้าย","แนวทางแก้ไข: สร้างจิตสำนึกในการใช้ถนนร่วมกัน/ประสานเรื่องป้ายสัญญาณจราจร เครื่องหมายจราจรบนพื้นทาง ตีเส้นทางจราจรให้ชัดเจน"],"district":"ทุ่งครุ"},"geometry":{"type":"Point","coordinates":[100.49904,13.64365]}},{"type":"Feature","properties":{"title":"แยกกำนันธารทิพย์ (ถนนพุทธบูชา-ซอยพุทธบูชา 36- ซอยพุทธบูชา 39)","info":["เขต: เขตทุ่งครุ","ช่วงติด: ช่วงเวลาเร่งด่วนเช้า (06.00 น. - 08.59 น.) /ช่วงเวลาเร่งด่วนเย็น (16.00 น. - 19.59 น.)","สาเหตุ: เขตชุมชน มีซอย แยก สถานศึกษา และหมู่บ้านจัดสรรเป็นจำนวนมาก","แนวทางแก้ไข: สร้างจิตสำนึกในการใช้ถนนร่วมกัน/ประสานเรื่องป้ายสัญญาณจราจร เครื่องหมายจราจรบนพื้นทาง ตีเส้นทางจราจรให้ชัดเจน"],"district":"ทุ่งครุ"},"geometry":{"type":"Point","coordinates":[100.48139,13.65018]}},{"type":"Feature","properties":{"title":"แยกจุดกลับรถซอยบางขุนเทียน 14 ซอยบางขุนเทียน 9 (ตรงข้ามซอยบางขุนเทียน 14)","info":["เขต: เขตบางขุนเทียน","ช่วงติด: ช่วงเวลาเร่งด่วนเช้า (06.00 น. - 08.59 น.)/ ช่วงเวลาเร่งด่วนเย็น (16.00 น. - 19.59 น.)","สาเหตุ: มีรถยนต์สัญจรเป็นจำนวนมากเนื่องจากเป็นเส้นทางหลัก ออกถนนพระราม 2 มีทางกลับรถยนต์ทั้งขาเข้าและออก บริเวณติดกันทำให้เกิดการเบี่ยงช่องจราจร เพื่อกลับรถยนต์ จึงเกิดปัญหารถยนต์ติดขัดในช่องทางตรง","แนวทางแก้ไข: ปิดจุดกลับรถยนต์ โดยให้ไปกลับรถยนต์ในจุดที่เลยขึ้นไป พร้อมจัดเจ้าหน้าที่ตำรวจอำนวยความสะดวก ในเวลาเร่งด่วน"],"district":"บางขุนเทียน"},"geometry":{"type":"Point","coordinates":[100.42884,13.66382]}},{"type":"Feature","properties":{"title":"บริเวณสี่แยกบางบอน 5 ถนนเอกชัย","info":["เขต: เขตบางบอน","ช่วงติด: ช่่วงเวลาเร่งด่วนเช้า (06.00 น.-08.59 น.) และช่วงเวลาเร่งด่วนเย็น (16.00 น.-19.59 น.)","สาเหตุ: เนื่องจากยานพาหนะจากจังหวัดสมุทรสาคร และถนนพระรามที่ 2 มุ่งหน้าแยกบางบอน 5 มีปริมาณมาก","แนวทางแก้ไข: สำนักการจราจรและขนส่งดำเนินการปรับจังหวะสัญญาณไฟจราจรอัตโนมัติให้มีความสอดคล้องกับปริมาณยานพาหนะที่ใช้ทางในช่วงเวลาที่มีปัญหา"],"district":"บางบอน"},"geometry":{"type":"Point","coordinates":[100.3719,13.63878]}},{"type":"Feature","properties":{"title":"ถนนเอกชัย (ฝั่งเลขคู่) เลี้ยงซ้ายเข้า ถนนกาญจนาภิเษก (ฝั่งเลขคี่)","info":["เขต: เขตบางบอน","ช่วงติด: ช่วงเวลาเร่งด่วนเช้า (06.00 น.-08.59 น.) และช่วงเวลาเร่งด่วนเย็น (16.00 น. -19.59 น.)","สาเหตุ: เนื่องจากยานพาหนะที่จะมุ่งหน้าสู่ถนนกาญจนาภิเษกมีปริมาณมาก ไม่สัมพันธ์กับช่วงจราจรซึ่งมีเพียง 1 ช่องทาง","แนวทางแก้ไข: ประสานแขวงทางหลวงธนบุรี กรมทางหลวง เพื่อพิจารณาดำเนินการขยายถนน และขยายสะพานยกระดับเพื่อให้การระบายยานพาหนะจากถนนเอกชัยเข้าสู่ถนนกาญจนาภิเษก ในช่วงเวลาที่มีปัญหาข้างต้นเป็นไปอย่างมีประสิทธิภาพ"],"district":"บางบอน"},"geometry":{"type":"Point","coordinates":[100.405,13.66295]}},{"type":"Feature","properties":{"title":"สามแยกบางบอน ถนนเอกชัย แขวงคลองบางพราน","info":["เขต: เขตบางบอน","ช่วงติด: ช่วงเวลาเร่่งด่วนเช้า (06.00 น.-08.59 น. และช่วงเวลาเร่งด่วนเย็น (16.00 น.-19.59 น.)","สาเหตุ: เนื่องจากยานพาหนะจากถนนกัลปพฤกษ์ ถนนกาญจนาภิเษก ถนนพระรามที่ 2และถนนบางขุนเทียน-ชายทะเล เข้าสู่พื้นที่เขตบางบอน มีปริมาณมาก และสามแยกทั้ง 2 จุด อยู่ในบริเวณใกล้เคียงกัน","แนวทางแก้ไข: สำนักการจราจรและขนส่งพิจารณาดำเนินการติดตั้งกล้องวงจรปิดทดแทนกล้องของเอกชนที่ชำรุดเพื่อประโยชน์ในการอำนวยการจราจรให้แก่ประชาชนผู้ใช้ทาง"],"district":"บางบอน"},"geometry":{"type":"Point","coordinates":[100.425,13.67387]}},{"type":"Feature","properties":{"title":"เชิงสะพานต่างระดับเอกชัย ถนนเอกชัย","info":["เขต: เขตบางบอน","ช่วงติด: ช่วงเวลาเร่งด่วนเช้า (06.00 น.-08.59 น.)และช่วงเวลาเร่งด่วนเย็น (16.00 น.-19.59 น.)","สาเหตุ: เนื่องจากผู้ขับขี่ขาดวินัยจราจรด้วยมีพฤติกรรมการเปลี่ยนช่องทาง เดินรถอย่างกระชั้นชิดบริเวณคอสะพานต่างระดับเอกชัยโดยการเปลี่ยนจากช่องทางขวาไปยังช่องทางซ้ายเพื่อมุ่งหน้า เข้าสู่ถนนกาญจนาฯและการเปลี่ยนช่องทางเดินรถจากช่องทางซ้ายไปยังช่องทางขวาเพื่อข้ามสะพานต่างระดับเอกชัยก่อให้เกิดการชะลอตัว และปริมาณรถสะสมไปถึงจุดกลับรถหน้าไปรษณีย์ย่อยบางบอน","แนวทางแก้ไข: สำนักการจราจรและขนส่งติดตั้งเสานำทาง และ สน.บางขุนเทียนจัดเจ้าหน้าที่กวดขันวินัยจราจร"],"district":"บางบอน"},"geometry":{"type":"Point","coordinates":[100.40858,13.66447]}},{"type":"Feature","properties":{"title":"หน้าไปรษณีย์ย่อยบางบอนและ บริษัท วงศ์ไพฑูรย์กรุ๊ป จำกัด (มหาชน) ถนนเอกชัย","info":["เขต: เขตบางบอน","ช่วงติด: ช่วงเวลาเร่งด่วนเช้า (06.00 น. - 08.59 น.) และช่วงเวลาเร่งด่วนเย็น (16.00 น.-19.59 น.)","สาเหตุ: เนื่องจากยานพาหนะจากแขวงบางบอนเหนือใช้จุดกลับรถเพื่อมุ่งสู่ถนนกาญจนาฯ (ฝั่งเลขคู่) มีปริมาณมาก และสัญญาณไพจราจรไม่สัมพันธ์กับปริมาณรถ","แนวทางแก้ไข: สำนักการจราจรและขนส่่งปรับจังหวะสัญญาณไฟจราจรอัตโนมัติให้มีความสอดคล้องกับปริมาณยานพาหนะที่ใช้ทางในช่วงเวลาที่มีปัญหา"],"district":"บางบอน"},"geometry":{"type":"Point","coordinates":[100.41236,13.66667]}},{"type":"Feature","properties":{"title":"ถนนกาญจนาภิเษก แขวงบางบอนเหนือ แขวงคลองบางพราน แขวงคลองบางบอนและแขวงบางบอนใต้","info":["เขต: เขตบางบอน","ช่วงติด: ช่วงเวลาเร่งด่วนเช้า (06.00 น.-08.59 น.) และช่วงเวลาเร่งด่วนเย็น (16.00 น. -19.59 น.)","สาเหตุ: เนื่องจากยานพาหนะที่ใช้เส้นทางถนนกาญจนาฯ มีปริมาณมาก และการปรับปรุงถนนกาญจนาฯ และการก่อสร้างบนถนนพระรามที่ 2 ยังไม่แล้วเสร็จ ส่งผลให้ปริมาณยานพาหนะชะลอตัวและการจราจรติดขัดสะสม","แนวทางแก้ไข: ประสานแขวงทางหลวงธนบุรี กรมทางหลวง เพื่อเร่งปรับปรุงผิวการจราจรถนนกาญจนาฯ พร้อมจัดเจ้าหน้าที่อำนวยการจราจรในช่วงเวลาที่มีปัญหา"],"district":"บางบอน"},"geometry":{"type":"Point","coordinates":[100.40521,13.65883]}},{"type":"Feature","properties":{"title":"แยกทศกัณฑ์ (ถนนพุทธมณฑลสาย 2 - ถนนบางแวก)","info":["เขต: เขตบางแค","ช่วงติด: ช่วงเวลาเร่งด่วนเช้า (06.00 น. - 08.59 น.)","สาเหตุ: ถนนพุทธมณฑลสาย 2 ปัญหารถติดซึ่งถนนมีขนาดแคบรถวิ่งได้ 2 ช่องจราจร มีบริษัทขนส่งอยู่ในพื้นที่ และมีหมู่บ้านจัดสรรจำนวนมากทำให้รถติดในเวลาเร่งด่วน","แนวทางแก้ไข: เจ้าหน้าที่ตำรวจนครบาลศาลาแดง จะเข้าไปพูดคุยกับผู้ประกอบการขนส่งเพื่อให้งดการเดินรถในช่วงเวลาเร่งด่วน เพื่อบรรเทาปัญหารถติดในพื้นที่ หรือมีการขยายถนนในอนาคต"],"district":"บางแค"},"geometry":{"type":"Point","coordinates":[100.39526,13.74483]}},{"type":"Feature","properties":{"title":"แยกพุทธมณฑลสาย2 (ถนนเพชรเกษม - ถนนพุทธมณฑลสาย 2)","info":["เขต: เขตบางแค","ช่วงติด: ช่วงเวลาเร่งด่วนเช้า (06.00 น. - 08.59 น.)","สาเหตุ: ปัญหารถติด และมีปริมาณรถมากเนื่องจากเป็นแยกขนาดใหญ่รองรับรถที่วิ่งมาจากถนนเพชรเกษม เพื่อจะเข้า ถนนพุทธมณฑลสาย 2 ทำให้ในเวลาเร่งด่วนไม่สามารถปล่อยสัญญาณไฟ ให้สัมพันธ์กับปริมาณการจราจรได้","แนวทางแก้ไข: เจ้าหน้าที่ตำรวจ ใช้การกดสัญญาณไฟด้วยมือ เพื่อเร่งให้ระบายรถได้มากขึ้นกว่าเดิม และลดเวลาของสัญญาณไฟจราจร หรือให้กรุงเทพมหานคร ทำสะพานข้ามแยกเพื่อระบายรถในอนาคตต่อไป"],"district":"บางแค"},"geometry":{"type":"Point","coordinates":[100.39578,13.70989]}},{"type":"Feature","properties":{"title":"แยกหน้าเดอะมอลล์บางแค (ถนนเพชรเกษม - ถนนกาญจนาภิเษก - ซอยเพชรเกษม 47/2)","info":["เขต: เขตบางแค","ช่วงติด: ช่วงเวลาเร่งด่วนเช้า (06.00 น. - 08.59 น.)","สาเหตุ: ปัญหารถติดเนื่องจากมีรถแท็กซี่มาจอด บริเวณข้างทางทำให้เสียการจราจรไปหนึ่งช่องจาจร และมีรถจำนวนมากในชั่วโมงเร่งด่วน","แนวทางแก้ไข: สำนักงานเขตบางแคได้ร่วมกับสน. ท้องที่โดยจัดเจ้าหน้าที่เทศกิจ 2 นายอพปร. 2 นาย และเจ้าหน้าที่ตำรวจ 1 นาย อำนวยความสะดวกด้านจราจร ในช่วงเวลาเร่งด่วน เพื่อบรรเทาปัญหารถติดให้กับประชาชนที่สัญจรไป-มา"],"district":"บางแค"},"geometry":{"type":"Point","coordinates":[100.40922,13.71098]}},{"type":"Feature","properties":{"title":"ถนนเพชรเกษม หน้าตลาดบางแค","info":["เขต: เขตบางแค","ช่วงติด: ช่วงเวลาเร่งด่วนเช้า (06.00 น. - 08.59 น.)","สาเหตุ: ปัญหาปริมาณรถมากในชั่วโมงเร่งด่วน","แนวทางแก้ไข: แนวทางแก้ไขเจ้าหน้าที่สถานีนครบาลหลักสอง ดำเนินการจัดเจ้าหน้าที่ตำรวจประจำจุดในเวลาเร่งด่วน"],"district":"บางแค"},"geometry":{"type":"Point","coordinates":[100.42408,13.71217]}},{"type":"Feature","properties":{"title":"แยกถนนเพชรเกษม-พุทธมณฑล สาย 1 (ถนนเพชรเกษม - ถนนพุทธมณฑลสาย 1)","info":["เขต: เขตภาษีเจริญ","ช่วงติด: ช่วงเวลาเร่งด่วนเช้า (06.00 น. - 08.59 น.)/ช่วงเวลาเร่งด่วนเย็น (16.00 น. - 19.59 น.)","สาเหตุ: ช่วงเวลาเร่งด่วนมีปริมาณรถเป็นจำนวนมาก","แนวทางแก้ไข: 1.ติดตั้งสัญญาณไฟจราจร และ 2.สน.พื้นที่จัดเจ้าหน้าที่ตำรวจและอาสาจราจรอำนวยความสะดวกด้านการจราจร"],"district":"ภาษีเจริญ"},"geometry":{"type":"Point","coordinates":[100.42836,13.71263]}},{"type":"Feature","properties":{"title":"หน้าห้างสรรพสินค้าซีคอน บางแค ถนนเพชรเกษม","info":["เขต: เขตภาษีเจริญ","ช่วงติด: ช่วงเวลาเร่งด่วนเย็น (16.00 น. - 19.59 น.)","สาเหตุ: ช่วงเวลาเร่งด่วนมีปริมาณรถเป็นจำนวนมากประกอบกับมีรถออกจากห้างฯมาตัดรถทางตรง","แนวทางแก้ไข: 1.สน.พื้นที่จัดเจ้าหน้าที่ตำรวจและห้างฯจัดเจ้าหน้าที่อาสาจราจรอำนวยความสะดวกด้านการจราจร 2.ตัดหรือเฉือนทางเท้าเพิ่มขยายช่องการจราจรบริเวณทางออกห้างฯเพื่อให้รถออกจากห้างไม่ไปตัดรถทางตรงทำให้การจราจรคล่องตัวขึ้น"],"district":"ภาษีเจริญ"},"geometry":{"type":"Point","coordinates":[100.4342,13.71256]}},{"type":"Feature","properties":{"title":"แยกถนนเพชรเกษมตัดถนนราชพฤกษ์ (สถานีรถไฟฟ้าบีทีเอสบางหว้า ถนนราชพฤกษ์ )","info":["เขต: เขตภาษีเจริญ","ช่วงติด: ช่วงเวลาเร่งด่วนเช้า (06.00 น. - 08.59 น.)/ช่วงเวลาเร่งด่วนเย็น (16.00 น. - 19.59 น.)","สาเหตุ: ช่วงเวลาเร่งด่วนมีปริมาณรถเป็นจำนวนมากและรถจอดรับและส่งผู้ใช้บริการรถไฟฟ้าฯ","แนวทางแก้ไข: 1.ติดตั้งสัญญาณไฟจราจร และ 2.สน.พื้นที่จัดเจ้าหน้าที่ตำรวจอำนวยความสะดวกด้านการจราจร"],"district":"ภาษีเจริญ"},"geometry":{"type":"Point","coordinates":[100.457,13.72]}},{"type":"Feature","properties":{"title":"ถนนประชาอุทิศ 3 แยกเข้าทางพิเศษ แยกถนนจอมทองบูรณะ","info":["เขต: เขตราษฎร์บูรณะ","ช่วงติด: ช่วงเวลาเร่งด่วนเย็น (16.00 น. - 19.59 น.) ช่วงเวลาเร่งด่วนเช้า (06.00 น. - 10.00 น.)","สาเหตุ: รถจากถนนประชาอุทิศเลี้ยวขึ้นทางพิเศษ เป็นจำนวนมาก ติดต่อเนื่องจากด่านเก็บเงิน และบนสะพานพระราม 9 เป็นการบีบเลนแคบ ทำให้รถชลอเคลื่อตัวได้ช้า","แนวทางแก้ไข: จัดเจ้าหน้าที่ อำนวยความสะดวก ในช่วงเวลาเร่งด่วน"],"district":"ราษฎร์บูรณะ"},"geometry":{"type":"Point","coordinates":[100.50554,13.67056]}},{"type":"Feature","properties":{"title":"หน้าห้างโลตัสบางปะกอก ถนนสุขสวัสดิ์ ฝั่งขาเข้า มุ่งหน้าพระประแดง","info":["เขต: เขตราษฎร์บูรณะ","ช่วงติด: ช่วงเวลาเร่งด่วนเย็น (16.00 น. - 19.59 น.) ช่วงเวลาเร่งด่วนเช้า (06.00 น. - 10.00 น.)","สาเหตุ: รถรับจ้างสาธารณะ แท็กซี่, รถ 4ล้อเล็ก,รถตู้ จอดแช่ ในเลนซ้าย ทำให้รถเคลื่อนตัวได้ช้า","แนวทางแก้ไข: จัดเจ้าหน้าที่ตำรวจ กวดขัน บังคับล้อ ประจำจุด หน้าตลาด บางปะกอก ในช่วงเวลาเร่งด่วน"],"district":"ราษฎร์บูรณะ"},"geometry":{"type":"Point","coordinates":[100.50231,13.67577]}},{"type":"Feature","properties":{"title":"ปากซอยสุขสวสัดิ์ 13 ถนนสุขสวัสดิ์ เชื่อม ถนนราษฎร์บูรณะ ซอย 6/1","info":["เขต: เขตราษฎร์บูรณะ","ช่วงติด: ช่วงเวลาเร่งด่วน (วันทำงาน) ช่วงเวลาเร่งด่วนเช้า (07.00 น. - 10.00 น.)","สาเหตุ: รถมาจากถนนพระราม 2 เลี้ยวเข้า ซอยสุขสวสัดิ์ 13 เป็นถนน 1 เลน ทำให้การจราจรเคลื่อนตัวได้ช้า ติดต่อเนื่อถึงแยกบุคโล","แนวทางแก้ไข: จัดเจ้าหน้าที่ อำนวยความสะดวก จุดฝืด ในช่วงเวลาเร่งด่วน"],"district":"ราษฎร์บูรณะ"},"geometry":{"type":"Point","coordinates":[100.48943,13.68439]}},{"type":"Feature","properties":{"title":"จุดกลับรถถนนเพชรเกษม บริเวณปากซอยเพชรเกษม 116","info":["เขต: เขตหนองแขม","ช่วงติด: ช่วงเวลาเร่งด่วนเช้า (06.00 น. - 08.59 น.)/ช่วงเวลาเร่งด่วนเย็น (16.00 น. - 19.59 น.)","สาเหตุ: ในช่วงเวลาเร่งถ.เพชรเกษมด่วนมีรถเป็นจำนวนมาก","แนวทางแก้ไข: ปิดจุดกลับรถขนาดเล็กบางจุด และเปิดเฉพาะจุดกลับรถสำคัญ เช่น แยกพุทธมณฑลสาย3 แยกมาเจริญ"],"district":"หนองแขม"},"geometry":{"type":"Point","coordinates":[100.33782,13.70508]}},{"type":"Feature","properties":{"title":"จุดกลับรถบริเวณหน้าสำนักงานเขตหนองแขม ถนนเพชรเกษม","info":["เขต: เขตหนองแขม","ช่วงติด: ช่วงเวลาเร่งด่วนเช้า (06.00 น. - 08.59 น.)/ช่วงเวลาเร่งด่วนเย็น (16.00 น. - 19.59 น.)","สาเหตุ: ในช่วงเวลาเร่งถ.เพชรเกษมด่วนมีรถเป็นจำนวนมาก","แนวทางแก้ไข: ปิดจุดกลับรถขนาดเล็กบางจุด และเปิดเฉพาะจุดกลับรถสำคัญ เช่น แยกพุทธมณฑลสาย3 แยกมาเจริญ"],"district":"หนองแขม"},"geometry":{"type":"Point","coordinates":[100.34745,13.70584]}},{"type":"Feature","properties":{"title":"จุดกลับรถบริเวณหน้าโรงพยาบาลวิชัยเวช ถนนเพชรเกษม","info":["เขต: เขตหนองแขม","ช่วงติด: ช่วงเวลาเร่งด่วนเช้า (06.00 น. - 08.59 น.)/ช่วงเวลาเร่งด่วนเย็น (16.00 น. - 19.59 น.)","สาเหตุ: ในช่วงเวลาเร่งถ.เพชรเกษมด่วนมีรถเป็นจำนวนมาก","แนวทางแก้ไข: ปิดจุดกลับรถขนาดเล็กบางจุด และเปิดเฉพาะจุดกลับรถสำคัญ เช่น แยกพุทธมณฑลสาย3 แยกมาเจริญ"],"district":"หนองแขม"},"geometry":{"type":"Point","coordinates":[100.36007,13.70686]}},{"type":"Feature","properties":{"title":"แยกเพชรเกษม 69 (ถนนเพชรเกษม - ถนนเพชรเกษม 69) ถนนเพชรเกษม 69 ขาออก","info":["เขต: เขตหนองแขม","ช่วงติด: ช่วงเวลาเร่งด่วนเช้า (06.00 น. - 08.59 น.)/ช่วงเวลาเร่งด่วนเย็น (16.00 น. - 19.59 น.)","สาเหตุ: มีรถเป็นจำนวนมาก ระบายออกจากซ.เพชรเกษม69ไม่ทัน","แนวทางแก้ไข: เพิ่มระยะเวลาในการระบายรถออกจากซ.เพชรเกษม69 บริเวณแยพเพชรเกษม69"],"district":"หนองแขม"},"geometry":{"type":"Point","coordinates":[100.37377,13.70781]}},{"type":"Feature","properties":{"title":"แยกคลองขวาง (แยกอินทราปัจ) บริเวณหน้าตลาดคลองขวาง (ถนนเพชรเกษม 69 - ถนนเลียบคลองภาษีเจริญฝั่งเหนือ (อินทราปัจ 13))","info":["เขต: เขตหนองแขม","ช่วงติด: ช่วงเวลาเร่งด่วนเช้า (06.00 น. - 08.59 น.)/ช่วงเวลาเร่งด่วนเย็น (16.00 น. - 19.59 น.)","สาเหตุ: มีรถเป็นจำนวนมาก ระบายออกจากซ.เพชรเกษม69ไม่ทัน ส่งผลให้ภายในซอยติดตามไปด้วย","แนวทางแก้ไข: เพิ่มระยะเวลาในการระบายรถออกจากซ.เพชรเกษม69 บริเวณแยพเพชรเกษม69"],"district":"บางแค"},"geometry":{"type":"Point","coordinates":[100.38066,13.69318]}},{"type":"Feature","properties":{"title":"แยกหนองแขม (ถนนเพชรเกษม 81 - ถนนเลียบคลองภาษีเจริญฝั่งใต้)","info":["เขต: เขตหนองแขม","ช่วงติด: ช่วงเวลาเร่งด่วนเช้า (06.00 น. - 08.59 น.)/ช่วงเวลาเร่งด่วนเย็น (16.00 น. - 19.59 น.)","สาเหตุ: ช่องทางการจราจรไม่เพียงพอกับปริมาณรถ","แนวทางแก้ไข: อยู่ระหว่างรอดำเนินการขยายถนน และได้มีการจัดเจ้าหน้าที่กวดขันอยู่ตลอดเวลา"],"district":"หนองแขม"},"geometry":{"type":"Point","coordinates":[100.34529,13.67834]}},{"type":"Feature","properties":{"title":"แยกเพชรเกษม 81 (มาเจริญ) (ถนนเพชรเกษม - ซอยเพชรเกษม 81)","info":["เขต: เขตหนองแขม","ช่วงติด: ช่วงเวลาเร่งด่วนเช้า (06.00 น. - 08.59 น.)/ช่วงเวลาเร่งด่วนเย็น (16.00 น. - 19.59 น.)","สาเหตุ: ช่องทางการจราจรไม่เพียงพอกับปริมาณรถ","แนวทางแก้ไข: อยู่ระหว่างรอดำเนินการขยายถนน และได้มีการจัดเจ้าหน้าที่กวดขันอยู่ตลอดเวลา"],"district":"หนองแขม"},"geometry":{"type":"Point","coordinates":[100.34327,13.70535]}},{"type":"Feature","properties":{"title":"บริเวณหน้าโรงน้ำแข็งเพชรสมุทร (ถนนบางบอน 3 - ถนนเลียบคลองภาษีเจริญฝั่งใต้)","info":["เขต: เขตหนองแขม","ช่วงติด: ช่วงเวลาเร่งด่วนเช้า (06.00 น. - 08.59 น.)/ช่วงเวลาเร่งด่วนเย็น (16.00 น. - 19.59 น.)","สาเหตุ: มีรถเป็นจำนวนมาก ระบายออกจากซ.เพชรเกษม69ไม่ทัน ส่งผลให้ภายในซอยติดตามไปด้วย","แนวทางแก้ไข: เพิ่มระยะเวลาในการระบายรถออกจากซ.เพชรเกษม69 บริเวณแยพเพชรเกษม69"],"district":"บางแค"},"geometry":{"type":"Point","coordinates":[100.38206,13.68891]}}]}