{"type":"FeatureCollection","features":[{"type":"Feature","properties":{"title":"ที่จอดรถชัยชนะขนส่ง-รวมรุ่งเรืองขนส่ง","info":["ที่ตั้ง: ซอยเริ่มเจริญ","เขต: คลองเตย"],"district":"คลองเตย"},"geometry":{"type":"Point","coordinates":[100.59262,13.70437]}},{"type":"Feature","properties":{"title":"อาคารจอดรถบางนาคอมเพล็กซ์","info":["ที่ตั้ง: ซอยบางนา-ตราด 23","เขต: บางนา"],"district":"บางนา"},"geometry":{"type":"Point","coordinates":[100.63756,13.67145]}},{"type":"Feature","properties":{"title":"อาคารจอดรถ","info":["ที่ตั้ง: ซอยรัชดาภิเษก 26","เขต: ห้วยขวาง"],"district":"ห้วยขวาง"},"geometry":{"type":"Point","coordinates":[100.57647,13.79959]}},{"type":"Feature","properties":{"title":"ที่จอดรถ รฟม. สถานีสุขุมวิท","info":["ที่ตั้ง: ถนนอโศกมนตรี","เขต: วัฒนา"],"district":"วัฒนา"},"geometry":{"type":"Point","coordinates":[100.56126,13.73859]}},{"type":"Feature","properties":{"title":"ที่จอดรถสวนรถไฟ","info":["ที่ตั้ง: ถนนนิคมรถไฟ สาย 2","เขต: จตุจักร"],"district":"จตุจักร"},"geometry":{"type":"Point","coordinates":[100.55298,13.8162]}},{"type":"Feature","properties":{"title":"ที่จอดรถตลาดใหม่ทุ่งครุ","info":["ที่ตั้ง: ซอยประชาอุทิศ 61","เขต: ทุ่งครุ"],"district":"ทุ่งครุ"},"geometry":{"type":"Point","coordinates":[100.50007,13.64528]}},{"type":"Feature","properties":{"title":"ที่จอดรถบ้านสวนอารายา","info":["ที่ตั้ง: ซอยพระยาประเสริฐ","เขต: วังทองหลาง"],"district":"วังทองหลาง"},"geometry":{"type":"Point","coordinates":[100.61289,13.76579]}},{"type":"Feature","properties":{"title":"ที่จอดรถทวินทรีแอท 24","info":["ที่ตั้ง: ซอยพหลโยธิน 24 แยก 2-1-2","เขต: จตุจักร"],"district":"จตุจักร"},"geometry":{"type":"Point","coordinates":[100.57089,13.82092]}},{"type":"Feature","properties":{"title":"ที่จอดรถลูกค้าพงศ์ทาวเวอร์อพาร์ทเมนท์","info":["ที่ตั้ง: ซอยอินทามระ 29 แยก 3","เขต: พญาไท"],"district":"พญาไท"},"geometry":{"type":"Point","coordinates":[100.55998,13.7921]}},{"type":"Feature","properties":{"title":"ที่จอดรถบริษัท อสมท. จำกัด (มหาชน)","info":["ที่ตั้ง: ถนนวัฒนธรรม","เขต: ห้วยขวาง"],"district":"ห้วยขวาง"},"geometry":{"type":"Point","coordinates":[100.57199,13.76336]}},{"type":"Feature","properties":{"title":"ที่จอดรถ","info":["ที่ตั้ง: ถนนลาดพร้าว","เขต: วังทองหลาง"],"district":"วังทองหลาง"},"geometry":{"type":"Point","coordinates":[100.59537,13.79439]}},{"type":"Feature","properties":{"title":"ที่จอดรถโรงแรมดิเอมเมอรัลด์","info":["ที่ตั้ง: ซอยสุขร่วมกัน","เขต: ดินแดง"],"district":"ดินแดง"},"geometry":{"type":"Point","coordinates":[100.57316,13.77478]}},{"type":"Feature","properties":{"title":"อาคารจอดรถดิเอ็มโพเรี่ยม","info":["ที่ตั้ง: ซอยเมธีนิเวศม์","เขต: คลองเตย"],"district":"คลองเตย"},"geometry":{"type":"Point","coordinates":[100.56828,13.72984]}},{"type":"Feature","properties":{"title":"ที่จอดรถโรงพยาบาลลาดพร้าว 1","info":["ที่ตั้ง: ซอยลาดพร้าว 95","เขต: วังทองหลาง"],"district":"วังทองหลาง"},"geometry":{"type":"Point","coordinates":[100.62356,13.77913]}},{"type":"Feature","properties":{"title":"อาคารจอดรถบริษัท กสท. โทรคมนาคม จำกัด (มหาชน)","info":["เขต: หลักสี่"],"district":"หลักสี่"},"geometry":{"type":"Point","coordinates":[100.57186,13.88407]}},{"type":"Feature","properties":{"title":"ที่จอดรถโกลเด้นเยียส์","info":["ที่ตั้ง: ซอยศรีสุข","เขต: ห้วยขวาง"],"district":"ห้วยขวาง"},"geometry":{"type":"Point","coordinates":[100.57757,13.78945]}},{"type":"Feature","properties":{"title":"ที่จอดรถตลาดหลักทรัพย์แห่งประเทศไทย","info":["ที่ตั้ง: ถนนรัชดาภิเษก","เขต: คลองเตย"],"district":"คลองเตย"},"geometry":{"type":"Point","coordinates":[100.55902,13.72271]}},{"type":"Feature","properties":{"title":"อาคารที่จอดรถ","info":["ที่ตั้ง: ถนนเฉลิมเขต 1","เขต: ป้อมปราบศัตรูพ่าย"],"district":"ป้อมปราบศัตรูพ่าย"},"geometry":{"type":"Point","coordinates":[100.51,13.75033]}},{"type":"Feature","properties":{"title":"ที่จอดรถสิริรามา","info":["ที่ตั้ง: ถนนเจริญกรุง","เขต: ป้อมปราบศัตรูพ่าย"],"district":"ป้อมปราบศัตรูพ่าย"},"geometry":{"type":"Point","coordinates":[100.51119,13.7416]}},{"type":"Feature","properties":{"title":"ที่จอดรถสวนลุมพินีด้าน ถ. ราชดำริ","info":["ที่ตั้ง: ถนนราชดำริ","เขต: ปทุมวัน"],"district":"ปทุมวัน"},"geometry":{"type":"Point","coordinates":[100.53833,13.73321]}},{"type":"Feature","properties":{"title":"ที่จอดรถสวนลุมพินีด้าน ถ. สารสิน","info":["ที่ตั้ง: ถนนสารสิน","เขต: ปทุมวัน"],"district":"ปทุมวัน"},"geometry":{"type":"Point","coordinates":[100.54291,13.73394]}},{"type":"Feature","properties":{"title":"ที่จอดรถธนาคารออมสิน","info":["ที่ตั้ง: ถนนสีหบุรานุกิจ","เขต: มีนบุรี"],"district":"มีนบุรี"},"geometry":{"type":"Point","coordinates":[100.72675,13.81204]}},{"type":"Feature","properties":{"title":"อาคารจอดรถ","info":["ที่ตั้ง: ซอยเจริญสุข","เขต: คลองเตย"],"district":"คลองเตย"},"geometry":{"type":"Point","coordinates":[100.56191,13.72064]}},{"type":"Feature","properties":{"title":"ที่จอดรถ","info":["ที่ตั้ง: ซอยพระราม 9 ซอย 11","เขต: ห้วยขวาง"],"district":"ห้วยขวาง"},"geometry":{"type":"Point","coordinates":[100.58377,13.75523]}},{"type":"Feature","properties":{"title":"ที่จอดรถศูนย์การประชุมแห่งชาติสิริกิติ์","info":["ที่ตั้ง: ถนนสายฝน","เขต: คลองเตย"],"district":"คลองเตย"},"geometry":{"type":"Point","coordinates":[100.55761,13.72451]}},{"type":"Feature","properties":{"title":"ที่จอดรถเทซซ่า","info":["ที่ตั้ง: ซอยทองหล่อ 23","เขต: วัฒนา"],"district":"วัฒนา"},"geometry":{"type":"Point","coordinates":[100.58325,13.73763]}},{"type":"Feature","properties":{"title":"ลานจอดรถตลาดอุดมผล","info":["ที่ตั้ง: ถนนลาดกระบัง","เขต: ลาดกระบัง"],"district":"ลาดกระบัง"},"geometry":{"type":"Point","coordinates":[100.78774,13.72262]}},{"type":"Feature","properties":{"title":"ที่จอดรถบดินทร์เพลส","info":["ที่ตั้ง: ซอยพระยาประเสริฐ","เขต: วังทองหลาง"],"district":"วังทองหลาง"},"geometry":{"type":"Point","coordinates":[100.61296,13.76976]}},{"type":"Feature","properties":{"title":"ที่จอดรถ รฟม. สถานีห้วยขวาง","info":["ที่ตั้ง: ถนนรัชดาภิเษก","เขต: ห้วยขวาง"],"district":"ห้วยขวาง"},"geometry":{"type":"Point","coordinates":[100.57402,13.77937]}},{"type":"Feature","properties":{"title":"อาคารจอดรถศาลแพ่งกรุงเทพใต้","info":["ที่ตั้ง: ซอยเจริญกรุง 63","เขต: สาทร"],"district":"สาทร"},"geometry":{"type":"Point","coordinates":[100.51538,13.71348]}},{"type":"Feature","properties":{"title":"ที่จอดรถโรงแรมรอแยลเบญจา","info":["ที่ตั้ง: ซอยสุขุมวิท 5","เขต: วัฒนา"],"district":"วัฒนา"},"geometry":{"type":"Point","coordinates":[100.55481,13.74457]}},{"type":"Feature","properties":{"title":"แอลอาร์คาร์พาร์ค","info":["ที่ตั้ง: ซอยเอกมัย 28","เขต: วัฒนา"],"district":"วัฒนา"},"geometry":{"type":"Point","coordinates":[100.58999,13.73924]}},{"type":"Feature","properties":{"title":"ที่จอดรถวัดเทพศิรินทราวาส","info":["ที่ตั้ง: ถนนพลับพลาไชย","เขต: ป้อมปราบศัตรูพ่าย"],"district":"ป้อมปราบศัตรูพ่าย"},"geometry":{"type":"Point","coordinates":[100.51267,13.74677]}},{"type":"Feature","properties":{"title":"อาคารจอดรถ","info":["ที่ตั้ง: ถนนสุคนธสวัสดิ์","เขต: ลาดพร้าว"],"district":"ลาดพร้าว"},"geometry":{"type":"Point","coordinates":[100.61532,13.82438]}},{"type":"Feature","properties":{"title":"ที่จอดรถเจซีอองอพาร์ทเมนท์","info":["ที่ตั้ง: ซอยหมู่บ้านบดินทรรักษา","เขต: วังทองหลาง"],"district":"วังทองหลาง"},"geometry":{"type":"Point","coordinates":[100.61266,13.76943]}},{"type":"Feature","properties":{"title":"จันทร์เพ็ญลานจอด 2","info":["ที่ตั้ง: ซอยงามดูพลี","เขต: สาทร"],"district":"สาทร"},"geometry":{"type":"Point","coordinates":[100.54796,13.72338]}},{"type":"Feature","properties":{"title":"ลานจอดรถตลาดสดนวมินทร์","info":["ที่ตั้ง: ซอยนวมินทร์ 70 แยก 2","เขต: บึงกุ่ม"],"district":"บึงกุ่ม"},"geometry":{"type":"Point","coordinates":[100.65218,13.8108]}},{"type":"Feature","properties":{"title":"ที่จอดรถวัดโสมนัส","info":["ที่ตั้ง: ถนนกรุงเกษม","เขต: ป้อมปราบศัตรูพ่าย"],"district":"ป้อมปราบศัตรูพ่าย"},"geometry":{"type":"Point","coordinates":[100.5109,13.76144]}},{"type":"Feature","properties":{"title":"ที่จอดรถวิลล่ามาร์เก็ต","info":["ที่ตั้ง: ซอยสุขุมวิท 49","เขต: วัฒนา"],"district":"วัฒนา"},"geometry":{"type":"Point","coordinates":[100.57666,13.73251]}},{"type":"Feature","properties":{"title":"อาคารที่จอดยานยนต์ของกรุงเทพมหานคร","info":["ที่ตั้ง: ถนนไกรสีห์","เขต: พระนคร"],"district":"พระนคร"},"geometry":{"type":"Point","coordinates":[100.49856,13.76111]}},{"type":"Feature","properties":{"title":"อาคารจอดรถห้างสรรพสินค้าพาต้า","info":["ที่ตั้ง: ซอยจรัญสนิทวงศ์ 40 แยก 4","เขต: บางพลัด"],"district":"บางพลัด"},"geometry":{"type":"Point","coordinates":[100.48506,13.77181]}},{"type":"Feature","properties":{"title":"ลานจอดรถคลองขวาง","info":["ที่ตั้ง: ซอยอินทาปัจ 15","เขต: บางแค"],"district":"บางแค"},"geometry":{"type":"Point","coordinates":[100.38195,13.69232]}},{"type":"Feature","properties":{"title":"ที่จอดรถสวนอาหารนาทอง","info":["ที่ตั้ง: ซอยพร้อมศิริ","เขต: ห้วยขวาง"],"district":"ห้วยขวาง"},"geometry":{"type":"Point","coordinates":[100.5847,13.77112]}},{"type":"Feature","properties":{"title":"ที่จอดรถสวนสยาม","info":["ที่ตั้ง: ถนนสวนสยาม","เขต: คันนายาว"],"district":"คันนายาว"},"geometry":{"type":"Point","coordinates":[100.69263,13.80485]}},{"type":"Feature","properties":{"title":"อาคารจอดรถหอพักแพทย์ระบบบำบัดน้ำเสีย","info":["ที่ตั้ง: ถนนราชดำริ","เขต: ปทุมวัน"],"district":"ปทุมวัน"},"geometry":{"type":"Point","coordinates":[100.53942,13.74343]}},{"type":"Feature","properties":{"title":"ที่จอดรถสถานีรถไฟฟ้าหมอชิต","info":["ที่ตั้ง: ถนนพหลโยธิน","เขต: จตุจักร"],"district":"จตุจักร"},"geometry":{"type":"Point","coordinates":[100.5553,13.80453]}},{"type":"Feature","properties":{"title":"อาคารจอดรถ","info":["ที่ตั้ง: ซอยรัชดาภิเษก 18","เขต: ห้วยขวาง"],"district":"ห้วยขวาง"},"geometry":{"type":"Point","coordinates":[100.57599,13.78659]}},{"type":"Feature","properties":{"title":"ลานจอดรถเดอะมอลล์บางกะปิ","info":["ที่ตั้ง: ซอยรามคำแหง 87","เขต: บางกะปิ"],"district":"บางกะปิ"},"geometry":{"type":"Point","coordinates":[100.64138,13.76354]}},{"type":"Feature","properties":{"title":"ที่จอดรถโรงพยาบาลสมิติเวช","info":["ที่ตั้ง: ซอยสุขุมวิท 49","เขต: วัฒนา"],"district":"วัฒนา"},"geometry":{"type":"Point","coordinates":[100.5772,13.73671]}},{"type":"Feature","properties":{"title":"ที่จอดรถเท็กซัส","info":["ที่ตั้ง: ถนนผดุงด้าว","เขต: สัมพันธวงศ์"],"district":"สัมพันธวงศ์"},"geometry":{"type":"Point","coordinates":[100.51112,13.74066]}},{"type":"Feature","properties":{"title":"ที่จอดรถตลาดโชคชัย 4","info":["ที่ตั้ง: ซอยโชคชัย 4 ซอย 2","เขต: วังทองหลาง"],"district":"วังทองหลาง"},"geometry":{"type":"Point","coordinates":[100.59678,13.79507]}},{"type":"Feature","properties":{"title":"ที่จอดรถวัดชนะสงคราม","info":["ที่ตั้ง: ซอยรามบุตรี","เขต: พระนคร"],"district":"พระนคร"},"geometry":{"type":"Point","coordinates":[100.49588,13.76081]}},{"type":"Feature","properties":{"title":"ที่จอดรถวัดชนะสงคราม","info":["ที่ตั้ง: ถนนจักรพงษ์","เขต: พระนคร"],"district":"พระนคร"},"geometry":{"type":"Point","coordinates":[100.49539,13.75988]}},{"type":"Feature","properties":{"title":"ที่จอดรถวอเตอร์ฟอร์ดพาร์ค","info":["ที่ตั้ง: ซอยภูมิจิตร","เขต: คลองเตย"],"district":"คลองเตย"},"geometry":{"type":"Point","coordinates":[100.59242,13.70849]}},{"type":"Feature","properties":{"title":"ที่จอดรถบริษัท เยาวราชมาร์เก็ต จำกัด","info":["ที่ตั้ง: ถนนทรงสวัสดิ์","เขต: สัมพันธวงศ์"],"district":"สัมพันธวงศ์"},"geometry":{"type":"Point","coordinates":[100.51198,13.73957]}},{"type":"Feature","properties":{"title":"ที่จอดรถวัดมงคลสมาคม","info":["ที่ตั้ง: ซอยเยาวราช 4","เขต: สัมพันธวงศ์"],"district":"สัมพันธวงศ์"},"geometry":{"type":"Point","coordinates":[100.50943,13.74096]}},{"type":"Feature","properties":{"title":"อาคารจอดรถดิโอลด์สยามพลาซ่า","info":["ที่ตั้ง: ถนนบูรพา","เขต: พระนคร"],"district":"พระนคร"},"geometry":{"type":"Point","coordinates":[100.5007,13.74657]}},{"type":"Feature","properties":{"title":"ลานจอดรถเทสโก้โลตัสซุปเปอร์สโตร์","info":["ที่ตั้ง: ซอยพระรามที่ 2 ซอย 69 (ร่วมใจ)","เขต: บางขุนเทียน"],"district":"บางขุนเทียน"},"geometry":{"type":"Point","coordinates":[100.42035,13.64797]}},{"type":"Feature","properties":{"title":"ที่จอดรถชั่วคราวบริษัท เจเอสแอล จำกัด","info":["ที่ตั้ง: ซอยลาดพร้าว 107","เขต: บางกะปิ"],"district":"บางกะปิ"},"geometry":{"type":"Point","coordinates":[100.63491,13.77894]}},{"type":"Feature","properties":{"title":"อาคารจอดรถซิโน-ไทย","info":["ที่ตั้ง: ซอยวีรทศ","เขต: วัฒนา"],"district":"วัฒนา"},"geometry":{"type":"Point","coordinates":[100.56257,13.74062]}},{"type":"Feature","properties":{"title":"ที่จอดรถหน่วยให้บริการเคลื่อนที่ธนาคารออมสิน","info":["ที่ตั้ง: ถนนกำแพงเพชร 6","เขต: ดอนเมือง"],"district":"ดอนเมือง"},"geometry":{"type":"Point","coordinates":[100.58899,13.89965]}},{"type":"Feature","properties":{"title":"ที่จอดรถสถานีศูนย์การประชุมแห่งชาติสิริกิติ์","info":["ที่ตั้ง: ถนนรัชดาภิเษก","เขต: คลองเตย"],"district":"คลองเตย"},"geometry":{"type":"Point","coordinates":[100.55892,13.72078]}},{"type":"Feature","properties":{"title":"อาคารจามจุรี 9","info":["ที่ตั้ง: ซอยจุฬาลงกรณ์ 42","เขต: ปทุมวัน"],"district":"ปทุมวัน"},"geometry":{"type":"Point","coordinates":[100.52546,13.73577]}},{"type":"Feature","properties":{"title":"ที่จอดรถ","info":["ที่ตั้ง: ซอยเยาวราช 4","เขต: สัมพันธวงศ์"],"district":"สัมพันธวงศ์"},"geometry":{"type":"Point","coordinates":[100.50912,13.74122]}},{"type":"Feature","properties":{"title":"ลานจอดรถตลาดนัดจตุจักร","info":["ที่ตั้ง: ถนนกำแพงเพชร 3","เขต: จตุจักร"],"district":"จตุจักร"},"geometry":{"type":"Point","coordinates":[100.55262,13.80638]}},{"type":"Feature","properties":{"title":"อาคารจอดรถ","info":["ที่ตั้ง: ถนนยมราชสุขุม","เขต: ป้อมปราบศัตรูพ่าย"],"district":"ป้อมปราบศัตรูพ่าย"},"geometry":{"type":"Point","coordinates":[100.50815,13.7448]}},{"type":"Feature","properties":{"title":"อาคารจอดรถบิ๊กซีเอ็กซ์ตร้าซุปเปอร์เซ็นเตอร์ พระราม 4","info":["ที่ตั้ง: ถนนพระรามที่ 4","เขต: คลองเตย"],"district":"คลองเตย"},"geometry":{"type":"Point","coordinates":[100.57031,13.71798]}},{"type":"Feature","properties":{"title":"อาคารจอดรถคลองถมพัฒนา","info":["ที่ตั้ง: ซอยจึงเจริญพาณิชย์","เขต: ป้อมปราบศัตรูพ่าย"],"district":"ป้อมปราบศัตรูพ่าย"},"geometry":{"type":"Point","coordinates":[100.50665,13.74568]}},{"type":"Feature","properties":{"title":"อาคารจอดรถโรงภาพยนตร์เมเจอร์ซีนีเพล็กซ์","info":["ที่ตั้ง: ซอยพหลโยธิน 33","เขต: จตุจักร"],"district":"จตุจักร"},"geometry":{"type":"Point","coordinates":[100.56764,13.82856]}},{"type":"Feature","properties":{"title":"อาคารจอดรถกรมประมง","info":["ที่ตั้ง: ถนนพหลโยธิน","เขต: จตุจักร"],"district":"จตุจักร"},"geometry":{"type":"Point","coordinates":[100.57635,13.84381]}},{"type":"Feature","properties":{"title":"อาคารจอดรถสมาคมศิษย์เก่าพยาบาลรามาธิบดี","info":["ที่ตั้ง: ถนนพระรามที่ 6","เขต: ราชเทวี"],"district":"ราชเทวี"},"geometry":{"type":"Point","coordinates":[100.52738,13.76676]}},{"type":"Feature","properties":{"title":"ที่จอดรถ","info":["ที่ตั้ง: ซอยสรงประภา 1 แยก 3-4","เขต: ดอนเมือง"],"district":"ดอนเมือง"},"geometry":{"type":"Point","coordinates":[100.59839,13.92128]}},{"type":"Feature","properties":{"title":"อาคารอนุสรณ์ป่าไม้ 84 ปี","info":["ที่ตั้ง: ซอยพหลโยธิน 45 แยก 1","เขต: จตุจักร"],"district":"จตุจักร"},"geometry":{"type":"Point","coordinates":[100.57933,13.84975]}},{"type":"Feature","properties":{"title":"อาคารจอดรถ","info":["ที่ตั้ง: ซอยพหลโยธิน 43","เขต: จตุจักร"],"district":"จตุจักร"},"geometry":{"type":"Point","coordinates":[100.57671,13.84882]}},{"type":"Feature","properties":{"title":"อาคารจอดรถบริษัท ช. การช่าง จำกัด (มหาชน)","info":["ที่ตั้ง: ซอยอินทามระ 37","เขต: ดินแดง"],"district":"ดินแดง"},"geometry":{"type":"Point","coordinates":[100.56451,13.79037]}},{"type":"Feature","properties":{"title":"จุดจอดแล้วจรเดอะมอลล์ท่าพระ","info":["ที่ตั้ง: ถนนรัชดาภิเษก","เขต: ธนบุรี"],"district":"ธนบุรี"},"geometry":{"type":"Point","coordinates":[100.47934,13.71216]}},{"type":"Feature","properties":{"title":"อาคารจอดรถห้างสรรพสินค้าเซ็นทรัลพลาซา","info":["ที่ตั้ง: ซอยรามอินทรา 3","เขต: บางเขน"],"district":"บางเขน"},"geometry":{"type":"Point","coordinates":[100.60208,13.87272]}},{"type":"Feature","properties":{"title":"อาคารจอดรถ รฟม. สถานีลาดพร้าว","info":["ที่ตั้ง: ถนนรัชดาภิเษก","เขต: จตุจักร"],"district":"จตุจักร"},"geometry":{"type":"Point","coordinates":[100.57431,13.80682]}},{"type":"Feature","properties":{"title":"ที่จอดรถอาคารแสงโสม","info":["ที่ตั้ง: ซอยวิภาวดีรังสิต 5 แยก 2","เขต: จตุจักร"],"district":"จตุจักร"},"geometry":{"type":"Point","coordinates":[100.55948,13.80113]}},{"type":"Feature","properties":{"title":"อาคารจอดรถญาดา","info":["ที่ตั้ง: ซอยสีลม 2/1","เขต: บางรัก"],"district":"บางรัก"},"geometry":{"type":"Point","coordinates":[100.53464,13.72941]}},{"type":"Feature","properties":{"title":"ลานจอดรถตลาดยิ่งเจริญ","info":["ที่ตั้ง: ซอยธนาคารกสิกรไทย","เขต: บางเขน"],"district":"บางเขน"},"geometry":{"type":"Point","coordinates":[100.60783,13.89601]}},{"type":"Feature","properties":{"title":"ลานจอดรถพีเอฟ","info":["ที่ตั้ง: ซอยหมู่บ้านบ้านศุภวรรณ","เขต: บางแค"],"district":"บางแค"},"geometry":{"type":"Point","coordinates":[100.40766,13.7157]}},{"type":"Feature","properties":{"title":"ที่จอดรถโรงแรมวินเซอร์สวีทส์","info":["ที่ตั้ง: ซอยสุขุมวิท 18","เขต: คลองเตย"],"district":"คลองเตย"},"geometry":{"type":"Point","coordinates":[100.5629,13.73364]}},{"type":"Feature","properties":{"title":"หอกีฬาศิริราชสัมพันธ์อาคารจอดรถ 2","info":["ที่ตั้ง: ถนนบวรสถานพิมุข","เขต: บางกอกน้อย"],"district":"บางกอกน้อย"},"geometry":{"type":"Point","coordinates":[100.48537,13.75935]}},{"type":"Feature","properties":{"title":"อาคารจอดรถโรงพยาบาลศิริราช","info":["ที่ตั้ง: ถนนวังหลัง","เขต: บางกอกน้อย"],"district":"บางกอกน้อย"},"geometry":{"type":"Point","coordinates":[100.4838,13.75621]}},{"type":"Feature","properties":{"title":"อาคารจอดรถทิปโก้","info":["ที่ตั้ง: ซอยพระรามที่ 6 ซอย 39","เขต: พญาไท"],"district":"พญาไท"},"geometry":{"type":"Point","coordinates":[100.53425,13.78858]}},{"type":"Feature","properties":{"title":"ที่จอดรถพี.วี. เพลส","info":["ที่ตั้ง: ซอยแจ้งวัฒนะ 15","เขต: หลักสี่"],"district":"หลักสี่"},"geometry":{"type":"Point","coordinates":[100.56196,13.89143]}},{"type":"Feature","properties":{"title":"อาคารจอดรถบางนาธานี","info":["ที่ตั้ง: ซอยบางนา-ตราด 34","เขต: บางนา"],"district":"บางนา"},"geometry":{"type":"Point","coordinates":[100.63389,13.66507]}},{"type":"Feature","properties":{"title":"ที่จอดรถบางนาธานี","info":["ที่ตั้ง: ซอยบางนา-ตราด 34","เขต: บางนา"],"district":"บางนา"},"geometry":{"type":"Point","coordinates":[100.63342,13.66664]}},{"type":"Feature","properties":{"title":"ที่จอดรถกลุ่มบางกอกอินเตอร์เฟิร์น","info":["ที่ตั้ง: ซอยพระรามที่ 2 ซอย 50","เขต: บางขุนเทียน"],"district":"บางขุนเทียน"},"geometry":{"type":"Point","coordinates":[100.44473,13.67082]}},{"type":"Feature","properties":{"title":"อาคารจอดรถสยามเซ็นเตอร์","info":["ที่ตั้ง: ถนนพระรามที่ 1","เขต: ปทุมวัน"],"district":"ปทุมวัน"},"geometry":{"type":"Point","coordinates":[100.53289,13.74672]}},{"type":"Feature","properties":{"title":"อาคารจอดรถโรงพยาบาลบางนา","info":["ที่ตั้ง: ซอยหมู่บ้านศานติ","เขต: บางนา"],"district":"บางนา"},"geometry":{"type":"Point","coordinates":[100.63567,13.66596]}},{"type":"Feature","properties":{"title":"ที่จอดรถไนช์แมนชั่น 2","info":["ที่ตั้ง: ซอยประชาอุทิศ 19","เขต: ห้วยขวาง"],"district":"ห้วยขวาง"},"geometry":{"type":"Point","coordinates":[100.58694,13.77222]}},{"type":"Feature","properties":{"title":"อาคารจอดรถโรงแรมนารายณ์","info":["ที่ตั้ง: ซอยสีลม 18","เขต: บางรัก"],"district":"บางรัก"},"geometry":{"type":"Point","coordinates":[100.52365,13.72532]}},{"type":"Feature","properties":{"title":"ที่จอดรถโรงแรมคิงปาร์ค","info":["ที่ตั้ง: ซอยสุภาพงษ์ 3","เขต: ประเวศ"],"district":"ประเวศ"},"geometry":{"type":"Point","coordinates":[100.6422,13.69371]}},{"type":"Feature","properties":{"title":"ลานจอดรถตลาดกรุงเทพ-ราม 2","info":["ที่ตั้ง: ซอยรามคำแหง 2 ซอย 23 แยก 1","เขต: ประเวศ"],"district":"ประเวศ"},"geometry":{"type":"Point","coordinates":[100.68202,13.66935]}},{"type":"Feature","properties":{"title":"อาคารจอดรถเมทัลเลี่ยนปาร์คกิ้ง","info":["ที่ตั้ง: ถนนพระรามที่ 1","เขต: ปทุมวัน"],"district":"ปทุมวัน"},"geometry":{"type":"Point","coordinates":[100.52194,13.7473]}},{"type":"Feature","properties":{"title":"ที่จอดรถสถานีรถไฟหัวลำโพง","info":["ที่ตั้ง: ถนนกรุงเกษม","เขต: ปทุมวัน"],"district":"ปทุมวัน"},"geometry":{"type":"Point","coordinates":[100.51606,13.73984]}},{"type":"Feature","properties":{"title":"ที่จอดรถวัดมกุฏกษัตริยาราม","info":["ที่ตั้ง: ถนนกรุงเกษม","เขต: พระนคร"],"district":"พระนคร"},"geometry":{"type":"Point","coordinates":[100.50737,13.76512]}},{"type":"Feature","properties":{"title":"ที่จอดรถวัดอินทรวิหาร","info":["ที่ตั้ง: ซอยสามเสน 10","เขต: พระนคร"],"district":"พระนคร"},"geometry":{"type":"Point","coordinates":[100.50266,13.76667]}},{"type":"Feature","properties":{"title":"ที่จอดรถวัดคณิกาผล","info":["ที่ตั้ง: ถนนพลับพลาไชย","เขต: ป้อมปราบศัตรูพ่าย"],"district":"ป้อมปราบศัตรูพ่าย"},"geometry":{"type":"Point","coordinates":[100.5101,13.7442]}},{"type":"Feature","properties":{"title":"ที่จอดรถถนนจันทน์","info":["ที่ตั้ง: ซอยจันทน์ 18/4","เขต: สาทร"],"district":"สาทร"},"geometry":{"type":"Point","coordinates":[100.52814,13.7063]}},{"type":"Feature","properties":{"title":"ที่จอดรถวัดอุภัยราชบำรุง","info":["ที่ตั้ง: ซอยเจริญกรุง 20","เขต: สัมพันธวงศ์"],"district":"สัมพันธวงศ์"},"geometry":{"type":"Point","coordinates":[100.51359,13.73497]}},{"type":"Feature","properties":{"title":"ที่จอดรถวัดมหาพฤฒารามวรวิหาร","info":["ที่ตั้ง: ถนนมหาพฤฒาราม","เขต: บางรัก"],"district":"บางรัก"},"geometry":{"type":"Point","coordinates":[100.51605,13.73287]}},{"type":"Feature","properties":{"title":"ที่จอดรถวัดมหรรณพารามวรวิหาร","info":["ที่ตั้ง: ถนนตะนาว","เขต: พระนคร"],"district":"พระนคร"},"geometry":{"type":"Point","coordinates":[100.49884,13.75501]}},{"type":"Feature","properties":{"title":"ลานจอดรถสถานีรถไฟฟ้าสามย่าน","info":["ที่ตั้ง: ซอยหน้าวัดหัวลำโพง","เขต: บางรัก"],"district":"บางรัก"},"geometry":{"type":"Point","coordinates":[100.53041,13.73175]}},{"type":"Feature","properties":{"title":"ที่จอดรถวัดพลับพลาชัย","info":["ที่ตั้ง: ถนนไมตรีจิตต์","เขต: ป้อมปราบศัตรูพ่าย"],"district":"ป้อมปราบศัตรูพ่าย"},"geometry":{"type":"Point","coordinates":[100.51215,13.74585]}},{"type":"Feature","properties":{"title":"ที่จอดรถสวนหลวง ร. 9","info":["ที่ตั้ง: ซอยหมู่บ้านเสรีวิลล่า","เขต: ประเวศ"],"district":"ประเวศ"},"geometry":{"type":"Point","coordinates":[100.65842,13.68757]}},{"type":"Feature","properties":{"title":"ที่จอดรถสวนหลวง ร. 9","info":["ที่ตั้ง: ซอยเฉลิมพระเกียรติ ร. 9 ซอย 41","เขต: ประเวศ"],"district":"ประเวศ"},"geometry":{"type":"Point","coordinates":[100.66788,13.68959]}},{"type":"Feature","properties":{"title":"อาคารหมอมี","info":["ที่ตั้ง: ถนนวงเวียนยี่สิบสองกรกฎาคม","เขต: ป้อมปราบศัตรูพ่าย"],"district":"ป้อมปราบศัตรูพ่าย"},"geometry":{"type":"Point","coordinates":[100.51407,13.74177]}},{"type":"Feature","properties":{"title":"อาคารจอดรถโครงการวิสุทธิ์ธานี","info":["ที่ตั้ง: ซอยลาดพร้าว 101/3","เขต: บางกะปิ"],"district":"บางกะปิ"},"geometry":{"type":"Point","coordinates":[100.63206,13.77534]}},{"type":"Feature","properties":{"title":"ที่จอดรถโรงแรมโอเรียนเต็ล","info":["ที่ตั้ง: ซอยเจริญกรุง 38","เขต: บางรัก"],"district":"บางรัก"},"geometry":{"type":"Point","coordinates":[100.51494,13.72414]}},{"type":"Feature","properties":{"title":"ที่จอดรถห้างสรรพสินค้าซีคอนสแควร์","info":["ที่ตั้ง: ถนนศรีนครินทร์","เขต: ประเวศ"],"district":"ประเวศ"},"geometry":{"type":"Point","coordinates":[100.64945,13.694]}},{"type":"Feature","properties":{"title":"อาคารจอดรถ","info":["ที่ตั้ง: ซอยลาดพร้าว 28","เขต: ห้วยขวาง"],"district":"ห้วยขวาง"},"geometry":{"type":"Point","coordinates":[100.57535,13.80014]}},{"type":"Feature","properties":{"title":"อาคารจอดรถการท่าเรือแห่งประเทศไทย","info":["ที่ตั้ง: ถนนท่าเรือ 1","เขต: คลองเตย"],"district":"คลองเตย"},"geometry":{"type":"Point","coordinates":[100.56287,13.71358]}},{"type":"Feature","properties":{"title":"ที่จอดรถโลตัสมีนบุรี","info":["ที่ตั้ง: ถนนสุวินทวงศ์","เขต: มีนบุรี"],"district":"มีนบุรี"},"geometry":{"type":"Point","coordinates":[100.72817,13.81757]}},{"type":"Feature","properties":{"title":"อาคารจอดรถ","info":["ที่ตั้ง: ซอยสุขุมวิท 16","เขต: คลองเตย"],"district":"คลองเตย"},"geometry":{"type":"Point","coordinates":[100.56066,13.73243]}},{"type":"Feature","properties":{"title":"อาคารจอดรถ รฟม. สถานีศูนย์วัฒนธรรมแห่งประเทศไทย","info":["ที่ตั้ง: ซอยรัชดาภิเษก 6","เขต: ห้วยขวาง"],"district":"ห้วยขวาง"},"geometry":{"type":"Point","coordinates":[100.56927,13.76435]}},{"type":"Feature","properties":{"title":"อาคารจอดรถงามวงศ์วาน 1","info":["ที่ตั้ง: ถนนจันทร์สถิตย์","เขต: จตุจักร"],"district":"จตุจักร"},"geometry":{"type":"Point","coordinates":[100.57081,13.84283]}},{"type":"Feature","properties":{"title":"อาคารจอดรถโรงพยาบาลหัวเฉียว","info":["ที่ตั้ง: ซอยไพศาลศิลป์","เขต: ป้อมปราบศัตรูพ่าย"],"district":"ป้อมปราบศัตรูพ่าย"},"geometry":{"type":"Point","coordinates":[100.51569,13.75079]}},{"type":"Feature","properties":{"title":"อาคารจอดรถงามวงศ์วาน 2","info":["ที่ตั้ง: ถนนจันทร์สถิตย์","เขต: จตุจักร"],"district":"จตุจักร"},"geometry":{"type":"Point","coordinates":[100.56912,13.84369]}},{"type":"Feature","properties":{"title":"อาคารจอดรถสยามกลการ","info":["ที่ตั้ง: ซอยเกษมสันต์ 2","เขต: ปทุมวัน"],"district":"ปทุมวัน"},"geometry":{"type":"Point","coordinates":[100.52856,13.74721]}},{"type":"Feature","properties":{"title":"ลานจอดรถห้างสรรพสินค้ามาบุญครอง","info":["ที่ตั้ง: ซอยจุฬาลงกรณ์ 12","เขต: ปทุมวัน"],"district":"ปทุมวัน"},"geometry":{"type":"Point","coordinates":[100.52937,13.74266]}},{"type":"Feature","properties":{"title":"อาคารที่จอดรถมหาวิทยาลัยกรุงเทพ","info":["ที่ตั้ง: ถนนทางรถไฟสายเก่าปากน้ำ","เขต: คลองเตย"],"district":"คลองเตย"},"geometry":{"type":"Point","coordinates":[100.58107,13.71133]}},{"type":"Feature","properties":{"title":"ที่จอดรถโรงแรมโฟร์ซีซั่นส์กรุงเทพ","info":["ที่ตั้ง: ซอยมหาดเล็กหลวง 2","เขต: ปทุมวัน"],"district":"ปทุมวัน"},"geometry":{"type":"Point","coordinates":[100.54072,13.74032]}},{"type":"Feature","properties":{"title":"อาคารจอดรถปาล์มพาวิลเลี่ยน","info":["ที่ตั้ง: ซอยโพธิ์เจริญ","เขต: ยานนาวา"],"district":"ยานนาวา"},"geometry":{"type":"Point","coordinates":[100.55174,13.71239]}},{"type":"Feature","properties":{"title":"อาคารที่จอดรถแกรนด์รอยัล","info":["ที่ตั้ง: ถนนพัฒน์พงศ์ 2","เขต: บางรัก"],"district":"บางรัก"},"geometry":{"type":"Point","coordinates":[100.53252,13.72859]}},{"type":"Feature","properties":{"title":"ที่จอดรถโรงพยาบาลรามคำแหง","info":["ที่ตั้ง: ซอยรามคำแหง 32","เขต: บางกะปิ"],"district":"บางกะปิ"},"geometry":{"type":"Point","coordinates":[100.63662,13.75641]}},{"type":"Feature","properties":{"title":"อาคารที่จอดรถโรงพยาบาลเวชธานี","info":["ที่ตั้ง: ซอยลาดพร้าว 111","เขต: บางกะปิ"],"district":"บางกะปิ"},"geometry":{"type":"Point","coordinates":[100.63799,13.77215]}},{"type":"Feature","properties":{"title":"ลานจอดรถการกีฬาแห่งประเทศไทย","info":["ที่ตั้ง: ซอยรามคำแหง 24/1","เขต: บางกะปิ"],"district":"บางกะปิ"},"geometry":{"type":"Point","coordinates":[100.62664,13.75978]}},{"type":"Feature","properties":{"title":"ที่จอดรถ","info":["ที่ตั้ง: ซอยทองหล่อ 11","เขต: วัฒนา"],"district":"วัฒนา"},"geometry":{"type":"Point","coordinates":[100.57972,13.73312]}},{"type":"Feature","properties":{"title":"อาคารที่จอดรถห้างสรรพสินค้าเซ็นทรัลพลาซา","info":["ที่ตั้ง: ถนนหอวัง","เขต: จตุจักร"],"district":"จตุจักร"},"geometry":{"type":"Point","coordinates":[100.56088,13.8177]}},{"type":"Feature","properties":{"title":"ลานจอดรถ 2 โรงพยาบาลลาดพร้าว","info":["ที่ตั้ง: ซอยลาดพร้าว 93/1","เขต: วังทองหลาง"],"district":"วังทองหลาง"},"geometry":{"type":"Point","coordinates":[100.62412,13.77972]}},{"type":"Feature","properties":{"title":"ที่จอดรถบริษัท เอ็นพีแฟบริค จำกัด","info":["ที่ตั้ง: ซอยลาดพร้าว 78","เขต: วังทองหลาง"],"district":"วังทองหลาง"},"geometry":{"type":"Point","coordinates":[100.6047,13.78814]}},{"type":"Feature","properties":{"title":"ที่จอดรถโรงแรมริเวอร์ไซด์กรุงเทพ","info":["ที่ตั้ง: ซอยราชวิถี 21 แยก 6","เขต: บางพลัด"],"district":"บางพลัด"},"geometry":{"type":"Point","coordinates":[100.49919,13.78104]}},{"type":"Feature","properties":{"title":"ที่จอดรถดอนเมืองไดร์ฟวิ่งเรนจ์","info":["ที่ตั้ง: ซอยวิภาวดีรังสิต 84","เขต: ดอนเมือง"],"district":"ดอนเมือง"},"geometry":{"type":"Point","coordinates":[100.61696,13.94673]}},{"type":"Feature","properties":{"title":"ที่จอดรถ","info":["ที่ตั้ง: ซอยช่างอากาศอุทิศ 8 แยก 2","เขต: ดอนเมือง"],"district":"ดอนเมือง"},"geometry":{"type":"Point","coordinates":[100.59224,13.9136]}},{"type":"Feature","properties":{"title":"ที่จอดรถ","info":["ที่ตั้ง: ซอยรามคำแหง 2 ซอย 21","เขต: ประเวศ"],"district":"ประเวศ"},"geometry":{"type":"Point","coordinates":[100.68221,13.6717]}},{"type":"Feature","properties":{"title":"ที่จอดรถโรงพยาบาลสายไหม","info":["ที่ตั้ง: ถนนเฉลิมพงษ์","เขต: สายไหม"],"district":"สายไหม"},"geometry":{"type":"Point","coordinates":[100.68348,13.92366]}},{"type":"Feature","properties":{"title":"ที่จอดรถโรงเรียนสอนว่ายน้ำพรหมประทาน","info":["ที่ตั้ง: ซอยหมู่บ้านพรหมประทาน","เขต: หลักสี่"],"district":"หลักสี่"},"geometry":{"type":"Point","coordinates":[100.55633,13.89808]}},{"type":"Feature","properties":{"title":"ลานจอดรถเพรสซิเดนท์โซลิแทร์","info":["ที่ตั้ง: ซอยสุขุมวิท 13","เขต: วัฒนา"],"district":"วัฒนา"},"geometry":{"type":"Point","coordinates":[100.55818,13.74513]}},{"type":"Feature","properties":{"title":"ที่จอดรถเดอะพาร์คโฮเต็ล","info":["ที่ตั้ง: ซอยสุขุมวิท 11","เขต: วัฒนา"],"district":"วัฒนา"},"geometry":{"type":"Point","coordinates":[100.556,13.74222]}},{"type":"Feature","properties":{"title":"ที่จอดรถโรงแรมเดอะมินิ","info":["ที่ตั้ง: ซอยทองหล่อ 13","เขต: วัฒนา"],"district":"วัฒนา"},"geometry":{"type":"Point","coordinates":[100.57983,13.73376]}},{"type":"Feature","properties":{"title":"ที่จอดรถโรงแรมแมเจสติคแกรนด์เด","info":["ที่ตั้ง: ซอยสุขุมวิท 2","เขต: คลองเตย"],"district":"คลองเตย"},"geometry":{"type":"Point","coordinates":[100.55171,13.74013]}},{"type":"Feature","properties":{"title":"ที่จอดรถวัดเลา","info":["ที่ตั้ง: ซอยพระรามที่ 2 ซอย 51","เขต: บางขุนเทียน"],"district":"บางขุนเทียน"},"geometry":{"type":"Point","coordinates":[100.44743,13.66562]}},{"type":"Feature","properties":{"title":"อาคารที่จอดรถเอ็มโพเรี่ยมสวีท","info":["ที่ตั้ง: ซอยสุขุมวิท 24","เขต: คลองเตย"],"district":"คลองเตย"},"geometry":{"type":"Point","coordinates":[100.5688,13.7298]}},{"type":"Feature","properties":{"title":"ที่จอดรถโรงเรียนนานาชาติใหม่แห่งประเทศไทย","info":["ที่ตั้ง: ซอยสุขุมวิท 15","เขต: วัฒนา"],"district":"วัฒนา"},"geometry":{"type":"Point","coordinates":[100.55895,13.74757]}},{"type":"Feature","properties":{"title":"ที่จอดรถธนาคารธนชาต","info":["ที่ตั้ง: ซอยเอกมัย 28","เขต: วัฒนา"],"district":"วัฒนา"},"geometry":{"type":"Point","coordinates":[100.58949,13.73899]}},{"type":"Feature","properties":{"title":"เจเอสทีคาร์พาร์ค","info":["ที่ตั้ง: ซอยเอกมัย 10","เขต: วัฒนา"],"district":"วัฒนา"},"geometry":{"type":"Point","coordinates":[100.59186,13.72901]}},{"type":"Feature","properties":{"title":"ที่จอดรถยนต์วัดธาตุทอง","info":["ที่ตั้ง: ถนนสุขุมวิท","เขต: วัฒนา"],"district":"วัฒนา"},"geometry":{"type":"Point","coordinates":[100.58598,13.71955]}},{"type":"Feature","properties":{"title":"ที่จอดรถพรรณนิภาบิวตี้","info":["ที่ตั้ง: ซอยเอกมัย 19","เขต: วัฒนา"],"district":"วัฒนา"},"geometry":{"type":"Point","coordinates":[100.58761,13.73628]}},{"type":"Feature","properties":{"title":"ที่จอดรถโรงแรมอิมพีเรียลควีนส์ปาร์ค","info":["ที่ตั้ง: ซอยสุขุมวิท 22 (สายน้ำทิพย์)","เขต: คลองเตย"],"district":"คลองเตย"},"geometry":{"type":"Point","coordinates":[100.56501,13.72933]}},{"type":"Feature","properties":{"title":"อาคารที่จอดรถยังเพลส","info":["ที่ตั้ง: ซอยสุขุมวิท 31","เขต: วัฒนา"],"district":"วัฒนา"},"geometry":{"type":"Point","coordinates":[100.56618,13.74146]}},{"type":"Feature","properties":{"title":"ที่จอดรถเคเอสสปอร์ตคลับ","info":["ที่ตั้ง: ซอยพานิชอนันต์ แยก 5","เขต: วัฒนา"],"district":"วัฒนา"},"geometry":{"type":"Point","coordinates":[100.60081,13.73662]}},{"type":"Feature","properties":{"title":"ที่จอดรถวัดสามพระยา","info":["ที่ตั้ง: ซอยสามเสน 5","เขต: พระนคร"],"district":"พระนคร"},"geometry":{"type":"Point","coordinates":[100.49877,13.76667]}},{"type":"Feature","properties":{"title":"ที่จอดรถซีคอนสแควร์","info":["ที่ตั้ง: ถนนศรีนครินทร์","เขต: ประเวศ"],"district":"ประเวศ"},"geometry":{"type":"Point","coordinates":[100.64717,13.69638]}},{"type":"Feature","properties":{"title":"ที่จอดรถสินอิศรางกูร","info":["ที่ตั้ง: ซอยจอมทอง 20","เขต: จอมทอง"],"district":"จอมทอง"},"geometry":{"type":"Point","coordinates":[100.46848,13.69945]}},{"type":"Feature","properties":{"title":"ที่จอดรถธนาคารกสิกรไทย","info":["ที่ตั้ง: ซอยจอมทอง 16","เขต: จอมทอง"],"district":"จอมทอง"},"geometry":{"type":"Point","coordinates":[100.47047,13.69931]}},{"type":"Feature","properties":{"title":"ที่จอดรถบริษัท เจซัมมิท จำกัด","info":["ที่ตั้ง: ซอยจอมทอง 13 แยก 1-4-2","เขต: จอมทอง"],"district":"จอมทอง"},"geometry":{"type":"Point","coordinates":[100.47271,13.69465]}},{"type":"Feature","properties":{"title":"ที่จอดรถตลาดบางกอกน้อย","info":["ที่ตั้ง: ซอยวังหลัง 14","เขต: บางกอกน้อย"],"district":"บางกอกน้อย"},"geometry":{"type":"Point","coordinates":[100.47865,13.75577]}},{"type":"Feature","properties":{"title":"ที่จอดรถโรงเรียนพระมารดานิจจานุเคราะห์","info":["ที่ตั้ง: ซอยหมู่บ้านเสนาวิลล่า 84 ซอย 24","เขต: บางกะปิ"],"district":"บางกะปิ"},"geometry":{"type":"Point","coordinates":[100.64121,13.79037]}},{"type":"Feature","properties":{"title":"ที่จอดรถตลาดบางกอกน้อย","info":["ที่ตั้ง: ซอยวังหลัง 14","เขต: บางกอกน้อย"],"district":"บางกอกน้อย"},"geometry":{"type":"Point","coordinates":[100.47832,13.75659]}},{"type":"Feature","properties":{"title":"ลานจอดรถคริสตจักรมหาชล","info":["ที่ตั้ง: ซอยอุเทน 2","เขต: บึงกุ่ม"],"district":"บึงกุ่ม"},"geometry":{"type":"Point","coordinates":[100.65153,13.78141]}},{"type":"Feature","properties":{"title":"ที่จอดรถอาคารซาร่าห์","info":["ที่ตั้ง: ซอยรามอินทรา 55 (วัชรพล)","เขต: บางเขน"],"district":"บางเขน"},"geometry":{"type":"Point","coordinates":[100.64016,13.85879]}},{"type":"Feature","properties":{"title":"ที่จอดรถบริษัท พีไทยแลนด์แมชินเนอรี่ จำกัด","info":["ที่ตั้ง: ซอยหมู่บ้านเย็นวิลล่า","เขต: ลาดกระบัง"],"district":"ลาดกระบัง"},"geometry":{"type":"Point","coordinates":[100.79631,13.77874]}},{"type":"Feature","properties":{"title":"ที่จอดรถบริษัท เสียงไถ่และบุตร จำกัด","info":["ที่ตั้ง: ถนนสุขุมวิท","เขต: คลองเตย"],"district":"คลองเตย"},"geometry":{"type":"Point","coordinates":[100.57161,13.72877]}},{"type":"Feature","properties":{"title":"ที่จอดรถลลลานา","info":["ที่ตั้ง: ซอยสุขุมวิท 22 (สายน้ำทิพย์)","เขต: คลองเตย"],"district":"คลองเตย"},"geometry":{"type":"Point","coordinates":[100.5655,13.7262]}},{"type":"Feature","properties":{"title":"ลานจอดรถโต๋เต๋","info":["ที่ตั้ง: ถนนทางรถไฟสายเก่าปากน้ำ","เขต: คลองเตย"],"district":"คลองเตย"},"geometry":{"type":"Point","coordinates":[100.5796,13.71239]}},{"type":"Feature","properties":{"title":"ที่จอดรถสนามฟุตบอลทีเจ","info":["ที่ตั้ง: ถนนอัศวพิเชษฐ์","เขต: ตลิ่งชัน"],"district":"ตลิ่งชัน"},"geometry":{"type":"Point","coordinates":[100.41657,13.78117]}},{"type":"Feature","properties":{"title":"ที่จอดรถวัดจักรวรรดิราชาวาสวรมหาวิหาร","info":["ที่ตั้ง: ถนนจักรวรรดิ์","เขต: สัมพันธวงศ์"],"district":"สัมพันธวงศ์"},"geometry":{"type":"Point","coordinates":[100.50366,13.74207]}},{"type":"Feature","properties":{"title":"ที่จอดรถศาลเจ้าพ่อเสือ","info":["ที่ตั้ง: ตรอกศาลเจ้าพ่อเสือ","เขต: พระนคร"],"district":"พระนคร"},"geometry":{"type":"Point","coordinates":[100.49797,13.75393]}},{"type":"Feature","properties":{"title":"ที่จอดรถสถานีรถไฟบางซื่อ","info":["ที่ตั้ง: ถนนรถไฟ","เขต: บางซื่อ"],"district":"บางซื่อ"},"geometry":{"type":"Point","coordinates":[100.53955,13.8039]}},{"type":"Feature","properties":{"title":"ที่จอดรถสวนสมเด็จพระนางเจ้าสิริกิติ์ฯ","info":["ที่ตั้ง: ถนนกำแพงเพชร 2","เขต: จตุจักร"],"district":"จตุจักร"},"geometry":{"type":"Point","coordinates":[100.54849,13.80639]}},{"type":"Feature","properties":{"title":"ที่จอดรถสถานีรถไฟฟ้าไต้ดินบางซื่อ","info":["ที่ตั้ง: ถนนรถไฟ","เขต: จตุจักร"],"district":"จตุจักร"},"geometry":{"type":"Point","coordinates":[100.54079,13.80336]}},{"type":"Feature","properties":{"title":"ที่จอดรถสหกรณ์ตลาดศาลาน้ำเย็น","info":["ที่ตั้ง: ถนนสุทธาวาส","เขต: บางกอกน้อย"],"district":"บางกอกน้อย"},"geometry":{"type":"Point","coordinates":[100.47458,13.7607]}},{"type":"Feature","properties":{"title":"ที่จอดรถอาคารเอสดับเบิลยู","info":["ที่ตั้ง: ซอยอ่อนนุช 88/3","เขต: ประเวศ"],"district":"ประเวศ"},"geometry":{"type":"Point","coordinates":[100.70419,13.72077]}},{"type":"Feature","properties":{"title":"บ้านสวนคุณยาย","info":["ที่ตั้ง: ซอยเอกชัย 10/1","เขต: จอมทอง"],"district":"จอมทอง"},"geometry":{"type":"Point","coordinates":[100.4565,13.69851]}},{"type":"Feature","properties":{"title":"อาคารจอดรถมหาวิทยาลัยรามคำแหง","info":["ที่ตั้ง: ถนนรามคำแหง","เขต: บางกะปิ"],"district":"บางกะปิ"},"geometry":{"type":"Point","coordinates":[100.62082,13.75826]}},{"type":"Feature","properties":{"title":"สถานที่จอดซ่อมบำรุงรถสำหรับสมาชิกของสหกรณ์แท๊กซี่ธนาสยาม จำกัด","info":["ที่ตั้ง: ทางคู่ขนานถนนพระรามที่ 2","เขต: จอมทอง"],"district":"จอมทอง"},"geometry":{"type":"Point","coordinates":[100.47099,13.67947]}},{"type":"Feature","properties":{"title":"ลานจอดรถบริษัท อาร์เอ็กซ์ จำกัด","info":["ที่ตั้ง: ซอยรัชดาภิเษก 66","เขต: บางซื่อ"],"district":"บางซื่อ"},"geometry":{"type":"Point","coordinates":[100.53525,13.83202]}},{"type":"Feature","properties":{"title":"เวศนาคะเกศ","info":["ที่ตั้ง: ซอยกรุงเทพฯ-นนทบุรี 26","เขต: บางซื่อ"],"district":"บางซื่อ"},"geometry":{"type":"Point","coordinates":[100.53261,13.81474]}},{"type":"Feature","properties":{"title":"ที่จอดรถแอมเวย์","info":["ที่ตั้ง: ซอยรามคำแหง 60/5","เขต: บางกะปิ"],"district":"บางกะปิ"},"geometry":{"type":"Point","coordinates":[100.65288,13.76191]}},{"type":"Feature","properties":{"title":"ที่จอดรถล็อคบิลด์กรุ๊ป","info":["ที่ตั้ง: ซอยประชาชื่น 30","เขต: บางซื่อ"],"district":"บางซื่อ"},"geometry":{"type":"Point","coordinates":[100.53824,13.8344]}},{"type":"Feature","properties":{"title":"ที่จอดรถบางหว้าขาหมู","info":["ที่ตั้ง: ซอยเอกชัย 108","เขต: บางบอน"],"district":"บางบอน"},"geometry":{"type":"Point","coordinates":[100.39524,13.6584]}},{"type":"Feature","properties":{"title":"ที่จอดรถร้านแสนยอด","info":["ที่ตั้ง: ถนนจรัสเวียง","เขต: บางรัก"],"district":"บางรัก"},"geometry":{"type":"Point","coordinates":[100.5176,13.71859]}},{"type":"Feature","properties":{"title":"ที่จอดรถบัลวี","info":["ที่ตั้ง: ซอยพระรามที่ 6 ซอย 37","เขต: พญาไท"],"district":"พญาไท"},"geometry":{"type":"Point","coordinates":[100.53458,13.78631]}},{"type":"Feature","properties":{"title":"ที่จอดรถตลาดปิ่นทอง","info":["ที่ตั้ง: ซอยเอกชัย 44","เขต: บางบอน"],"district":"บางบอน"},"geometry":{"type":"Point","coordinates":[100.4398,13.68272]}},{"type":"Feature","properties":{"title":"ที่จอดรถเทสโก้โลตัส","info":["ที่ตั้ง: ถนนพหลโยธิน","เขต: จตุจักร"],"district":"จตุจักร"},"geometry":{"type":"Point","coordinates":[100.56295,13.81732]}},{"type":"Feature","properties":{"title":"ที่จอดรถเสนาเพลส","info":["ที่ตั้ง: ซอยพหลโยธิน 11","เขต: พญาไท"],"district":"พญาไท"},"geometry":{"type":"Point","coordinates":[100.54401,13.78783]}},{"type":"Feature","properties":{"title":"ที่จอดรถห้างหุ้นส่วนจำกัดเบียร์หิมะ","info":["ที่ตั้ง: ซอยเทศบาลรังรักษ์ใต้ 7","เขต: จตุจักร"],"district":"จตุจักร"},"geometry":{"type":"Point","coordinates":[100.54744,13.83963]}},{"type":"Feature","properties":{"title":"ที่จอดรถ","info":["ที่ตั้ง: ซอย 9","เขต: ประเวศ"],"district":"ประเวศ"},"geometry":{"type":"Point","coordinates":[100.66001,13.6822]}},{"type":"Feature","properties":{"title":"ที่จอดรถ","info":["ที่ตั้ง: ซอยเฉลิมพระเกียรติ ร. 9 ซอย 39 (ซุ้มประตู 6)","เขต: ประเวศ"],"district":"ประเวศ"},"geometry":{"type":"Point","coordinates":[100.66219,13.68108]}},{"type":"Feature","properties":{"title":"ที่จอดรถโรงพยาบาลเมโย","info":["ที่ตั้ง: ซอยพหลโยธิน 34","เขต: จตุจักร"],"district":"จตุจักร"},"geometry":{"type":"Point","coordinates":[100.57533,13.83613]}},{"type":"Feature","properties":{"title":"ลานจอดรถโรงพยาบาลเมโย 2","info":["ที่ตั้ง: ซอยพหลโยธิน 34 แยก 5","เขต: จตุจักร"],"district":"จตุจักร"},"geometry":{"type":"Point","coordinates":[100.57835,13.83671]}},{"type":"Feature","properties":{"title":"ที่จอดรถ 50 เพลส","info":["ที่ตั้ง: ซอยสุขสวัสดิ์ 50 แยก 1","เขต: ราษฎร์บูรณะ"],"district":"ราษฎร์บูรณะ"},"geometry":{"type":"Point","coordinates":[100.50795,13.66953]}},{"type":"Feature","properties":{"title":"อาคารจอดรถอัตโนมัติ โรงพยาบาลเปาโล เมโมเรียล โชคชัย 4","info":["ที่ตั้ง: ถนนโชคชัย 4","เขต: ลาดพร้าว"],"district":"ลาดพร้าว"},"geometry":{"type":"Point","coordinates":[100.59639,13.80258]}},{"type":"Feature","properties":{"title":"อาคารจอดรถบางเขน","info":["ที่ตั้ง: ซอยหมู่บ้านพัฒนาชุมชนโรงสูบมก.","เขต: จตุจักร"],"district":"จตุจักร"},"geometry":{"type":"Point","coordinates":[100.57034,13.85416]}},{"type":"Feature","properties":{"title":"ที่จอดรถหนุ่มสาวทัวร์","info":["ที่ตั้ง: ซอยราชปรารภ 14","เขต: ราชเทวี"],"district":"ราชเทวี"},"geometry":{"type":"Point","coordinates":[100.54357,13.75937]}},{"type":"Feature","properties":{"title":"ที่จอดรถโรงพยาบาลบางปะกอก 1","info":["ที่ตั้ง: ซอยสุขสวัสดิ์ 25/2","เขต: ราษฎร์บูรณะ"],"district":"ราษฎร์บูรณะ"},"geometry":{"type":"Point","coordinates":[100.49955,13.67794]}},{"type":"Feature","properties":{"title":"ที่จอดรถร้านโต๋วโภชนา","info":["ที่ตั้ง: ซอยราษฎร์บูรณะ 16","เขต: ราษฎร์บูรณะ"],"district":"ราษฎร์บูรณะ"},"geometry":{"type":"Point","coordinates":[100.49879,13.68168]}},{"type":"Feature","properties":{"title":"ที่จอดรถตลาดสดอุดมพล","info":["ที่ตั้ง: ซอยลาดกระบัง 19","เขต: ลาดกระบัง"],"district":"ลาดกระบัง"},"geometry":{"type":"Point","coordinates":[100.78896,13.72345]}},{"type":"Feature","properties":{"title":"ที่จอดรถธนบุรีสปอร์ตคลับ","info":["ที่ตั้ง: ซอยประชาอุทิศ 33 แยก 1","เขต: ราษฎร์บูรณะ"],"district":"ราษฎร์บูรณะ"},"geometry":{"type":"Point","coordinates":[100.50098,13.65629]}},{"type":"Feature","properties":{"title":"ลานจอดรถโอภาส","info":["ที่ตั้ง: ซอยพหลโยธิน 37/1","เขต: จตุจักร"],"district":"จตุจักร"},"geometry":{"type":"Point","coordinates":[100.57115,13.83384]}},{"type":"Feature","properties":{"title":"ที่จอดรถบริษัท เจริญชัยหม้อแปลงไฟฟ้า จำกัด","info":["ที่ตั้ง: ซอยประชาอุทิศ 21","เขต: ราษฎร์บูรณะ"],"district":"ราษฎร์บูรณะ"},"geometry":{"type":"Point","coordinates":[100.50446,13.66148]}},{"type":"Feature","properties":{"title":"ปาร์คกิ้งแอเรีย","info":["ที่ตั้ง: ซอยรัชดาภิเษก 14 แยก 2","เขต: ห้วยขวาง"],"district":"ห้วยขวาง"},"geometry":{"type":"Point","coordinates":[100.57501,13.7805]}},{"type":"Feature","properties":{"title":"ที่จอดรถเดอะเพลส","info":["ที่ตั้ง: ซอยจันทน์ 18/2","เขต: สาทร"],"district":"สาทร"},"geometry":{"type":"Point","coordinates":[100.52919,13.70642]}},{"type":"Feature","properties":{"title":"ที่จอดรถวิลล่ามาร์เก็ต","info":["ที่ตั้ง: ซอยสุขุมวิท 33/1","เขต: วัฒนา"],"district":"วัฒนา"},"geometry":{"type":"Point","coordinates":[100.56816,13.73263]}},{"type":"Feature","properties":{"title":"ที่จอดรถสาธรเซนต์วิว","info":["ที่ตั้ง: ซอยเจริญราษฎร์ 1 แยก 9","เขต: สาทร"],"district":"สาทร"},"geometry":{"type":"Point","coordinates":[100.52289,13.71615]}},{"type":"Feature","properties":{"title":"ที่จอดรถสถานีรถไฟฟ้าลาดกระบัง","info":["ที่ตั้ง: ทางหลวงแผ่นดินหมายเลข 3702","เขต: ลาดกระบัง"],"district":"ลาดกระบัง"},"geometry":{"type":"Point","coordinates":[100.74983,13.72782]}},{"type":"Feature","properties":{"title":"ลานจอดรถคาร์เซฟ","info":["ที่ตั้ง: ซอยร่มเกล้า 27 แยก 5","เขต: ลาดกระบัง"],"district":"ลาดกระบัง"},"geometry":{"type":"Point","coordinates":[100.74934,13.72733]}},{"type":"Feature","properties":{"title":"ที่จอดรถสำนักงานสรรพากรพื้นที่สาขาหนองแขม","info":["ที่ตั้ง: ซอยละอองศรี","เขต: หนองแขม"],"district":"หนองแขม"},"geometry":{"type":"Point","coordinates":[100.36936,13.70806]}},{"type":"Feature","properties":{"title":"ลาดจอดรถโกลเด้นเพลซ","info":["ที่ตั้ง: ซอยจำเนียรเสริม","เขต: วังทองหลาง"],"district":"วังทองหลาง"},"geometry":{"type":"Point","coordinates":[100.59754,13.76437]}},{"type":"Feature","properties":{"title":"ที่จอดรถโรงพยาบาลคลองตัน","info":["ที่ตั้ง: ถนนเพชรบุรี","เขต: ห้วยขวาง"],"district":"ห้วยขวาง"},"geometry":{"type":"Point","coordinates":[100.59489,13.74212]}},{"type":"Feature","properties":{"title":"ที่จอดรถบ้านชมดาว","info":["ที่ตั้ง: ซอยอ่อนนุช 21/1","เขต: สวนหลวง"],"district":"สวนหลวง"},"geometry":{"type":"Point","coordinates":[100.61565,13.71147]}},{"type":"Feature","properties":{"title":"พรีเมียร์เมโทรบัสถนนพระราม 9","info":["ที่ตั้ง: ถนนพระราม 9","เขต: ห้วยขวาง"],"district":"ห้วยขวาง"},"geometry":{"type":"Point","coordinates":[100.59981,13.75004]}},{"type":"Feature","properties":{"title":"ที่จอดรถธาราเลค","info":["ที่ตั้ง: ซอยราษฎร์พัฒนา 3","เขต: สะพานสูง"],"district":"สะพานสูง"},"geometry":{"type":"Point","coordinates":[100.7043,13.78804]}},{"type":"Feature","properties":{"title":"ที่จอดรถโรงแรมมิราเคิลแกรนด์คอนเวนชั่น","info":["ที่ตั้ง: ถนนกำแพงเพชร 6","เขต: หลักสี่"],"district":"หลักสี่"},"geometry":{"type":"Point","coordinates":[100.57494,13.87486]}},{"type":"Feature","properties":{"title":"อาคารจอดรถ 1","info":["ที่ตั้ง: ซอยเพชรบุรี 47 แยก 8","เขต: ห้วยขวาง"],"district":"ห้วยขวาง"},"geometry":{"type":"Point","coordinates":[100.5837,13.74969]}},{"type":"Feature","properties":{"title":"ที่จอดรถเดอะเดลี่เฮ้าส์","info":["ที่ตั้ง: ซอยพัฒนาการ 48","เขต: สวนหลวง"],"district":"สวนหลวง"},"geometry":{"type":"Point","coordinates":[100.63191,13.73618]}},{"type":"Feature","properties":{"title":"123 ปาร์คกิ้งค์","info":["ที่ตั้ง: ซอยสาทร 1 แยก 2","เขต: สาทร"],"district":"สาทร"},"geometry":{"type":"Point","coordinates":[100.54478,13.72386]}},{"type":"Feature","properties":{"title":"ลานจอดรถ","info":["ที่ตั้ง: ถนนราชวิถี","เขต: ดุสิต"],"district":"ดุสิต"},"geometry":{"type":"Point","coordinates":[100.51304,13.77595]}},{"type":"Feature","properties":{"title":"ที่จอดรถ","info":["ที่ตั้ง: ถนนนครราชสีมา","เขต: ดุสิต"],"district":"ดุสิต"},"geometry":{"type":"Point","coordinates":[100.51157,13.7752]}},{"type":"Feature","properties":{"title":"อาคารจอดรถสวนสัตว์ดุสิต","info":["ที่ตั้ง: ถนนอู่ทองใน","เขต: ดุสิต"],"district":"ดุสิต"},"geometry":{"type":"Point","coordinates":[100.51568,13.77414]}},{"type":"Feature","properties":{"title":"ลานจอดรถโรงพยาบาลรามาธิบดี","info":["ที่ตั้ง: ซอยสวนเงิน","เขต: ราชเทวี"],"district":"ราชเทวี"},"geometry":{"type":"Point","coordinates":[100.53002,13.77135]}},{"type":"Feature","properties":{"title":"ที่จอดรถบริษัท เฮเฟเล่ (ประเทศไทย) จำกัด","info":["ที่ตั้ง: ซอยสุขุมวิท 64/1","เขต: พระโขนง"],"district":"พระโขนง"},"geometry":{"type":"Point","coordinates":[100.60875,13.68577]}},{"type":"Feature","properties":{"title":"ที่จอดรถกวางเจาสุกี้","info":["ที่ตั้ง: ซอยสุขุมวิท 60/2","เขต: พระโขนง"],"district":"พระโขนง"},"geometry":{"type":"Point","coordinates":[100.60495,13.69685]}},{"type":"Feature","properties":{"title":"เกษมสุข","info":["ที่ตั้ง: ซอยสาธุประดิษฐ์ 58 แยก 6","เขต: ยานนาวา"],"district":"ยานนาวา"},"geometry":{"type":"Point","coordinates":[100.52845,13.68252]}},{"type":"Feature","properties":{"title":"ที่จอดรถพีพีเพลส","info":["ที่ตั้ง: ซอยสุขุมวิท 62 แยก 8-5","เขต: พระโขนง"],"district":"พระโขนง"},"geometry":{"type":"Point","coordinates":[100.59834,13.69505]}},{"type":"Feature","properties":{"title":"ที่จอดรถไก่ย่างเสือใหญ่","info":["ที่ตั้ง: ถนนกรุงเทพกรีฑา","เขต: สะพานสูง"],"district":"สะพานสูง"},"geometry":{"type":"Point","coordinates":[100.66643,13.7463]}},{"type":"Feature","properties":{"title":"สถานที่จอดรถบริษัท ยูแทคไทย จำกัด","info":["ที่ตั้ง: ซอยลาซาล 15","เขต: บางนา"],"district":"บางนา"},"geometry":{"type":"Point","coordinates":[100.61019,13.66261]}},{"type":"Feature","properties":{"title":"สถานที่จอดรถบริษัท ซีพีเอฟผลิตภัณฑ์อาหาร จำกัด","info":["ที่ตั้ง: ซอยบางนา-ตราด 20/1","เขต: บางนา"],"district":"บางนา"},"geometry":{"type":"Point","coordinates":[100.62696,13.66791]}},{"type":"Feature","properties":{"title":"สถานที่จอดรถบริษัท ไดเคียวอินเตอร์เนชั่นแนล (ประเทศไทย) จำกัด","info":["ที่ตั้ง: ซอยหมู่บ้านถาวรนิเวศน์ 2 ซอย 4","เขต: บางนา"],"district":"บางนา"},"geometry":{"type":"Point","coordinates":[100.61949,13.66742]}},{"type":"Feature","properties":{"title":"ลานจอดรถชั่วคราว","info":["ที่ตั้ง: ทางหลวงแผ่นดินหมายเลข 3702","เขต: ลาดกระบัง"],"district":"ลาดกระบัง"},"geometry":{"type":"Point","coordinates":[100.74724,13.72811]}},{"type":"Feature","properties":{"title":"ที่จอดรถชั่วคราวโรงพยาบาลไทยนครินทร์","info":["ที่ตั้ง: ซอยหมู่บ้านไพโรจน์โครงการ 3 ซอย 2","เขต: บางนา"],"district":"บางนา"},"geometry":{"type":"Point","coordinates":[100.63854,13.66933]}},{"type":"Feature","properties":{"title":"ลานจอดห้างหุ้นส่วนจำกัดเลิศมงคลทราเวลแอนด์ทัวร์","info":["ที่ตั้ง: ซอยพัฒนาชนบท 4","เขต: ลาดกระบัง"],"district":"ลาดกระบัง"},"geometry":{"type":"Point","coordinates":[100.73092,13.74581]}},{"type":"Feature","properties":{"title":"แบคโค้พาร์คกิ้ง","info":["ที่ตั้ง: ซอยสุขุมวิท 53","เขต: วัฒนา"],"district":"วัฒนา"},"geometry":{"type":"Point","coordinates":[100.57818,13.72732]}},{"type":"Feature","properties":{"title":"ที่จอดรถต้นอ้อเพลส","info":["ที่ตั้ง: ซอยสุขโข","เขต: ห้วยขวาง"],"district":"ห้วยขวาง"},"geometry":{"type":"Point","coordinates":[100.57868,13.7893]}},{"type":"Feature","properties":{"title":"ที่จอดรถไมตี้-ปาร์ค","info":["ที่ตั้ง: ซอยหมู่บ้านวโรดมเพลส","เขต: ประเวศ"],"district":"ประเวศ"},"geometry":{"type":"Point","coordinates":[100.64022,13.6944]}},{"type":"Feature","properties":{"title":"สันติภาพลานจอดรถ","info":["ที่ตั้ง: ซอยสันติภาพ","เขต: ประเวศ"],"district":"ประเวศ"},"geometry":{"type":"Point","coordinates":[100.63812,13.69431]}},{"type":"Feature","properties":{"title":"ที่จอดรถสสินเรสซิเดนซ์","info":["ที่ตั้ง: ซอย 20 มิถุนา แยก 3","เขต: ห้วยขวาง"],"district":"ห้วยขวาง"},"geometry":{"type":"Point","coordinates":[100.58573,13.78704]}},{"type":"Feature","properties":{"title":"ที่จอดรถโอ.พี. การ์เด้น","info":["ที่ตั้ง: ซอยเจริญกรุง 36","เขต: บางรัก"],"district":"บางรัก"},"geometry":{"type":"Point","coordinates":[100.51519,13.72484]}},{"type":"Feature","properties":{"title":"ลานจอดรถโรงแรมอมรันทา","info":["ที่ตั้ง: ซอยประชาราษฎร์บำเพ็ญ 5 แยก 6","เขต: ห้วยขวาง"],"district":"ห้วยขวาง"},"geometry":{"type":"Point","coordinates":[100.57611,13.77957]}},{"type":"Feature","properties":{"title":"เอ็น-พาร์ค","info":["ที่ตั้ง: ถนนพระรามที่ 4","เขต: คลองเตย"],"district":"คลองเตย"},"geometry":{"type":"Point","coordinates":[100.58106,13.71258]}},{"type":"Feature","properties":{"title":"ลานจอดรถตลาดสดมีนบุรี","info":["ที่ตั้ง: ซอยสีหบุรานุกิจ 20","เขต: มีนบุรี"],"district":"มีนบุรี"},"geometry":{"type":"Point","coordinates":[100.72866,13.81119]}},{"type":"Feature","properties":{"title":"ลานจอดรถอาคารปลาตะเพียนทอง","info":["ที่ตั้ง: ซอยสีหบุรานุกิจ 15/1","เขต: มีนบุรี"],"district":"มีนบุรี"},"geometry":{"type":"Point","coordinates":[100.72827,13.81482]}},{"type":"Feature","properties":{"title":"ลานจอดรถอาคารปลาทอง","info":["ที่ตั้ง: ซอยสีหบุรานุกิจ 15","เขต: มีนบุรี"],"district":"มีนบุรี"},"geometry":{"type":"Point","coordinates":[100.72737,13.81467]}},{"type":"Feature","properties":{"title":"ที่จอดรถอาคารล็อกซเล่ย์","info":["ที่ตั้ง: ถนนณ ระนอง","เขต: คลองเตย"],"district":"คลองเตย"},"geometry":{"type":"Point","coordinates":[100.55896,13.71557]}},{"type":"Feature","properties":{"title":"ที่จอดรถโรงแรมวินเซอร์สวีทส์","info":["ที่ตั้ง: ซอยสุขุมวิท 20","เขต: คลองเตย"],"district":"คลองเตย"},"geometry":{"type":"Point","coordinates":[100.56368,13.73276]}},{"type":"Feature","properties":{"title":"ที่จอดรถภัตตาคารเชียงการีลา","info":["ที่ตั้ง: ซอยสีลม 12","เขต: บางรัก"],"district":"บางรัก"},"geometry":{"type":"Point","coordinates":[100.52665,13.7262]}},{"type":"Feature","properties":{"title":"ที่จอดรถแม็งโกทรี","info":["ที่ตั้ง: ซอยทานตะวัน","เขต: บางรัก"],"district":"บางรัก"},"geometry":{"type":"Point","coordinates":[100.53038,13.7286]}},{"type":"Feature","properties":{"title":"ที่จอดรถปีนังเฟอร์นิเจอร์","info":["ที่ตั้ง: ถนนพระรามที่ 3","เขต: คลองเตย"],"district":"คลองเตย"},"geometry":{"type":"Point","coordinates":[100.55706,13.71601]}},{"type":"Feature","properties":{"title":"ที่จอดรถอารีย์การ์เด้น","info":["ที่ตั้ง: ซอยอารีย์สัมพันธ์ 11","เขต: พญาไท"],"district":"พญาไท"},"geometry":{"type":"Point","coordinates":[100.5348,13.78016]}},{"type":"Feature","properties":{"title":"อาคารที่จอดรถห้างพาต้าปิ่นเกล้า","info":["ที่ตั้ง: ซอยจรัญสนิทวงศ์ 40 แยก 2","เขต: บางพลัด"],"district":"บางพลัด"},"geometry":{"type":"Point","coordinates":[100.48387,13.77324]}},{"type":"Feature","properties":{"title":"ที่จอดรถโรงพยาบาลยันฮี","info":["ที่ตั้ง: ซอยจรัญสนิทวงศ์ 92 แยก 1","เขต: บางพลัด"],"district":"บางพลัด"},"geometry":{"type":"Point","coordinates":[100.51205,13.801]}},{"type":"Feature","properties":{"title":"ที่จอดรถซ้งโภชนา","info":["ที่ตั้ง: ซอยเจริญนคร 30/2","เขต: คลองสาน"],"district":"คลองสาน"},"geometry":{"type":"Point","coordinates":[100.50188,13.71345]}},{"type":"Feature","properties":{"title":"ที่จอดรถโรงพยาบาลสินแพทย์","info":["ที่ตั้ง: ซอยรามอินทรา 54","เขต: คันนายาว"],"district":"คันนายาว"},"geometry":{"type":"Point","coordinates":[100.66686,13.8337]}},{"type":"Feature","properties":{"title":"ลานจอดรถ 13 เหรียญ","info":["ที่ตั้ง: ซอยอารีย์ 5","เขต: พญาไท"],"district":"พญาไท"},"geometry":{"type":"Point","coordinates":[100.53832,13.77904]}},{"type":"Feature","properties":{"title":"สถานที่จอดรถยนต์บรรทุกขยะมูลฝอยเขตวัฒนา","info":["ที่ตั้ง: ซอยปรีดี พนมยงค์ 2","เขต: วัฒนา"],"district":"วัฒนา"},"geometry":{"type":"Point","coordinates":[100.59908,13.71286]}},{"type":"Feature","properties":{"title":"เอส. วันปาร์คกิ้ง","info":["ที่ตั้ง: ซอยสาทร 1","เขต: สาทร"],"district":"สาทร"},"geometry":{"type":"Point","coordinates":[100.54278,13.72397]}},{"type":"Feature","properties":{"title":"อาคารที่จอดรถศูนย์ราชการเฉลิมพระเกียรติ 80 พรรษา อาคารบี","info":["เขต: หลักสี่"],"district":"หลักสี่"},"geometry":{"type":"Point","coordinates":[100.5639,13.88273]}},{"type":"Feature","properties":{"title":"ลานจอดรถพีเจอาร์","info":["ที่ตั้ง: ซอยรามอินทรา 58","เขต: คันนายาว"],"district":"คันนายาว"},"geometry":{"type":"Point","coordinates":[100.6663,13.83148]}},{"type":"Feature","properties":{"title":"ที่จอดรถครัวกรุงเทพ","info":["ที่ตั้ง: ซอยอร่ามศรี","เขต: ราชเทวี"],"district":"ราชเทวี"},"geometry":{"type":"Point","coordinates":[100.53246,13.75544]}},{"type":"Feature","properties":{"title":"ที่จอดรถตลาดกลางแฮปปี้แลนด์","info":["ที่ตั้ง: ถนนแฮปปี้แลนด์สาย 2","เขต: บางกะปิ"],"district":"บางกะปิ"},"geometry":{"type":"Point","coordinates":[100.64241,13.77046]}},{"type":"Feature","properties":{"title":"ที่จอดรถตลาดน้ำตลิ่งชัน","info":["ที่ตั้ง: ถนนฉิมพลี","เขต: ตลิ่งชัน"],"district":"ตลิ่งชัน"},"geometry":{"type":"Point","coordinates":[100.45466,13.77783]}},{"type":"Feature","properties":{"title":"ที่จอดรถตลาดลาดพร้าวซอย 123","info":["ที่ตั้ง: ซอยลาดพร้าว 123","เขต: บางกะปิ"],"district":"บางกะปิ"},"geometry":{"type":"Point","coordinates":[100.64568,13.76836]}},{"type":"Feature","properties":{"title":"ที่จอดรถตะวันนา 2","info":["ที่ตั้ง: ซอยลาดพร้าว 142","เขต: บางกะปิ"],"district":"บางกะปิ"},"geometry":{"type":"Point","coordinates":[100.6392,13.76485]}},{"type":"Feature","properties":{"title":"ที่จอดรถตะวันนา","info":["ที่ตั้ง: ซอยรามคำแหง 87","เขต: บางกะปิ"],"district":"บางกะปิ"},"geometry":{"type":"Point","coordinates":[100.64135,13.76491]}},{"type":"Feature","properties":{"title":"ที่จอดรถวัดสุทธิวราราม","info":["ที่ตั้ง: ถนนเจริญกรุง","เขต: สาทร"],"district":"สาทร"},"geometry":{"type":"Point","coordinates":[100.5125,13.71299]}},{"type":"Feature","properties":{"title":"ที่จอดรถสวนจตุจักร","info":["ที่ตั้ง: ถนนกำแพงเพชร 3","เขต: จตุจักร"],"district":"จตุจักร"},"geometry":{"type":"Point","coordinates":[100.55328,13.80513]}},{"type":"Feature","properties":{"title":"ที่จอดรถสำนักงานเขตตลิ่งชัน","info":["ที่ตั้ง: ถนนฉิมพลี","เขต: ตลิ่งชัน"],"district":"ตลิ่งชัน"},"geometry":{"type":"Point","coordinates":[100.45604,13.77719]}},{"type":"Feature","properties":{"title":"ที่จอดรถเอสพลานาดซีนีเพล็กซ์","info":["ที่ตั้ง: ซอยชานเมือง 16","เขต: ดินแดง"],"district":"ดินแดง"},"geometry":{"type":"Point","coordinates":[100.56879,13.76721]}},{"type":"Feature","properties":{"title":"ที่จอดรถธนาคารกรุงเทพ","info":["ที่ตั้ง: ซอยจันทน์ 35","เขต: สาทร"],"district":"สาทร"},"geometry":{"type":"Point","coordinates":[100.52315,13.70669]}},{"type":"Feature","properties":{"title":"ที่จอดรถลมโชยแอทเดอะรูฟ","info":["ที่ตั้ง: ซอยลาดพร้าว 48 แยก 6","เขต: ห้วยขวาง"],"district":"ห้วยขวาง"},"geometry":{"type":"Point","coordinates":[100.58511,13.79719]}},{"type":"Feature","properties":{"title":"ที่จอดรถสุสานจีนแคะ","info":["ที่ตั้ง: ซอยจันทน์ 18/7 แยก 8 (สุสานจีนแคะ)","เขต: สาทร"],"district":"สาทร"},"geometry":{"type":"Point","coordinates":[100.52924,13.70831]}},{"type":"Feature","properties":{"title":"ทัศนาญชลี","info":["ที่ตั้ง: ถนนเจริญรัถ","เขต: คลองสาน"],"district":"คลองสาน"},"geometry":{"type":"Point","coordinates":[100.50413,13.72781]}},{"type":"Feature","properties":{"title":"ที่จอดรถครัวเจ๊ง้อ","info":["ที่ตั้ง: ซอยเจริญกรุง 39","เขต: บางรัก"],"district":"บางรัก"},"geometry":{"type":"Point","coordinates":[100.51746,13.72979]}},{"type":"Feature","properties":{"title":"ที่จอดรถส้มตำคุณกัญจน์","info":["ที่ตั้ง: ซอยวชิรธรรมสาธิต 23","เขต: พระโขนง"],"district":"พระโขนง"},"geometry":{"type":"Point","coordinates":[100.62089,13.68662]}},{"type":"Feature","properties":{"title":"ที่จอดรถเพลิน","info":["ที่ตั้ง: ซอยวิภาวดีรังสิต 17 แยก 6","เขต: จตุจักร"],"district":"จตุจักร"},"geometry":{"type":"Point","coordinates":[100.55506,13.82558]}},{"type":"Feature","properties":{"title":"สถานที่จอดรถตลาดปีนัง","info":["ที่ตั้ง: ถนนพระรามที่ 3","เขต: คลองเตย"],"district":"คลองเตย"},"geometry":{"type":"Point","coordinates":[100.55663,13.71652]}},{"type":"Feature","properties":{"title":"ลานจอดรถสุวรรณภักดิ์ 2","info":["ที่ตั้ง: ซอยมีสุวรรณ 3 แยก 3","เขต: วัฒนา"],"district":"วัฒนา"},"geometry":{"type":"Point","coordinates":[100.59975,13.72143]}},{"type":"Feature","properties":{"title":"ที่จอดรถคาเฟ่เดอมูดส์","info":["ที่ตั้ง: ซอยอารีย์สัมพันธ์ 4","เขต: พญาไท"],"district":"พญาไท"},"geometry":{"type":"Point","coordinates":[100.53808,13.77827]}},{"type":"Feature","properties":{"title":"พื้นที่จอดรถเฉพาะข้าราชการสำนักงบประมาณ","info":["ที่ตั้ง: ซอยอารีย์สัมพันธ์ 12","เขต: พญาไท"],"district":"พญาไท"},"geometry":{"type":"Point","coordinates":[100.53406,13.78052]}},{"type":"Feature","properties":{"title":"ที่จอดรถเจริญกรุง","info":["ที่ตั้ง: ซอยเจริญกรุง 105","เขต: บางคอแหลม"],"district":"บางคอแหลม"},"geometry":{"type":"Point","coordinates":[100.49919,13.69882]}},{"type":"Feature","properties":{"title":"ที่จอดรถร้านลาบอุดรโภชนา","info":["ที่ตั้ง: ซอยกรุงเทพฯ-นนทบุรี 39","เขต: บางซื่อ"],"district":"บางซื่อ"},"geometry":{"type":"Point","coordinates":[100.53007,13.82578]}},{"type":"Feature","properties":{"title":"ที่จอดรถร้านกอชุนฮวด","info":["ที่ตั้ง: ซอยสมเด็จพระเจ้าตากสิน 34","เขต: ธนบุรี"],"district":"ธนบุรี"},"geometry":{"type":"Point","coordinates":[100.4849,13.70373]}},{"type":"Feature","properties":{"title":"ที่จอดรถบริษัท จี.เอ็ม. ทัวร์แอนด์ทราเวิล จำกัด","info":["ที่ตั้ง: ซอยสาทร 11 แยก 11","เขต: สาทร"],"district":"สาทร"},"geometry":{"type":"Point","coordinates":[100.52788,13.71469]}},{"type":"Feature","properties":{"title":"ที่จอดรถร้านกวงทะเลเผา","info":["ที่ตั้ง: ซอยรัชดาภิเษก 10 แยก 1","เขต: ห้วยขวาง"],"district":"ห้วยขวาง"},"geometry":{"type":"Point","coordinates":[100.57453,13.77245]}},{"type":"Feature","properties":{"title":"ที่จอดรถรสดี","info":["ที่ตั้ง: ซอยสุขุมวิท 95/1","เขต: พระโขนง"],"district":"พระโขนง"},"geometry":{"type":"Point","coordinates":[100.60532,13.69793]}},{"type":"Feature","properties":{"title":"ลานจอดรถลุงต๋อย","info":["ที่ตั้ง: ซอยวิภาวดีรังสิต 16","เขต: ดินแดง"],"district":"ดินแดง"},"geometry":{"type":"Point","coordinates":[100.57358,13.79776]}},{"type":"Feature","properties":{"title":"ลานจอดรถรสาทาวเวอร์ ลานจอดเอ","info":["ที่ตั้ง: ซอยพหลโยธิน 19","เขต: จตุจักร"],"district":"จตุจักร"},"geometry":{"type":"Point","coordinates":[100.56204,13.82025]}},{"type":"Feature","properties":{"title":"อาคารจอดรถพาราไดซ์พาร์ค","info":["ที่ตั้ง: ซอยหมู่บ้านเสรีวิลล่า แยก 2","เขต: ประเวศ"],"district":"ประเวศ"},"geometry":{"type":"Point","coordinates":[100.64809,13.6878]}},{"type":"Feature","properties":{"title":"ที่จอดรถคริสตัลดีไซน์เซ็นเตอร์ 2","info":["ที่ตั้ง: ซอยหมู่บ้านเกตุนุติเชอมีเน่","เขต: บางกะปิ"],"district":"บางกะปิ"},"geometry":{"type":"Point","coordinates":[100.61915,13.80279]}},{"type":"Feature","properties":{"title":"ที่จอดรถกรรณิกาเพลส","info":["ที่ตั้ง: ซอยหัวหมาก 4","เขต: บางกะปิ"],"district":"บางกะปิ"},"geometry":{"type":"Point","coordinates":[100.64317,13.75549]}},{"type":"Feature","properties":{"title":"ที่จอดรถไอ-จันทร์คลินิก","info":["ที่ตั้ง: ซอยนวมินทร์ 2","เขต: บางกะปิ"],"district":"บางกะปิ"},"geometry":{"type":"Point","coordinates":[100.64803,13.7682]}},{"type":"Feature","properties":{"title":"ที่จอดรถโรงแรมมนต์มณี","info":["ที่ตั้ง: ซอยแบริ่ง 4 (สันติคาม 3)","เขต: บางนา"],"district":""},"geometry":{"type":"Point","coordinates":[100.6022,13.65723]}},{"type":"Feature","properties":{"title":"ที่จอดรถดิเอเพลสแมนชั่น","info":["ที่ตั้ง: ซอยหัวหมาก 20","เขต: บางกะปิ"],"district":"บางกะปิ"},"geometry":{"type":"Point","coordinates":[100.63597,13.7528]}},{"type":"Feature","properties":{"title":"ที่จอดรถคริสตัลดีไซน์เซ็นเตอร์ 1","info":["ที่ตั้ง: ซอยจันทร์อำรุง 1","เขต: บางกะปิ"],"district":"บางกะปิ"},"geometry":{"type":"Point","coordinates":[100.61902,13.80423]}},{"type":"Feature","properties":{"title":"ที่จอดรถคริสตัลดีไซน์เซ็นเตอร์ 3","info":["ที่ตั้ง: ซอยลาดพร้าว 87 (จันทราสุข)","เขต: บางกะปิ"],"district":"บางกะปิ"},"geometry":{"type":"Point","coordinates":[100.61836,13.80133]}},{"type":"Feature","properties":{"title":"ลานจอดรถวาบัวร์ลอด์จ","info":["ที่ตั้ง: ซอยลาดพร้าว 130","เขต: บางกะปิ"],"district":"บางกะปิ"},"geometry":{"type":"Point","coordinates":[100.63267,13.76961]}},{"type":"Feature","properties":{"title":"ลานจอดรถแกรนด์แมนดารินเรสซิเดนซ์","info":["ที่ตั้ง: ซอยลาดพร้าว 130 แยก 2","เขต: บางกะปิ"],"district":"บางกะปิ"},"geometry":{"type":"Point","coordinates":[100.63165,13.77027]}},{"type":"Feature","properties":{"title":"ที่จอดรถแม็คโคร","info":["ที่ตั้ง: ซอยรามคำแหง 24/4","เขต: บางกะปิ"],"district":"บางกะปิ"},"geometry":{"type":"Point","coordinates":[100.62868,13.76037]}},{"type":"Feature","properties":{"title":"ที่จอดรถพนักงานอโรม่ากรุ๊ป","info":["ที่ตั้ง: ซอยพ่วงเจิม","เขต: วังทองหลาง"],"district":"วังทองหลาง"},"geometry":{"type":"Point","coordinates":[100.5913,13.80125]}},{"type":"Feature","properties":{"title":"ที่จอดรถพนักงานอโรม่ากรุ๊ป","info":["ที่ตั้ง: ซอยพ่วงเจิม","เขต: วังทองหลาง"],"district":"วังทองหลาง"},"geometry":{"type":"Point","coordinates":[100.59028,13.80159]}},{"type":"Feature","properties":{"title":"อาคารที่จอดรถพันธุ์ทิพย์พลาซ่าบางกะปิ","info":["ที่ตั้ง: ซอยลาดพร้าว 127","เขต: บางกะปิ"],"district":"บางกะปิ"},"geometry":{"type":"Point","coordinates":[100.64651,13.7682]}},{"type":"Feature","properties":{"title":"ที่จอดรถพี.เจ. แมนชั่น","info":["ที่ตั้ง: ซอยสังคมสงเคราะห์ 16","เขต: ลาดพร้าว"],"district":"วังทองหลาง"},"geometry":{"type":"Point","coordinates":[100.60336,13.79838]}},{"type":"Feature","properties":{"title":"ที่จอดรถสุนิลเดนทอลคลินิก","info":["ที่ตั้ง: ซอยหมู่บ้านผกามาศ","เขต: สวนหลวง"],"district":"สวนหลวง"},"geometry":{"type":"Point","coordinates":[100.60822,13.72599]}},{"type":"Feature","properties":{"title":"ที่จอดรถวัดแม่พระกุหลาบทิพย์","info":["ที่ตั้ง: ซอยลาดพร้าว 124","เขต: วังทองหลาง"],"district":"วังทองหลาง"},"geometry":{"type":"Point","coordinates":[100.62558,13.77606]}},{"type":"Feature","properties":{"title":"ที่จอดรถร้านฉันทสวัสดิ์","info":["ที่ตั้ง: ซอยลาดพร้าว 108","เขต: วังทองหลาง"],"district":"วังทองหลาง"},"geometry":{"type":"Point","coordinates":[100.61549,13.78206]}},{"type":"Feature","properties":{"title":"ที่จอดรถห้องอาหารโซเฟีย","info":["ที่ตั้ง: ซอยรามคำแหง 5 แยกไซหนับพัฒนา","เขต: สวนหลวง"],"district":"สวนหลวง"},"geometry":{"type":"Point","coordinates":[100.60352,13.74629]}},{"type":"Feature","properties":{"title":"ที่จอดรถเฮลท์แลนด์","info":["ที่ตั้ง: ซอยศรีนครินทร์ 58","เขต: ประเวศ"],"district":"ประเวศ"},"geometry":{"type":"Point","coordinates":[100.64374,13.6757]}},{"type":"Feature","properties":{"title":"ที่จอดรถป้าโอ่ง","info":["ที่ตั้ง: ถนนเฉลิมพระเกียรติ ร. 9","เขต: ประเวศ"],"district":"ประเวศ"},"geometry":{"type":"Point","coordinates":[100.65672,13.67664]}},{"type":"Feature","properties":{"title":"ลานจอดรถพีจี","info":["ที่ตั้ง: ซอยหมู่บ้านบ้านศุภวรรณ","เขต: บางแค"],"district":"บางแค"},"geometry":{"type":"Point","coordinates":[100.40649,13.71574]}},{"type":"Feature","properties":{"title":"ที่จอดรถตลาดน้ำคลองลัดมะยม","info":["ที่ตั้ง: ถนนบางระมาด","เขต: ตลิ่งชัน"],"district":"ตลิ่งชัน"},"geometry":{"type":"Point","coordinates":[100.41445,13.76165]}},{"type":"Feature","properties":{"title":"ลานจอดรถวงศ์เจริญแมนชั่น","info":["ที่ตั้ง: ซอยลาดพร้าว 130 แยก 2","เขต: บางกะปิ"],"district":"บางกะปิ"},"geometry":{"type":"Point","coordinates":[100.63179,13.7703]}},{"type":"Feature","properties":{"title":"ที่จอดรถร้านแสนอร่อย","info":["ที่ตั้ง: ซอยหมู่บ้านศรัณจิต 3","เขต: พระโขนง"],"district":"พระโขนง"},"geometry":{"type":"Point","coordinates":[100.63436,13.67845]}},{"type":"Feature","properties":{"title":"อาคารที่จอดรถ","info":["ที่ตั้ง: ถนนอังรีดูนังต์","เขต: ปทุมวัน"],"district":"ปทุมวัน"},"geometry":{"type":"Point","coordinates":[100.53451,13.73906]}},{"type":"Feature","properties":{"title":"ที่จอดรถช็อกโกแลตวิลล์","info":["ที่ตั้ง: ถนนกาญจนาภิเษก-นวมินทร์","เขต: คันนายาว"],"district":"คันนายาว"},"geometry":{"type":"Point","coordinates":[100.66399,13.81058]}},{"type":"Feature","properties":{"title":"ที่จอดรถช็อกโกแลตวิลล์","info":["ที่ตั้ง: ซอยนวมินทร์ 74 แยก 3-8-32","เขต: คันนายาว"],"district":"คันนายาว"},"geometry":{"type":"Point","coordinates":[100.66494,13.81169]}},{"type":"Feature","properties":{"title":"ที่จอดรถตลาดธนบุรี","info":["ที่ตั้ง: ซอยทวีวัฒนา 9/1","เขต: ทวีวัฒนา"],"district":"ทวีวัฒนา"},"geometry":{"type":"Point","coordinates":[100.3539,13.74589]}},{"type":"Feature","properties":{"title":"สถานที่จอดรถผู้ติดต่อกรมสรรพสามิต","info":["ที่ตั้ง: ถนนนครไชยศรี","เขต: ดุสิต"],"district":"ดุสิต"},"geometry":{"type":"Point","coordinates":[100.5244,13.7779]}},{"type":"Feature","properties":{"title":"สถานที่จอดรถผู้ติดต่อกรมสรรพสามิต","info":["ที่ตั้ง: ถนนนครไชยศรี","เขต: ดุสิต"],"district":"ดุสิต"},"geometry":{"type":"Point","coordinates":[100.52558,13.77758]}},{"type":"Feature","properties":{"title":"ศูนย์เอนเนอร์ยี่คอมเพล็กซ์ อาคารที่จอดรถ 2","info":["ที่ตั้ง: ถนนนิคมรถไฟ สาย 1","เขต: จตุจักร"],"district":"จตุจักร"},"geometry":{"type":"Point","coordinates":[100.55667,13.81856]}},{"type":"Feature","properties":{"title":"ศูนย์เอนเนอร์ยี่คอมเพล็กซ์ อาคารที่จอดรถ 1","info":["ที่ตั้ง: ซอยวิภาวดีรังสิต 11","เขต: จตุจักร"],"district":"จตุจักร"},"geometry":{"type":"Point","coordinates":[100.55597,13.82006]}},{"type":"Feature","properties":{"title":"อาคารจอดรถสำหรับเจ้าหน้าที่กรมสรรพสามิต","info":["ที่ตั้ง: ซอยสุคันธาราม 9","เขต: ดุสิต"],"district":"ดุสิต"},"geometry":{"type":"Point","coordinates":[100.52441,13.77719]}},{"type":"Feature","properties":{"title":"อาคารจอดรถสำหรับผู้ปกครองนักเรียนโรงเรียนมณีวัฒนา","info":["ที่ตั้ง: ซอยอินทาปัจ 11-2","เขต: บางแค"],"district":"บางแค"},"geometry":{"type":"Point","coordinates":[100.38206,13.6956]}},{"type":"Feature","properties":{"title":"ที่จอดรถเดอะวันนวดอโรม่า","info":["ที่ตั้ง: ซอยหมู่บ้านศรีนครพัฒนา 2 ซอย 1","เขต: บึงกุ่ม"],"district":"บึงกุ่ม"},"geometry":{"type":"Point","coordinates":[100.65625,13.82283]}},{"type":"Feature","properties":{"title":"ลานจอดรถโรงเรียนอมาตยกุล","info":["ที่ตั้ง: ซอยพหลโยธิน 51","เขต: บางเขน"],"district":"บางเขน"},"geometry":{"type":"Point","coordinates":[100.59022,13.86713]}},{"type":"Feature","properties":{"title":"ลานจอดรถอาคารพันธุ์ทิพย์","info":["ที่ตั้ง: ซอยเพชรบุรี 22","เขต: ราชเทวี"],"district":"ราชเทวี"},"geometry":{"type":"Point","coordinates":[100.53781,13.74983]}},{"type":"Feature","properties":{"title":"ที่จอดรถแมนชั่น 7","info":["ที่ตั้ง: ซอยรัชดาภิเษก 14 แยก 2-1","เขต: ห้วยขวาง"],"district":"ห้วยขวาง"},"geometry":{"type":"Point","coordinates":[100.57549,13.78077]}},{"type":"Feature","properties":{"title":"ที่จอดรถอร่อยแน่นอน","info":["ที่ตั้ง: ถนนพระราม 9","เขต: ห้วยขวาง"],"district":"ห้วยขวาง"},"geometry":{"type":"Point","coordinates":[100.5727,13.7558]}},{"type":"Feature","properties":{"title":"ที่จอดรถสำนักงานขายเลโว่ ลาดพร้าว 18","info":["ที่ตั้ง: ซอยลาดพร้าว 20","เขต: จตุจักร"],"district":"จตุจักร"},"geometry":{"type":"Point","coordinates":[100.57041,13.80532]}},{"type":"Feature","properties":{"title":"ที่จอดรถเอเชียทีคเดอะริเวอร์ฟร้อนท์ 2","info":["ที่ตั้ง: ซอยเจริญกรุง 95 (พระยาพิชัยญาติ 1)","เขต: บางคอแหลม"],"district":"บางคอแหลม"},"geometry":{"type":"Point","coordinates":[100.5041,13.70262]}},{"type":"Feature","properties":{"title":"ที่จอดรถเอเชียทีคเดอะริเวอร์ฟร้อนท์","info":["ที่ตั้ง: ถนนเจริญกรุง","เขต: บางคอแหลม"],"district":"บางคอแหลม"},"geometry":{"type":"Point","coordinates":[100.50393,13.70486]}},{"type":"Feature","properties":{"title":"อาคารจอดรถกรมศุลกากร","info":["ที่ตั้ง: ถนนอาจณรงค์","เขต: คลองเตย"],"district":"คลองเตย"},"geometry":{"type":"Point","coordinates":[100.56767,13.71257]}},{"type":"Feature","properties":{"title":"อาคารที่จอดรถมหาวิทยาลัยศรีนครินทรวิโรฒ วิทยาเขตประสานมิตร","info":["ที่ตั้ง: ซอยสุขุมวิท 23","เขต: วัฒนา"],"district":"วัฒนา"},"geometry":{"type":"Point","coordinates":[100.56467,13.74489]}},{"type":"Feature","properties":{"title":"ที่จอดรถบริษัท ไว้ท์กรุ๊ป จำกัด (มหาชน)","info":["ที่ตั้ง: ซอยรูเบีย","เขต: คลองเตย"],"district":"คลองเตย"},"geometry":{"type":"Point","coordinates":[100.58594,13.7143]}},{"type":"Feature","properties":{"title":"เอพีทีแบริ่งพาร์คกิ้ง","info":["ที่ตั้ง: ซอยสุขุมวิท 70/5","เขต: บางนา"],"district":"บางนา"},"geometry":{"type":"Point","coordinates":[100.60127,13.66145]}},{"type":"Feature","properties":{"title":"อาคารจอดรถโรงแรมอโนมา-กรุงเทพฯ","info":["ที่ตั้ง: ถนนเกษร","เขต: ปทุมวัน"],"district":"ปทุมวัน"},"geometry":{"type":"Point","coordinates":[100.54201,13.74636]}},{"type":"Feature","properties":{"title":"ที่จอดรถบริษัท เดอะฟิล์มแฟคตอรี่ จำกัด","info":["ที่ตั้ง: ซอยสุขุมวิท 99","เขต: พระโขนง"],"district":"พระโขนง"},"geometry":{"type":"Point","coordinates":[100.60801,13.69703]}},{"type":"Feature","properties":{"title":"ที่จอดรถบริษัท กู๊ดบอยส์เฮ้าส์ จำกัด","info":["ที่ตั้ง: ซอยสุขุมวิท 99","เขต: พระโขนง"],"district":"พระโขนง"},"geometry":{"type":"Point","coordinates":[100.60794,13.697]}},{"type":"Feature","properties":{"title":"อาคารโรงจอดรถ","info":["ที่ตั้ง: ถนนอังรีดูนังต์","เขต: ปทุมวัน"],"district":"ปทุมวัน"},"geometry":{"type":"Point","coordinates":[100.53624,13.73453]}},{"type":"Feature","properties":{"title":"อาคารจอดรถ 3","info":["ที่ตั้ง: ถนนอังรีดูนังต์","เขต: ปทุมวัน"],"district":"ปทุมวัน"},"geometry":{"type":"Point","coordinates":[100.53562,13.73403]}},{"type":"Feature","properties":{"title":"อาคารจอดรถ 1","info":["ที่ตั้ง: ถนนอังรีดูนังต์","เขต: ปทุมวัน"],"district":"ปทุมวัน"},"geometry":{"type":"Point","coordinates":[100.53564,13.73439]}},{"type":"Feature","properties":{"title":"อาคารจอดรถ 2","info":["ที่ตั้ง: ถนนอังรีดูนังต์","เขต: ปทุมวัน"],"district":"ปทุมวัน"},"geometry":{"type":"Point","coordinates":[100.53507,13.73436]}},{"type":"Feature","properties":{"title":"ที่จอดรถบริษัท สยามเอ็กซ์โปร จำกัด","info":["ที่ตั้ง: ซอยหมู่บ้านร่มสุขวิลเลจ 3","เขต: ยานนาวา"],"district":"ยานนาวา"},"geometry":{"type":"Point","coordinates":[100.54121,13.67562]}},{"type":"Feature","properties":{"title":"ลานจอดรถครัวเมืองเว้","info":["ที่ตั้ง: ซอยลาดปลาเค้า 60 แยก 2","เขต: บางเขน"],"district":"บางเขน"},"geometry":{"type":"Point","coordinates":[100.60623,13.85111]}},{"type":"Feature","properties":{"title":"ที่จอดรถลูกค้าธนาคารธนชาต","info":["ที่ตั้ง: ซอยสีลม 15","เขต: บางรัก"],"district":"บางรัก"},"geometry":{"type":"Point","coordinates":[100.52245,13.72387]}},{"type":"Feature","properties":{"title":"ลานจอดรถตลาดสดสี่แยกหนองจอก","info":["ที่ตั้ง: ถนนสุวินทวงศ์","เขต: หนองจอก"],"district":"หนองจอก"},"geometry":{"type":"Point","coordinates":[100.83262,13.80791]}},{"type":"Feature","properties":{"title":"ลานจอดรถเก็บขนมูลฝอย","info":["ที่ตั้ง: ถนนเชื่อมสัมพันธ์","เขต: หนองจอก"],"district":"หนองจอก"},"geometry":{"type":"Point","coordinates":[100.85716,13.84543]}},{"type":"Feature","properties":{"title":"ลานจอดรถโรงแรมพระยาพาลาซโซ","info":["ที่ตั้ง: ซอยสามเสน 9","เขต: ดุสิต"],"district":"ดุสิต"},"geometry":{"type":"Point","coordinates":[100.50271,13.77558]}},{"type":"Feature","properties":{"title":"อาคารจอดแล้วจร 2","info":["ที่ตั้ง: ซอยเพชรเกษม 47/1","เขต: บางแค"],"district":"บางแค"},"geometry":{"type":"Point","coordinates":[100.41093,13.71034]}},{"type":"Feature","properties":{"title":"อาคารจอดแล้วจร 1","info":["ที่ตั้ง: ถนนเพชรเกษม","เขต: บางแค"],"district":"บางแค"},"geometry":{"type":"Point","coordinates":[100.41112,13.71133]}},{"type":"Feature","properties":{"title":"ที่จอดรถสวนหลวงแมนชั่น","info":["ที่ตั้ง: ถนนอ่อนนุช","เขต: ประเวศ"],"district":"ประเวศ"},"geometry":{"type":"Point","coordinates":[100.65642,13.71748]}},{"type":"Feature","properties":{"title":"ที่จอดรถหงกี่","info":["ที่ตั้ง: ซอยเฉลิมพระเกียรติ ร. 9 ซอย 10","เขต: ประเวศ"],"district":"ประเวศ"},"geometry":{"type":"Point","coordinates":[100.65715,13.67681]}},{"type":"Feature","properties":{"title":"สถานที่จอดรถและซ่อมบำรุงรถสหกรณ์แอร์พอร์ตแท็กซี่","info":["ที่ตั้ง: ซอยเอกมัย 30","เขต: วัฒนา"],"district":"วัฒนา"},"geometry":{"type":"Point","coordinates":[100.59107,13.73986]}},{"type":"Feature","properties":{"title":"ที่จอดรถณรวีคลินิก","info":["ที่ตั้ง: ซอยอุดมสุข 30 แยก 2","เขต: บางนา"],"district":"บางนา"},"geometry":{"type":"Point","coordinates":[100.62313,13.6764]}},{"type":"Feature","properties":{"title":"ศูนย์จอดรถแท็กซี่สนามบินสุวรรณภูมิ","info":["ที่ตั้ง: ถนนพัฒนาชนบท 2","เขต: ลาดกระบัง"],"district":"ลาดกระบัง"},"geometry":{"type":"Point","coordinates":[100.72607,13.74586]}},{"type":"Feature","properties":{"title":"ที่จอดรถบ้านสวนพุทธศิลป์","info":["ที่ตั้ง: ซอยรามคำแหง 187 แยก 1-2","เขต: มีนบุรี"],"district":"มีนบุรี"},"geometry":{"type":"Point","coordinates":[100.71069,13.79847]}},{"type":"Feature","properties":{"title":"ที่จอดรถนวกุลแมนชั่น","info":["ที่ตั้ง: ซอยอ่อนนุช 11","เขต: สวนหลวง"],"district":"สวนหลวง"},"geometry":{"type":"Point","coordinates":[100.60852,13.7138]}},{"type":"Feature","properties":{"title":"ที่จอดรถสรรพากรพื้นที่ 12","info":["ที่ตั้ง: ซอยพัฒนาการ 31/1","เขต: สวนหลวง"],"district":"สวนหลวง"},"geometry":{"type":"Point","coordinates":[100.62017,13.7383]}},{"type":"Feature","properties":{"title":"ที่จอดรถเค.เอส.อาร์.","info":["ที่ตั้ง: ซอยพัฒนาการ 21 (เป็นสุข)","เขต: สวนหลวง"],"district":"สวนหลวง"},"geometry":{"type":"Point","coordinates":[100.61427,13.73686]}},{"type":"Feature","properties":{"title":"ที่จอดรถโรงพยาบาลสมิติเวช","info":["ที่ตั้ง: ซอยทองหล่อ 9","เขต: วัฒนา"],"district":"วัฒนา"},"geometry":{"type":"Point","coordinates":[100.57995,13.73207]}},{"type":"Feature","properties":{"title":"ที่จอดรถบางหว้าขาหมู","info":["ที่ตั้ง: ซอยเพชรเกษม 46/2","เขต: ภาษีเจริญ"],"district":"ภาษีเจริญ"},"geometry":{"type":"Point","coordinates":[100.44574,13.71702]}},{"type":"Feature","properties":{"title":"อาคารจอดรถ","info":["ที่ตั้ง: ซอยรัชมงคลประสาธน์ 10","เขต: ภาษีเจริญ"],"district":"ภาษีเจริญ"},"geometry":{"type":"Point","coordinates":[100.46926,13.72148]}},{"type":"Feature","properties":{"title":"ลานจอดรถ (หน้าวัด)","info":["ที่ตั้ง: ซอยเทอดไท 26 แยก 1","เขต: ภาษีเจริญ"],"district":"ภาษีเจริญ"},"geometry":{"type":"Point","coordinates":[100.47109,13.72139]}},{"type":"Feature","properties":{"title":"ที่จอดรถศาลเทพารักษ์กรมพระราชวังบวรสถานมงคล","info":["ที่ตั้ง: ถนนเศรษฐศิริ","เขต: ดุสิต"],"district":"ดุสิต"},"geometry":{"type":"Point","coordinates":[100.52524,13.78328]}},{"type":"Feature","properties":{"title":"ที่จอดรถตลาดปลา","info":["ที่ตั้ง: ถนนกำแพงเพชร 4","เขต: จตุจักร"],"district":"จตุจักร"},"geometry":{"type":"Point","coordinates":[100.54879,13.80286]}},{"type":"Feature","properties":{"title":"ลานจอดรถตะลันต์","info":["ที่ตั้ง: ซอยพระยาพิเรนทร์","เขต: สาทร"],"district":"สาทร"},"geometry":{"type":"Point","coordinates":[100.55249,13.72084]}},{"type":"Feature","properties":{"title":"ลานจอดรถรสาทาวเวอร์ ลานจอดบี","info":["ที่ตั้ง: ซอยวิภาวดีรังสิต 28 แยก 5","เขต: จตุจักร"],"district":"จตุจักร"},"geometry":{"type":"Point","coordinates":[100.56148,13.82035]}},{"type":"Feature","properties":{"title":"ลานจอดรถรสาทาวเวอร์ ลานจอดซี","info":["ที่ตั้ง: ซอยวิภาวดีรังสิต 28","เขต: จตุจักร"],"district":"จตุจักร"},"geometry":{"type":"Point","coordinates":[100.56031,13.81997]}},{"type":"Feature","properties":{"title":"ที่จอดรถอาคารไอทาวเวอร์","info":["ที่ตั้ง: ซอยวิภาวดีรังสิต 28","เขต: จตุจักร"],"district":"จตุจักร"},"geometry":{"type":"Point","coordinates":[100.5599,13.82056]}},{"type":"Feature","properties":{"title":"ที่จอดรถบริษัท ซีฟโก้ จำกัด (มหาชน)","info":["ที่ตั้ง: ซอยพระยาสุเรนทร์ 3 (ประเสริฐธรรม)","เขต: คลองสามวา"],"district":"คลองสามวา"},"geometry":{"type":"Point","coordinates":[100.69855,13.82057]}},{"type":"Feature","properties":{"title":"ที่จอดรถบริษัท โอ.ซี.เอส. เอ็กซ์เพรส จำกัด","info":["ที่ตั้ง: ซอยลาดพร้าว 7","เขต: จตุจักร"],"district":"จตุจักร"},"geometry":{"type":"Point","coordinates":[100.5675,13.81039]}},{"type":"Feature","properties":{"title":"ที่จอดรถกลุ่มบริษัท มอชช์","info":["ที่ตั้ง: ซอยลาดพร้าว 31","เขต: จตุจักร"],"district":"จตุจักร"},"geometry":{"type":"Point","coordinates":[100.57942,13.805]}},{"type":"Feature","properties":{"title":"ที่จอดรถศิขรีแมนชั่น","info":["ที่ตั้ง: ซอยลาดพร้าว 34","เขต: จตุจักร"],"district":"จตุจักร"},"geometry":{"type":"Point","coordinates":[100.5768,13.80167]}},{"type":"Feature","properties":{"title":"ลานจอดรถซูเอฟ","info":["ที่ตั้ง: ซอยลาดพร้าว 21","เขต: จตุจักร"],"district":"จตุจักร"},"geometry":{"type":"Point","coordinates":[100.57337,13.80706]}},{"type":"Feature","properties":{"title":"ที่จอดรถมิลเล็ท","info":["ที่ตั้ง: ซอยวิภาวดีรังสิต 30","เขต: จตุจักร"],"district":"จตุจักร"},"geometry":{"type":"Point","coordinates":[100.5607,13.82351]}},{"type":"Feature","properties":{"title":"ที่จอดรถร้านอาหารหัวปลี","info":["ที่ตั้ง: ซอยวิภาวดีรังสิต 22 แยก 3","เขต: จตุจักร"],"district":"จตุจักร"},"geometry":{"type":"Point","coordinates":[100.56427,13.80585]}},{"type":"Feature","properties":{"title":"ที่จอดรถศรีทองอพาร์ทเมนท์","info":["ที่ตั้ง: ซอยประยงค์แย้ม","เขต: คลองสามวา"],"district":"คลองสามวา"},"geometry":{"type":"Point","coordinates":[100.69937,13.82362]}},{"type":"Feature","properties":{"title":"ที่จอดรถริชไรสแมนชั่น","info":["ที่ตั้ง: ซอยพระยาสุเรนทร์ 20 (มหาลาภ 2)","เขต: คลองสามวา"],"district":"คลองสามวา"},"geometry":{"type":"Point","coordinates":[100.70138,13.82565]}},{"type":"Feature","properties":{"title":"บริการจอดรถฮากกาสีลม","info":["ที่ตั้ง: ซอยสีลม 9","เขต: บางรัก"],"district":"บางรัก"},"geometry":{"type":"Point","coordinates":[100.52772,13.72427]}},{"type":"Feature","properties":{"title":"ที่จอดรถร้านสามเสนวิลล่า","info":["ที่ตั้ง: ถนนเศรษฐศิริ","เขต: พญาไท"],"district":"พญาไท"},"geometry":{"type":"Point","coordinates":[100.53134,13.78055]}},{"type":"Feature","properties":{"title":"ที่จอดรถโฟลว์เรสเทอรองท์แอนด์บาร์","info":["ที่ตั้ง: ซอยพหลโยธิน 9","เขต: พญาไท"],"district":"พญาไท"},"geometry":{"type":"Point","coordinates":[100.54543,13.7865]}},{"type":"Feature","properties":{"title":"ที่จอดรถจันทิมาอพาร์ทเมนท์","info":["ที่ตั้ง: ซอยลาดพร้าว 80 แยก 9","เขต: วังทองหลาง"],"district":"วังทองหลาง"},"geometry":{"type":"Point","coordinates":[100.60506,13.78473]}},{"type":"Feature","properties":{"title":"ที่จอดรถยนต์วิเศษเรสซิเด้นซ์","info":["ที่ตั้ง: ซอยลาดพร้าว 96","เขต: วังทองหลาง"],"district":"วังทองหลาง"},"geometry":{"type":"Point","coordinates":[100.61254,13.77824]}},{"type":"Feature","properties":{"title":"ที่จอดรถเจ๊คการ์เด้น","info":["ที่ตั้ง: ถนนอรุณอมรินทร์","เขต: บางพลัด"],"district":"บางพลัด"},"geometry":{"type":"Point","coordinates":[100.48761,13.77007]}},{"type":"Feature","properties":{"title":"ที่จอดรถแอมเวย์","info":["ที่ตั้ง: ซอยบางกะปิสแควร์","เขต: บางกะปิ"],"district":"บางกะปิ"},"geometry":{"type":"Point","coordinates":[100.65263,13.76111]}},{"type":"Feature","properties":{"title":"บริษัท อู่วิชัยยนต์ จำกัด","info":["ที่ตั้ง: ซอยลาดพร้าว 87","เขต: วังทองหลาง"],"district":"วังทองหลาง"},"geometry":{"type":"Point","coordinates":[100.61853,13.78917]}},{"type":"Feature","properties":{"title":"ลานจอดรถเดอะแฟบริค","info":["ที่ตั้ง: ซอยประเสริฐมนูกิจ 37","เขต: บึงกุ่ม"],"district":"บึงกุ่ม"},"geometry":{"type":"Point","coordinates":[100.63262,13.82267]}},{"type":"Feature","properties":{"title":"ที่จอดรถหนึ่งโนแอล","info":["ที่ตั้ง: ซอยลาดพร้าว 93","เขต: วังทองหลาง"],"district":"วังทองหลาง"},"geometry":{"type":"Point","coordinates":[100.62056,13.78105]}},{"type":"Feature","properties":{"title":"ที่จอดรถเฉพาะลูกค้าบารอนแอนด์พีดีเอลอร์ด","info":["ที่ตั้ง: ซอยลาดพร้าว 130","เขต: บางกะปิ"],"district":"บางกะปิ"},"geometry":{"type":"Point","coordinates":[100.63303,13.76678]}},{"type":"Feature","properties":{"title":"ลานจอดรถวาบัวแอสโซเทล","info":["ที่ตั้ง: ซอยชุมชนมหาดไทย 2 แยก 2/1","เขต: บางกะปิ"],"district":"บางกะปิ"},"geometry":{"type":"Point","coordinates":[100.6319,13.76904]}},{"type":"Feature","properties":{"title":"ที่จอดรถไฮสแควร์มินิพลาซ่า","info":["ที่ตั้ง: ถนนทวีวัฒนา","เขต: ทวีวัฒนา"],"district":"ทวีวัฒนา"},"geometry":{"type":"Point","coordinates":[100.34496,13.76608]}},{"type":"Feature","properties":{"title":"ที่จอดรถบริษัท วี.ที.ซี. เอ็นเตอร์ไพรส์ จำกัด","info":["ที่ตั้ง: ซอยสามัคคี","เขต: วังทองหลาง"],"district":"วังทองหลาง"},"geometry":{"type":"Point","coordinates":[100.61369,13.76765]}},{"type":"Feature","properties":{"title":"ที่จอดรถโรงแรมชาลีน่าปริ้นเซส","info":["ที่ตั้ง: ซอยลาดพร้าว 122","เขต: วังทองหลาง"],"district":"วังทองหลาง"},"geometry":{"type":"Point","coordinates":[100.62421,13.76469]}},{"type":"Feature","properties":{"title":"ที่จอดรถบริษัท ชื่นนุกูลเพลส จำกัด","info":["ที่ตั้ง: ซอยรามคำแหง 77","เขต: บางกะปิ"],"district":"บางกะปิ"},"geometry":{"type":"Point","coordinates":[100.63083,13.762]}},{"type":"Feature","properties":{"title":"ลานจอดรถอิมเมจจิ้น","info":["ที่ตั้ง: ซอยรามคำแหง 52/2","เขต: บางกะปิ"],"district":"บางกะปิ"},"geometry":{"type":"Point","coordinates":[100.64443,13.7617]}},{"type":"Feature","properties":{"title":"ที่จอดรถปลาทูแช็ค","info":["ที่ตั้ง: ซอยสังคมสงเคราะห์ 12/1","เขต: ลาดพร้าว"],"district":"ลาดพร้าว"},"geometry":{"type":"Point","coordinates":[100.60576,13.79573]}},{"type":"Feature","properties":{"title":"ลานจอดรถเดอะมอลล์บางกะปิ","info":["ที่ตั้ง: ซอยรามคำแหง 87","เขต: บางกะปิ"],"district":"บางกะปิ"},"geometry":{"type":"Point","coordinates":[100.6426,13.76533]}},{"type":"Feature","properties":{"title":"ที่จอดรถฟันแฟค","info":["ที่ตั้ง: ซอยลาดพร้าว 122","เขต: วังทองหลาง"],"district":"วังทองหลาง"},"geometry":{"type":"Point","coordinates":[100.62255,13.76947]}},{"type":"Feature","properties":{"title":"ที่จอดรถลิฟวิ่งกรีน","info":["ที่ตั้ง: ซอยลาดพร้าว 122 แยก 7","เขต: วังทองหลาง"],"district":"วังทองหลาง"},"geometry":{"type":"Point","coordinates":[100.62444,13.77535]}},{"type":"Feature","properties":{"title":"ที่จอดรถธนาคารธนชาต","info":["ที่ตั้ง: ซอยลาดพร้าว 118","เขต: วังทองหลาง"],"district":"วังทองหลาง"},"geometry":{"type":"Point","coordinates":[100.62186,13.7787]}},{"type":"Feature","properties":{"title":"อาคารจอดรถโรงพยาบาลบางโพ","info":["ที่ตั้ง: ซอยประชาราษฎร์ สาย 1 ซอย 18","เขต: บางซื่อ"],"district":"บางซื่อ"},"geometry":{"type":"Point","coordinates":[100.52224,13.80707]}},{"type":"Feature","properties":{"title":"ที่จอดรถร้านพริกสด","info":["ที่ตั้ง: ถนนสุคนธสวัสดิ์","เขต: ลาดพร้าว"],"district":"ลาดพร้าว"},"geometry":{"type":"Point","coordinates":[100.62666,13.83559]}},{"type":"Feature","properties":{"title":"ที่จอดรถคลินิกลาดพร้าว 48 การแพทย์และทันตกรรม","info":["ที่ตั้ง: ซอยลาดพร้าว 48 แยก 14","เขต: ห้วยขวาง"],"district":"ห้วยขวาง"},"geometry":{"type":"Point","coordinates":[100.58484,13.79524]}},{"type":"Feature","properties":{"title":"ที่จอดรถซีซีมอลล์","info":["ที่ตั้ง: ซอยธรรมรักษ์","เขต: ลาดพร้าว"],"district":"ลาดพร้าว"},"geometry":{"type":"Point","coordinates":[100.62834,13.83491]}},{"type":"Feature","properties":{"title":"พื้นที่จัดเก็บรถยนต์ใหม่","info":["ที่ตั้ง: ซอยสุคนธสวัสดิ์ 30","เขต: ลาดพร้าว"],"district":"ลาดพร้าว"},"geometry":{"type":"Point","coordinates":[100.62463,13.82747]}},{"type":"Feature","properties":{"title":"ที่จอดรถสยามพาราไดซ์โฮเต็ลรีสอร์ทแอนด์สปา","info":["ที่ตั้ง: ซอยงามวงศ์วาน 51","เขต: จตุจักร"],"district":"จตุจักร"},"geometry":{"type":"Point","coordinates":[100.55494,13.85181]}},{"type":"Feature","properties":{"title":"อาคารจอดรถเจ้าหน้าที่โรงพยาบาลกรุงเทพ 4","info":["ที่ตั้ง: ซอยเพชรบุรี 47 แยก 2","เขต: ห้วยขวาง"],"district":"ห้วยขวาง"},"geometry":{"type":"Point","coordinates":[100.5858,13.74645]}},{"type":"Feature","properties":{"title":"อาคารจอดรถประชานิเวศน์ 1","info":["ที่ตั้ง: ถนนเทศบาลสงเคราะห์","เขต: จตุจักร"],"district":"จตุจักร"},"geometry":{"type":"Point","coordinates":[100.54804,13.84091]}},{"type":"Feature","properties":{"title":"ที่จอดรถโรงพยาบาลวิภาวดี","info":["ที่ตั้ง: ถนนกำแพงเพชร 6","เขต: จตุจักร"],"district":"จตุจักร"},"geometry":{"type":"Point","coordinates":[100.55945,13.84631]}},{"type":"Feature","properties":{"title":"ที่จอดรถโอเอซิสซาวน่า","info":["ที่ตั้ง: ซอยประชาราษฎร์บำเพ็ญ 13","เขต: ห้วยขวาง"],"district":"ห้วยขวาง"},"geometry":{"type":"Point","coordinates":[100.58179,13.78075]}},{"type":"Feature","properties":{"title":"ลานจอดรถ","info":["ที่ตั้ง: ซอยรัชดาภิเษก 12","เขต: ห้วยขวาง"],"district":"ห้วยขวาง"},"geometry":{"type":"Point","coordinates":[100.57399,13.77534]}},{"type":"Feature","properties":{"title":"ที่จอดรถโชว์รูมวี.เอ็ม. ออโต้เซอร์วิส","info":["ที่ตั้ง: ซอยรัชดาภิเษก 54","เขต: จตุจักร"],"district":"จตุจักร"},"geometry":{"type":"Point","coordinates":[100.54614,13.83057]}},{"type":"Feature","properties":{"title":"ที่จอดรถสยามเฟิสท์ทัวร์","info":["ที่ตั้ง: ซอยเทศบาลสงเคราะห์ 1 แยก 3","เขต: จตุจักร"],"district":"จตุจักร"},"geometry":{"type":"Point","coordinates":[100.55337,13.83853]}},{"type":"Feature","properties":{"title":"ที่จอดรถพิชญารัตน์แมนชั่น","info":["ที่ตั้ง: ซอยรุ่งเรือง 2","เขต: บางนา"],"district":"บางนา"},"geometry":{"type":"Point","coordinates":[100.60969,13.67589]}},{"type":"Feature","properties":{"title":"ที่จอดรถบริษัท แพคออลพลาสติค จำกัด","info":["ที่ตั้ง: ซอยเสนานิคม 1 ซอย 11","เขต: จตุจักร"],"district":"จตุจักร"},"geometry":{"type":"Point","coordinates":[100.58245,13.83545]}},{"type":"Feature","properties":{"title":"ที่จอดรถองค์การตลาดเพื่อเกษตรกร","info":["ที่ตั้ง: ถนนกำแพงเพชร","เขต: จตุจักร"],"district":"จตุจักร"},"geometry":{"type":"Point","coordinates":[100.54203,13.79748]}},{"type":"Feature","properties":{"title":"ที่จอดรถบริษัท บางกอกอินเตอร์เนชั่นแนลเดนทัลเซ็นเตอร์ จำกัด","info":["ที่ตั้ง: ซอยนาทอง 7","เขต: ดินแดง"],"district":"ดินแดง"},"geometry":{"type":"Point","coordinates":[100.5709,13.77081]}},{"type":"Feature","properties":{"title":"ที่จอดรถอาคารจีโอที","info":["ที่ตั้ง: ซอยรัชดาภิเษก 29 แยก 2","เขต: จตุจักร"],"district":"จตุจักร"},"geometry":{"type":"Point","coordinates":[100.54518,13.82925]}},{"type":"Feature","properties":{"title":"ที่จอดรถอาคารจีโอที","info":["ที่ตั้ง: ซอยรัชดาภิเษก 29","เขต: จตุจักร"],"district":"จตุจักร"},"geometry":{"type":"Point","coordinates":[100.54693,13.82938]}},{"type":"Feature","properties":{"title":"ที่จอดรถบริษัท บัณฑิตเซ็นเตอร์ จำกัด","info":["ที่ตั้ง: ซอยรัชดาภิเษก 29 แยก 4","เขต: จตุจักร"],"district":"จตุจักร"},"geometry":{"type":"Point","coordinates":[100.54444,13.82861]}},{"type":"Feature","properties":{"title":"ที่จอดรถบริษัท นงนุช จำกัด","info":["ที่ตั้ง: ซอยรัชดาภิเษก 31","เขต: จตุจักร"],"district":"จตุจักร"},"geometry":{"type":"Point","coordinates":[100.54436,13.8296]}},{"type":"Feature","properties":{"title":"ที่จอดรถเฉพาะลูกค้าบ้านสบาย","info":["ที่ตั้ง: ซอยวิภาวดีรังสิต 16/3","เขต: จตุจักร"],"district":"จตุจักร"},"geometry":{"type":"Point","coordinates":[100.56303,13.79743]}},{"type":"Feature","properties":{"title":"ที่จอดรถจัสโก้แมนชั่น","info":["ที่ตั้ง: ซอยสรณคมน์ 9","เขต: ดอนเมือง"],"district":"ดอนเมือง"},"geometry":{"type":"Point","coordinates":[100.59775,13.92811]}},{"type":"Feature","properties":{"title":"ที่จอดรถอาคารชุดมานนท์เพลส","info":["ที่ตั้ง: ซอยหมู่บ้านราญทอง","เขต: บางเขน"],"district":"บางเขน"},"geometry":{"type":"Point","coordinates":[100.5985,13.88901]}},{"type":"Feature","properties":{"title":"ที่จอดรถบี 22 อพาร์ทเมนท์","info":["ที่ตั้ง: ซอยพหลโยธิน 67/1","เขต: บางเขน"],"district":"บางเขน"},"geometry":{"type":"Point","coordinates":[100.60148,13.8877]}},{"type":"Feature","properties":{"title":"ที่จอดรถบ้านปิ่น","info":["ที่ตั้ง: ซอยพหลโยธิน 69","เขต: บางเขน"],"district":"บางเขน"},"geometry":{"type":"Point","coordinates":[100.60284,13.88807]}},{"type":"Feature","properties":{"title":"ที่จอดรถลีฟวิ่งเพลส","info":["ที่ตั้ง: ซอยพหลโยธิน 69 แยก 2","เขต: บางเขน"],"district":"บางเขน"},"geometry":{"type":"Point","coordinates":[100.60063,13.88979]}},{"type":"Feature","properties":{"title":"ที่จอดรถบริษัท เจ.อาร์.ดับเบิ้ลยู. ยูทิลิตี้ จำกัด (มหาชน)","info":["ที่ตั้ง: ซอยรามอินทรา 65","เขต: บางเขน"],"district":"บางเขน"},"geometry":{"type":"Point","coordinates":[100.64795,13.85477]}},{"type":"Feature","properties":{"title":"ที่จอดรถร้านธัญพร","info":["ที่ตั้ง: ถนนวัชรพล","เขต: บางเขน"],"district":"บางเขน"},"geometry":{"type":"Point","coordinates":[100.64703,13.86055]}},{"type":"Feature","properties":{"title":"ที่จอดรถร้านอาหารไฝทอง","info":["ที่ตั้ง: ซอยรามอินทรา 4/3","เขต: บางเขน"],"district":"บางเขน"},"geometry":{"type":"Point","coordinates":[100.61733,13.86203]}},{"type":"Feature","properties":{"title":"ที่จอดรถโรงแรมเซอร์โวเทล","info":["ที่ตั้ง: ซอยงามวงศ์วาน 30","เขต: หลักสี่"],"district":"หลักสี่"},"geometry":{"type":"Point","coordinates":[100.54819,13.85439]}},{"type":"Feature","properties":{"title":"ที่จอดรถบ้านราชาวดีอพาร์ทเมนท์","info":["ที่ตั้ง: ซอยวิภาวดีรังสิต 60 แยก 3","เขต: หลักสี่"],"district":"หลักสี่"},"geometry":{"type":"Point","coordinates":[100.58093,13.86456]}},{"type":"Feature","properties":{"title":"โชวห่วยที่จอดรถ","info":["ที่ตั้ง: ซอยงามวงศ์วาน 47","เขต: หลักสี่"],"district":"หลักสี่"},"geometry":{"type":"Point","coordinates":[100.55657,13.86141]}},{"type":"Feature","properties":{"title":"ที่จอดรถลูกค้าร้านส้มตำป้าสมบูรณ์","info":["ที่ตั้ง: ซอยงามวงศ์วาน 47 แยก 16","เขต: หลักสี่"],"district":"หลักสี่"},"geometry":{"type":"Point","coordinates":[100.55645,13.86247]}},{"type":"Feature","properties":{"title":"ที่จอดรถร้านก๋วยเตี๋ยวเอสโซ่นครพนม-ต่อศักดิ์ไดนาโมแอร์","info":["ที่ตั้ง: ซอยงามวงศ์วาน 47 แยก 12","เขต: หลักสี่"],"district":"หลักสี่"},"geometry":{"type":"Point","coordinates":[100.55674,13.861]}},{"type":"Feature","properties":{"title":"ที่จอดรถอาคารร่ำรวยแมนชั่น 2","info":["ที่ตั้ง: ซอยงามวงศ์วาน 47 แยก 8","เขต: หลักสี่"],"district":"หลักสี่"},"geometry":{"type":"Point","coordinates":[100.5591,13.85788]}},{"type":"Feature","properties":{"title":"ที่จอดรถวัดแก้วแจ่มฟ้า","info":["ที่ตั้ง: ถนนสี่พระยา","เขต: บางรัก"],"district":"บางรัก"},"geometry":{"type":"Point","coordinates":[100.51973,13.73129]}},{"type":"Feature","properties":{"title":"ที่จอดรถพีเอ็นแฟชั่นเซ็นเตอร์","info":["ที่ตั้ง: ถนนสี่พระยา","เขต: บางรัก"],"district":"บางรัก"},"geometry":{"type":"Point","coordinates":[100.52697,13.73242]}},{"type":"Feature","properties":{"title":"ที่จอดรถมีนาเพ็ทช้อฟ","info":["ที่ตั้ง: ซอยเจริญนคร 57","เขต: ธนบุรี"],"district":"ธนบุรี"},"geometry":{"type":"Point","coordinates":[100.49559,13.7086]}},{"type":"Feature","properties":{"title":"ลานจอดรถคิสส์ทู","info":["ที่ตั้ง: ซอยบางกอก","เขต: บางนา"],"district":"บางนา"},"geometry":{"type":"Point","coordinates":[100.6215,13.66041]}},{"type":"Feature","properties":{"title":"กราสพาร์คกิ้ง","info":["ที่ตั้ง: ซอยทองหล่อ 12","เขต: วัฒนา"],"district":"วัฒนา"},"geometry":{"type":"Point","coordinates":[100.58305,13.73303]}},{"type":"Feature","properties":{"title":"ที่จอดรถเฉพาะผู้ใช้บริการจอดรถรายเดือน สถานีรถไฟฟ้าเอ็มอาร์ทีศูนย์การประชุมฯ","info":["ที่ตั้ง: ถนนรัชดาภิเษก","เขต: คลองเตย"],"district":"คลองเตย"},"geometry":{"type":"Point","coordinates":[100.56044,13.72329]}},{"type":"Feature","properties":{"title":"ที่จอดรถ รฟม. สถานีศูนย์วัฒนธรรมแห่งประเทศไทย","info":["ที่ตั้ง: ถนนรัชดาภิเษก","เขต: ห้วยขวาง"],"district":"ห้วยขวาง"},"geometry":{"type":"Point","coordinates":[100.56891,13.76363]}},{"type":"Feature","properties":{"title":"บิ๊กบอยคลับ","info":["ที่ตั้ง: ซอยพระราม 9 ซอย 3 (พระราม 9 สแควร์)","เขต: ห้วยขวาง"],"district":"ห้วยขวาง"},"geometry":{"type":"Point","coordinates":[100.56862,13.76086]}},{"type":"Feature","properties":{"title":"ลานจอดรถวัดสิงห์","info":["ที่ตั้ง: ซอยเอกชัย 43","เขต: จอมทอง"],"district":"จอมทอง"},"geometry":{"type":"Point","coordinates":[100.44802,13.6831]}},{"type":"Feature","properties":{"title":"ลานจอดรถตลาดเจริญศรี","info":["ที่ตั้ง: ซอยรัชมงคลประสาธน์ 8","เขต: ภาษีเจริญ"],"district":"ภาษีเจริญ"},"geometry":{"type":"Point","coordinates":[100.46825,13.72123]}},{"type":"Feature","properties":{"title":"ลานจอดรถวัดนาคปรก","info":["ที่ตั้ง: ซอยเทอดไท 49","เขต: ภาษีเจริญ"],"district":"ภาษีเจริญ"},"geometry":{"type":"Point","coordinates":[100.46673,13.71768]}},{"type":"Feature","properties":{"title":"ที่จอดรถบ้านก้ามปู","info":["ที่ตั้ง: ซอยโยธินพัฒนา 3","เขต: บึงกุ่ม"],"district":"บึงกุ่ม"},"geometry":{"type":"Point","coordinates":[100.6341,13.81634]}},{"type":"Feature","properties":{"title":"ที่จอดรถโรงพยาบาลพระปิ่นเกล้า","info":["ที่ตั้ง: ซอยสมเด็จพระเจ้าตากสิน 24","เขต: ธนบุรี"],"district":"ธนบุรี"},"geometry":{"type":"Point","coordinates":[100.48523,13.70856]}},{"type":"Feature","properties":{"title":"อาคารจอดรถโรงพยาบาลพระปิ่นเกล้า","info":["ที่ตั้ง: ซอยพระปิ่นเกล้า 5","เขต: ธนบุรี"],"district":"ธนบุรี"},"geometry":{"type":"Point","coordinates":[100.48406,13.70992]}},{"type":"Feature","properties":{"title":"ที่จอดรถโรงพยาบาลพระปิ่นเกล้า","info":["ที่ตั้ง: ซอยพระปิ่นเกล้า 5","เขต: ธนบุรี"],"district":"ธนบุรี"},"geometry":{"type":"Point","coordinates":[100.48445,13.71158]}},{"type":"Feature","properties":{"title":"ลานจอดรถวัดทุ่งเศรษฐี","info":["ที่ตั้ง: ซอยหมู่บ้านคาซ่าวิลล์ บางนา-สุวรรณภูมิ","เขต: ประเวศ"],"district":"ประเวศ"},"geometry":{"type":"Point","coordinates":[100.69463,13.66691]}},{"type":"Feature","properties":{"title":"ที่จอดรถเลี้ยงการช่าง","info":["ที่ตั้ง: ซอยเพชรเกษม 35/1","เขต: ภาษีเจริญ"],"district":"ภาษีเจริญ"},"geometry":{"type":"Point","coordinates":[100.43244,13.71178]}},{"type":"Feature","properties":{"title":"อาคารจอดรถวัดระฆังโฆสิตารามวรมหาวิหาร","info":["ที่ตั้ง: ซอยอรุณอมรินทร์ 18","เขต: บางกอกน้อย"],"district":"บางกอกน้อย"},"geometry":{"type":"Point","coordinates":[100.48492,13.75343]}},{"type":"Feature","properties":{"title":"ที่จอดรถโรงพยาบาลสมเด็จเจ้าพระยา","info":["ที่ตั้ง: ซอยลาดหญ้า 17","เขต: คลองสาน"],"district":"คลองสาน"},"geometry":{"type":"Point","coordinates":[100.50434,13.73008]}},{"type":"Feature","properties":{"title":"ที่จอดรถดิจิตอลเวิลด์","info":["ที่ตั้ง: ซอยพหลโยธิน 22","เขต: จตุจักร"],"district":"จตุจักร"},"geometry":{"type":"Point","coordinates":[100.56171,13.81481]}},{"type":"Feature","properties":{"title":"ที่จอดรถฌาปนสถานกองทัพบก","info":["ที่ตั้ง: ซอยวัดโสมนัส","เขต: ป้อมปราบศัตรูพ่าย"],"district":"ป้อมปราบศัตรูพ่าย"},"geometry":{"type":"Point","coordinates":[100.50969,13.76022]}},{"type":"Feature","properties":{"title":"ลานจอดรถโรงพยาบาลกล้วยน้ำไท","info":["ที่ตั้ง: ซอยโรงพยาบาล 2","เขต: คลองเตย"],"district":"คลองเตย"},"geometry":{"type":"Point","coordinates":[100.58808,13.71367]}},{"type":"Feature","properties":{"title":"อาคารที่จอดรถโรงพยาบาลเทพธารินทร์","info":["ที่ตั้ง: ซอยรัตนมัย","เขต: คลองเตย"],"district":"คลองเตย"},"geometry":{"type":"Point","coordinates":[100.57709,13.71406]}},{"type":"Feature","properties":{"title":"ลานที่จอดรถโรงพยาบาลเทพธารินทร์","info":["ที่ตั้ง: ซอยรัตนมัย","เขต: คลองเตย"],"district":"คลองเตย"},"geometry":{"type":"Point","coordinates":[100.57734,13.71402]}},{"type":"Feature","properties":{"title":"ลานจอดธนาคารกรุงศรีอยุธยา","info":["ที่ตั้ง: ถนนประชาอุทิศ","เขต: ทุ่งครุ"],"district":"ทุ่งครุ"},"geometry":{"type":"Point","coordinates":[100.49688,13.65025]}},{"type":"Feature","properties":{"title":"ลานจอดรถวัดมัชฌันติการาม (วัดน้อย)","info":["ที่ตั้ง: ซอยวงศ์สว่าง 11","เขต: บางซื่อ"],"district":"บางซื่อ"},"geometry":{"type":"Point","coordinates":[100.51733,13.82274]}},{"type":"Feature","properties":{"title":"ลานจอดรถวัดทองสุทธาราม","info":["ที่ตั้ง: ซอยประชานุกูล 3 ซอย 1","เขต: บางซื่อ"],"district":"บางซื่อ"},"geometry":{"type":"Point","coordinates":[100.53018,13.83344]}},{"type":"Feature","properties":{"title":"ที่จอดรถพฤกษาคลินิก","info":["ที่ตั้ง: ซอยประเสริฐมนูกิจ 14 แยก 5","เขต: ลาดพร้าว"],"district":"ลาดพร้าว"},"geometry":{"type":"Point","coordinates":[100.60295,13.8369]}},{"type":"Feature","properties":{"title":"ที่จอดรถห้างสรรพสินค้าซีคอนสแควร์","info":["ที่ตั้ง: ซอยศรีนครินทร์ 49","เขต: ประเวศ"],"district":"ประเวศ"},"geometry":{"type":"Point","coordinates":[100.64993,13.69536]}},{"type":"Feature","properties":{"title":"ที่จอดรถตลาดนัดรถไฟ","info":["ที่ตั้ง: ซอยศรีนครินทร์ 51","เขต: ประเวศ"],"district":"ประเวศ"},"geometry":{"type":"Point","coordinates":[100.65022,13.69252]}},{"type":"Feature","properties":{"title":"ที่จอดรถตลาดนัดรถไฟ","info":["ที่ตั้ง: ซอยศรีนครินทร์ 51","เขต: ประเวศ"],"district":"ประเวศ"},"geometry":{"type":"Point","coordinates":[100.65217,13.69306]}},{"type":"Feature","properties":{"title":"ลานจอดรถวัดใหม่พิเรนทร์","info":["ที่ตั้ง: ซอยอิสรภาพ 29/1","เขต: บางกอกใหญ่"],"district":"บางกอกใหญ่"},"geometry":{"type":"Point","coordinates":[100.4827,13.74185]}},{"type":"Feature","properties":{"title":"ลานจอดรถไว้ทเฮ้าส์แมนชั่น","info":["ที่ตั้ง: ซอยเฉลิมพระเกียรติ ร. 9 ซอย 23","เขต: ประเวศ"],"district":"ประเวศ"},"geometry":{"type":"Point","coordinates":[100.65732,13.67741]}},{"type":"Feature","properties":{"title":"ลานจอดรถไวท์เฮ้าส์แมนชั่น","info":["ที่ตั้ง: ซอยเฉลิมพระเกียรติ ร. 9 ซอย 21","เขต: ประเวศ"],"district":"ประเวศ"},"geometry":{"type":"Point","coordinates":[100.65677,13.67743]}},{"type":"Feature","properties":{"title":"ลานจอดรถวัดเจ้ามูล","info":["ที่ตั้ง: ซอยจรัญสนิทวงศ์ 8","เขต: บางกอกใหญ่"],"district":"บางกอกใหญ่"},"geometry":{"type":"Point","coordinates":[100.47218,13.73657]}},{"type":"Feature","properties":{"title":"ที่จอดรถร้านลานจอดรถ ณ สวนหลวง","info":["ที่ตั้ง: ถนนเฉลิมพระเกียรติ ร. 9","เขต: ประเวศ"],"district":"ประเวศ"},"geometry":{"type":"Point","coordinates":[100.66463,13.68124]}},{"type":"Feature","properties":{"title":"ลานจอดรถวัดท่าพระ","info":["ที่ตั้ง: ถนนจรัญสนิทวงศ์","เขต: บางกอกใหญ่"],"district":"บางกอกใหญ่"},"geometry":{"type":"Point","coordinates":[100.47336,13.73291]}},{"type":"Feature","properties":{"title":"ลานจอดรถวัดสังข์กระจายวรวิหาร","info":["ที่ตั้ง: ซอยอิสรภาพ 21","เขต: บางกอกใหญ่"],"district":"บางกอกใหญ่"},"geometry":{"type":"Point","coordinates":[100.48475,13.73379]}},{"type":"Feature","properties":{"title":"ลานจอดรถวัดตากล่ำ","info":["ที่ตั้ง: ซอยเฉลิมพระเกียรติ ร. 9 ซอย 22","เขต: ประเวศ"],"district":"ประเวศ"},"geometry":{"type":"Point","coordinates":[100.66379,13.6767]}},{"type":"Feature","properties":{"title":"ที่จอดรถโรงพยาบาลกรุงเทพ","info":["ที่ตั้ง: ซอยเพชรบุรี 47 แยก 8","เขต: ห้วยขวาง"],"district":"ห้วยขวาง"},"geometry":{"type":"Point","coordinates":[100.58448,13.75059]}},{"type":"Feature","properties":{"title":"ที่จอดรถวีว่าแมนชั่น","info":["ที่ตั้ง: ซอยลาดปลาเค้า 14","เขต: ลาดพร้าว"],"district":"ลาดพร้าว"},"geometry":{"type":"Point","coordinates":[100.59587,13.83773]}},{"type":"Feature","properties":{"title":"ปาร์คกิ้งดาราเดลี่","info":["ที่ตั้ง: ซอยลาดปลาเค้า 14","เขต: ลาดพร้าว"],"district":"ลาดพร้าว"},"geometry":{"type":"Point","coordinates":[100.59439,13.83714]}},{"type":"Feature","properties":{"title":"อาคารจอดรถ 2","info":["ที่ตั้ง: ซอยหมู่บ้านเปรมฤทัย","เขต: ห้วยขวาง"],"district":"ห้วยขวาง"},"geometry":{"type":"Point","coordinates":[100.58245,13.74797]}},{"type":"Feature","properties":{"title":"ที่จอดรถท่ารถคาเฟ่","info":["ที่ตั้ง: ซอยประเสริฐมนูกิจ 11","เขต: ลาดพร้าว"],"district":"ลาดพร้าว"},"geometry":{"type":"Point","coordinates":[100.59738,13.84143]}},{"type":"Feature","properties":{"title":"เดอะพิมพ์ปาร์คกิ้ง","info":["ที่ตั้ง: ซอยโรจนมิน","เขต: วังทองหลาง"],"district":"วังทองหลาง"},"geometry":{"type":"Point","coordinates":[100.60182,13.76815]}},{"type":"Feature","properties":{"title":"ที่จอดรถเฮียช้าง","info":["ที่ตั้ง: ซอยวิภาวดีรังสิต 30","เขต: จตุจักร"],"district":"จตุจักร"},"geometry":{"type":"Point","coordinates":[100.5614,13.82345]}},{"type":"Feature","properties":{"title":"ที่จอดรถธนพรคลินิก","info":["ที่ตั้ง: ซอยพหลโยธิน 31","เขต: จตุจักร"],"district":"จตุจักร"},"geometry":{"type":"Point","coordinates":[100.56715,13.82645]}},{"type":"Feature","properties":{"title":"ลานจอดรถวัดอุทัยธาราม (บางกะปิ)","info":["ที่ตั้ง: ถนนกำแพงเพชร 7","เขต: ห้วยขวาง"],"district":"ห้วยขวาง"},"geometry":{"type":"Point","coordinates":[100.57126,13.74925]}},{"type":"Feature","properties":{"title":"ที่จอดรถเรือนเพชร","info":["ที่ตั้ง: ถนนกำแพงเพชร 7","เขต: ห้วยขวาง"],"district":"ห้วยขวาง"},"geometry":{"type":"Point","coordinates":[100.5707,13.74836]}},{"type":"Feature","properties":{"title":"อาคารจอดรถโรงพยาบาลพระรามเก้า","info":["ที่ตั้ง: ถนนจตุรทิศ","เขต: ห้วยขวาง"],"district":"ห้วยขวาง"},"geometry":{"type":"Point","coordinates":[100.57066,13.75274]}},{"type":"Feature","properties":{"title":"ที่จอดรถแคทเธอรีน","info":["ที่ตั้ง: ซอยพระราม 9 ซอย 11","เขต: ห้วยขวาง"],"district":"ห้วยขวาง"},"geometry":{"type":"Point","coordinates":[100.58496,13.75706]}},{"type":"Feature","properties":{"title":"อาคารจอดรถวิภาวดีรังสิต","info":["ที่ตั้ง: ทางคู่ขนานถนนวิภาวดีรังสิต","เขต: จตุจักร"],"district":"จตุจักร"},"geometry":{"type":"Point","coordinates":[100.56438,13.85132]}},{"type":"Feature","properties":{"title":"ที่จอดรถร้านเพิ่มสินการแพทย์","info":["ที่ตั้ง: ถนนเพิ่มสิน","เขต: สายไหม"],"district":"สายไหม"},"geometry":{"type":"Point","coordinates":[100.62279,13.90335]}},{"type":"Feature","properties":{"title":"ลานจอดรถออร์คิดรีสอร์ท","info":["ที่ตั้ง: ซอยลาดกระบัง 48","เขต: ลาดกระบัง"],"district":"ลาดกระบัง"},"geometry":{"type":"Point","coordinates":[100.77797,13.71885]}},{"type":"Feature","properties":{"title":"ที่จอดรถข้าราชการทหารอากาศในเครื่องแบบ","info":["ที่ตั้ง: ถนนพหลโยธิน","เขต: สายไหม"],"district":"สายไหม"},"geometry":{"type":"Point","coordinates":[100.61898,13.90978]}},{"type":"Feature","properties":{"title":"อาคารจอดรถโรงพยาบาลภูมิพลอดุลยเดช","info":["ที่ตั้ง: ถนนพิมานทิพย์","เขต: สายไหม"],"district":"สายไหม"},"geometry":{"type":"Point","coordinates":[100.61973,13.90884]}},{"type":"Feature","properties":{"title":"อาคารจอดรถโรงพยาบาลภูมิพลอดุลยเดช","info":["ที่ตั้ง: ถนนพิมานทิพย์","เขต: สายไหม"],"district":"สายไหม"},"geometry":{"type":"Point","coordinates":[100.618,13.90844]}},{"type":"Feature","properties":{"title":"ที่จอดรถบริษัท เออร์เบิ้น จำกัด","info":["ที่ตั้ง: ซอยรัชดาภิเษก 3 แยก 10","เขต: ดินแดง"],"district":"ดินแดง"},"geometry":{"type":"Point","coordinates":[100.56282,13.76441]}},{"type":"Feature","properties":{"title":"ที่จอดรถบริษัท สื่อสากล จำกัด","info":["ที่ตั้ง: ซอยรัชดาภิเษก 3","เขต: ดินแดง"],"district":"ดินแดง"},"geometry":{"type":"Point","coordinates":[100.5625,13.76417]}},{"type":"Feature","properties":{"title":"ลานจอดรถเมโทรเพลส","info":["ที่ตั้ง: ซอยรัชดาภิเษก 3 แยก 4-9","เขต: ดินแดง"],"district":"ดินแดง"},"geometry":{"type":"Point","coordinates":[100.56526,13.7661]}},{"type":"Feature","properties":{"title":"ลานจอดรถฮิพกรุงเทพ","info":["ที่ตั้ง: ซอยเนียมอุทิศ","เขต: ดินแดง"],"district":"ดินแดง"},"geometry":{"type":"Point","coordinates":[100.57125,13.776]}},{"type":"Feature","properties":{"title":"ที่จอดรถออปติโม","info":["ที่ตั้ง: ซอยกรุงเทพกรีฑา 19","เขต: สะพานสูง"],"district":"สะพานสูง"},"geometry":{"type":"Point","coordinates":[100.6732,13.74404]}},{"type":"Feature","properties":{"title":"ลานจอดรถ","info":["ที่ตั้ง: ซอยอ่อนนุช 90","เขต: ประเวศ"],"district":"ประเวศ"},"geometry":{"type":"Point","coordinates":[100.70647,13.71807]}},{"type":"Feature","properties":{"title":"ลานจอดรถ","info":["ที่ตั้ง: ซอยอ่อนนุช 90","เขต: ประเวศ"],"district":"ประเวศ"},"geometry":{"type":"Point","coordinates":[100.70455,13.71813]}},{"type":"Feature","properties":{"title":"ที่จอดรถเป็ดแอนด์เนกซ์","info":["ที่ตั้ง: ซอยพหลโยธิน 54/1 แยก 8 (ผู้ใหญ่ม้วน)","เขต: สายไหม"],"district":"สายไหม"},"geometry":{"type":"Point","coordinates":[100.63304,13.91776]}},{"type":"Feature","properties":{"title":"ลานจอดรถฌาปนสถานกองทัพอากาศ","info":["ที่ตั้ง: ถนน 84 พรรษาสมเด็จย่า","เขต: บางเขน"],"district":"บางเขน"},"geometry":{"type":"Point","coordinates":[100.59179,13.87303]}},{"type":"Feature","properties":{"title":"ลานจอดรถฌาปนสถานกองทัพอากาศ","info":["ที่ตั้ง: ถนนพหลโยธิน","เขต: บางเขน"],"district":"บางเขน"},"geometry":{"type":"Point","coordinates":[100.59397,13.87194]}},{"type":"Feature","properties":{"title":"เอะโคะโละพาร์ค","info":["ที่ตั้ง: ถนนพหลโยธิน","เขต: บางเขน"],"district":"บางเขน"},"geometry":{"type":"Point","coordinates":[100.60963,13.89844]}},{"type":"Feature","properties":{"title":"ลานจอดรถโรงพยาบาลเซ็นทรัลเยนเนอรัล","info":["ที่ตั้ง: ถนนพหลโยธิน","เขต: บางเขน"],"district":"บางเขน"},"geometry":{"type":"Point","coordinates":[100.60578,13.88957]}},{"type":"Feature","properties":{"title":"ลานจอดรถมหาวิทยาลัยเกริก","info":["ที่ตั้ง: ถนนรามอินทรา","เขต: บางเขน"],"district":"บางเขน"},"geometry":{"type":"Point","coordinates":[100.59945,13.87324]}},{"type":"Feature","properties":{"title":"เดอะริทส์เรสซิเดนซ์ปาร์คกิ้ง","info":["ที่ตั้ง: ซอยรามอินทรา 19 แยก 1","เขต: บางเขน"],"district":"บางเขน"},"geometry":{"type":"Point","coordinates":[100.61517,13.86542]}},{"type":"Feature","properties":{"title":"ที่จอดรถธันว์เพลส","info":["ที่ตั้ง: ซอยรามอินทรา 19 แยก 14","เขต: บางเขน"],"district":"บางเขน"},"geometry":{"type":"Point","coordinates":[100.61896,13.86832]}},{"type":"Feature","properties":{"title":"ที่จอดรถอาคารนันทาเพลส","info":["ที่ตั้ง: ซอยรามอินทรา 39","เขต: บางเขน"],"district":"บางเขน"},"geometry":{"type":"Point","coordinates":[100.6273,13.86763]}},{"type":"Feature","properties":{"title":"ที่จอดรถพิศาล","info":["ที่ตั้ง: ซอยรามอินทรา 35","เขต: บางเขน"],"district":"บางเขน"},"geometry":{"type":"Point","coordinates":[100.62601,13.85931]}},{"type":"Feature","properties":{"title":"ลานจอดรถแฟมิลี่","info":["ที่ตั้ง: ซอยหมู่บ้านเสรี 1 ซอย 22","เขต: บางกะปิ"],"district":"บางกะปิ"},"geometry":{"type":"Point","coordinates":[100.62257,13.74686]}},{"type":"Feature","properties":{"title":"ที่จอดรถสถานกงสุลใหญ่ประเทศเยเมน","info":["ที่ตั้ง: ซอยรามคำแหง 24 แยก 2 (ถาวรธวัช 1)","เขต: บางกะปิ"],"district":"บางกะปิ"},"geometry":{"type":"Point","coordinates":[100.61645,13.74726]}},{"type":"Feature","properties":{"title":"ลานจอดรถห้างสรรพสินค้าเดอะมอลล์","info":["ที่ตั้ง: ซอยรามคำแหง 10","เขต: บางกะปิ"],"district":"บางกะปิ"},"geometry":{"type":"Point","coordinates":[100.61117,13.75054]}},{"type":"Feature","properties":{"title":"อาคารจอดรถห้างสรรพสินค้าเดอะมอลล์","info":["ที่ตั้ง: ซอยรามคำแหง 15","เขต: บางกะปิ"],"district":"บางกะปิ"},"geometry":{"type":"Point","coordinates":[100.60877,13.75372]}},{"type":"Feature","properties":{"title":"ลานจอดรถมหาวิทยาลัยอัสสัมชัญ วิทยาเขตหัวหมาก","info":["ที่ตั้ง: ซอยรามคำแหง 24 แยก 34 (คอลเลจทาวน์)","เขต: บางกะปิ"],"district":"บางกะปิ"},"geometry":{"type":"Point","coordinates":[100.62779,13.75452]}},{"type":"Feature","properties":{"title":"ที่จอดรถโฮมแมนชั่น","info":["ที่ตั้ง: ซอยหัวหมาก 2","เขต: บางกะปิ"],"district":"บางกะปิ"},"geometry":{"type":"Point","coordinates":[100.64379,13.75508]}},{"type":"Feature","properties":{"title":"ลานจอดรถวัดกุนนทีรุทธาราม (วัดห้วยขวาง)","info":["ที่ตั้ง: ซอยฉัตรอนุสรณ์ 1","เขต: ดินแดง"],"district":"ดินแดง"},"geometry":{"type":"Point","coordinates":[100.57053,13.78122]}},{"type":"Feature","properties":{"title":"ลานจอดรถวัดกุนนทีรุทธาราม (วัดห้วยขวาง)","info":["ที่ตั้ง: ซอยอินทามระ 57","เขต: ดินแดง"],"district":"ดินแดง"},"geometry":{"type":"Point","coordinates":[100.56959,13.78152]}},{"type":"Feature","properties":{"title":"อาคารจอดรถมหาวิทยาลัยหอการค้าไทย","info":["ที่ตั้ง: ซอยอินทามระ 40","เขต: ดินแดง"],"district":"ดินแดง"},"geometry":{"type":"Point","coordinates":[100.55981,13.78037]}},{"type":"Feature","properties":{"title":"อาคารจอดรถโรงพยาบาลนครธน","info":["ที่ตั้ง: ซอยบางขุนเทียน 11 แยก 2-3","เขต: บางขุนเทียน"],"district":"บางขุนเทียน"},"geometry":{"type":"Point","coordinates":[100.43291,13.66025]}},{"type":"Feature","properties":{"title":"ลานจอดรถวัดพระไกรสีห์ (น้อย)","info":["ที่ตั้ง: ซอยรามคำแหง 23","เขต: บางกะปิ"],"district":"บางกะปิ"},"geometry":{"type":"Point","coordinates":[100.61063,13.75543]}},{"type":"Feature","properties":{"title":"ลานจอดรถมหาวิทยาลัยรามคำแหง","info":["ที่ตั้ง: ถนนรามคำแหง","เขต: บางกะปิ"],"district":"บางกะปิ"},"geometry":{"type":"Point","coordinates":[100.6178,13.75759]}},{"type":"Feature","properties":{"title":"ลานจอดรถวัดเทพลีลาพระอารามหลวง","info":["ที่ตั้ง: ซอยรามคำแหง 41","เขต: บางกะปิ"],"district":"บางกะปิ"},"geometry":{"type":"Point","coordinates":[100.6145,13.75901]}},{"type":"Feature","properties":{"title":"ที่จอดรถตลาดนัดไทยพันธุ์แท้พื้นที่ 1","info":["ที่ตั้ง: ถนนสะแกงาม","เขต: บางขุนเทียน"],"district":"บางขุนเทียน"},"geometry":{"type":"Point","coordinates":[100.43323,13.62943]}},{"type":"Feature","properties":{"title":"ที่จอดรถตลาดนัดไทยพันธุ์แท้พื้นที่ 2","info":["ที่ตั้ง: ถนนสะแกงาม","เขต: บางขุนเทียน"],"district":"บางขุนเทียน"},"geometry":{"type":"Point","coordinates":[100.4329,13.62947]}},{"type":"Feature","properties":{"title":"ที่จอดรถตลาดนัดไทยพันธุ์แท้พื้นที่ 3","info":["ที่ตั้ง: ถนนสะแกงาม","เขต: บางขุนเทียน"],"district":"บางขุนเทียน"},"geometry":{"type":"Point","coordinates":[100.43229,13.62982]}},{"type":"Feature","properties":{"title":"ลานจอดรถวัดศรีบุญเรือง","info":["ที่ตั้ง: ซอยรามคำแหง 107","เขต: บางกะปิ"],"district":"บางกะปิ"},"geometry":{"type":"Point","coordinates":[100.65216,13.76764]}},{"type":"Feature","properties":{"title":"ที่จอดรถวัดไผ่ตัน","info":["ที่ตั้ง: ซอยพหลโยธิน 15","เขต: พญาไท"],"district":"พญาไท"},"geometry":{"type":"Point","coordinates":[100.54837,13.7952]}},{"type":"Feature","properties":{"title":"ลานจอดรถตลาดบุญอนันต์","info":["ที่ตั้ง: ถนนประชาอุทิศ","เขต: ดอนเมือง"],"district":"ดอนเมือง"},"geometry":{"type":"Point","coordinates":[100.58562,13.92696]}},{"type":"Feature","properties":{"title":"ที่จอดรถร้านสวัสดิการกลางกองทัพบก","info":["ที่ตั้ง: ซอยเศรษฐศิริ","เขต: พญาไท"],"district":"พญาไท"},"geometry":{"type":"Point","coordinates":[100.53348,13.7827]}},{"type":"Feature","properties":{"title":"ลานจอดรถวัดดอนเมืองพระอารามหลวง","info":["ที่ตั้ง: ถนนเชิดวุฒากาศ","เขต: ดอนเมือง"],"district":"ดอนเมือง"},"geometry":{"type":"Point","coordinates":[100.60164,13.92253]}},{"type":"Feature","properties":{"title":"เดอะเรสแอเรียแอทประชาชื่น","info":["ที่ตั้ง: ซอยหมู่บ้านชวนชื่นพาร์ควิลล์ 11","เขต: บางซื่อ"],"district":"บางซื่อ"},"geometry":{"type":"Point","coordinates":[100.53377,13.84118]}},{"type":"Feature","properties":{"title":"พีกรีนปาร์คกิ้ง","info":["ที่ตั้ง: ถนนสาทรเหนือ","เขต: บางรัก"],"district":"บางรัก"},"geometry":{"type":"Point","coordinates":[100.53354,13.72312]}},{"type":"Feature","properties":{"title":"ที่จอดรถ","info":["ที่ตั้ง: ถนนพหลโยธิน","เขต: พญาไท"],"district":"พญาไท"},"geometry":{"type":"Point","coordinates":[100.5483,13.79052]}},{"type":"Feature","properties":{"title":"จุดพักรถ","info":["ที่ตั้ง: ทางหลวงพิเศษหมายเลข 7","เขต: ลาดกระบัง"],"district":"ลาดกระบัง"},"geometry":{"type":"Point","coordinates":[100.82346,13.70442]}},{"type":"Feature","properties":{"title":"ที่จอดรถ ช. ช้างยกครก","info":["ที่ตั้ง: ซอยบางนา-ตราด 23","เขต: บางนา"],"district":"บางนา"},"geometry":{"type":"Point","coordinates":[100.6402,13.67462]}},{"type":"Feature","properties":{"title":"ที่จอดรถพิพิธภัณฑ์เด็กกรุงเทพมหานคร","info":["ที่ตั้ง: ถนนกำแพงเพชร 4","เขต: จตุจักร"],"district":"จตุจักร"},"geometry":{"type":"Point","coordinates":[100.5499,13.80338]}},{"type":"Feature","properties":{"title":"ที่จอดรถหัวมุม","info":["ที่ตั้ง: ถนนประดิษฐ์มนูธรรม","เขต: ลาดพร้าว"],"district":"ลาดพร้าว"},"geometry":{"type":"Point","coordinates":[100.62647,13.82494]}},{"type":"Feature","properties":{"title":"ลานจอดรถเพชรบุรีใต้ทางพิเศษศรีรัช (ด่านอโศก 1)","info":["ที่ตั้ง: ถนนจตุรทิศ","เขต: ห้วยขวาง"],"district":"ห้วยขวาง"},"geometry":{"type":"Point","coordinates":[100.56736,13.75222]}},{"type":"Feature","properties":{"title":"ลานจอดรถพระราม 9","info":["ที่ตั้ง: ถนนรัชดาภิเษก","เขต: ห้วยขวาง"],"district":"ห้วยขวาง"},"geometry":{"type":"Point","coordinates":[100.56695,13.76114]}},{"type":"Feature","properties":{"title":"ลานจอดรถสถานีรถไฟฟ้าศูนย์วัฒนธรรมแห่งประเทศไทย ประตู 1","info":["ที่ตั้ง: ถนนรัชดาภิเษก","เขต: ห้วยขวาง"],"district":"ห้วยขวาง"},"geometry":{"type":"Point","coordinates":[100.57136,13.76686]}},{"type":"Feature","properties":{"title":"ลานจอดรถสถานีรถไฟฟ้ารัชดาภิเษก","info":["ที่ตั้ง: ซอยรัชดาภิเษก 24","เขต: ห้วยขวาง"],"district":"ห้วยขวาง"},"geometry":{"type":"Point","coordinates":[100.57522,13.7984]}},{"type":"Feature","properties":{"title":"จุดจอดแล้วจรเจเจกรีน","info":["ที่ตั้ง: ถนนกำแพงเพชร 3","เขต: จตุจักร"],"district":"จตุจักร"},"geometry":{"type":"Point","coordinates":[100.55272,13.80627]}},{"type":"Feature","properties":{"title":"จุดจอดแล้วจรบีทีเอสอุดมสุข","info":["ที่ตั้ง: ซอยสุขุมวิท 66","เขต: บางนา"],"district":"บางนา"},"geometry":{"type":"Point","coordinates":[100.60931,13.68142]}},{"type":"Feature","properties":{"title":"จุดจอดแล้วจรสถานีบีทีเอสตลาดพลู","info":["ที่ตั้ง: ทางคู่ขนานถนนราชพฤกษ์","เขต: ธนบุรี"],"district":"ธนบุรี"},"geometry":{"type":"Point","coordinates":[100.47754,13.71419]}},{"type":"Feature","properties":{"title":"จุดจอดแล้วจรกรุงธนบุรี","info":["ที่ตั้ง: ทางคู่ขนานถนนกรุงธนบุรี","เขต: คลองสาน"],"district":"คลองสาน"},"geometry":{"type":"Point","coordinates":[100.50342,13.72146]}},{"type":"Feature","properties":{"title":"จุดจอดแล้วจรสาทรบิสซิเนสพาร์ค","info":["ที่ตั้ง: ทางคู่ขนานถนนกรุงธนบุรี","เขต: คลองสาน"],"district":"คลองสาน"},"geometry":{"type":"Point","coordinates":[100.49382,13.72138]}},{"type":"Feature","properties":{"title":"ลานจอดรถสถานีรถไฟฟ้าเพชรบุรี","info":["ที่ตั้ง: ถนนอโศก-ดินแดง","เขต: ห้วยขวาง"],"district":"ห้วยขวาง"},"geometry":{"type":"Point","coordinates":[100.56384,13.74963]}},{"type":"Feature","properties":{"title":"ที่จอดรถสวนหลวงสแควร์","info":["ที่ตั้ง: ซอยจุฬาลงกรณ์ 12","เขต: ปทุมวัน"],"district":"ปทุมวัน"},"geometry":{"type":"Point","coordinates":[100.52556,13.74337]}},{"type":"Feature","properties":{"title":"ที่จอดรถแอมพาร์ค","info":["ที่ตั้ง: ซอยจุฬาลงกรณ์ 9","เขต: ปทุมวัน"],"district":"ปทุมวัน"},"geometry":{"type":"Point","coordinates":[100.52492,13.73798]}},{"type":"Feature","properties":{"title":"ที่จอดรถสนามแบดมินตันตีโต้","info":["ที่ตั้ง: ซอยราษฎร์ร่วมเจริญ","เขต: คลองสาน"],"district":"คลองสาน"},"geometry":{"type":"Point","coordinates":[100.49994,13.7234]}},{"type":"Feature","properties":{"title":"ที่จอดรถครัวมุสลิมกับต้นไม้","info":["ที่ตั้ง: ซอยหมู่บ้านเวล่า","เขต: สะพานสูง"],"district":"สะพานสูง"},"geometry":{"type":"Point","coordinates":[100.70241,13.79053]}},{"type":"Feature","properties":{"title":"ลานจอดรถเนโกะปาร์ค","info":["ที่ตั้ง: ถนนประชาพัฒนา","เขต: ลาดกระบัง"],"district":"ลาดกระบัง"},"geometry":{"type":"Point","coordinates":[100.8218,13.71458]}},{"type":"Feature","properties":{"title":"ที่จอดรถเซฟเซ็นเตอร์","info":["ที่ตั้ง: ทางคู่ขนานถนนบรมราชชนนี","เขต: ทวีวัฒนา"],"district":"ทวีวัฒนา"},"geometry":{"type":"Point","coordinates":[100.39621,13.78346]}},{"type":"Feature","properties":{"title":"ที่จอดรถ 35 ฟู้ดพาร์ค","info":["ที่ตั้ง: ซอยแก้วเงินทอง 2","เขต: ตลิ่งชัน"],"district":"ตลิ่งชัน"},"geometry":{"type":"Point","coordinates":[100.45466,13.75676]}},{"type":"Feature","properties":{"title":"ที่จอดรถวัชระคลินิก","info":["ที่ตั้ง: ซอยจรัญสนิทวงศ์ 75 แยก 10","เขต: บางพลัด"],"district":"บางพลัด"},"geometry":{"type":"Point","coordinates":[100.49822,13.79156]}},{"type":"Feature","properties":{"title":"ที่จอดรถรีเจ้นท์โฮม","info":["ที่ตั้ง: ซอยแจ้งวัฒนะ 4","เขต: บางเขน"],"district":"บางเขน"},"geometry":{"type":"Point","coordinates":[100.59339,13.87827]}},{"type":"Feature","properties":{"title":"ที่จอดรถการทางพิเศษแห่งประเทศไทย","info":["ที่ตั้ง: ซอยพหลโยธิน 40 แยก 1","เขต: จตุจักร"],"district":"จตุจักร"},"geometry":{"type":"Point","coordinates":[100.58129,13.84527]}},{"type":"Feature","properties":{"title":"ที่จอดรถเดอะรูมอพาร์ทเมนท์","info":["ที่ตั้ง: ซอยพหลโยธิน 40 แยก 3","เขต: จตุจักร"],"district":"จตุจักร"},"geometry":{"type":"Point","coordinates":[100.58447,13.84431]}},{"type":"Feature","properties":{"title":"ที่จอดรถร้านทีแอนด์เอฟิชชิ่ง","info":["ที่ตั้ง: ซอยพหลโยธิน 48 แยก 20","เขต: บางเขน"],"district":"บางเขน"},"geometry":{"type":"Point","coordinates":[100.60931,13.87946]}},{"type":"Feature","properties":{"title":"ที่จอดรถธัชสราเด็นตัลเซ็นเตอร์","info":["ที่ตั้ง: ซอยปรีดี พนมยงค์ 15 แยก 2","เขต: วัฒนา"],"district":"วัฒนา"},"geometry":{"type":"Point","coordinates":[100.59477,13.72154]}},{"type":"Feature","properties":{"title":"ที่จอดรถร้านดีพเลิฟ","info":["ที่ตั้ง: ซอยหมู่บ้านศรัณจิต 3","เขต: พระโขนง"],"district":"พระโขนง"},"geometry":{"type":"Point","coordinates":[100.63518,13.67844]}},{"type":"Feature","properties":{"title":"ที่จอดรถเลี่ยงฮวด","info":["ที่ตั้ง: ซอยอุดมสุข 49","เขต: พระโขนง"],"district":"พระโขนง"},"geometry":{"type":"Point","coordinates":[100.63438,13.67924]}},{"type":"Feature","properties":{"title":"ลานจอดรถนิฮอนมูระมอลล์","info":["ที่ตั้ง: ซอยสุขุมวิท 49","เขต: วัฒนา"],"district":"วัฒนา"},"geometry":{"type":"Point","coordinates":[100.57627,13.73158]}},{"type":"Feature","properties":{"title":"ที่จอดรถโนโวลทาวเวอร์โซนบี","info":["ที่ตั้ง: ซอยประชาชื่น 30","เขต: บางซื่อ"],"district":"บางซื่อ"},"geometry":{"type":"Point","coordinates":[100.53519,13.83759]}},{"type":"Feature","properties":{"title":"ที่จอดรถโนโวลทาวเวอร์โซนเอ","info":["ที่ตั้ง: ซอยประชาชื่น 30","เขต: บางซื่อ"],"district":"บางซื่อ"},"geometry":{"type":"Point","coordinates":[100.53479,13.83808]}},{"type":"Feature","properties":{"title":"ที่จอดรถปาป้าชาบูฟาร์ม","info":["ที่ตั้ง: ซอยนวลจันทร์ 34","เขต: บึงกุ่ม"],"district":"บึงกุ่ม"},"geometry":{"type":"Point","coordinates":[100.64161,13.82682]}},{"type":"Feature","properties":{"title":"ที่จอดรถลูกค้าร้านฮอนโมโนซูชิ","info":["ที่ตั้ง: ซอยทองหล่อ 23","เขต: วัฒนา"],"district":"วัฒนา"},"geometry":{"type":"Point","coordinates":[100.58222,13.73824]}},{"type":"Feature","properties":{"title":"ที่จอดรถบริษัท ไพรเวทเนอวานา จำกัด","info":["ที่ตั้ง: ซอยโยธินพัฒนา 11 แยก 7","เขต: บางกะปิ"],"district":"บางกะปิ"},"geometry":{"type":"Point","coordinates":[100.62103,13.8052]}},{"type":"Feature","properties":{"title":"ที่จอดรถป๋าเฉลิมชัยเกสท์เฮ้าส์","info":["ที่ตั้ง: ซอยอ่อนนุช 65 แยก 5","เขต: ประเวศ"],"district":"ประเวศ"},"geometry":{"type":"Point","coordinates":[100.68115,13.72573]}},{"type":"Feature","properties":{"title":"ที่จอดรถอุทยาน 100 ปีจุฬาลงกรมหาวิทยาลัย","info":["เขต: ปทุมวัน"],"district":"ปทุมวัน"},"geometry":{"type":"Point","coordinates":[100.52292,13.73961]}},{"type":"Feature","properties":{"title":"ออฟฟิตฟอร์เร้นท์","info":["ที่ตั้ง: ถนนอโศกมนตรี","เขต: วัฒนา"],"district":"วัฒนา"},"geometry":{"type":"Point","coordinates":[100.56172,13.74571]}},{"type":"Feature","properties":{"title":"ที่จอดรถโครงการโอโซโน่","info":["ที่ตั้ง: ซอยเพชรบุรี 38/1","เขต: วัฒนา"],"district":"วัฒนา"},"geometry":{"type":"Point","coordinates":[100.57293,13.74485]}},{"type":"Feature","properties":{"title":"ที่จอดรถอาคารรวมทนุไทย","info":["ที่ตั้ง: ถนนมหาไชย","เขต: พระนคร"],"district":"พระนคร"},"geometry":{"type":"Point","coordinates":[100.50308,13.74516]}},{"type":"Feature","properties":{"title":"ที่จอดรถการค้าออลเวย์วัน","info":["ที่ตั้ง: ถนนมหาไชย","เขต: พระนคร"],"district":"พระนคร"},"geometry":{"type":"Point","coordinates":[100.50322,13.74553]}},{"type":"Feature","properties":{"title":"ที่จอดรถเฮงหูฉลาม","info":["ที่ตั้ง: ซอยรัชดาภิเษก 7","เขต: ดินแดง"],"district":"ดินแดง"},"geometry":{"type":"Point","coordinates":[100.57255,13.77271]}},{"type":"Feature","properties":{"title":"ที่จอดรถสายลมวัน","info":["ที่ตั้ง: ซอยสายลม 1","เขต: พญาไท"],"district":"พญาไท"},"geometry":{"type":"Point","coordinates":[100.54935,13.77993]}},{"type":"Feature","properties":{"title":"ที่จอดรถทีเอซีเฮ้าส์","info":["ที่ตั้ง: ซอยร่วมฤดี","เขต: ปทุมวัน"],"district":"ปทุมวัน"},"geometry":{"type":"Point","coordinates":[100.55005,13.7422]}},{"type":"Feature","properties":{"title":"ที่จอดรถผู้มาทำบุญไต้ฮงกงมูลนิธิป่อเต็กตึ๊ง","info":["ที่ตั้ง: ถนนพลับพลาไชย","เขต: ป้อมปราบศัตรูพ่าย"],"district":"ป้อมปราบศัตรูพ่าย"},"geometry":{"type":"Point","coordinates":[100.51073,13.74431]}},{"type":"Feature","properties":{"title":"อาคารจอดรถ","info":["ที่ตั้ง: ซอยรามคำแหง 115","เขต: บางกะปิ"],"district":"บางกะปิ"},"geometry":{"type":"Point","coordinates":[100.65458,13.77037]}},{"type":"Feature","properties":{"title":"ที่จอดรถ","info":["ที่ตั้ง: ซอยสุขุมวิท 35","เขต: วัฒนา"],"district":"วัฒนา"},"geometry":{"type":"Point","coordinates":[100.56924,13.73155]}},{"type":"Feature","properties":{"title":"จุดจอดแล้วจรเทสโก้โลตัสพระราม 3","info":["ที่ตั้ง: ซอยหมู่บ้านบ้านกลางกรุง สาทร-นราธิวาสราชนครินทร์","เขต: ยานนาวา"],"district":"ยานนาวา"},"geometry":{"type":"Point","coordinates":[100.54135,13.69656]}},{"type":"Feature","properties":{"title":"จุดจอดแล้วจรโรบินสันบางรัก","info":["ที่ตั้ง: ซอยเจริญกรุง 50","เขต: บางรัก"],"district":"บางรัก"},"geometry":{"type":"Point","coordinates":[100.51508,13.71975]}},{"type":"Feature","properties":{"title":"จุดจอดแล้วจรดิอัพพระราม 3","info":["ที่ตั้ง: ถนนรัชดาภิเษก","เขต: ยานนาวา"],"district":"ยานนาวา"},"geometry":{"type":"Point","coordinates":[100.54054,13.70027]}},{"type":"Feature","properties":{"title":"จุดจอดแล้วจรบิ๊กซีสะพานควาย","info":["ที่ตั้ง: ถนนพหลโยธิน","เขต: พญาไท"],"district":"พญาไท"},"geometry":{"type":"Point","coordinates":[100.54953,13.79142]}},{"type":"Feature","properties":{"title":"จุดจอดแล้วจรดีดีมอลล์","info":["ที่ตั้ง: ถนนกำแพงเพชร 2","เขต: จตุจักร"],"district":"จตุจักร"},"geometry":{"type":"Point","coordinates":[100.54799,13.79912]}},{"type":"Feature","properties":{"title":"จุดจอดแล้วจรเจเจมอลล์","info":["ที่ตั้ง: ถนนกำแพงเพชร 2","เขต: จตุจักร"],"district":"จตุจักร"},"geometry":{"type":"Point","coordinates":[100.54924,13.80197]}},{"type":"Feature","properties":{"title":"จุดจอดแล้วจรเทสโก้โลตัสประชาชื่น","info":["ที่ตั้ง: ซอยประชาชื่น 2 แยก 6","เขต: บางซื่อ"],"district":"บางซื่อ"},"geometry":{"type":"Point","coordinates":[100.53446,13.80596]}},{"type":"Feature","properties":{"title":"จุดจอดแล้วจรเทสโก้โลตัสลาดพร้าว","info":["ที่ตั้ง: ถนนพหลโยธิน","เขต: จตุจักร"],"district":"จตุจักร"},"geometry":{"type":"Point","coordinates":[100.56364,13.81787]}},{"type":"Feature","properties":{"title":"จุดจอดแล้วจรซีคอนบางแค","info":["ที่ตั้ง: ถนนเพชรเกษม","เขต: ภาษีเจริญ"],"district":"ภาษีเจริญ"},"geometry":{"type":"Point","coordinates":[100.43457,13.71186]}}]}