{"type":"FeatureCollection","features":[{"type":"Feature","properties":{"title":"โรงเรียนวังเล็กวิทยานุสรณ์","info":["พื้นที่: 9 ไร่ 3 งาน 72 ตารางวา","ผู้ติดต่อ: นางสาวกรุณา อาดัม","ตำแหน่ง: ผอ.รร."],"district":"มีนบุรี","address":"13/1 หมู่ 17 ถ.สุวินทวงศ์ 28 แขวงมีนบุรี เขตมีนบุรี","capacity":200,"tel":["0819322713"],"facilities":["ไฟฟ้า","ประปา","ห้องน้ำ","สื่อสาร","การเดินทาง","จัดการขยะ","สิ่งอำนวยความสะดวกกลุ่มเปราะบาง"]},"geometry":{"type":"Point","coordinates":[100.77038,13.80331]}},{"type":"Feature","properties":{"title":"วัดทุ่งครุ","info":["พื้นที่: 800 ตร.ม.","ผู้ติดต่อ: พระครูสุนทรจารุวรรณ , พระครูโอภาสจริยานุวัตร","ตำแหน่ง: เจ้าอาวาสวัดทุ่งครุ , ผู้ช่วยเจ้าอาวาสวัดทุ่งครุ"],"district":"ทุ่งครุ","address":"42 ชุมชนหมู่ 5 ทุ่งครุ ถ.ประชาอุทิศ แขวงทุ่งครุ เขตทุ่งครุ","capacity":80,"tel":["024641184","0892070241"],"facilities":["ไฟฟ้า","ประปา","ห้องน้ำ","สื่อสาร","การเดินทาง","จัดการขยะ"]},"geometry":{"type":"Point","coordinates":[100.51051,13.61891]}},{"type":"Feature","properties":{"title":"ศูนย์กีฬาเฉลิมพระเกียรติ (บางมด)","info":["พื้นที่: 1800 ตร.ม.","ผู้ติดต่อ: นายต้นสัก รื่นเอม","ตำแหน่ง: หัวหน้าศูนย์กีฬาเฉลิมพระเกียรติ"],"district":"ทุ่งครุ","address":"60/1 ถ.พุทธบูชา แขวงบางมด เขตทุ่งครุ","capacity":180,"tel":["024622614","024622612"],"facilities":["ไฟฟ้า","ประปา","ห้องน้ำ","สื่อสาร","การเดินทาง","จัดการขยะ"]},"geometry":{"type":"Point","coordinates":[100.49413,13.64729]}},{"type":"Feature","properties":{"title":"โรงเรียนนาหลวง","info":["พื้นที่: 600 ตร.ม.","ผู้ติดต่อ: น.ส.เพ็ญลักษณ์ บุญความดี","ตำแหน่ง: ผู้อำนวยการสถานศึกษา"],"district":"ทุ่งครุ","address":"379/1 ถ.พุทธบูชา แขวงบางมด เขตทุ่งครุ","capacity":60,"tel":["024275630"],"facilities":["ไฟฟ้า","ประปา","ห้องน้ำ","สื่อสาร","การเดินทาง","จัดการขยะ"]},"geometry":{"type":"Point","coordinates":[100.49467,13.64821]}},{"type":"Feature","properties":{"title":"โรงเรียนราษฎร์บูรณะ (มูฮำหมัดอุทิศ)","info":["พื้นที่: 450 ตร.ม.","ผู้ติดต่อ: น.ส.รุ่งทิพย์ ยอดประดู่","ตำแหน่ง: ผู้อำนวยการสถานศึกษา"],"district":"ทุ่งครุ","address":"67/1 ถ.ประชาอุทิศ แขวงทุ่งครุ เขตทุ่งครุ","capacity":45,"tel":["024260220"],"facilities":["ไฟฟ้า","ประปา","ห้องน้ำ","สื่อสาร","การเดินทาง","จัดการขยะ"]},"geometry":{"type":"Point","coordinates":[100.50341,13.63487]}},{"type":"Feature","properties":{"title":"โรงเรียนวัดทุ่งครุ(พึ่งสายอนุสรณ์)","info":["พื้นที่: 900 ตร.ม.","ผู้ติดต่อ: นายปราโมทย์ อินทรสุชาติ","ตำแหน่ง: ผู้อำนวยการสถานศึกษา"],"district":"ทุ่งครุ","address":"467 ถ.ประชาอุทิศ แขวงทุ่งครุ เขตทุ่งครุ","capacity":90,"tel":["024637295"],"facilities":["ไฟฟ้า","ประปา","ห้องน้ำ","สื่อสาร","การเดินทาง","จัดการขยะ"]},"geometry":{"type":"Point","coordinates":[100.51196,13.61937]}},{"type":"Feature","properties":{"title":"โรงเรียนวัดดอนเมือง(ทหารอากาศอุทิศ)","info":["พื้นที่: 4 ไร่ 3 งาน 72 ตารางวา","ผู้ติดต่อ: นางสาววาลิกา สุขวิเศษ","ตำแหน่ง: ผู้อำนวยการสถานศึกษา"],"district":"ดอนเมือง","address":"0.25 ถ.เชิดวุฒากาศ แขวงดอนเมือง เขตดอนเมือง","capacity":100,"tel":["0 2566 1918","0 2566 2862"],"facilities":["ไฟฟ้า","ประปา","ห้องน้ำ","สื่อสาร","การเดินทาง","จัดการขยะ","สิ่งอำนวยความสะดวกกลุ่มเปราะบาง"]},"geometry":{"type":"Point","coordinates":[100.60131,13.9216]}},{"type":"Feature","properties":{"title":"โรงเรียนประชาอุทิศ","info":["พื้นที่: 7 ไร่ 3 งาน","ผู้ติดต่อ: นางสาววรรณพร ศิลาขาว","ตำแหน่ง: ผู้อำนวยการสถานศึกษา"],"district":"ดอนเมือง","address":"116 ถ.ประชาอุทิศ 6 แขวงดอนเมือง เขตดอนเมือง","capacity":100,"tel":["0 2565 2525","0 2928 2980"],"facilities":["ไฟฟ้า","ประปา","ห้องน้ำ","สื่อสาร","การเดินทาง","จัดการขยะ","สิ่งอำนวยความสะดวกกลุ่มเปราะบาง"]},"geometry":{"type":"Point","coordinates":[100.58468,13.92305]}},{"type":"Feature","properties":{"title":"โรงเรียนเปรมประชา (สายหยุด-เกษมสงเคราะห์)","info":["พื้นที่: 5 ไร่ 7 ตารางวา","ผู้ติดต่อ: นายภัททิยะ ชำนาญเอื้อ","ตำแหน่ง: ผู้อำนวยการสถานศึกษา"],"district":"ดอนเมือง","address":"209 ถ.วิภาวดีรังสิต แขวงสีกัน เขตดอนเมือง","capacity":100,"tel":["025362196"],"facilities":["ไฟฟ้า","ประปา","ห้องน้ำ","สื่อสาร","การเดินทาง","จัดการขยะ","สิ่งอำนวยความสะดวกกลุ่มเปราะบาง"]},"geometry":{"type":"Point","coordinates":[100.60584,13.94788]}},{"type":"Feature","properties":{"title":"โรงเรียนพหลโยธิน (พ่วงเจริญอุปถัมภ์)","info":["พื้นที่: 4 ไร่","ผู้ติดต่อ: นางสุพัคสรา ภิรัฐพงศ์ธนากร","ตำแหน่ง: ผู้อำนวยการสถานศึกษา"],"district":"ดอนเมือง","address":"113/1 ถ.วิภาวดีรังสิต แขวงสนามบิน เขตดอนเมือง","capacity":100,"tel":["025313005"],"facilities":["ไฟฟ้า","ประปา","ห้องน้ำ","สื่อสาร","การเดินทาง","จัดการขยะ","สิ่งอำนวยความสะดวกกลุ่มเปราะบาง"]},"geometry":{"type":"Point","coordinates":[100.61599,13.94947]}},{"type":"Feature","properties":{"title":"โรงเรียนวัดเวฬุวนาราม","info":["พื้นที่: 6 ไร่ 3 งาน 75 ตารางวา","ผู้ติดต่อ: นางรัจดา หงษ์ทอง","ตำแหน่ง: ผู้อำนวยการสถานศึกษา"],"district":"ดอนเมือง","address":"678 ถ.เวฬุวนาราม แขวงดอนเมือง เขตดอนเมือง","capacity":100,"tel":["0 2573 4956","0 2983 3477"],"facilities":["ไฟฟ้า","ประปา","ห้องน้ำ","สื่อสาร","การเดินทาง","จัดการขยะ","สิ่งอำนวยความสะดวกกลุ่มเปราะบาง"]},"geometry":{"type":"Point","coordinates":[100.5666,13.91429]}},{"type":"Feature","properties":{"title":"โรงเรียนวัดทองนพคุณ","info":["พื้นที่: 200","ผู้ติดต่อ: นางสุภาวรรณ พวงบุญมี","ตำแหน่ง: ประธานชุมชน"],"district":"คลองสาน","address":"195 ชุมชนวัดทองนพคุณ ถ.สมเด็จเจ้าพระยา แขวงคลองสาน เขตคลองสาน","capacity":50,"tel":["084-775-3689"],"facilities":["ไฟฟ้า","ประปา","ห้องน้ำ","สื่อสาร","การเดินทาง","จัดการขยะ"]},"geometry":{"type":"Point","coordinates":[100.50102,13.72866]}},{"type":"Feature","properties":{"title":"โรงเรียนวัดทองนพคุณ","info":["พื้นที่: 200","ผู้ติดต่อ: นายทรงพล สังข์ชาวนา","ตำแหน่ง: ประธานชุมชน"],"district":"คลองสาน","address":"19 ชุมชนหลัง ร.พ.สมเด็จเจ้าพระยา ถ.ลาดหญ้า แขวงคลองสาน เขตคลองสาน","capacity":50,"tel":["089-495-1737"],"facilities":["ไฟฟ้า","ประปา","ห้องน้ำ","สื่อสาร","การเดินทาง","จัดการขยะ"]},"geometry":{"type":"Point","coordinates":[100.50102,13.72866]}},{"type":"Feature","properties":{"title":"โรงเรียนวัดทองธรรมชาติ","info":["พื้นที่: 400","ผู้ติดต่อ: นายอศาล สาเกิด","ตำแหน่ง: ประธานชุมชน"],"district":"คลองสาน","address":"200 ชุมชนซอยแยกถนนเชียงใหม่ ถ.เชียงใหม่ แขวงคลองสาน เขตคลองสาน","capacity":100,"tel":["081-480-1886"],"facilities":["ไฟฟ้า","ประปา","ห้องน้ำ","สื่อสาร","การเดินทาง","จัดการขยะ"]},"geometry":{"type":"Point","coordinates":[100.50651,13.73406]}},{"type":"Feature","properties":{"title":"โรงเรียนวัดทองธรรมชาติ","info":["พื้นที่: 400","ผู้ติดต่อ: นายพิทักษ์ องค์อุดมลักษณ์","ตำแหน่ง: ประธานชุมชน"],"district":"คลองสาน","address":"93 ชุมชนชาวประชาท่าดินแดง ถ.ท่าดินแดง แขวงคลองสาน เขตคลองสาน","capacity":100,"tel":["089-797-3555"],"facilities":["ไฟฟ้า","ประปา","ห้องน้ำ","สื่อสาร","การเดินทาง","จัดการขยะ"]},"geometry":{"type":"Point","coordinates":[100.50102,13.72866]}},{"type":"Feature","properties":{"title":"โรงเรียนวัดทองธรรมชาติ","info":["พื้นที่: 400","ผู้ติดต่อ: นายฤทธิ์ชอบ กฤษณคุปต์","ตำแหน่ง: ประธานชุมชน"],"district":"คลองสาน","address":"299 ชุมชนซอยท่าดินแดง 14 - 16 ถ.ท่าดินแดง แขวงคลองสาน เขตคลองสาน","capacity":100,"tel":["086-889-0659"],"facilities":["ไฟฟ้า","ประปา","ห้องน้ำ","สื่อสาร","การเดินทาง","จัดการขยะ"]},"geometry":{"type":"Point","coordinates":[100.50102,13.72866]}},{"type":"Feature","properties":{"title":"วัดสุวรรณ","info":["พื้นที่: 200","ผู้ติดต่อ: นางนาง จันทะมาน","ตำแหน่ง: ประธานชุมชน"],"district":"คลองสาน","address":"90 ชุมชนซอยเจริญรัถ 5 ถ.เจริญรัถ แขวงคลองสาน เขตคลองสาน","capacity":50,"tel":["099-196-2494"],"facilities":["ไฟฟ้า","ประปา","ห้องน้ำ","สื่อสาร","การเดินทาง","จัดการขยะ"]},"geometry":{"type":"Point","coordinates":[100.50102,13.72866]}},{"type":"Feature","properties":{"title":"โรงเรียนวัดทองธรรมชาติ","info":["พื้นที่: 400","ผู้ติดต่อ: น.ส.อมรรัตน์ แก้วเรณู","ตำแหน่ง: ประธานชุมชน"],"district":"คลองสาน","address":"106 ชุมชนวัดทองธรรมชาติ ถ.สมเด็จเจ้าพระยา แขวงคลองสาน เขตคลองสาน","capacity":100,"tel":["088-019-9766"],"facilities":["ไฟฟ้า","ประปา","ห้องน้ำ","สื่อสาร","การเดินทาง","จัดการขยะ"]},"geometry":{"type":"Point","coordinates":[100.50102,13.72866]}},{"type":"Feature","properties":{"title":"โรงเรียนวัดทองเพลง","info":["พื้นที่: 400","ผู้ติดต่อ: น.ส.นงลักษณ์ ดำรงสิริรัช","ตำแหน่ง: ประธานชุมชน"],"district":"คลองสาน","address":"166 ชุมชนสองร้อยห้อง ถ.เจริญนคร แขวงคลองต้นไทร เขตคลองสาน","capacity":100,"tel":["099-979-6639"],"facilities":["ไฟฟ้า","ประปา","ห้องน้ำ","สื่อสาร","การเดินทาง","จัดการขยะ"]},"geometry":{"type":"Point","coordinates":[100.50102,13.72866]}},{"type":"Feature","properties":{"title":"ศาลเจ้าอาเหนียว","info":["พื้นที่: 200","ผู้ติดต่อ: นายอุดมศักดิ์ นันทาพาณิชย์กุล","ตำแหน่ง: ประธานชุมชน"],"district":"คลองสาน","address":"629 ชุมชนศาลเจ้าอาเหนียว ถ.สมเด็จพระเจ้าตากสิน แขวงคลองต้นไทร เขตคลองสาน","capacity":50,"tel":["088-842-2622"],"facilities":["ไฟฟ้า","ประปา","ห้องน้ำ","สื่อสาร","การเดินทาง","จัดการขยะ"]},"geometry":{"type":"Point","coordinates":[100.49389,13.7222]}},{"type":"Feature","properties":{"title":"ศาลเจ้าอาเหนียว","info":["พื้นที่: 200","ผู้ติดต่อ: นายสมศักดิ์ ตันตินราศักดิ์","ตำแหน่ง: ประธานชุมชน"],"district":"คลองสาน","address":"63-65 ชุมชนหลังโรงภาพยนตร์ไทยราม่า ถ.สมเด็จพระเจ้าตากสิน แขวงคลองต้นไทร เขตคลองสาน","capacity":50,"tel":["081-836-2449"],"facilities":["ไฟฟ้า","ประปา","ห้องน้ำ","สื่อสาร","การเดินทาง","จัดการขยะ"]},"geometry":{"type":"Point","coordinates":[100.50102,13.72866]}},{"type":"Feature","properties":{"title":"วัดสุวรรณ","info":["พื้นที่: 200","ผู้ติดต่อ: นายธนกร จันทร์ศรี","ตำแหน่ง: ประธานชุมชน"],"district":"คลองสาน","address":"48 ชุมชนซอยเจริญรัถ 12 ถ.เจริญรัถ แขวงคลองต้นไทร เขตคลองสาน","capacity":50,"tel":["099-331-9009"],"facilities":["ไฟฟ้า","ประปา","ห้องน้ำ","สื่อสาร","การเดินทาง","จัดการขยะ"]},"geometry":{"type":"Point","coordinates":[100.50102,13.72866]}},{"type":"Feature","properties":{"title":"โรงเรียนบำรุงรวิวรรณวิทยา","info":["พื้นที่: 15 ไร่","ผู้ติดต่อ: นางเขมสุภางค์ สุขประกอบ","ตำแหน่ง: ผู้อำนวยการสถานศึกษา"],"district":"ดอนเมือง","address":"501 ถ.เดชะตุงคะ แขวงสีกัน เขตดอนเมือง","capacity":100,"tel":["029292172"],"facilities":["ไฟฟ้า","ประปา","ห้องน้ำ","สื่อสาร","การเดินทาง","จัดการขยะ","สิ่งอำนวยความสะดวกกลุ่มเปราะบาง"]},"geometry":{"type":"Point","coordinates":[100.58369,13.93984]}},{"type":"Feature","properties":{"title":"สำนักงานเขตจตุจักร","info":["พื้นที่: 1615.7","ผู้ติดต่อ: นายพรเลิศ เพ็ญพาส","ตำแหน่ง: ผู้อำนวยการเขต"],"district":"จตุจักร","address":"5 ถ.ซอยวิภาวดีรังสิต 34 แขวงจตุจักร เขตจตุจักร","capacity":460,"tel":["025139944"],"facilities":["ไฟฟ้า","ประปา","ห้องน้ำ","สื่อสาร","การเดินทาง","จัดการขยะ","สิ่งอำนวยความสะดวกกลุ่มเปราะบาง"]},"geometry":{"type":"Point","coordinates":[100.55997,13.82864]}},{"type":"Feature","properties":{"title":"โรงเรียนวัดเสมียนนารี","info":["พื้นที่: 3956.8","ผู้ติดต่อ: นางวารี สิริพร","ตำแหน่ง: ผู้อำนวยสถานศึกษา"],"district":"จตุจักร","address":"32 ชุมชนประชาร่วมใจ 1 ชุมชนประชาร่วมใจ 2 ชุมชนเวียนกง ชุมชนสวนผัก ชุมชนรถไฟ ถ.กำแพงเพชร 6 แขวงลาดนาว เขตจตุจักร","capacity":1130,"tel":["025894936"],"facilities":["ไฟฟ้า","ประปา","ห้องน้ำ","สื่อสาร","การเดินทาง","จัดการขยะ","สิ่งอำนวยความสะดวกกลุ่มเปราะบาง"]},"geometry":{"type":"Point","coordinates":[100.5562,13.84051]}},{"type":"Feature","properties":{"title":"โรงเรียนวัดเทวสุนทร","info":["พื้นที่: 5712","ผู้ติดต่อ: นางสาวกัลยา เปานาเรียง","ตำแหน่ง: ผู้อำนวยสถานศึกษา"],"district":"จตุจักร","address":"1 ชุมชนสามัคคี เทวสุนทร ชุมชนหมู่บ้าน ไพฑูรย์นิเวศน์ ชุมชนประชาร่วมใจ ๑ ชุมชนวัดเทวสุนทร ถ.วิภาวดีรังสิต แขวงลาดยาว เขตจตุจักร","capacity":1638,"tel":["025896361"],"facilities":["ไฟฟ้า","ประปา","ห้องน้ำ","สื่อสาร","การเดินทาง","จัดการขยะ","สิ่งอำนวยความสะดวกกลุ่มเปราะบาง"]},"geometry":{"type":"Point","coordinates":[100.56232,13.85412]}},{"type":"Feature","properties":{"title":"โรงเรียนบ้านลาดพร้าว (สาคร - สุ่น พานิชเฮง)","info":["พื้นที่: 3568","ผู้ติดต่อ: นางณาตยา บุญเสริม","ตำแหน่ง: ผู้อำนวยสถานศึกษา"],"district":"จตุจักร","address":"148/16-13 ขุมชนหลังตลาดสุภาพงษ์ ชุมชนหลังคลองลาดพร้าว ถ.ซอยลาดพร้าว 41 แขวงจันทรเกษม เขตจตุจักร","capacity":1019,"tel":["025418512"],"facilities":["ไฟฟ้า","ประปา","ห้องน้ำ","สื่อสาร","การเดินทาง","จัดการขยะ","สิ่งอำนวยความสะดวกกลุ่มเปราะบาง"]},"geometry":{"type":"Point","coordinates":[100.58822,13.80474]}},{"type":"Feature","properties":{"title":"โรงเรียนรัตนโกสินทร์สมโภช (ราชทัณฑ์อุปถัมภ์)","info":["พื้นที่: 21692","ผู้ติดต่อ: นายรัฐพงษ์ รัฐสมุทร","ตำแหน่ง: ผู้อำนวยสถานศึกษา"],"district":"จตุจักร","address":"111 ถ.งามวงศ์วาน แขวงลาดยาว เขตจตุจักร","capacity":6197,"tel":["025892054"],"facilities":["ไฟฟ้า","ประปา","ห้องน้ำ","สื่อสาร","การเดินทาง","จัดการขยะ","สิ่งอำนวยความสะดวกกลุ่มเปราะบาง"]},"geometry":{"type":"Point","coordinates":[100.54907,13.84699]}},{"type":"Feature","properties":{"title":"โรงเรียนเสนานิคม","info":["พื้นที่: 7892","ผู้ติดต่อ: นางสาวชุมศรี ไพบูลน์กุลกร","ตำแหน่ง: ผู้อำนวยสถานศึกษา"],"district":"จตุจักร","address":"1242 ถ.พหลโยธิน 32 แขวงจันทรเกษม เขตจตุจักร","capacity":2254,"tel":["025795543"],"facilities":["ไฟฟ้า","ประปา","ห้องน้ำ","สื่อสาร","การเดินทาง","จัดการขยะ","สิ่งอำนวยความสะดวกกลุ่มเปราะบาง"]},"geometry":{"type":"Point","coordinates":[100.54915,13.79949]}},{"type":"Feature","properties":{"title":"โรงเรียนประชานิเวศน์","info":["พื้นที่: 8428","ผู้ติดต่อ: นางดวงสุมาลย์ ชื่นชูจิตร์","ตำแหน่ง: ผู้อำนวยสถานศึกษา"],"district":"จตุจักร","address":"ถ.เทศบาลรังรักษ์เหนือ แขวงลาดยาว เขตจตุจักร","capacity":2408,"tel":["025884028"],"facilities":["ไฟฟ้า","ประปา","ห้องน้ำ","สื่อสาร","การเดินทาง","จัดการขยะ","สิ่งอำนวยความสะดวกกลุ่มเปราะบาง"]},"geometry":{"type":"Point","coordinates":[100.54675,13.84379]}},{"type":"Feature","properties":{"title":"โรงเรียนมัธยมประชานิเวศน์","info":["พื้นที่: 11200","ผู้ติดต่อ: นางสดใส ศรีสวัสดิ์","ตำแหน่ง: ผู้อำนวยสถานศึกษา"],"district":"จตุจักร","address":"51 ถ.เทศบาลนิมิตเหนือ แขวงลาดยาว เขตจตุจักร","capacity":3200,"tel":["025915474"],"facilities":["ไฟฟ้า","ประปา","ห้องน้ำ","สื่อสาร","การเดินทาง","จัดการขยะ","สิ่งอำนวยความสะดวกกลุ่มเปราะบาง"]},"geometry":{"type":"Point","coordinates":[100.54827,13.84165]}},{"type":"Feature","properties":{"title":"สวนสมเด็จพระนางเจ้าสิริกิติ์","info":["พื้นที่: 332800","ผู้ติดต่อ: นางประเพ็ญ ดิษฐสุวรรณ","ตำแหน่ง: หัวหน้าสวน"],"district":"จตุจักร","address":"ถ.กำแพงเพชร 2 แขวงจตุจักร เขตจตุจักร","capacity":75085,"tel":["022724374"],"facilities":["ไฟฟ้า","ประปา","ห้องน้ำ","สื่อสาร","การเดินทาง","จัดการขยะ","สิ่งอำนวยความสะดวกกลุ่มเปราะบาง"]},"geometry":{"type":"Point","coordinates":[100.54915,13.79949]}},{"type":"Feature","properties":{"title":"สวนวชิรเบญจทัศ","info":["พื้นที่: 600000","ผู้ติดต่อ: นางสาวเที่ยง กลางมณี","ตำแหน่ง: หัวหน้าสวน"],"district":"จตุจักร","address":"ถ.กำแพงเพชร 3 แขวงจตุจักร เขตจตุจักร","capacity":171428,"tel":["025379221"],"facilities":["ไฟฟ้า","ประปา","ห้องน้ำ","สื่อสาร","การเดินทาง","จัดการขยะ","สิ่งอำนวยความสะดวกกลุ่มเปราะบาง"]},"geometry":{"type":"Point","coordinates":[100.54915,13.79949]}},{"type":"Feature","properties":{"title":"สวนจตุจักร","info":["พื้นที่: 304000","ผู้ติดต่อ: นางสาวศนิษา พงษ์พิทักษ์","ตำแหน่ง: หัวหน้าสวน"],"district":"จตุจักร","address":"ถ.กำแพงเพชร 1 แขวงจตุจักร เขตจตุจักร","capacity":86857,"tel":["022724575"],"facilities":["ไฟฟ้า","ประปา","ห้องน้ำ","สื่อสาร","การเดินทาง","จัดการขยะ","สิ่งอำนวยความสะดวกกลุ่มเปราะบาง"]},"geometry":{"type":"Point","coordinates":[100.54915,13.79949]}},{"type":"Feature","properties":{"title":"โรงเรียนคันนายาว (ธารินเจริญสงเคราะห์)","info":["พื้นที่: 3 ไร่ 3 งาน 4 ตารางวา","ผู้ติดต่อ: นายชัยยนต์ เสรีเรืองยุทธ","ตำแหน่ง: ผู้อำนวยการสถานศึกษา"],"district":"คันนายาว","address":"37 ถ.ซอยเสรีไทย 50 แขวงคันนายาว เขตคันนายาว","capacity":30,"tel":["083-420-3621"],"facilities":["ไฟฟ้า","ประปา","ห้องน้ำ","สื่อสาร","การเดินทาง","จัดการขยะ"]},"geometry":{"type":"Point","coordinates":[100.69488,13.79331]}},{"type":"Feature","properties":{"title":"โรงเรียนจินดาบำรุง","info":["พื้นที่: 3 ไร่ 15 ตารางวา","ผู้ติดต่อ: นางณัฐชานันท์ มีผลกิจจารุกร","ตำแหน่ง: ผู้อำนวยการสถานศึกษา"],"district":"คันนายาว","address":"37 ถ.ซอยคู้บอน 13 แขวงรามอินทรา เขตคันนายาว","capacity":70,"tel":["081-905-1755"],"facilities":["ไฟฟ้า","ประปา","ห้องน้ำ","สื่อสาร","การเดินทาง","จัดการขยะ"]},"geometry":{"type":"Point","coordinates":[100.6595,13.84835]}},{"type":"Feature","properties":{"title":"ศูนย์เยาวชนคลองเตย","info":["พื้นที่: 750","ผู้ติดต่อ: นายวิชัย ชาญศรี","ตำแหน่ง: หัวหน้าศูนย์เยาวชน"],"district":"คลองเตย","address":"เขตคลองเตย","capacity":200,"tel":["023502482"],"facilities":["ไฟฟ้า","ประปา","ห้องน้ำ","สื่อสาร","การเดินทาง","จัดการขยะ","สิ่งอำนวยความสะดวกกลุ่มเปราะบาง"]},"geometry":{"type":"Point","coordinates":[100.56852,13.71102]}},{"type":"Feature","properties":{"title":"อาคารเอนกประสงค์วัดประชาระบือธรรม","info":["พื้นที่: 7 ตารางเมตร","ผู้ติดต่อ: นายสิทธิชัย เลิศอนันต์","ตำแหน่ง: ประธานชุมชนวัดประชาระบือธรรม 1"],"district":"ดุสิต","address":"161 วัดประชาระบือธรรม ถ.พระราม 5 แขวงถนนนครไชยศรี เขตดุสิต","capacity":50,"tel":["0637805804"],"facilities":["ไฟฟ้า","ประปา","ห้องน้ำ","สื่อสาร","การเดินทาง","จัดการขยะ","สิ่งอำนวยความสะดวกกลุ่มเปราะบาง"]},"geometry":{"type":"Point","coordinates":[100.51809,13.78183]}},{"type":"Feature","properties":{"title":"รร.วัดจันทรสโมสร","info":["พื้นที่: 3970","ผู้ติดต่อ: นางกชกร อุดมพงศ์","ตำแหน่ง: ผอ.สถานศึกษา"],"district":"ดุสิต","address":"977/39 ถ.สามเสน แขวงถนนนครไชยศรี เขตดุสิต","capacity":100,"tel":["02-2412655"],"facilities":["ไฟฟ้า","ประปา","ห้องน้ำ","สื่อสาร","การเดินทาง","จัดการขยะ","สิ่งอำนวยความสะดวกกลุ่มเปราะบาง"]},"geometry":{"type":"Point","coordinates":[100.51809,13.78183]}},{"type":"Feature","properties":{"title":"รร.วัดเทวราชกุญชร","info":["พื้นที่: 1000","ผู้ติดต่อ: นายสมชาย การภักดี","ตำแหน่ง: ผอ.สถานศึกษา"],"district":"ดุสิต","address":"90/1 ถ.ศรีอยุธยา แขวงวชิรพยาบาล เขตดุสิต","capacity":60,"tel":["02-2817938"],"facilities":["ไฟฟ้า","ประปา","ห้องน้ำ","สื่อสาร","การเดินทาง","จัดการขยะ","สิ่งอำนวยความสะดวกกลุ่มเปราะบาง"]},"geometry":{"type":"Point","coordinates":[100.51809,13.78183]}},{"type":"Feature","properties":{"title":"รร.วัดธรรมาภิรตาราม","info":["พื้นที่: 1240","ผู้ติดต่อ: นางณิญาพัณณ์ สิริเบญจศักดิ์","ตำแหน่ง: ผอ.สถานศึกษา"],"district":"ดุสิต","address":"170/2 ถ.เตชะวณิช แขวงถนนนครไชยศรี เขตดุสิต","capacity":50,"tel":["02-587-0827"],"facilities":["ไฟฟ้า","ประปา","ห้องน้ำ","สื่อสาร","การเดินทาง","จัดการขยะ","สิ่งอำนวยความสะดวกกลุ่มเปราะบาง"]},"geometry":{"type":"Point","coordinates":[100.51809,13.78183]}},{"type":"Feature","properties":{"title":"รร.วัดเบญจมบพิตร","info":["พื้นที่: 1600","ผู้ติดต่อ: นางสาวจิตรรัตน์ เรืองไพศาล","ตำแหน่ง: รอง ผอ."],"district":"ดุสิต","address":"69 ถ.นครปฐม แขวงดุสิต เขตดุสิต","capacity":100,"tel":["968592941"],"facilities":["ไฟฟ้า","ประปา","ห้องน้ำ","สื่อสาร","การเดินทาง","จัดการขยะ"]},"geometry":{"type":"Point","coordinates":[100.51285,13.76636]}},{"type":"Feature","properties":{"title":"โรงเรียนวัดประชาระบือธรรม","info":["พื้นที่: 4 ไร่ 1 งาน 12 ตารางวา","ผู้ติดต่อ: นายสุเทพ ภูวนัตถ์เมธา","ตำแหน่ง: ผู้อำนวยการสถานศึกษา"],"district":"ดุสิต","address":"1900-06-06 0:00:00 ถ.พระราม 5 แขวงถนนนครไชยศรี เขตดุสิต","capacity":100,"tel":["0897734193"],"facilities":["ไฟฟ้า","ประปา","ห้องน้ำ","สื่อสาร","การเดินทาง","จัดการขยะ","สิ่งอำนวยความสะดวกกลุ่มเปราะบาง"]},"geometry":{"type":"Point","coordinates":[100.51809,13.78183]}},{"type":"Feature","properties":{"title":"รร.วัดราชผาติการาม","info":["พื้นที่: 1500","ผู้ติดต่อ: นายบัลลังก์ ระเบียบโพธิ์","ตำแหน่ง: ผอ.สถานศึกษา"],"district":"ดุสิต","address":"147 ถ.ราชวิถี แขวงวชิรพยาบาล เขตดุสิต","capacity":50,"tel":["02-2410495"],"facilities":["ไฟฟ้า","ประปา","ห้องน้ำ","สื่อสาร","การเดินทาง","จัดการขยะ","สิ่งอำนวยความสะดวกกลุ่มเปราะบาง"]},"geometry":{"type":"Point","coordinates":[100.51809,13.78183]}},{"type":"Feature","properties":{"title":"รร.สุโขทัย","info":["พื้นที่: 700","ผู้ติดต่อ: นายกิตติเชษฐ์ จารุเกษม","ตำแหน่ง: ผอ.สถานศึกษา"],"district":"ดุสิต","address":"361 ถ.สุโขทัย แขวงสวนจิตลดา เขตดุสิต","capacity":50,"tel":["02-2413673"],"facilities":["ไฟฟ้า","ประปา","ห้องน้ำ","สื่อสาร","การเดินทาง","จัดการขยะ","สิ่งอำนวยความสะดวกกลุ่มเปราะบาง"]},"geometry":{"type":"Point","coordinates":[100.51809,13.78183]}},{"type":"Feature","properties":{"title":"รร.วัดสมณานัมบริหาร","info":["พื้นที่: 1460","ผู้ติดต่อ: นายกฤชน สิงห์กลิ่น","ตำแหน่ง: ครู คศ.2"],"district":"ดุสิต","address":"416/1 ถ.พิษณุโลก แขวงสี่แยกมหานาค เขตดุสิต","capacity":60,"tel":["061-915-5804"],"facilities":["ไฟฟ้า","ประปา","ห้องน้ำ","สื่อสาร","การเดินทาง","จัดการขยะ"]},"geometry":{"type":"Point","coordinates":[100.51809,13.78183]}},{"type":"Feature","properties":{"title":"โรงเรียนวัดสวัสดิ์วารีสีมาราม","info":["พื้นที่: 217","ผู้ติดต่อ: นางเบญจภรณ์ เขจรชัย","ตำแหน่ง: ผอ.รร."],"district":"ดุสิต","address":"996 ถ.นครไชยศรี แขวงถนนนครไชยศรี เขตดุสิต","capacity":100,"tel":["087-6990186"],"facilities":["ไฟฟ้า","ประปา","ห้องน้ำ","สื่อสาร","การเดินทาง","จัดการขยะ","สิ่งอำนวยความสะดวกกลุ่มเปราะบาง"]},"geometry":{"type":"Point","coordinates":[100.51809,13.78183]}},{"type":"Feature","properties":{"title":"วัดธรรมาภิรตาราม","info":["พื้นที่: 8 ไร่","ผู้ติดต่อ: พระครูโกศลธรรมคุณ","ตำแหน่ง: เจ้าอาวาส วัดธรรมาภิรตาราม"],"district":"ดุสิต","address":"170/2 ถ.เตชะวณิช แขวงถนนนครไชยศรี เขตดุสิต","capacity":250,"tel":["023323253"],"facilities":["ไฟฟ้า","ประปา","ห้องน้ำ","สื่อสาร","การเดินทาง","จัดการขยะ","สิ่งอำนวยความสะดวกกลุ่มเปราะบาง"]},"geometry":{"type":"Point","coordinates":[100.51809,13.78183]}},{"type":"Feature","properties":{"title":"โรงเรียนวิชูทิศ","info":["พื้นที่: 14168","ผู้ติดต่อ: นางสุพัตรา ฤกษ์บ่าย","ตำแหน่ง: ผู้อำนวยการสถานศึกษา"],"district":"ดินแดง","address":"4095/1 ถ.ประชาสงเคราะห์ แขวงดินแดง เขตดินแดง","capacity":100,"tel":["0-2246-1551"],"facilities":["ไฟฟ้า"]},"geometry":{"type":"Point","coordinates":[100.55486,13.76047]}},{"type":"Feature","properties":{"title":"โรงเรียนวิชากร","info":["พื้นที่: 14440","ผู้ติดต่อ: นายธงชัย โคระทัต","ตำแหน่ง: ผู้อำนวยการสถานศึกษา"],"district":"ดินแดง","address":"3981 ถ.มิตรไมตรี แขวงดินแดง เขตดินแดง","capacity":50,"tel":["0-2246-1555"],"facilities":[]},"geometry":{"type":"Point","coordinates":[100.55486,13.76047]}},{"type":"Feature","properties":{"title":"โรงเรียนสามเสนนอก","info":["พื้นที่: 12432","ผู้ติดต่อ: นายธนะ สันติสวัสดิ์","ตำแหน่ง: ผู้อำนวยการสถานศึกษา"],"district":"ดินแดง","address":"2003/77 ถ.ประชาสงเคราะห์ แขวงดินแดง เขตดินแดง","capacity":100,"tel":["0-2277-0557"],"facilities":[]},"geometry":{"type":"Point","coordinates":[100.55486,13.76047]}},{"type":"Feature","properties":{"title":"อาคารเวสน์ 2","info":["พื้นที่: 1230","ผู้ติดต่อ: นางสุมาลี โพธิ์เจริญ","ตำแหน่ง: หัวหน้าฝ่ายบริหารงานทั่วไป"],"district":"ดินแดง","address":"2 ถ.มิตรไมตรี แขวงดินแดง เขตดินแดง","capacity":350,"tel":["0890786062"],"facilities":[]},"geometry":{"type":"Point","coordinates":[100.55182,13.7664]}},{"type":"Feature","properties":{"title":"โรงเรียนวัดพิชัยญาติ","info":["พื้นที่: 400","ผู้ติดต่อ: นายอุดม ศรีศุภภักดี","ตำแหน่ง: ประธานชุมชน"],"district":"คลองสาน","address":"326 ชุมชนซอยช่างนาค-สะพานยาว ถ.สมเด็จเจ้าพระยา แขวงสมเด็จเจ้าพระยา เขตคลองสาน","capacity":100,"tel":["081-692-4543"],"facilities":["ไฟฟ้า","ประปา","ห้องน้ำ","สื่อสาร","การเดินทาง","จัดการขยะ"]},"geometry":{"type":"Point","coordinates":[100.49722,13.73262]}},{"type":"Feature","properties":{"title":"โรงเรียนวัดพิชัยญาติ","info":["พื้นที่: 400","ผู้ติดต่อ: นายสัมฤทธิ์ เอื้อโชติพณิช","ตำแหน่ง: ประธานชุมชน"],"district":"คลองสาน","address":"626 ชุมชนสวนสมเด็จย่า ถ.สมเด็จเจ้าพระยา แขวงสมเด็จเจ้าพระยา เขตคลองสาน","capacity":100,"tel":["080-595-7278"],"facilities":["ไฟฟ้า","ประปา","ห้องน้ำ","สื่อสาร","การเดินทาง","จัดการขยะ"]},"geometry":{"type":"Point","coordinates":[100.50102,13.72866]}},{"type":"Feature","properties":{"title":"โรงเรียนวัดทองธรรมชาติ","info":["พื้นที่: 400","ผู้ติดต่อ: น.ส.ศรีวรรณ กลิ่นประเสริฐ","ตำแหน่ง: ประธานชุมชน"],"district":"คลองสาน","address":"95 ชุมชนหลังโรงเรียนสารพัดช่างธนบุรี ถ.เชียงใหม่ แขวงคลองสาน เขตคลองสาน","capacity":100,"tel":["091-428-5484"],"facilities":["ไฟฟ้า","ประปา","ห้องน้ำ","สื่อสาร","การเดินทาง","จัดการขยะ"]},"geometry":{"type":"Point","coordinates":[100.50102,13.72866]}},{"type":"Feature","properties":{"title":"โรงเรียนวัดพิชัยญาติ","info":["พื้นที่: 400","ผู้ติดต่อ: น.ส.วิไลพร จันทร์เชิดผล","ตำแหน่ง: ประธานชุมชน"],"district":"คลองสาน","address":"22 หลังโรงเรียนกุลสิริเทคโนโลยี ถ.สมเด็จเจ้าพระยา แขวงคลองสาน เขตคลองสาน","capacity":100,"tel":["095-437-1165"],"facilities":["ไฟฟ้า","ประปา","ห้องน้ำ","สื่อสาร","การเดินทาง","จัดการขยะ"]},"geometry":{"type":"Point","coordinates":[100.50102,13.72866]}},{"type":"Feature","properties":{"title":"โรงเรียนสุเหร่าเกาะขุนเณรโดมอาคารอเนกประสงค์","info":["พื้นที่: 700","ผู้ติดต่อ: นายธนากร บุญสนิท","ตำแหน่ง: ผู้อำนวยการสถานศึกษา"],"district":"คลองสามวา","address":"265 ม.12 ถ.ประชาร่วมใจ แขวงทรายกองดินใต้ เขตคลองสามวา","capacity":100,"tel":["081-615-5959"],"facilities":["ไฟฟ้า","ประปา","ห้องน้ำ","การเดินทาง","จัดการขยะ"]},"geometry":{"type":"Point","coordinates":[100.70396,13.8601]}},{"type":"Feature","properties":{"title":"โรงเรียนบางชัน (ปลื้มวิทยานุสรณ์)","info":["พื้นที่: 21444","ผู้ติดต่อ: นางขนิษฐา ปัญญนิติรัฐ","ตำแหน่ง: ผู้อำนวยการสถานศึกษา"],"district":"คลองสามวา","address":"89 ถ.พระยา-สุเรนทร์ แขวงบางชัน เขตคลองสามวา","capacity":null,"tel":["086-406-5454"],"facilities":["ไฟฟ้า","ประปา","ห้องน้ำ","การเดินทาง","จัดการขยะ"]},"geometry":{"type":"Point","coordinates":[100.69887,13.81765]}},{"type":"Feature","properties":{"title":"โรงเรียนวัดสุทธิสะอาด","info":["พื้นที่: 1344","ผู้ติดต่อ: นายสมเกียรติ วัลลภธารี","ตำแหน่ง: ผู้อำนวยการสถานศึกษา"],"district":"คลองสามวา","address":"140 ถ.นิมิตใหม่ แขวงสามาวาตะวันออก เขตคลองสามวา","capacity":384,"tel":["0819892872"],"facilities":["ไฟฟ้า","ประปา","ห้องน้ำ","สื่อสาร","การเดินทาง","จัดการขยะ","สิ่งอำนวยความสะดวกกลุ่มเปราะบาง"]},"geometry":{"type":"Point","coordinates":[100.70396,13.8601]}},{"type":"Feature","properties":{"title":"โรงเรียนวัดพระยาสุเรนทร์ (บุญมีอนุกูล) โดมอเนกประสงค์","info":["พื้นที่: 1200","ผู้ติดต่อ: นายธีระวุธ พุทธศรี","ตำแหน่ง: ผู้อำนวยการสถานศึกษา"],"district":"คลองสามวา","address":"167 ถ.พระยา-สุเรนทร์ แขวงสามวาตะวันตก เขตคลองสามวา","capacity":200,"tel":["094-916-9269"],"facilities":["ไฟฟ้า","ประปา","ห้องน้ำ","การเดินทาง","จัดการขยะ"]},"geometry":{"type":"Point","coordinates":[100.70396,13.8601]}},{"type":"Feature","properties":{"title":"โรงเรียนคลองต้นไทร","info":["ผู้ติดต่อ: นางสาวสายสุนีย์ มณีเต็ม"],"district":"ทวีวัฒนา","address":"89/2 หมู่ 19 แขวงศาลาธรรมสพน์ เขตทวีวัฒนา","capacity":null,"tel":["092543555","024481539","024481539"],"facilities":[]},"geometry":{"type":"Point","coordinates":[100.38395,13.78313]}},{"type":"Feature","properties":{"title":"โรงเรียนคลองทวีวัฒนา (ทองน่วมอนุสรณ์)","info":["ผู้ติดต่อ: นางสาวรจนา ตันติวิชิตเวช"],"district":"ทวีวัฒนา","address":"155 หมู่ 1 ถ.ทวีวัฒนา แขวงทวีวัฒนา เขตทวีวัฒนา","capacity":50,"tel":["0891413448","024315565","024315565"],"facilities":[]},"geometry":{"type":"Point","coordinates":[100.36382,13.78782]}},{"type":"Feature","properties":{"title":"โรงเรียนคลองบางพรหม","info":["ผู้ติดต่อ: สิบเอก สำเริง ร้อยแก้ว"],"district":"ทวีวัฒนา","address":"53 หมู่ 12 ถ.พุทธมณฑลสาย 3 แขวงศาลาธรรมสพน์ เขตทวีวัฒนา","capacity":100,"tel":["0922506242","024413157","024413157"],"facilities":[]},"geometry":{"type":"Point","coordinates":[100.36382,13.78782]}},{"type":"Feature","properties":{"title":"โรงเรียนคลองมหาสวัสดิ์","info":["ผู้ติดต่อ: นางศยาภรณ์ ไกรเสริม"],"district":"ทวีวัฒนา","address":"28/3 หมู่ 4 แขวงศาลาธรรมสพน์ เขตทวีวัฒนา","capacity":100,"tel":["0834541553","024477430","024477430"],"facilities":[]},"geometry":{"type":"Point","coordinates":[100.36382,13.78782]}},{"type":"Feature","properties":{"title":"โรงเรียนตั้งพิรุฬห์ธรรม","info":["ผู้ติดต่อ: นางสาวปานสิริ เสาวดี"],"district":"ทวีวัฒนา","address":"9/3 หมู่ 10 ถ.บรมราชชนนี แขวงศาลาธรรมสพน์ เขตทวีวัฒนา","capacity":null,"tel":["0816979991","024413074","024413074"],"facilities":[]},"geometry":{"type":"Point","coordinates":[100.36382,13.78782]}},{"type":"Feature","properties":{"title":"โรงเรียนวัดปุรณาวาส","info":["ผู้ติดต่อ: นางสาวจิราภรณ์ จ้อยเจริญ"],"district":"ทวีวัฒนา","address":"25 หมู่ 3 แขวงศาลาธรรมสพน์ เขตทวีวัฒนา","capacity":300,"tel":["0814827109","024419584","024419584"],"facilities":[]},"geometry":{"type":"Point","coordinates":[100.36382,13.78782]}},{"type":"Feature","properties":{"title":"โรงเรียนมัธยมปุรณาวาส","info":["ผู้ติดต่อ: นางชลตะวรรณ ขุมเพ็ชร"],"district":"ทวีวัฒนา","address":"29 แขวงศาลาธรรมสพน์ เขตทวีวัฒนา","capacity":300,"tel":["0890717779","024415160 ต่อ 0","024415160 ต่อ 108"],"facilities":[]},"geometry":{"type":"Point","coordinates":[100.36382,13.78782]}},{"type":"Feature","properties":{"title":"โรงเรียนบ้านนายผล","info":[],"district":"บางบอน","address":"36 ถ.บางบอน 5 แขวงบางบอนเหนือ เขตบางบอน","capacity":null,"tel":["024167638"],"facilities":["ไฟฟ้า","ประปา","ห้องน้ำ","สื่อสาร","การเดินทาง","จัดการขยะ","สิ่งอำนวยความสะดวกกลุ่มเปราะบาง"]},"geometry":{"type":"Point","coordinates":[100.361,13.6441]}},{"type":"Feature","properties":{"title":"โรงเรียนบ้านนายสี","info":[],"district":"บางบอน","address":"18 ถ.เอกชัย แขวงบางบอนเหนือ เขตบางบอน","capacity":null,"tel":["024157301"],"facilities":["ไฟฟ้า","ประปา","ห้องน้ำ","สื่อสาร","การเดินทาง","จัดการขยะ","สิ่งอำนวยความสะดวกกลุ่มเปราะบาง"]},"geometry":{"type":"Point","coordinates":[100.399,13.6645]}},{"type":"Feature","properties":{"title":"โรงเรียนบ้านนายเหรียญ","info":[],"district":"หนองแขม","address":"18 ถ.บางบอน 3 แขวงบางบอนเหนือ เขตบางบอน","capacity":null,"tel":["024455415"],"facilities":["ไฟฟ้า","ประปา","ห้องน้ำ","สื่อสาร","การเดินทาง","จัดการขยะ","สิ่งอำนวยความสะดวกกลุ่มเปราะบาง"]},"geometry":{"type":"Point","coordinates":[100.3775,13.6719]}},{"type":"Feature","properties":{"title":"โรงเรียนพรหมราษฎร์รังสรรค์","info":[],"district":"บางบอน","address":"59 ถ.พรหมราษฎร์ แขวงบางบอนใต้ เขตบางบอน","capacity":null,"tel":["024530591"],"facilities":["ไฟฟ้า","ประปา","ห้องน้ำ","สื่อสาร","การเดินทาง","จัดการขยะ","สิ่งอำนวยความสะดวกกลุ่มเปราะบาง"]},"geometry":{"type":"Point","coordinates":[100.3954,13.6447]}},{"type":"Feature","properties":{"title":"โรงเรียนพระยามนธาตุราชศรีพิจิตร์","info":[],"district":"บางบอน","address":"68 ถ.พระยามนธาตุฯ แขวงคลองบางบอน เขตบางบอน","capacity":null,"tel":["024153589"],"facilities":["ไฟฟ้า","ประปา","ห้องน้ำ","สื่อสาร","การเดินทาง","จัดการขยะ","สิ่งอำนวยความสะดวกกลุ่มเปราะบาง"]},"geometry":{"type":"Point","coordinates":[100.4257,13.6696]}},{"type":"Feature","properties":{"title":"โรงเรียนวัดนินสุขาราม","info":[],"district":"บางแค","address":"94/1 ถ.กาญจนาภิเษก แขวงบางบอนเหนือ เขตบางบอน","capacity":null,"tel":["024151709"],"facilities":["ไฟฟ้า","ประปา","ห้องน้ำ","สื่อสาร","การเดินทาง","จัดการขยะ","สิ่งอำนวยความสะดวกกลุ่มเปราะบาง"]},"geometry":{"type":"Point","coordinates":[100.4045,13.6755]}},{"type":"Feature","properties":{"title":"โรงเรียนวัดบางบอน","info":[],"district":"บางบอน","address":"119 ถ.เอกชัย แขวงบางบอนใต้ เขตบางบอน","capacity":null,"tel":["024152382"],"facilities":["ไฟฟ้า","ประปา","ห้องน้ำ","สื่อสาร","การเดินทาง","จัดการขยะ","สิ่งอำนวยความสะดวกกลุ่มเปราะบาง"]},"geometry":{"type":"Point","coordinates":[100.3802,13.6419]}},{"type":"Feature","properties":{"title":"โรงเรียนสถานีพรมแดน","info":[],"district":"บางบอน","address":"145 ถ.พรมแดน แขวงบางบอนใต้ เขตบางบอน","capacity":null,"tel":["024165373"],"facilities":["ไฟฟ้า","ประปา","ห้องน้ำ","สื่อสาร","การเดินทาง","จัดการขยะ","สิ่งอำนวยความสะดวกกลุ่มเปราะบาง"]},"geometry":{"type":"Point","coordinates":[100.3808,13.6252]}},{"type":"Feature","properties":{"title":"โรงเรียนคงโครัดอุทิศ","info":[],"district":"บางบอน","address":"24 ถ.เอกชัย แขวงคลองบางพราน เขตบางบอน","capacity":null,"tel":["024155906"],"facilities":["ไฟฟ้า","ประปา","ห้องน้ำ","สื่อสาร","การเดินทาง","จัดการขยะ","สิ่งอำนวยความสะดวกกลุ่มเปราะบาง"]},"geometry":{"type":"Point","coordinates":[100.4344,13.6853]}},{"type":"Feature","properties":{"title":"โรงเรียนวัดหัวลำโพง","info":["พื้นที่: 1717.31","ผู้ติดต่อ: นางสาวอารีวรรณ เพชรเลิศ","ตำแหน่ง: ผอ.รร."],"district":"บางรัก","address":"728/1 ถ.พระราม4 แขวงสี่พระยา เขตบางรัก","capacity":80,"tel":["0-2233-3730"],"facilities":["ไฟฟ้า","ประปา","ห้องน้ำ","สื่อสาร","การเดินทาง","จัดการขยะ","สิ่งอำนวยความสะดวกกลุ่มเปราะบาง"]},"geometry":{"type":"Point","coordinates":[100.52857,13.73186]}},{"type":"Feature","properties":{"title":"โรงเรียนไทยนิยมสงเคราะห์","info":["พื้นที่: 21400","ผู้ติดต่อ: นางทรายทอง ตรีสัตยกุล","ตำแหน่ง: ผู้อำนวยการโรงเรียน"],"district":"บางเขน","address":"48 ถ.พหลโยธิน แขวงอนุสาวรีย์ เขตบางเขน","capacity":1000,"tel":["025210427"],"facilities":["ไฟฟ้า","ประปา","ห้องน้ำ","สื่อสาร","การเดินทาง","จัดการขยะ","สิ่งอำนวยความสะดวกกลุ่มเปราะบาง"]},"geometry":{"type":"Point","coordinates":[100.59832,13.87856]}},{"type":"Feature","properties":{"title":"โรงเรียนประชาภิบาล","info":["พื้นที่: 5624","ผู้ติดต่อ: นางสาวโชติกาญจน์ ยุติธรรมนนท์","ตำแหน่ง: ผู้อำนวยการโรงเรียน"],"district":"บางเขน","address":"20 ถ.พหลโยธิน แขวงอนุสาวรีย์ เขตบางเขน","capacity":1000,"tel":["025210424"],"facilities":["ไฟฟ้า","ประปา","ห้องน้ำ","สื่อสาร","การเดินทาง","จัดการขยะ","สิ่งอำนวยความสะดวกกลุ่มเปราะบาง"]},"geometry":{"type":"Point","coordinates":[100.59682,13.87308]}},{"type":"Feature","properties":{"title":"โรงเรียนวัดไตรรัตนาราม","info":["พื้นที่: 3732","ผู้ติดต่อ: นางณัชภรณ์ ปานเนียม","ตำแหน่ง: ผู้อำนวยการโรงเรียน"],"district":"บางเขน","address":"3/1 รามอินทรา 8 ถ.รามอินทรา แขวงอนุสาวรีย์ เขตบางเขน","capacity":1000,"tel":["025522079"],"facilities":["ไฟฟ้า","ประปา","ห้องน้ำ","สื่อสาร","การเดินทาง","จัดการขยะ","สิ่งอำนวยความสะดวกกลุ่มเปราะบาง"]},"geometry":{"type":"Point","coordinates":[100.61858,13.8499]}},{"type":"Feature","properties":{"title":"โรงเรียนบ้านคลองบัว","info":["พื้นที่: 8292","ผู้ติดต่อ: นางรุ่งนภา ขาวเรือง","ตำแหน่ง: ผู้อำนวยการโรงเรียน วัดสะพาน"],"district":"บางเขน","address":"105 ถ.สุขาภิบาล 5 แขวงท่าแร้ง เขตบางเขน","capacity":1000,"tel":["025199104"],"facilities":["ไฟฟ้า","ประปา","ห้องน้ำ","สื่อสาร","การเดินทาง","จัดการขยะ","สิ่งอำนวยความสะดวกกลุ่มเปราะบาง"]},"geometry":{"type":"Point","coordinates":[100.64045,13.86462]}},{"type":"Feature","properties":{"title":"โรงเรียนบ้านบัวมล","info":["พื้นที่: 8596","ผู้ติดต่อ: นางกาญจนา ศิริสลุง","ตำแหน่ง: ผู้อำนวยการโรงเรียน"],"district":"บางเขน","address":"59/1 ถ.สุขาภิบาล 5 ซอย 24 แขวงท่าแร้ง เขตบางเขน","capacity":1000,"tel":["025198825"],"facilities":["ไฟฟ้า","ประปา","ห้องน้ำ","สื่อสาร","การเดินทาง","จัดการขยะ","สิ่งอำนวยความสะดวกกลุ่มเปราะบาง"]},"geometry":{"type":"Point","coordinates":[100.65563,13.88073]}},{"type":"Feature","properties":{"title":"โรงเรียนวัดศาลาแดง","info":["ผู้ติดต่อ: นางสาวรัตนา ดีศาลา","ตำแหน่ง: ผู้อำนวยการสถานศึกษา"],"district":"บางแค","address":"136 ถ.ถนนบางแวก แขวงบางไผ่ เขตบางแค","capacity":null,"tel":["0878072859"],"facilities":["ไฟฟ้า","ประปา","ห้องน้ำ","สื่อสาร","การเดินทาง","จัดการขยะ"]},"geometry":{"type":"Point","coordinates":[100.35484,13.74951]}},{"type":"Feature","properties":{"title":"โรงเรียนบางเชือกหนัง","info":["ผู้ติดต่อ: นายสมศักดิ์ ทองผุด","ตำแหน่ง: ผู้อำนวยการสถานศึกษา"],"district":"บางแค","address":"หมู่ที่ 7 ถ.ซอยวัฒนเสวี ถนนบางแวก แขวงบางไผ่ เขตบางแค","capacity":null,"tel":["0814832208"],"facilities":["ไฟฟ้า","ประปา","ห้องน้ำ","สื่อสาร","การเดินทาง","จัดการขยะ"]},"geometry":{"type":"Point","coordinates":[100.38979,13.75112]}},{"type":"Feature","properties":{"title":"โรงเรียนบางไผ่","info":["ผู้ติดต่อ: นายศุภกิตติ นาปองสี","ตำแหน่ง: ผู้อำนวยการสถานศึกษา"],"district":"บางแค","address":"9 หมู่ที่ 10 ถ.ซอยบางไผ่ แขวงบางไผ่ เขตบางแค","capacity":null,"tel":["0830441923"],"facilities":["ไฟฟ้า","ประปา","ห้องน้ำ","สื่อสาร","การเดินทาง","จัดการขยะ"]},"geometry":{"type":"Point","coordinates":[100.40382,13.74071]}},{"type":"Feature","properties":{"title":"โรงเรียนวัดพรหมสุวรรณสามัคคี","info":["ผู้ติดต่อ: นายนวมินท์ อยู่เย็น","ตำแหน่ง: ผู้อำนวยการสถานศึกษา"],"district":"บางแค","address":"31 ถ.ซอยอัสสัมชัญ 25 ถนนเพชรเกษม แขวงบางไผ่ เขตบางแค","capacity":null,"tel":["0898991474"],"facilities":["ไฟฟ้า","ประปา","ห้องน้ำ","สื่อสาร","การเดินทาง","จัดการขยะ"]},"geometry":{"type":"Point","coordinates":[100.36709,13.72977]}},{"type":"Feature","properties":{"title":"โรงเรียนวัดบุณยประดิษฐ์","info":["ผู้ติดต่อ: นางบุญธิดา พงศะบุตร","ตำแหน่ง: ผู้อำนวยการสถานศึกษา"],"district":"บางแค","address":"115 หมู่ที่ 2 ถ.ถนนพุทธมณฑลสาย 2 แขวงบางไผ่ เขตบางแค","capacity":null,"tel":["0898242686"],"facilities":["ไฟฟ้า","ประปา","ห้องน้ำ","สื่อสาร","การเดินทาง","จัดการขยะ"]},"geometry":{"type":"Point","coordinates":[100.38894,13.73002]}},{"type":"Feature","properties":{"title":"โรงเรียนหมู่บ้านเศรษฐกิจ","info":["ผู้ติดต่อ: นายสาโรฒ เวียงคำมา","ตำแหน่ง: ผู้อำนวยการสถานศึกษา"],"district":"บางแค","address":"51 ถ.ซอยเพชเกษม 65 แขวงหลักสอง เขตบางแค","capacity":null,"tel":["0615365914"],"facilities":["ไฟฟ้า","ประปา","ห้องน้ำ","สื่อสาร","การเดินทาง","จัดการขยะ"]},"geometry":{"type":"Point","coordinates":[100.37478,13.71539]}},{"type":"Feature","properties":{"title":"โรงเรียนวัดราษฎร์บำรุง","info":["ผู้ติดต่อ: นายฐิรวัชญ์ กิตติคุณปกรณ์","ตำแหน่ง: ผู้อำนวยการสถานศึกษา"],"district":"บางแค","address":"4/205 ถ.ซอยบางบอน 3 ถนนเพชรเกษม 69 แขวงหลักสอง เขตบางแค","capacity":null,"tel":["0615879878"],"facilities":["ไฟฟ้า","ประปา","ห้องน้ำ","สื่อสาร","การเดินทาง","จัดการขยะ"]},"geometry":{"type":"Point","coordinates":[100.37955,13.70147]}},{"type":"Feature","properties":{"title":"โรงเรียนเพชรเกษม","info":["ผู้ติดต่อ: นายกลชัย เอี่ยมสวัสดิ์","ตำแหน่ง: ผู้อำนวยการสถานศึกษา"],"district":"บางแค","address":"53 ถ.ซอยเพชเกษม 65 แขวงหลักสอง เขตบางแค","capacity":null,"tel":["0917797228"],"facilities":["ไฟฟ้า","ประปา","ห้องน้ำ","สื่อสาร","การเดินทาง","จัดการขยะ"]},"geometry":{"type":"Point","coordinates":[100.38457,13.70463]}},{"type":"Feature","properties":{"title":"โรงเรียนวัดม่วง","info":["ผู้ติดต่อ: นายธวัชชัย กลิ่นดี","ตำแหน่ง: ผู้อำนวยการสถานศึกษา"],"district":"บางแค","address":"839/57 ถ.ซอยเพชรเกษม 63 แขวงหลักสอง เขตบางแค","capacity":null,"tel":["0982643114"],"facilities":["ไฟฟ้า","ประปา","ห้องน้ำ","สื่อสาร","การเดินทาง","จัดการขยะ"]},"geometry":{"type":"Point","coordinates":[100.39307,13.69389]}},{"type":"Feature","properties":{"title":"โรงเรียนบางแค (เนื่องสังวาลย์อนุสรณ์)","info":["ผู้ติดต่อ: นายเชาวฤทธิ์ ขำเหล็ง","ตำแหน่ง: ผู้อำนวยการสถานศึกษา"],"district":"บางแค","address":"1087 ถ.ซอยเพชรเกษม 51 แขวงหลักสอง เขตบางแค","capacity":null,"tel":["0891069644"],"facilities":["ไฟฟ้า","ประปา","ห้องน้ำ","สื่อสาร","การเดินทาง","จัดการขยะ"]},"geometry":{"type":"Point","coordinates":[100.40063,13.70748]}},{"type":"Feature","properties":{"title":"โรงเรียนบางแคเหนือ","info":["ผู้ติดต่อ: นางวิมลศรี กนิษฐพยาฆร์","ตำแหน่ง: ผู้อำนวยการสถานศึกษา"],"district":"บางแค","address":"21 ถ.ซอยเพชรเกษม 76/1 ถนนเพชรเกษม แขวงบางแคเหนือ เขตบางแค","capacity":null,"tel":["0816943153"],"facilities":["ไฟฟ้า","ประปา","ห้องน้ำ","สื่อสาร","การเดินทาง","จัดการขยะ"]},"geometry":{"type":"Point","coordinates":[100.41231,13.71319]}},{"type":"Feature","properties":{"title":"วัดนิมมานรดี","info":[],"district":"ภาษีเจริญ","address":"845 ถ.ถนนสุขาภิบาล 1 แขวงบางหว้า เขตบางแค","capacity":null,"tel":[],"facilities":["ไฟฟ้า","ประปา","ห้องน้ำ","สื่อสาร","การเดินทาง","จัดการขยะ"]},"geometry":{"type":"Point","coordinates":[100.42676,13.70867]}},{"type":"Feature","properties":{"title":"ศูนย์สร้างสุขทุกวัยบางแค (เรืองสอน)","info":[],"district":"บางแค","address":"81 ถ.ซอยเรืองสอน 3 แขวงหลักสอง เขตบางแค","capacity":null,"tel":[],"facilities":["ไฟฟ้า","ประปา","ห้องน้ำ","สื่อสาร","การเดินทาง","จัดการขยะ"]},"geometry":{"type":"Point","coordinates":[100.39161,13.68102]}},{"type":"Feature","properties":{"title":"ศาลเจ้าแม่ทับทิม","info":[],"district":"บางแค","address":"1632 ถ.ซอยสุขสันต์ 6 แขวงบางแค เขตบางแค","capacity":null,"tel":[],"facilities":["ไฟฟ้า","ประปา","ห้องน้ำ","สื่อสาร","การเดินทาง","จัดการขยะ"]},"geometry":{"type":"Point","coordinates":[100.40609,13.69974]}},{"type":"Feature","properties":{"title":"โรงเรียนคลองหนองใหญ่","info":["ผู้ติดต่อ: นางมณินทร พลไชยวงศ์","ตำแหน่ง: ผู้อำนวยการสถานศึกษา"],"district":"บางแค","address":"1508 ถ.ซอยกาญจนาภิเษก 008 แขวงบางแค เขตบางแค","capacity":null,"tel":["0816343765"],"facilities":["ไฟฟ้า","ประปา","ห้องน้ำ","สื่อสาร","การเดินทาง","จัดการขยะ"]},"geometry":{"type":"Point","coordinates":[100.41751,13.69011]}},{"type":"Feature","properties":{"title":"สโมสรกรมอุตุนิยมวิทยา","info":["พื้นที่: 700","ผู้ติดต่อ: นายวงศ์ชัยยุตม์ ขุนเหล็ง (เจ้าหน้าที่ประสานงาน)","ตำแหน่ง: นายช่างโยธาชำนาญงาน"],"district":"บางนา","address":"4353 ถ.สุขุมวิท แขวงบางนาใต้ เขตบางนา","capacity":200,"tel":["097-945-9294"],"facilities":["ไฟฟ้า","ประปา","ห้องน้ำ","สื่อสาร","การเดินทาง","จัดการขยะ","สิ่งอำนวยความสะดวกกลุ่มเปราะบาง"]},"geometry":{"type":"Point","coordinates":[100.60607,13.67301]}},{"type":"Feature","properties":{"title":"โรงเรียนวัดราชสิทธาราม","info":["พื้นที่: 260 ตรม.","ผู้ติดต่อ: นางสาววงเดือน","ตำแหน่ง: ผอ.สถานศึกษา"],"district":"บางกอกใหญ่","address":"94 ถ.อิสรภาพ แขวงวัดท่าพระ เขตบางกอกใหญ่","capacity":80,"tel":["024661253"],"facilities":["ไฟฟ้า","ประปา","ห้องน้ำ","สื่อสาร","การเดินทาง","จัดการขยะ","สิ่งอำนวยความสะดวกกลุ่มเปราะบาง"]},"geometry":{"type":"Point","coordinates":[100.48533,13.73591]}},{"type":"Feature","properties":{"title":"โรงเรียนวัดนาคกลาง","info":["พื้นที่: 360 ตรม.","ผู้ติดต่อ: นางลัดดา","ตำแหน่ง: ผอ.สถานศึกษา"],"district":"บางกอกใหญ่","address":"761 ถ.อรุณอมรินทร์ แขวงวัดอรุณ เขตบางกอกใหญ่","capacity":110,"tel":["024650583"],"facilities":["ไฟฟ้า","ประปา","ห้องน้ำ","สื่อสาร","การเดินทาง","จัดการขยะ","สิ่งอำนวยความสะดวกกลุ่มเปราะบาง"]},"geometry":{"type":"Point","coordinates":[100.48418,13.74595]}},{"type":"Feature","properties":{"title":"โรงเรียนวัดใหม่พิเรนทร์","info":["พื้นที่: 65 ตรม.","ผู้ติดต่อ: นางบงกชปวัน","ตำแหน่ง: ผอ.สถานศึกษา"],"district":"บางกอกใหญ่","address":"611/1 ถ.อิสรภาพ แขวงวัดอรุณ เขตบางกอกใหญ่","capacity":20,"tel":["028911277"],"facilities":["ไฟฟ้า","ประปา","ห้องน้ำ","สื่อสาร","การเดินทาง","จัดการขยะ","สิ่งอำนวยความสะดวกกลุ่มเปราะบาง"]},"geometry":{"type":"Point","coordinates":[100.47414,13.72936]}},{"type":"Feature","properties":{"title":"โรงเรียนวัดท่าพระ","info":["พื้นที่: 160 ตรม.","ผู้ติดต่อ: นางสุประวีณ์","ตำแหน่ง: ผอ.สถานศึกษา"],"district":"บางกอกใหญ่","address":"30 ซอยจรัญ แขวงวัดท่าพระ เขตบางกอกใหญ่","capacity":50,"tel":["024670595"],"facilities":["ไฟฟ้า","ประปา","ห้องน้ำ","สื่อสาร","การเดินทาง","จัดการขยะ","สิ่งอำนวยความสะดวกกลุ่มเปราะบาง"]},"geometry":{"type":"Point","coordinates":[100.47272,13.73377]}},{"type":"Feature","properties":{"title":"โรงเรียนวัดดีดวด","info":["พื้นที่: 120 ตรม.","ผู้ติดต่อ: นายสุเมธ","ตำแหน่ง: ผอ.สถานศึกษา"],"district":"บางกอกใหญ่","address":"116/13 ซอยจรัญ แขวงวัดท่าพระ เขตบางกอกใหญ่","capacity":40,"tel":["027112113"],"facilities":["ไฟฟ้า","ประปา","ห้องน้ำ","สื่อสาร","การเดินทาง","จัดการขยะ","สิ่งอำนวยความสะดวกกลุ่มเปราะบาง"]},"geometry":{"type":"Point","coordinates":[100.47521,13.74172]}},{"type":"Feature","properties":{"title":"โรงเรียนวัดประดู่ฉิมพลี","info":["พื้นที่: 160 ตรม.","ผู้ติดต่อ: นายบุญส่ง","ตำแหน่ง: ผอ.สถานศึกษา"],"district":"บางกอกใหญ่","address":"1158 ซอย แขวงวัดท่าพระ เขตบางกอกใหญ่","capacity":50,"tel":["024671972"],"facilities":["ไฟฟ้า","ประปา","ห้องน้ำ","สื่อสาร","การเดินทาง","จัดการขยะ","สิ่งอำนวยความสะดวกกลุ่มเปราะบาง"]},"geometry":{"type":"Point","coordinates":[100.47019,13.72389]}},{"type":"Feature","properties":{"title":"วัดทองสุทธาราม","info":["พื้นที่: ๒๐๐ ตร.ม.","ผู้ติดต่อ: พระบุญชู ธนปัญโญ","ตำแหน่ง: พระลูกวัด"],"district":"บางซื่อ","address":"279 ถ.กรุงเทพ - นนทบุรี แขวงวงศ์สว่าง เขตบางซื่อ","capacity":50,"tel":["0810740540"],"facilities":["ไฟฟ้า","ประปา","ห้องน้ำ","สื่อสาร","การเดินทาง","จัดการขยะ","สิ่งอำนวยความสะดวกกลุ่มเปราะบาง"]},"geometry":{"type":"Point","coordinates":[100.52845,13.82825]}},{"type":"Feature","properties":{"title":"วัดมัชฌันติการาม (อาคารปริยัติธรรม)","info":["พื้นที่: ๓๐๐ ตร.ม.","ผู้ติดต่อ: พระบุญยอด พระชาลี","ตำแหน่ง: พระลูกวัด"],"district":"บางซื่อ","address":"102 ถ.วงศ์สว่าง แขวงวงศ์สว่าง เขตบางซื่อ","capacity":100,"tel":["0812575340"],"facilities":["ไฟฟ้า","ประปา","ห้องน้ำ","สื่อสาร","การเดินทาง","จัดการขยะ","สิ่งอำนวยความสะดวกกลุ่มเปราะบาง"]},"geometry":{"type":"Point","coordinates":[100.52845,13.82825]}},{"type":"Feature","properties":{"title":"โรงเรียนคลองกุ่ม (เสรีไทยอนุสรณ์)","info":["พื้นที่: 840","ผู้ติดต่อ: นางสาวกัลยา ชิตพงศ์","ตำแหน่ง: ผู้อำนวยการสถานศึกษา"],"district":"บึงกุ่ม","address":"109 ถ.เสรีไทย แขวงคลองกุ่ม เขตบึงกุ่ม","capacity":200,"tel":["023761139"],"facilities":["ไฟฟ้า","ประปา","ห้องน้ำ","สื่อสาร","การเดินทาง","จัดการขยะ","สิ่งอำนวยความสะดวกกลุ่มเปราะบาง"]},"geometry":{"type":"Point","coordinates":[100.67384,13.78541]}},{"type":"Feature","properties":{"title":"โรงเรียนวัดเวฬุราชิณ","info":["ผู้ติดต่อ: นางนุชรี นุชนิล","ตำแหน่ง: ผู้อำนวยการสถานศึกษา"],"district":"บางกอกน้อย","address":"155/1 ถ.เทอดไท แขวงบางยี่เรือ เขตธนบุรี","capacity":10,"tel":["024660584"],"facilities":["ไฟฟ้า","ประปา","ห้องน้ำ","สื่อสาร","การเดินทาง","จัดการขยะ","สิ่งอำนวยความสะดวกกลุ่มเปราะบาง"]},"geometry":{"type":"Point","coordinates":[100.47887,13.76062]}},{"type":"Feature","properties":{"title":"โรงเรียนวัดประยุรวงศ์","info":["ผู้ติดต่อ: นางสุธัญญา มงคลเจริญลาภ","ตำแหน่ง: ผู้อำนวยการสถานศึกษา"],"district":"บางกอกน้อย","address":"24/1 ถ.ประชาธิปก แขวงวัดกัลยาณ์ เขตธนบุรี","capacity":10,"tel":["024662654"],"facilities":["ไฟฟ้า","ประปา","ห้องน้ำ","สื่อสาร","การเดินทาง","จัดการขยะ","สิ่งอำนวยความสะดวกกลุ่มเปราะบาง"]},"geometry":{"type":"Point","coordinates":[100.47887,13.76062]}},{"type":"Feature","properties":{"title":"โรงเรียนวัดดาวคนอง","info":["ผู้ติดต่อ: นางทัศนียา จันทรังษี","ตำแหน่ง: ผู้อำนวยการสถานศึกษา"],"district":"ธนบุรี","address":"160 ถ.เจริญนคร แขวงดาวคะนอง เขตธนบุรี","capacity":10,"tel":["024680654"],"facilities":["ไฟฟ้า","ประปา","ห้องน้ำ","สื่อสาร","การเดินทาง","จัดการขยะ","สิ่งอำนวยความสะดวกกลุ่มเปราะบาง"]},"geometry":{"type":"Point","coordinates":[100.48798,13.69636]}},{"type":"Feature","properties":{"title":"โรงเรียนวัดราชคฤห์","info":["ผู้ติดต่อ: นางกาญจนี โชติธรรมวัฒนะ","ตำแหน่ง: ผู้อำนวยการสถานศึกษา"],"district":"บางกอกน้อย","address":"520 ถ.เทอดไท แขวงบางยี่เรือ เขตธนบุรี","capacity":10,"tel":["024660859"],"facilities":["ไฟฟ้า","ประปา","ห้องน้ำ","สื่อสาร","การเดินทาง","จัดการขยะ","สิ่งอำนวยความสะดวกกลุ่มเปราะบาง"]},"geometry":{"type":"Point","coordinates":[100.47887,13.76062]}},{"type":"Feature","properties":{"title":"โรงเรียนวัดใหม่ยายนุ้ย","info":["ผู้ติดต่อ: นางสินีนาฏ สุทธิช่วย","ตำแหน่ง: ผู้อำนวยการสถานศึกษา"],"district":"บางกอกน้อย","address":"282/2 ถ.วุฒากาศ แขวงตลาดพลู เขตธนบุรี","capacity":10,"tel":["024650424"],"facilities":["ไฟฟ้า","ประปา","ห้องน้ำ","สื่อสาร","การเดินทาง","จัดการขยะ","สิ่งอำนวยความสะดวกกลุ่มเปราะบาง"]},"geometry":{"type":"Point","coordinates":[100.47887,13.76062]}},{"type":"Feature","properties":{"title":"โรงเรียนวัดราชวรินทร์","info":["ผู้ติดต่อ: นางสาวจินตนา ดวงชัยภูมิ","ตำแหน่ง: ผู้อำนวยการสถานศึกษา"],"district":"บางกอกน้อย","address":"472 ถ.สมเด็จพระเจ้าตากสิน แขวงสำเหร่ เขตธนบุรี","capacity":10,"tel":["024388660"],"facilities":["ไฟฟ้า","ประปา","ห้องน้ำ","สื่อสาร","การเดินทาง","จัดการขยะ","สิ่งอำนวยความสะดวกกลุ่มเปราะบาง"]},"geometry":{"type":"Point","coordinates":[100.47887,13.76062]}},{"type":"Feature","properties":{"title":"โรงเรียนวัดกระจับพินิจ","info":["ผู้ติดต่อ: นางสาวอรุณี พจนโพธา","ตำแหน่ง: ผู้อำนวยการสถานศึกษา"],"district":"ธนบุรี","address":"300/1 ถ.สมเด็จพระเจ้าตากสิน แขวงบุคคโล เขตธนบุรี","capacity":20,"tel":["024779158"],"facilities":["ไฟฟ้า","ประปา","ห้องน้ำ","สื่อสาร","การเดินทาง","จัดการขยะ","สิ่งอำนวยความสะดวกกลุ่มเปราะบาง"]},"geometry":{"type":"Point","coordinates":[100.48611,13.71491]}},{"type":"Feature","properties":{"title":"โรงเรียนวัดใหญ่ศรีสุพรรณ","info":["ผู้ติดต่อ: นางพรพิมล อุทัยแจ่ม","ตำแหน่ง: ผู้อำนวยการสถานศึกษา"],"district":"บางกอกน้อย","address":"98 ถ.อินทรพิทักษ์ แขวงหิรัญรูจี เขตธนบุรี","capacity":10,"tel":["024658104"],"facilities":["ไฟฟ้า","ประปา","ห้องน้ำ","สื่อสาร","การเดินทาง","จัดการขยะ","สิ่งอำนวยความสะดวกกลุ่มเปราะบาง"]},"geometry":{"type":"Point","coordinates":[100.47887,13.76062]}},{"type":"Feature","properties":{"title":"โรงเรียนวัดบางสะแกใน","info":["ผู้ติดต่อ: นายวราเทพ ศรีธิยศ","ตำแหน่ง: ผู้อำนวยการสถานศึกษา"],"district":"ธนบุรี","address":"1587 ถ.ริมทางรถไฟ แขวงตลาดพลู เขตธนบุรี","capacity":20,"tel":["024766280"],"facilities":["ไฟฟ้า","ประปา","ห้องน้ำ","สื่อสาร","การเดินทาง","จัดการขยะ","สิ่งอำนวยความสะดวกกลุ่มเปราะบาง"]},"geometry":{"type":"Point","coordinates":[100.47585,13.71141]}},{"type":"Feature","properties":{"title":"โรงเรียนวัดทองเพลง","info":["พื้นที่: 400","ผู้ติดต่อ: นายบุญช่วย ภัทรโกศล","ตำแหน่ง: ประธานชุมชน"],"district":"คลองสาน","address":"215 ชุมชนวัดทองเพลง ถ.เจริญนคร แขวงคลองต้นไทร เขตคลองสาน","capacity":100,"tel":["085-8107272"],"facilities":["ไฟฟ้า","ประปา","ห้องน้ำ","สื่อสาร","การเดินทาง","จัดการขยะ"]},"geometry":{"type":"Point","coordinates":[100.50102,13.72866]}},{"type":"Feature","properties":{"title":"โรงเรียนวัดสุวรรณ","info":["พื้นที่: 400","ผู้ติดต่อ: นายนัฎพงษ์ชัย สังข์สวัสดิ์","ตำแหน่ง: ประธานชุมชน"],"district":"คลองสาน","address":"504 ชุมชนข้างโรงเรียนมิตรพลพณิชยการ ถ.เจริญนคร แขวงคลองต้นไทร เขตคลองสาน","capacity":100,"tel":["081-628-0647"],"facilities":["ไฟฟ้า","ประปา","ห้องน้ำ","สื่อสาร","การเดินทาง","จัดการขยะ"]},"geometry":{"type":"Point","coordinates":[100.50102,13.72866]}},{"type":"Feature","properties":{"title":"สนามฟุตซอล/ที่ทำการชุมชน","info":["พื้นที่: 200","ผู้ติดต่อ: น.ส.สมสุข สมทรง","ตำแหน่ง: ประธานชุมชน"],"district":"คลองสาน","address":"78 ชุมชนมัสยิดสุวรรณภูมิ ถ.เจริญนคร แขวงคลองต้นไทร เขตคลองสาน","capacity":50,"tel":["099-281-8874"],"facilities":["ไฟฟ้า","ประปา","ห้องน้ำ","สื่อสาร","การเดินทาง","จัดการขยะ"]},"geometry":{"type":"Point","coordinates":[100.49949,13.71626]}},{"type":"Feature","properties":{"title":"โรงเรียนวัดสุวรรณ","info":["พื้นที่: 400","ผู้ติดต่อ: นายบุญชู สังข์เสียงสูง","ตำแหน่ง: ประธานชุมชน"],"district":"คลองสาน","address":"57 ชุมชนซอยวัดสุวรรณ ถ.เจริญนคร แขวงคลองต้นไทร เขตคลองสาน","capacity":100,"tel":["089-230-9488"],"facilities":["ไฟฟ้า","ประปา","ห้องน้ำ","สื่อสาร","การเดินทาง","จัดการขยะ"]},"geometry":{"type":"Point","coordinates":[100.51011,13.72414]}},{"type":"Feature","properties":{"title":"โรงเรียนวัดทองเพลง","info":["พื้นที่: 400","ผู้ติดต่อ: พลเรือตรีประพนธ์ อู่ศิริจันทร์","ตำแหน่ง: ประธานชุมชน"],"district":"คลองสาน","address":"12 ชุมชนซอยราษฎร์ร่วมเจริญ ถ.เจริญนคร แขวงคลองต้นไทร เขตคลองสาน","capacity":100,"tel":["087-025-7031"],"facilities":["ไฟฟ้า","ประปา","ห้องน้ำ","สื่อสาร","การเดินทาง","จัดการขยะ"]},"geometry":{"type":"Point","coordinates":[100.50102,13.72866]}},{"type":"Feature","properties":{"title":"โรงเรียนวัดทองเพลง","info":["พื้นที่: 400","ผู้ติดต่อ: นายบัญชา แสงเพ็ชร","ตำแหน่ง: ประธานชุมชน"],"district":"คลองสาน","address":"81 ชุมชนตรอกงูเห่า ถ.เจริญรัถ แขวงคลองต้นไทร เขตคลองสาน","capacity":100,"tel":["081-257-4093"],"facilities":["ไฟฟ้า","ประปา","ห้องน้ำ","สื่อสาร","การเดินทาง","จัดการขยะ"]},"geometry":{"type":"Point","coordinates":[100.50102,13.72866]}},{"type":"Feature","properties":{"title":"โรงเรียนวัดทองเพลง","info":["พื้นที่: 400","ผู้ติดต่อ: นายขวัญหทัย ชลสุข","ตำแหน่ง: ประธานชุมชน"],"district":"คลองสาน","address":"724 ชุมชนซอยวนาวรรณ ถ.เจริญนคร แขวงคลองต้นไทร เขตคลองสาน","capacity":100,"tel":["098-818-5258"],"facilities":["ไฟฟ้า","ประปา","ห้องน้ำ","สื่อสาร","การเดินทาง","จัดการขยะ"]},"geometry":{"type":"Point","coordinates":[100.50102,13.72866]}},{"type":"Feature","properties":{"title":"วัดสุวรรณ","info":["พื้นที่: 200","ผู้ติดต่อ: นายศุภกิจ ปายะนันทน์","ตำแหน่ง: ประธานชุมชน"],"district":"คลองสาน","address":"64 ชุมชนหน้าตลาดศิรินทร์ ถ.เจริญนคร แขวงคลองต้นไทร เขตคลองสาน","capacity":50,"tel":["089-992-8383"],"facilities":["ไฟฟ้า","ประปา","ห้องน้ำ","สื่อสาร","การเดินทาง","จัดการขยะ"]},"geometry":{"type":"Point","coordinates":[100.50102,13.72866]}},{"type":"Feature","properties":{"title":"โรงเรียนวัดเศวตฉัตร","info":["พื้นที่: 800","ผู้ติดต่อ: นายปณัธ ปัณณ์ญาภ์ญาณ","ตำแหน่ง: ประธานชุมชน"],"district":"คลองสาน","address":"93 ชุมชนคลองต้นไทร ถ.เจริญนคร แขวงบางลำภูล่าง เขตคลองสาน","capacity":200,"tel":["093-515-5451"],"facilities":["ไฟฟ้า","ประปา","ห้องน้ำ","สื่อสาร","การเดินทาง","จัดการขยะ"]},"geometry":{"type":"Point","coordinates":[100.5061,13.71326]}},{"type":"Feature","properties":{"title":"โรงเรียนมัธยมวัดสุทธาราม","info":["พื้นที่: 800","ผู้ติดต่อ: นางอัยยา แหวววงศ์","ตำแหน่ง: ประธานชุมชน"],"district":"คลองสาน","address":"1049 ชุมชนซอยวัฒนา ถ.กรุงธนบุรี แขวงบางลำภูล่าง เขตคลองสาน","capacity":200,"tel":["081-243-4053"],"facilities":["ไฟฟ้า","ประปา","ห้องน้ำ","สื่อสาร","การเดินทาง","จัดการขยะ"]},"geometry":{"type":"Point","coordinates":[100.50102,13.72866]}},{"type":"Feature","properties":{"title":"โรงเรียนมัธยมวัดสุทธาราม","info":["พื้นที่: 800","ผู้ติดต่อ: นายพิศิษฐ์ อัครโชคมงคล","ตำแหน่ง: ประธานชุมชน"],"district":"คลองสาน","address":"133 ชุมชนซอยหงษ์ทอง ถ.กรุงธนบุรี แขวงบางลำภูล่าง เขตคลองสาน","capacity":200,"tel":["087-680-3040"],"facilities":["ไฟฟ้า","ประปา","ห้องน้ำ","สื่อสาร","การเดินทาง","จัดการขยะ"]},"geometry":{"type":"Point","coordinates":[100.50102,13.72866]}},{"type":"Feature","properties":{"title":"โรงเรียนมัธยมวัดสุทธาราม","info":["พื้นที่: 800","ผู้ติดต่อ: นางรัตนา พึ่งสาย","ตำแหน่ง: ประธานชุมชน"],"district":"คลองสาน","address":"430 ชุมชนสำป้าย้าพัฒนา ถ.เจริญนคร แขวงบางลำภูล่าง เขตคลองสาน","capacity":200,"tel":["098-883-8172"],"facilities":["ไฟฟ้า","ประปา","ห้องน้ำ","สื่อสาร","การเดินทาง","จัดการขยะ"]},"geometry":{"type":"Point","coordinates":[100.50102,13.72866]}},{"type":"Feature","properties":{"title":"โรงเรียนวัดเศวตฉัตร","info":["พื้นที่: 800","ผู้ติดต่อ: นางนัยนา ปานนิวัฒน์","ตำแหน่ง: ประธานชุมชน"],"district":"คลองสาน","address":"90 ชุมชนวัดเศวตฉัตร ถ.เจริญนคร แขวงบางลำภูล่าง เขตคลองสาน","capacity":200,"tel":["081-821-5948"],"facilities":["ไฟฟ้า","ประปา","ห้องน้ำ","สื่อสาร","การเดินทาง","จัดการขยะ"]},"geometry":{"type":"Point","coordinates":[100.5061,13.71326]}},{"type":"Feature","properties":{"title":"โรงเรียนวัดเศวตฉัตร","info":["พื้นที่: 800","ผู้ติดต่อ: นายพศวัต สุมาสา","ตำแหน่ง: ประธานชุมชน"],"district":"คลองสาน","address":"43 ชุมชนหลวงพ่อโบสถ์บน ถ.เจริญนคร แขวงบางลำภูล่าง เขตคลองสาน","capacity":200,"tel":["099-669-2769"],"facilities":["ไฟฟ้า","ประปา","ห้องน้ำ","สื่อสาร","การเดินทาง","จัดการขยะ"]},"geometry":{"type":"Point","coordinates":[100.50102,13.72866]}},{"type":"Feature","properties":{"title":"โรงเรียนวัดเศวตฉัตร","info":["พื้นที่: 800","ผู้ติดต่อ: นายหฤทธิ์ วงษ์รัมย์","ตำแหน่ง: ประธานชุมชน"],"district":"คลองสาน","address":"227 ชุมชนคลองพระยาเกษม ถ.เจริญนคร แขวงบางลำภูล่าง เขตคลองสาน","capacity":200,"tel":["081-307-5467"],"facilities":["ไฟฟ้า","ประปา","ห้องน้ำ","สื่อสาร","การเดินทาง","จัดการขยะ"]},"geometry":{"type":"Point","coordinates":[100.50102,13.72866]}},{"type":"Feature","properties":{"title":"โรงเรียนวัดสุทธาราม","info":["พื้นที่: 400","ผู้ติดต่อ: นายศักดิ์สิทธิ์ สร้อยสะนู","ตำแหน่ง: ประธานชุมชน"],"district":"คลองสาน","address":"62 ชุมชนซอยเกษมใหม่ ถ.เจริญนคร แขวงบางลำภูล่าง เขตคลองสาน","capacity":100,"tel":["085-210-9074"],"facilities":["ไฟฟ้า","ประปา","ห้องน้ำ","สื่อสาร","การเดินทาง","จัดการขยะ"]},"geometry":{"type":"Point","coordinates":[100.50102,13.72866]}},{"type":"Feature","properties":{"title":"โรงเรียนวัดสุทธาราม","info":["พื้นที่: 400","ผู้ติดต่อ: นายทนงชัย กล่อมเจริญ","ตำแหน่ง: ประธานชุมชน"],"district":"คลองสาน","address":"297 ชุมชนวัดสุทธาราม ถ.เจริญนคร แขวงบางลำภูล่าง เขตคลองสาน","capacity":100,"tel":["089-522-2781"],"facilities":["ไฟฟ้า","ประปา","ห้องน้ำ","สื่อสาร","การเดินทาง","จัดการขยะ"]},"geometry":{"type":"Point","coordinates":[100.50102,13.72866]}},{"type":"Feature","properties":{"title":"โรงเรียนมัธยมวัดสุทธาราม","info":["พื้นที่: 800","ผู้ติดต่อ: นายทรงศักดิ์ จิตร์ทิพย์โสภา","ตำแหน่ง: ประธานชุมชน"],"district":"คลองสาน","address":"661 ชุมชนหลังตลาดเจริญนคร ถ.เจริญนคร แขวงบางลำภูล่าง เขตคลองสาน","capacity":200,"tel":["088-293-6384"],"facilities":["ไฟฟ้า","ประปา","ห้องน้ำ","สื่อสาร","การเดินทาง","จัดการขยะ"]},"geometry":{"type":"Point","coordinates":[100.50102,13.72866]}},{"type":"Feature","properties":{"title":"ศาลเจ้าในชุมชน","info":["พื้นที่: 200","ผู้ติดต่อ: นายพิพัทธ์ เจริญมาก","ตำแหน่ง: ประธานชุมชน"],"district":"คลองสาน","address":"149 ชุมชนอู่ใหม่ ถ.เจริญนคร แขวงบางลำภูล่าง เขตคลองสาน","capacity":50,"tel":["092-970-5200"],"facilities":["ไฟฟ้า","ประปา","ห้องน้ำ","สื่อสาร","การเดินทาง","จัดการขยะ"]},"geometry":{"type":"Point","coordinates":[100.50102,13.72866]}},{"type":"Feature","properties":{"title":"โรงเรียนวัดแป้นทอง (สามวาวิทยา)","info":["พื้นที่: 9,848 (ตร.ม.)","ผู้ติดต่อ: นายทวีรัชตพล นัตยโพธิ์สุวรรณ","ตำแหน่ง: รองผู้อำนวยการสถานศึกษา"],"district":"คลองสามวา","address":"209 ถ.หทัยราษฎร์ แขวงสามวาตะวันตก เขตคลองสามวา","capacity":2814,"tel":["095-2131059"],"facilities":["ไฟฟ้า","ประปา","ห้องน้ำ","สื่อสาร","การเดินทาง","จัดการขยะ","สิ่งอำนวยความสะดวกกลุ่มเปราะบาง"]},"geometry":{"type":"Point","coordinates":[100.70867,13.8862]}},{"type":"Feature","properties":{"title":"โรงเรียนประชาราษฎร์อุปถัมภ์วิทยา","info":["พื้นที่: 5,080 (ตร.ม.)","ผู้ติดต่อ: นายนพดล ชัยหมก","ตำแหน่ง: รองผู้อำนวยการสถานศึกษา"],"district":"คลองสามวา","address":"1051 ถ.พระยาสุเรนทร์ แขวงบางชัน เขตคลองสามวา","capacity":1451,"tel":["082-3742147"],"facilities":["ไฟฟ้า","ประปา","ห้องน้ำ","สื่อสาร","การเดินทาง","จัดการขยะ","สิ่งอำนวยความสะดวกกลุ่มเปราะบาง"]},"geometry":{"type":"Point","coordinates":[100.69593,13.84397]}},{"type":"Feature","properties":{"title":"โรงเรียนสุเหร่าแสนแสบ (โครงหลังคาอเนกประสงค์)","info":["พื้นที่: 726","ผู้ติดต่อ: ว่าที่ร้อยตรีบรรลุ โตแก่น","ตำแหน่ง: ผู้อำนวยการสถานศึกษา"],"district":"คลองสามวา","address":"95 ถ.ประชาร่วมใจ แขวงทรายกองดินใต้ เขตคลองสามวา","capacity":100,"tel":["083-1773713"],"facilities":["ไฟฟ้า","ประปา","ห้องน้ำ","การเดินทาง","จัดการขยะ"]},"geometry":{"type":"Point","coordinates":[100.70396,13.8601]}},{"type":"Feature","properties":{"title":"โรงเรียนวัดศรีสุกแย้มเยื้อนอุปถัมภ์)(โครง","info":["พื้นที่: 540","ผู้ติดต่อ: นางสาวกันต์ลภัส อชิรปัญญานันท์","ตำแหน่ง: ผู้อำนวยการสถานศึกษา"],"district":"คลองสามวา","address":"1400 ถ.ไมตรีจิต แขวงสามวาตะวันออก เขตคลองสามวา","capacity":100,"tel":["08-0266-6652"],"facilities":["ไฟฟ้า","ประปา","ห้องน้ำ","การเดินทาง","จัดการขยะ"]},"geometry":{"type":"Point","coordinates":[100.79146,13.91877]}},{"type":"Feature","properties":{"title":"โรงเรียนวัดบัวแก้ว","info":["พื้นที่: 990","ผู้ติดต่อ: นายธนวิชญ์ ดาวังปา","ตำแหน่ง: ผู้อำนวยการสถานศึกษา"],"district":"คลองสามวา","address":"2 ถ.นินิตใหม่ แขวงทรายกองดิน เขตคลองสามวา","capacity":100,"tel":["089-8955824"],"facilities":["ไฟฟ้า","ประปา","ห้องน้ำ","การเดินทาง","จัดการขยะ","สิ่งอำนวยความสะดวกกลุ่มเปราะบาง"]},"geometry":{"type":"Point","coordinates":[100.70396,13.8601]}},{"type":"Feature","properties":{"title":"โรงเรียนสุเหร่าคลองหนึ่ง (โครงหลังคาอเนกประสงค์","info":["พื้นที่: 910","ผู้ติดต่อ: นางบีรีรัตน์ บุญมาก","ตำแหน่ง: ผู้อำนวยการสถานศึกษา"],"district":"คลองสามวา","address":"607 ถ.สุเหร่าคลองหนึ่ง แขวงบางชัน เขตคลองสามวา","capacity":260,"tel":["0865130353"],"facilities":["ไฟฟ้า","ประปา","ห้องน้ำ","การเดินทาง","จัดการขยะ"]},"geometry":{"type":"Point","coordinates":[100.70396,13.8601]}},{"type":"Feature","properties":{"title":"โรงเรียนบ้านแบนชะโด (เสียง วิฑูรชาติ อุปถัมภ์) โดมอาคารอเนกประสงค์","info":["พื้นที่: 1400","ผู้ติดต่อ: นางศรีเวียง ศิริจันทร์","ตำแหน่ง: ผู้อำนวยการสถานศึกษา"],"district":"คลองสามวา","address":"45 ซอยแบนชะโด 2 แขวงทรายกองดินใต้ เขตคลองสามวา","capacity":400,"tel":["0653542639"],"facilities":["ไฟฟ้า","ประปา","ห้องน้ำ","การเดินทาง","จัดการขยะ"]},"geometry":{"type":"Point","coordinates":[100.70396,13.8601]}},{"type":"Feature","properties":{"title":"โรงเรียนวัดคู้บอน (วัฒนานันท์อุทิศ) ลานอเนกประสงค์","info":["พื้นที่: 1,250 (ตร.ม.)","ผู้ติดต่อ: นายอำนวย วงษ์สุบรรณ์","ตำแหน่ง: ผู้อำนวยการสถานศึกษา"],"district":"คลองสามวา","address":"59 ถ.คู้บอน แขวงบางชัน เขตคลองสามวา","capacity":250,"tel":["088-4959545"],"facilities":["ไฟฟ้า","ประปา","ห้องน้ำ","สื่อสาร","การเดินทาง","จัดการขยะ","สิ่งอำนวยความสะดวกกลุ่มเปราะบาง"]},"geometry":{"type":"Point","coordinates":[100.67361,13.85415]}},{"type":"Feature","properties":{"title":"โรงเรียนบ้านหนองระแหง (ชมแสงประชานุกูล) โดมอาคารอเนกประสงค์","info":["พื้นที่: 600","ผู้ติดต่อ: นางเพียงจิต สีดาสมุทร์","ตำแหน่ง: ผู้อำนวยการสถานศึกษา"],"district":"คลองสามวา","address":"500 ถ.หนองระแหง แขวงสามวาตะวันตก เขตคลองสามวา","capacity":100,"tel":["0878052857"],"facilities":["ไฟฟ้า","ประปา","ห้องน้ำ","การเดินทาง","จัดการขยะ"]},"geometry":{"type":"Point","coordinates":[100.70396,13.8601]}},{"type":"Feature","properties":{"title":"โรงเรียนวัดลำกะดาน","info":["พื้นที่: 6,468 ตร.ม.","ผู้ติดต่อ: นายมาโนช ขะมันจา","ตำแหน่ง: ผู้อำนวยการสถานศึกษา"],"district":"คลองสามวา","address":"39 ถ.นิมิตรใหม่ แขวงสามวาตะวันออก เขตคลองสามวา","capacity":250,"tel":["083-8974976"],"facilities":["ไฟฟ้า","ประปา","ห้องน้ำ","สื่อสาร","การเดินทาง","จัดการขยะ","สิ่งอำนวยความสะดวกกลุ่มเปราะบาง"]},"geometry":{"type":"Point","coordinates":[100.70396,13.8601]}},{"type":"Feature","properties":{"title":"โรงเรียนวัดสุขใจ","info":["พื้นที่: 9,600 ตร.ม.","ผู้ติดต่อ: นายสุทัศน์ ก้อมไธสง","ตำแหน่ง: ครูผู้ช่วย"],"district":"คลองสามวา","address":"11 ถ.วัดสุขใจ แขวงทรายกองดินใต้ เขตคลองสามวา","capacity":300,"tel":["092-966-4393"],"facilities":["ไฟฟ้า","ประปา","ห้องน้ำ","สื่อสาร","การเดินทาง","จัดการขยะ","สิ่งอำนวยความสะดวกกลุ่มเปราะบาง"]},"geometry":{"type":"Point","coordinates":[100.70396,13.8601]}},{"type":"Feature","properties":{"title":"โรงเรียนสุเหร่าสามวา (ซุน เวทย์สฤษฎ์อุทิศ)","info":["พื้นที่: 7200 ตร.ม.","ผู้ติดต่อ: นายปริญญา ยอมิน","ตำแหน่ง: ครู วิทยฐานะครูชำนาญการ"],"district":"คลองสามวา","address":"25 ถ.หทัยราษฎร์ แขวงสามวาตะวันตก เขตคลองสามวา","capacity":250,"tel":["083-9829116"],"facilities":["ไฟฟ้า","ประปา","ห้องน้ำ","สื่อสาร","การเดินทาง","จัดการขยะ","สิ่งอำนวยความสะดวกกลุ่มเปราะบาง"]},"geometry":{"type":"Point","coordinates":[100.70396,13.8601]}},{"type":"Feature","properties":{"title":"โรงเรียนสุเหร่าคลองสี่","info":["พื้นที่: 12500","ผู้ติดต่อ: นายสุทัศน์ จอกสถิตย์","ตำแหน่ง: ผู้อำนวยการสถานศึกษา"],"district":"คลองสามวา","address":"555 ถ.ไมตรีจิต แขวงสามวาตะวันออก เขตคลองสามวา","capacity":200,"tel":["0953650080"],"facilities":["ไฟฟ้า","ประปา","ห้องน้ำ","สื่อสาร","การเดินทาง","จัดการขยะ","สิ่งอำนวยความสะดวกกลุ่มเปราะบาง"]},"geometry":{"type":"Point","coordinates":[100.70396,13.8601]}},{"type":"Feature","properties":{"title":"โรงเรียนวัดมหรรณพาราม","info":["ผู้ติดต่อ: สุธาศินี รอดดอนไพร","ตำแหน่ง: ผู้อำนวยการสถานศึกษา"],"district":"ดุสิต","address":"261/1 ถ.ตะนาว แขวงเสาชิงช้า เขตพระนคร","capacity":null,"tel":["22241165"],"facilities":["ไฟฟ้า","ประปา","ห้องน้ำ","สื่อสาร","การเดินทาง","จัดการขยะ","สิ่งอำนวยความสะดวกกลุ่มเปราะบาง"]},"geometry":{"type":"Point","coordinates":[100.50386,13.77073]}},{"type":"Feature","properties":{"title":"โรงเรียนบางจาก (นาคเผื่อนอุปถัมภ์)","info":["พื้นที่: อาคาร 1 ห้องสมุด: ยาว 21 เมตร กว้าง 6.70 เมตร","ผู้ติดต่อ: นางปรางค์ธิดา นาเจริญ","ตำแหน่ง: ผู้อำนวยการสถานศึกษาโรงเรียนบางจาก (นาคเผื่อนอุปถัมภ์)"],"district":"พระโขนง","address":"259/1 สุขุมวิท 56 แขวงพระโขนงใต้ เขตพระโขนง","capacity":44,"tel":["871651919"],"facilities":["ไฟฟ้า","ประปา","ห้องน้ำ","สื่อสาร","การเดินทาง","จัดการขยะ"]},"geometry":{"type":"Point","coordinates":[100.59538,13.69657]}},{"type":"Feature","properties":{"title":"โรงเรียนบางจาก (นาคเผื่อนอุปถัมภ์)","info":["พื้นที่: อาคาร 3 โรงอาหาร: ยาว 22 เมตร กว้าง 8 เมตร","ผู้ติดต่อ: นางปรางค์ธิดา นาเจริญ","ตำแหน่ง: ผู้อำนวยการสถานศึกษาโรงเรียนบางจาก (นาคเผื่อนอุปถัมภ์)"],"district":"พระโขนง","address":"259/2 สุขุมวิท 57 แขวงพระโขนงใต้ เขตพระโขนง","capacity":50,"tel":["971651919"],"facilities":["ไฟฟ้า","ประปา","ห้องน้ำ","สื่อสาร","การเดินทาง","จัดการขยะ"]},"geometry":{"type":"Point","coordinates":[100.59538,13.69657]}},{"type":"Feature","properties":{"title":"โรงเรียนบางจาก (นาคเผื่อนอุปถัมภ์)","info":["พื้นที่: อาคาร 4 ห้องประชุม: ยาว 20 เมตร กว้าง 10 เมตร","ผู้ติดต่อ: นางปรางค์ธิดา นาเจริญ","ตำแหน่ง: ผู้อำนวยการสถานศึกษาโรงเรียนบางจาก (นาคเผื่อนอุปถัมภ์)"],"district":"พระโขนง","address":"259/3 สุขุมวิท 58 แขวงพระโขนงใต้ เขตพระโขนง","capacity":55,"tel":["1071651919"],"facilities":["ไฟฟ้า","ประปา","ห้องน้ำ","สื่อสาร","การเดินทาง","จัดการขยะ"]},"geometry":{"type":"Point","coordinates":[100.59538,13.69657]}},{"type":"Feature","properties":{"title":"โรงเรียนวัดธรรมมงคล (หลวงพ่อวิริยังค์อุปถัมภ์)","info":["พื้นที่: ห้องประชุมโรงเรียน: ยาว 20 เมตร กว้าง 8 เมตร","ผู้ติดต่อ: นางณฐมน ชุมมุง","ตำแหน่ง: ผู้อำนวยการสถานศึกษาโรงเรียนวัดธรรมมงคล (หลวงพ่อวิริยังค์อุปถัมภ์)"],"district":"พระโขนง","address":"132 ปุณณวิถี 20 ถ.สุขุมวิท 101 แขวงบางจาก เขตพระโขนง","capacity":45,"tel":["0826539619"],"facilities":["ไฟฟ้า","ประปา","ห้องน้ำ","สื่อสาร","การเดินทาง","จัดการขยะ"]},"geometry":{"type":"Point","coordinates":[100.60861,13.69027]}},{"type":"Feature","properties":{"title":"โรงเรียนวัดราษฎร์ศรัทธาธรรม","info":["พื้นที่: ห้องประชุมโรงเรียน: ยาว 16 เมตร กว้าง 11 เมตร","ผู้ติดต่อ: นางกานต์กนิษฐ์ เฟื่องฟูพงศ์","ตำแหน่ง: ผู้อำนวยการสถานศึกษาโรงเรียนวัดราษฎร์ศรัทธาธรรม"],"district":"พระโขนง","address":"774 สุขุมวิท 93 แขวงบางจาก เขตพระโขนง","capacity":50,"tel":[],"facilities":["ไฟฟ้า","ประปา","ห้องน้ำ","สื่อสาร","การเดินทาง","จัดการขยะ"]},"geometry":{"type":"Point","coordinates":[100.60861,13.69027]}},{"type":"Feature","properties":{"title":"โรงเรียนพูนสิน (เพชรสุขอุปถัมภ์)","info":["พื้นที่: โรงอาหาร 1: ยาว 23 เมตร กว้าง 6 เมตร","ผู้ติดต่อ: นางพิมพ์ชยา ธนโชติชุติวัฒน์","ตำแหน่ง: ผู้อำนวยการสถานศึกษาโรงเรียนพูนสิน (เพชรสุขอุปถัมภ์)"],"district":"พระโขนง","address":"1000 สุขุมวิท 66/1 แขวงพระโขนงใต้ เขตพระโขนง","capacity":39,"tel":[],"facilities":["ไฟฟ้า","ประปา","ห้องน้ำ","สื่อสาร","การเดินทาง","จัดการขยะ"]},"geometry":{"type":"Point","coordinates":[100.60861,13.69027]}},{"type":"Feature","properties":{"title":"โรงเรียนพูนสิน (เพชรสุขอุปถัมภ์)","info":["พื้นที่: โรงอาหาร 2: ยาว 25 เมตร กว้าง 8 เมตร","ผู้ติดต่อ: นางพิมพ์ชยา ธนโชติชุติวัฒน์","ตำแหน่ง: ผู้อำนวยการสถานศึกษาโรงเรียนพูนสิน (เพชรสุขอุปถัมภ์)"],"district":"พระโขนง","address":"1000 สุขุมวิท 66/2 แขวงพระโขนงใต้ เขตพระโขนง","capacity":57,"tel":[],"facilities":["ไฟฟ้า","ประปา","ห้องน้ำ","สื่อสาร","การเดินทาง","จัดการขยะ"]},"geometry":{"type":"Point","coordinates":[100.60861,13.69027]}},{"type":"Feature","properties":{"title":"วัดบุญรอดธรรมาราม","info":["พื้นที่: ศาลาการเปรียญ ชั้น 1: ยาว 35 เมตร กว้าง 14 เมตร","ผู้ติดต่อ: พระครูสุกิจจาภิรม","ตำแหน่ง: เจ้าอาวาส"],"district":"พระโขนง","address":"58/11 สุขุมวิท 62 แยก 13 แขวงพระโขนงใต้ เขตพระโขนง","capacity":150,"tel":["0873385179"],"facilities":["ไฟฟ้า","ประปา","ห้องน้ำ","สื่อสาร","การเดินทาง","จัดการขยะ"]},"geometry":{"type":"Point","coordinates":[100.60861,13.69027]}},{"type":"Feature","properties":{"title":"วัดวชิรธรรมสาธิตวรวิหาร","info":["พื้นที่: ศาลาการเปรียญวัดฯ ชั้น 2: ยาว 30 เมตร กว้าง 10 เมตร","ผู้ติดต่อ: พระครูภาวนาสังวรกิจ","ตำแหน่ง: รองเจ้าอาวาส"],"district":"พระโขนง","address":"1199 สุขุมวิท 101/1 แขวงบางจาก เขตพระโขนง","capacity":150,"tel":["0928268591"],"facilities":["ไฟฟ้า","ประปา","ห้องน้ำ","สื่อสาร","การเดินทาง","จัดการขยะ"]},"geometry":{"type":"Point","coordinates":[100.60861,13.69027]}},{"type":"Feature","properties":{"title":"วัดวชิรธรรมสาธิตวรวิหาร","info":["พื้นที่: ศาลาการเปรียญวัดฯ ชั้น 3: ยาว 30 เมตร กว้าง 13 เมตร","ผู้ติดต่อ: พระครูภาวนาสังวรกิจ","ตำแหน่ง: รองเจ้าอาวาส"],"district":"พระโขนง","address":"1199 สุขุมวิท 101/2 แขวงบางจาก เขตพระโขนง","capacity":151,"tel":["028268591"],"facilities":["ไฟฟ้า","ประปา","ห้องน้ำ","สื่อสาร","การเดินทาง","จัดการขยะ"]},"geometry":{"type":"Point","coordinates":[100.63501,13.69116]}},{"type":"Feature","properties":{"title":"โรงเรียนวัดบึงบัว","info":["พื้นที่: 4 ไร่ 3 งาน","ผู้ติดต่อ: นางนิตยาพร พงษ์สถิตย์","ตำแหน่ง: ผู้อำนวยการโรงเรียน"],"district":"ลาดกระบัง","address":"195 ถ.คุ้มเกล้า แขวงลำปลาทิว เขตลาดกระบัง","capacity":400,"tel":["0929154996"],"facilities":["ไฟฟ้า","ประปา","ห้องน้ำ","สื่อสาร","การเดินทาง","จัดการขยะ","สิ่งอำนวยความสะดวกกลุ่มเปราะบาง"]},"geometry":{"type":"Point","coordinates":[100.79432,13.75058]}},{"type":"Feature","properties":{"title":"โรงเรียนวัดโพธินิมิตร","info":["ผู้ติดต่อ: นางประจวบ อินทรสุชาติ","ตำแหน่ง: ผู้อำนวยการสถานศึกษา"],"district":"บางกอกน้อย","address":"309 ถ.เทอดไท แขวงบางยี่เรือ เขตธนบุรี","capacity":20,"tel":["024663441"],"facilities":["ไฟฟ้า","ประปา","ห้องน้ำ","สื่อสาร","การเดินทาง","จัดการขยะ","สิ่งอำนวยความสะดวกกลุ่มเปราะบาง"]},"geometry":{"type":"Point","coordinates":[100.47887,13.76062]}},{"type":"Feature","properties":{"title":"โรงเรียนวัดบางน้ำชน","info":["ผู้ติดต่อ: นายวชิรวิทย์ ศิริสิงห์","ตำแหน่ง: ผู้อำนวยการสถานศึกษา"],"district":"ธนบุรี","address":"24 ถ.เจริญนคร แขวงบุคคโล เขตธนบุรี","capacity":10,"tel":["024601303"],"facilities":["ไฟฟ้า","ประปา","ห้องน้ำ","สื่อสาร","การเดินทาง","จัดการขยะ","สิ่งอำนวยความสะดวกกลุ่มเปราะบาง"]},"geometry":{"type":"Point","coordinates":[100.49083,13.70403]}},{"type":"Feature","properties":{"title":"โรงเรียนวัดประดิษฐาราม","info":["ผู้ติดต่อ: นางสาวนาคอนงค์ วุฒิสารวรากรณ์","ตำแหน่ง: ผู้อำนวยการสถานศึกษา"],"district":"บางกอกน้อย","address":"371/3 ถ.อิสรภาพ แขวงหิรัญรูจี เขตธนบุรี","capacity":10,"tel":["024663442"],"facilities":["ไฟฟ้า","ประปา","ห้องน้ำ","สื่อสาร","การเดินทาง","จัดการขยะ","สิ่งอำนวยความสะดวกกลุ่มเปราะบาง"]},"geometry":{"type":"Point","coordinates":[100.47887,13.76062]}},{"type":"Feature","properties":{"title":"โรงเรียนวัดกัลยาณมิตร","info":["ผู้ติดต่อ: นางพภัทรวดี นุ้ยแหลมหลัก","ตำแหน่ง: ผู้อำนวยการสถานศึกษา"],"district":"ธนบุรี","address":"371/3 ถ.เทศบาลสาย 2 แขวงวัดกัลยาณ์ เขตธนบุรี","capacity":10,"tel":["024662655"],"facilities":["ไฟฟ้า","ประปา","ห้องน้ำ","สื่อสาร","การเดินทาง","จัดการขยะ","สิ่งอำนวยความสะดวกกลุ่มเปราะบาง"]},"geometry":{"type":"Point","coordinates":[100.49224,13.74021]}},{"type":"Feature","properties":{"title":"โรงเรียนกันตหาราราม","info":["ผู้ติดต่อ: นายวิรุตน์ กระรันต์","ตำแหน่ง: ผู้อำนวยการสถานศึกษา"],"district":"บางกอกน้อย","address":"37/59 ถ.รัชดาภิเษก แขวงตลาดพลู เขตธนบุรี","capacity":10,"tel":["024660390"],"facilities":["ไฟฟ้า","ประปา","ห้องน้ำ","สื่อสาร","การเดินทาง","จัดการขยะ","สิ่งอำนวยความสะดวกกลุ่มเปราะบาง"]},"geometry":{"type":"Point","coordinates":[100.47887,13.76062]}},{"type":"Feature","properties":{"title":"โรงเรียนวัดบางสะแกนอก","info":["ผู้ติดต่อ: นางสาวเบญจวรรณ แป้นนอก","ตำแหน่ง: ผู้อำนวยการสถานศึกษา"],"district":"บางกอกน้อย","address":"154 ถ.เทอดไท แขวงตลาดพลู เขตธนบุรี","capacity":10,"tel":["024650350"],"facilities":["ไฟฟ้า","ประปา","ห้องน้ำ","สื่อสาร","การเดินทาง","จัดการขยะ","สิ่งอำนวยความสะดวกกลุ่มเปราะบาง"]},"geometry":{"type":"Point","coordinates":[100.47887,13.76062]}},{"type":"Feature","properties":{"title":"โรงเรียนวัดขุนจันทร์","info":["ผู้ติดต่อ: นายศินาตร์ ปุณณะหิตานนท์","ตำแหน่ง: ผู้อำนวยการสถานศึกษา"],"district":"บางกอกน้อย","address":"1174 ถ.เทอดไท แขวงตลาดพลู เขตธนบุรี","capacity":10,"tel":["0815846778"],"facilities":["ไฟฟ้า","ประปา","ห้องน้ำ","สื่อสาร","การเดินทาง","จัดการขยะ","สิ่งอำนวยความสะดวกกลุ่มเปราะบาง"]},"geometry":{"type":"Point","coordinates":[100.47887,13.76062]}},{"type":"Feature","properties":{"title":"โรงเรียนวัดบุคคโล","info":["ผู้ติดต่อ: นางสาวณมรัตน์ ปิงตระกูล","ตำแหน่ง: ผู้อำนวยการสถานศึกษา"],"district":"บางกอกน้อย","address":"349 ถ.เจริญนคร แขวงดาวคะนอง เขตธนบุรี","capacity":10,"tel":["0992915594"],"facilities":["ไฟฟ้า","ประปา","ห้องน้ำ","สื่อสาร","การเดินทาง","จัดการขยะ","สิ่งอำนวยความสะดวกกลุ่มเปราะบาง"]},"geometry":{"type":"Point","coordinates":[100.47887,13.76062]}},{"type":"Feature","properties":{"title":"มัสยิดสวนพลู","info":["พื้นที่: 2 ไร่","ผู้ติดต่อ: นายสนิท วัธนวาทิน","ตำแหน่ง: อิหม่าม (ผู้นำศาสนาประจำมัสยิด)"],"district":"บางกอกน้อย","address":"196 ซ.เทอดไทย11 ถ.เทอดไท แขวงบางยี่เรือ เขตธนบุรี","capacity":200,"tel":["0896625896"],"facilities":["ไฟฟ้า","ประปา","ห้องน้ำ","สื่อสาร","การเดินทาง","จัดการขยะ","สิ่งอำนวยความสะดวกกลุ่มเปราะบาง"]},"geometry":{"type":"Point","coordinates":[100.47887,13.76062]}},{"type":"Feature","properties":{"title":"มหาวิทยาลัยราชภัฏบ้านสมเด็จเจ้าพระยา","info":["ผู้ติดต่อ: ผู้ช่วยศาตราจารย์ ดร.ลินดา เกณฑ์มา","ตำแหน่ง: อธิการบดี"],"district":"บางกอกน้อย","address":"1061 ซ.อสรภาพ15 ถ.อิสรภาพ แขวงหิรัญรูจี เขตธนบุรี","capacity":500,"tel":["024737000"],"facilities":["ไฟฟ้า","ประปา","ห้องน้ำ","สื่อสาร","การเดินทาง","จัดการขยะ","สิ่งอำนวยความสะดวกกลุ่มเปราะบาง"]},"geometry":{"type":"Point","coordinates":[100.47887,13.76062]}},{"type":"Feature","properties":{"title":"ร.ร.บ้านบางกะปิ","info":[],"district":"บางกะปิ","address":"93 ถ.นวมินทร์ แขวงคลองจั่น เขตบางกะปิ","capacity":null,"tel":[],"facilities":[]},"geometry":{"type":"Point","coordinates":[100.6456,13.76276]}},{"type":"Feature","properties":{"title":"ร.ร.วัดเทพลีลา","info":[],"district":"บางกะปิ","address":"76 ถ.รามคำแหง41หัวหมาก แขวงหัวหมาก เขตบางกะปิ","capacity":null,"tel":[],"facilities":[]},"geometry":{"type":"Point","coordinates":[100.61555,13.7583]}},{"type":"Feature","properties":{"title":"ร.ร.ไขศรีปราโมชอนุสรณ์","info":[],"district":"บางกะปิ","address":"136 ถ.ลาดพร้าว134คลองจั่น เขตบางกะปิ","capacity":null,"tel":[],"facilities":[]},"geometry":{"type":"Point","coordinates":[100.63649,13.76459]}},{"type":"Feature","properties":{"title":"ร.ร.สุเหร่าคลองจั่น","info":[],"district":"บางกะปิ","address":"191 ถ.ลาดพร้า132คลองจั่น เขตบางกะปิ","capacity":null,"tel":[],"facilities":[]},"geometry":{"type":"Point","coordinates":[100.6456,13.76276]}},{"type":"Feature","properties":{"title":"ร.ร.ลำสาลี","info":[],"district":"บางกะปิ","address":"183 ถ.กรุงเทพกรีฑาหัวหมาก เขตบางกะปิ","capacity":null,"tel":[],"facilities":[]},"geometry":{"type":"Point","coordinates":[100.6456,13.76276]}},{"type":"Feature","properties":{"title":"ร.ร.สุเหร่าหัวหมากน้อย","info":[],"district":"บางกะปิ","address":"171 ถ.รามคำแหง60หัวหมาก เขตบางกะปิ","capacity":null,"tel":[],"facilities":[]},"geometry":{"type":"Point","coordinates":[100.6565,13.75834]}},{"type":"Feature","properties":{"title":"ร.ร.สุเหร่าวังใหญ่","info":[],"district":"บางกะปิ","address":"909 ถ.กรุงเทพกรีฑาหัวหมาก เขตบางกะปิ","capacity":null,"tel":[],"facilities":[]},"geometry":{"type":"Point","coordinates":[100.6456,13.76276]}},{"type":"Feature","properties":{"title":"ร.ร.วัดศรีบุญเรือง","info":[],"district":"บางกะปิ","address":"596 ถ.รามคำแหง แขวงหัวหมาก เขตบางกะปิ","capacity":null,"tel":[],"facilities":[]},"geometry":{"type":"Point","coordinates":[100.6456,13.76276]}},{"type":"Feature","properties":{"title":"ร.ร.มัธยมบ้านบางกะปิ","info":[],"district":"บางกะปิ","address":"93 ถ.นวมินทร์ แขวงคลองจั่น เขตบางกะปิ","capacity":null,"tel":[],"facilities":[]},"geometry":{"type":"Point","coordinates":[100.6456,13.76276]}},{"type":"Feature","properties":{"title":"โรงเรียนวัดดิสานุการาม","info":["พื้นที่: 150","ผู้ติดต่อ: นายกฤตภาส สถาพรสกุล","ตำแหน่ง: ผู้อำนวยการสถานศึกษา"],"district":"ป้อมปราบศัตรูพ่าย","address":"1 ถ.วรจักร แขวงวัดเทพศิรินทร์ เขตป้อมปราบฯ","capacity":50,"tel":["0879318668"],"facilities":["ไฟฟ้า","ประปา","ห้องน้ำ","สื่อสาร","การเดินทาง","จัดการขยะ"]},"geometry":{"type":"Point","coordinates":[100.51414,13.7425]}},{"type":"Feature","properties":{"title":"โรงเรียนวัดสิตาราม","info":["พื้นที่: 1,044 (2 งาน 61 ตร.ว.)","ผู้ติดต่อ: นางน้ำผึ้ง อากาศวิภาต","ตำแหน่ง: ผู้อำนวยการสถานศึกษา"],"district":"ป้อมปราบศัตรูพ่าย","address":"21/1 ถ.ดำรงรักษ์ แขวงคลองมหานาค เขตป้อมปราบฯ","capacity":50,"tel":["0839546499"],"facilities":["ไฟฟ้า","ประปา","ห้องน้ำ","สื่อสาร","การเดินทาง","จัดการขยะ"]},"geometry":{"type":"Point","coordinates":[100.51414,13.7425]}},{"type":"Feature","properties":{"title":"โรงเรียนวัดคณิกาผล","info":["พื้นที่: 252","ผู้ติดต่อ: นายนพภรณ์ แจ้งใจ","ตำแหน่ง: ผู้อำนวยการสถานศึกษา"],"district":"ป้อมปราบศัตรูพ่าย","address":"405/1 ถ.มังกร แขวงป้อมปราบ เขตป้อมปราบฯ","capacity":80,"tel":["0962371050"],"facilities":["ไฟฟ้า","ประปา","ห้องน้ำ","สื่อสาร","การเดินทาง","จัดการขยะ","สิ่งอำนวยความสะดวกกลุ่มเปราะบาง"]},"geometry":{"type":"Point","coordinates":[100.51414,13.7425]}},{"type":"Feature","properties":{"title":"โรงเรียนวัดพระพิเรนทร์","info":["พื้นที่: 576","ผู้ติดต่อ: 1. นางสาวสรทิพย์ สุทธิประภา 2. นายสมบัติ ศรีสุวรรณ","ตำแหน่ง: ผู้อำนวยการสถานศึกษา พนักงานสถานที่"],"district":"ป้อมปราบศัตรูพ่าย","address":"326 ถ.วรจักร แขวงบ้านบาตร เขตป้อมปราบฯ","capacity":50,"tel":["08 9832 0837 08 0229 3991"],"facilities":["ไฟฟ้า","ประปา","ห้องน้ำ","สื่อสาร","การเดินทาง","จัดการขยะ"]},"geometry":{"type":"Point","coordinates":[100.51414,13.7425]}},{"type":"Feature","properties":{"title":"โรงเรียนวัดบางปะกอก","info":["พื้นที่: 13632","ผู้ติดต่อ: นายภิรมย์ศักดิ์","ตำแหน่ง: ผู้อำนวยการ"],"district":"ราษฎร์บูรณะ","address":"124 ถ.สุขสวัสดิ์ 19 แขวงบางปะกอก เขตราษฎร์บูรณะ","capacity":40,"tel":["0819323603"],"facilities":["ไฟฟ้า","ประปา","ห้องน้ำ","สื่อสาร","การเดินทาง","จัดการขยะ","สิ่งอำนวยความสะดวกกลุ่มเปราะบาง"]},"geometry":{"type":"Point","coordinates":[100.50878,13.67152]}},{"type":"Feature","properties":{"title":"โรงเรียนรัตนจีนะอุทิศ","info":["พื้นที่: 9600","ผู้ติดต่อ: นายบุญเลิศ โอ่งเคลือบ","ตำแหน่ง: ผู้อำนวยการ"],"district":"ราษฎร์บูรณะ","address":"281/1 ถ.สุขสวัสดิ์ 30 แขวงบางปะกอก เขตราษฎร์บูรณะ","capacity":40,"tel":["0818019135"],"facilities":["ไฟฟ้า","ประปา","ห้องน้ำ","สื่อสาร","การเดินทาง","จัดการขยะ","สิ่งอำนวยความสะดวกกลุ่มเปราะบาง"]},"geometry":{"type":"Point","coordinates":[100.49223,13.66949]}},{"type":"Feature","properties":{"title":"โรงเรียนวัดแจงร้อน","info":["พื้นที่: 9056","ผู้ติดต่อ: นางพรพรรณ บุญมี","ตำแหน่ง: ผู้อำนวยการ"],"district":"ราษฎร์บูรณะ","address":"272 ถ.ราษฎร์บูรณะ แขวงราษฎร์บูรณะ เขตราษฎร์บูรณะ","capacity":30,"tel":["0618987755"],"facilities":["ไฟฟ้า","ประปา","ห้องน้ำ","สื่อสาร","การเดินทาง","จัดการขยะ","สิ่งอำนวยความสะดวกกลุ่มเปราะบาง"]},"geometry":{"type":"Point","coordinates":[100.51959,13.67517]}},{"type":"Feature","properties":{"title":"โรงเรียนวัดสารอด","info":["พื้นที่: 4872","ผู้ติดต่อ: นางสายพิณ ล้อมพงศ์","ตำแหน่ง: ผู้อำนวยการ"],"district":"ราษฎร์บูรณะ","address":"4 ถ.สุขสวัสดิ์ 44 แขวงราษฎร์บูรณะ เขตราษฎร์บูรณะ","capacity":30,"tel":["0858130091"],"facilities":["ไฟฟ้า","ประปา","ห้องน้ำ","สื่อสาร","การเดินทาง","จัดการขยะ","สิ่งอำนวยความสะดวกกลุ่มเปราะบาง"]},"geometry":{"type":"Point","coordinates":[100.50878,13.67152]}},{"type":"Feature","properties":{"title":"โรงเรียนวัดสน","info":["พื้นที่: 1912","ผู้ติดต่อ: นายเสนอ แนมใส","ตำแหน่ง: ผู้อำนวยการ"],"district":"ราษฎร์บูรณะ","address":"253 ถ.สุขสวัสดิ์ 35 แขวงราษฎร์บูรณะ เขตราษฎร์บูรณะ","capacity":10,"tel":["0817140542"],"facilities":["ไฟฟ้า","ประปา","ห้องน้ำ","สื่อสาร","การเดินทาง","จัดการขยะ","สิ่งอำนวยความสะดวกกลุ่มเปราะบาง"]},"geometry":{"type":"Point","coordinates":[100.51341,13.67252]}},{"type":"Feature","properties":{"title":"โรงเรียนวัดประเสริฐ","info":["พื้นที่: 1772","ผู้ติดต่อ: นางชลดา ปลื้มบางพลี","ตำแหน่ง: ผู้อำนวยการ"],"district":"ราษฎร์บูรณะ","address":"10 ถ.ราษฎร์พัฒนา แขวงบางปะกอก เขตราษฎร์บูรณะ","capacity":10,"tel":["0817140542"],"facilities":["ไฟฟ้า","ประปา","ห้องน้ำ","สื่อสาร","การเดินทาง","จัดการขยะ","สิ่งอำนวยความสะดวกกลุ่มเปราะบาง"]},"geometry":{"type":"Point","coordinates":[100.50878,13.67152]}},{"type":"Feature","properties":{"title":"ศูนย์สร้างสุขทุกวัย บ่อนไก่","info":["พื้นที่: 3360","ผู้ติดต่อ: นายปณต ปานสมุทร์","ตำแหน่ง: นักนันทนาการ ชำนาญการ"],"district":"ปทุมวัน","address":"ชุมชน พัฒนา บ่อนไก่ ถ.พระราม 4 แขวงลุมพินี เขตปทุมวัน","capacity":200,"tel":["02-2529028"],"facilities":["ไฟฟ้า","ประปา","ห้องน้ำ","สื่อสาร","การเดินทาง","จัดการขยะ","สิ่งอำนวยความสะดวกกลุ่มเปราะบาง"]},"geometry":{"type":"Point","coordinates":[100.53078,13.74618]}},{"type":"Feature","properties":{"title":"โรงเรียนวัดไผ่ตัน","info":["พื้นที่: 1400","ผู้ติดต่อ: นางสาวรัสรินทร์ รวงผึ้งวีระโชติ","ตำแหน่ง: ผู้อำนวยการสถานศึกษาวิทยฐานะ"],"district":"พญาไท","address":"64/1 ถ.พหลโยธิน แขวงพญาไท เขตพญาไท","capacity":400,"tel":["22481542"],"facilities":["ไฟฟ้า","ประปา","ห้องน้ำ","สื่อสาร","การเดินทาง","จัดการขยะ"]},"geometry":{"type":"Point","coordinates":[100.54507,13.78078]}},{"type":"Feature","properties":{"title":"สวนพญาไทภิรมย์","info":["พื้นที่: 350","ผู้ติดต่อ: นางสาวอะมีนะ สิงสาหัส","ตำแหน่ง: หัวหน้าฝ่ายรักษาความสะอาดและ"],"district":"พญาไท","address":"ถ.ใต้ทางด่วน แขวงพญาไท เขตพญาไท","capacity":100,"tel":["02 2794141-3"],"facilities":["ไฟฟ้า","ประปา","ห้องน้ำ","สื่อสาร","การเดินทาง","จัดการขยะ"]},"geometry":{"type":"Point","coordinates":[100.54507,13.78078]}},{"type":"Feature","properties":{"title":"อาคารอเนกประสงค์ ชุมชนราชมนตรีร่วมใจ","info":["พื้นที่: 120 ตารางเมตร","ผู้ติดต่อ: นายสมชาย กาลณีโย","ตำแหน่ง: ประธานชุมชน"],"district":"ภาษีเจริญ","address":"47 ราชมนตรีร่วมใจ แขวงคลองขวาง เขตภาษีเจริญ","capacity":25,"tel":["870316454"],"facilities":["ไฟฟ้า","ประปา","ห้องน้ำ","สื่อสาร","การเดินทาง","จัดการขยะ","สิ่งอำนวยความสะดวกกลุ่มเปราะบาง"]},"geometry":{"type":"Point","coordinates":[100.46216,13.71891]}},{"type":"Feature","properties":{"title":"อาคารอเนกประสงค์ ชุมชนคลองลัดภาชี","info":["พื้นที่: 30 ตารางเมตร","ผู้ติดต่อ: นายธรรมศักดิ์ มากนคร","ตำแหน่ง: ประธานชุมชน"],"district":"ภาษีเจริญ","address":"ถ.ซอยเพชรเกษม 48 แยก 4-2 แขวงบางด้วน เขตภาษีเจริญ","capacity":10,"tel":["89123039"],"facilities":["ไฟฟ้า","ประปา","ห้องน้ำ","สื่อสาร","การเดินทาง","จัดการขยะ","สิ่งอำนวยความสะดวกกลุ่มเปราะบาง"]},"geometry":{"type":"Point","coordinates":[100.4385,13.72397]}},{"type":"Feature","properties":{"title":"โรงเรียนวัดมกุฏกษัตริยาราม","info":["ผู้ติดต่อ: นางสาวคมขำ นิ่มสุวรรณ","ตำแหน่ง: ผู้อำนวยการสถานศึกษา"],"district":"ดุสิต","address":"330/2 ถ.กรุงเกษม แขวงบางขุนพรหม เขตพระนคร","capacity":null,"tel":["02-281-2570"],"facilities":["ไฟฟ้า","ประปา","ห้องน้ำ","สื่อสาร","การเดินทาง","จัดการขยะ","สิ่งอำนวยความสะดวกกลุ่มเปราะบาง"]},"geometry":{"type":"Point","coordinates":[100.50386,13.77073]}},{"type":"Feature","properties":{"title":"โรงเรียนวัดอินทรวิหาร","info":["ผู้ติดต่อ: นายสุวิชชา พันธุ์บุญปลูก","ตำแหน่ง: ผู้อำนวยการสถานศึกษา"],"district":"ดุสิต","address":"1 ถ.วิสุทธิกษัตริย์ แขวงบางขุนพรหม เขตพระนคร","capacity":null,"tel":["02-281-9875"],"facilities":["ไฟฟ้า","ประปา","ห้องน้ำ","สื่อสาร","การเดินทาง","จัดการขยะ","สิ่งอำนวยความสะดวกกลุ่มเปราะบาง"]},"geometry":{"type":"Point","coordinates":[100.50386,13.77073]}},{"type":"Feature","properties":{"title":"โรงเรียนวัดมหาธาตุ","info":["ผู้ติดต่อ: นางวารี สิริพร","ตำแหน่ง: ผู้อำนวยการสถานศึกษา"],"district":"ดุสิต","address":"3ทับ1 ถ.พระจันทร์ แขวงพระบรมมหาราชวัง เขตพระนคร","capacity":null,"tel":["02-222-2869"],"facilities":["ไฟฟ้า","ประปา","ห้องน้ำ","สื่อสาร","การเดินทาง","จัดการขยะ","สิ่งอำนวยความสะดวกกลุ่มเปราะบาง"]},"geometry":{"type":"Point","coordinates":[100.50386,13.77073]}},{"type":"Feature","properties":{"title":"โรงเรียนวัดพระเชตุพน","info":["ผู้ติดต่อ: นางสาวพิมล มาประกอบ","ตำแหน่ง: ผู้อำนวยการสถานศึกษา"],"district":"ดุสิต","address":"2 ถ.สนามไชย แขวงพระบรมมหาราชวัง เขตพระนคร","capacity":null,"tel":["22246774"],"facilities":["ไฟฟ้า","ประปา","ห้องน้ำ","สื่อสาร","การเดินทาง","จัดการขยะ","สิ่งอำนวยความสะดวกกลุ่มเปราะบาง"]},"geometry":{"type":"Point","coordinates":[100.50386,13.77073]}},{"type":"Feature","properties":{"title":"โรงเรียนวัดราชบูรณะ","info":["ผู้ติดต่อ: นางสาวจินตนา แย้มโสภี","ตำแหน่ง: ผู้อำนวยการสถานศึกษา"],"district":"ดุสิต","address":"133/18 ถ.ตรีเพชร แขวงวังบูรพาภิรมย์ เขตพระนคร","capacity":null,"tel":["22219844"],"facilities":["ไฟฟ้า","ประปา","ห้องน้ำ","สื่อสาร","การเดินทาง","จัดการขยะ","สิ่งอำนวยความสะดวกกลุ่มเปราะบาง"]},"geometry":{"type":"Point","coordinates":[100.50386,13.77073]}},{"type":"Feature","properties":{"title":"โรงเรียนวัดราชนัดดา","info":["ผู้ติดต่อ: นางนันทพร บุญสิทธิ์","ตำแหน่ง: ผู้อำนวยการสถานศึกษา"],"district":"พระนคร","address":"2 ถ.มหาไชย แขวงบวรนิเวศ เขตพระนคร","capacity":null,"tel":["22210903"],"facilities":["ไฟฟ้า","ประปา","ห้องน้ำ","สื่อสาร","การเดินทาง","จัดการขยะ","สิ่งอำนวยความสะดวกกลุ่มเปราะบาง"]},"geometry":{"type":"Point","coordinates":[100.50385,13.7556]}},{"type":"Feature","properties":{"title":"โรงเรียนวัดปากบึง","info":["พื้นที่: 4 ไร่ 2 งาน 38 ตารางวา","ผู้ติดต่อ: นายบุญลือ อุดมผล","ตำแหน่ง: ผู้อำนวยการโรงเรียน"],"district":"ลาดกระบัง","address":"28 ซ.เคหะร่มเกล้า 2/2 ถ.ร่มเกล้า แขวงคลองสองต้นนุ่น เขตลาดกระบัง","capacity":100,"tel":["0813826868"],"facilities":["ไฟฟ้า","ประปา","ห้องน้ำ","สื่อสาร","การเดินทาง","จัดการขยะ","สิ่งอำนวยความสะดวกกลุ่มเปราะบาง"]},"geometry":{"type":"Point","coordinates":[100.79432,13.75058]}},{"type":"Feature","properties":{"title":"โรงเรียนวัดขุมทอง","info":["พื้นที่: 6 ไร่ 2 งาน 62 ตารางวา","ผู้ติดต่อ: นายอดุสิทธิ์ คิดรัมย์","ตำแหน่ง: ผู้อำนวยการโรงเรียน"],"district":"ลาดกระบัง","address":"137 ถ.ขุมทอง-ลำต้อยติ่ง แขวงขุมทอง เขตลาดกระบัง","capacity":50,"tel":["0910037803"],"facilities":["ไฟฟ้า","ประปา","ห้องน้ำ","สื่อสาร","จัดการขยะ","สิ่งอำนวยความสะดวกกลุ่มเปราะบาง"]},"geometry":{"type":"Point","coordinates":[100.79432,13.75058]}},{"type":"Feature","properties":{"title":"โรงเรียนตำบลขุมทอง (ประชาอุทิศ)","info":["พื้นที่: 720 ตร.ม.","ผู้ติดต่อ: นางเตือนใจ มุนินทร์นิมิตต์","ตำแหน่ง: ผู้อำนวยการโรงเรียน"],"district":"ลาดกระบัง","address":"110 ถ.ประชาอุทิศ แขวงขุมทอง เขตลาดกระบัง","capacity":205,"tel":["0861657239"],"facilities":["ไฟฟ้า","ประปา","ห้องน้ำ","สื่อสาร","การเดินทาง","จัดการขยะ","สิ่งอำนวยความสะดวกกลุ่มเปราะบาง"]},"geometry":{"type":"Point","coordinates":[100.79432,13.75058]}},{"type":"Feature","properties":{"title":"โรงเรียนเคหะชุมชนลาดกระบัง","info":["พื้นที่: 14,400 ตร.ม.","ผู้ติดต่อ: นายวิรัตน์ ตรงแก้ว","ตำแหน่ง: ผู้อำนวยการโรงเรียน"],"district":"ลาดกระบัง","address":"143 ถ.เคหะร่มเกล้า แขวงคลองสองต้นนุ่น เขตลาดกระบัง","capacity":1000,"tel":["0891112592"],"facilities":["ไฟฟ้า","ประปา","ห้องน้ำ","สื่อสาร","การเดินทาง","จัดการขยะ","สิ่งอำนวยความสะดวกกลุ่มเปราะบาง"]},"geometry":{"type":"Point","coordinates":[100.79432,13.75058]}},{"type":"Feature","properties":{"title":"โรงเรียนขุมทอง (เพชรทองคำอุปถัมภ์)","info":["พื้นที่: 720 ตร.ม.","ผู้ติดต่อ: นางสาวชุติมันตี พูนกวินทิพย์","ตำแหน่ง: ผู้อำนวยการโรงเรียน"],"district":"ลาดกระบัง","address":"19 ถ.ขุมทอง-ลำต้อยติ่ง แขวงขุมทอง เขตลาดกระบัง","capacity":205,"tel":["0969086226"],"facilities":["ไฟฟ้า","ประปา","ห้องน้ำ","สื่อสาร","การเดินทาง","จัดการขยะ","สิ่งอำนวยความสะดวกกลุ่มเปราะบาง"]},"geometry":{"type":"Point","coordinates":[100.85307,13.74142]}},{"type":"Feature","properties":{"title":"โรงเรียนวัดลานบุญ","info":["พื้นที่: 6 ไร่ 2 งาน 20 ตร.ว.","ผู้ติดต่อ: จ่าสิบเอกสมเกียรติ ดาสา","ตำแหน่ง: ผู้อำนวยการโรงเรียน"],"district":"ลาดกระบัง","address":"117 ถ.ลาดกระบัง แขวงลาดกระบัง เขตลาดกระบัง","capacity":200,"tel":["0811716219"],"facilities":["ไฟฟ้า","ประปา","ห้องน้ำ","สื่อสาร","การเดินทาง","จัดการขยะ","สิ่งอำนวยความสะดวกกลุ่มเปราะบาง"]},"geometry":{"type":"Point","coordinates":[100.79432,13.75058]}},{"type":"Feature","properties":{"title":"โรงเรียนวัดทิพพาวาส","info":["พื้นที่: 11 ไร่ 1 งาน 87 ตร.ว.","ผู้ติดต่อ: นางสาวประภักดิ์ กันหาชิน","ตำแหน่ง: ผู้อำนวยการโรงเรียน"],"district":"ลาดกระบัง","address":"32 ถ.ฉลองกรุง แขวงลำปลาทิว เขตลาดกระบัง","capacity":771,"tel":["0982493589"],"facilities":["ไฟฟ้า","ประปา","ห้องน้ำ","สื่อสาร","การเดินทาง","จัดการขยะ","สิ่งอำนวยความสะดวกกลุ่มเปราะบาง"]},"geometry":{"type":"Point","coordinates":[100.80127,13.7804]}},{"type":"Feature","properties":{"title":"โรงเรียนวัดปลูกศรัทธา","info":["พื้นที่: 19,200 ตร.ม.","ผู้ติดต่อ: นางสาวสุนีย์ มีธรรม","ตำแหน่ง: ผู้อำนวยการโรงเรียน"],"district":"ลาดกระบัง","address":"587 ถ.ฉลองกรุง แขวงลาดกระบัง เขตลาดกระบัง","capacity":null,"tel":["0926266642"],"facilities":["ไฟฟ้า","ประปา","ห้องน้ำ","สื่อสาร","การเดินทาง","จัดการขยะ","สิ่งอำนวยความสะดวกกลุ่มเปราะบาง"]},"geometry":{"type":"Point","coordinates":[100.79432,13.75058]}},{"type":"Feature","properties":{"title":"โรงเรียนวัดลาดกระบัง (ศีลาภิรัตอุปถัมภ์)","info":["พื้นที่: 38,208 ตร.ม.","ผู้ติดต่อ: นายพรหมพิมาน ไชยหงษ์คำ","ตำแหน่ง: ผู้อำนวยการโรงเรียน"],"district":"ลาดกระบัง","address":"307 ถ.ร่มเกล้า แขวงลาดกระบัง เขตลาดกระบัง","capacity":10900,"tel":["0870624839"],"facilities":["ไฟฟ้า","ประปา","ห้องน้ำ","สื่อสาร","การเดินทาง","จัดการขยะ","สิ่งอำนวยความสะดวกกลุ่มเปราะบาง"]},"geometry":{"type":"Point","coordinates":[100.79432,13.75058]}},{"type":"Feature","properties":{"title":"โรงเรียนแดงเป้า (สิงสุขบูรณะ)","info":["พื้นที่: 2 ไร่ 972 ตร.ม.","ผู้ติดต่อ: นายประกิต แสวง","ตำแหน่ง: ผู้อำนวยการโรงเรียน"],"district":"ลาดกระบัง","address":"1 คลองหนึ่ง ถ.พัฒนาชนบท 2 แขวงคลองสองต้นนุ่น เขตลาดกระบัง","capacity":100,"tel":["0819858327"],"facilities":["ไฟฟ้า","ประปา","ห้องน้ำ","สื่อสาร","การเดินทาง","จัดการขยะ","สิ่งอำนวยความสะดวกกลุ่มเปราะบาง"]},"geometry":{"type":"Point","coordinates":[100.79432,13.75058]}},{"type":"Feature","properties":{"title":"โรงเรียนวัดพลมานีย์","info":["พื้นที่: 8,800 ตร.ม.","ผู้ติดต่อ: นายชัชษณุชา กันอัคคี","ตำแหน่ง: ผู้อำนวยการโรงเรียน"],"district":"ลาดกระบัง","address":"2/3 ถ.ประชาพัฒนา แขวงทับยาว เขตลาดกระบัง","capacity":300,"tel":["0846542225"],"facilities":["ไฟฟ้า","ประปา","ห้องน้ำ","สื่อสาร","การเดินทาง","จัดการขยะ","สิ่งอำนวยความสะดวกกลุ่มเปราะบาง"]},"geometry":{"type":"Point","coordinates":[100.79432,13.75058]}},{"type":"Feature","properties":{"title":"โรงเรียนแสงหิรัญวิทยา","info":["พื้นที่: 5 ไร่ 3 งาน 68 ตร.ม.","ผู้ติดต่อ: นางอัญชลี มนต์สุวรรณ","ตำแหน่ง: ผู้อำนวยการโรงเรียน"],"district":"ลาดกระบัง","address":"868 ถ.หลวงแพ่ง แขวงทับยาว เขตลาดกระบัง","capacity":50,"tel":["0636263653"],"facilities":["ไฟฟ้า","ประปา","ห้องน้ำ","สื่อสาร","จัดการขยะ","สิ่งอำนวยความสะดวกกลุ่มเปราะบาง"]},"geometry":{"type":"Point","coordinates":[100.79432,13.75058]}},{"type":"Feature","properties":{"title":"โรงเรียนวัดบำรุงรื่น","info":["พื้นที่: 6 ไร่ 67 ตร.ว.","ผู้ติดต่อ: นางสาวกชมน ยอดประดิษฐ์","ตำแหน่ง: ผู้อำนวยการโรงเรียน"],"district":"ลาดกระบัง","address":"9 ถ.ร่มเกล้า แขวงคลองสามประเวศ เขตลาดกระบัง","capacity":50,"tel":["0628941945"],"facilities":["ไฟฟ้า","ประปา","ห้องน้ำ","สื่อสาร","การเดินทาง","จัดการขยะ"]},"geometry":{"type":"Point","coordinates":[100.79432,13.75058]}},{"type":"Feature","properties":{"title":"โรงเรียนลำพะอง (ราษฎร์จำเริญบำรุง)","info":["พื้นที่: 3 ไร่ 2 งาน 41 ตร.ว.","ผู้ติดต่อ: นางเตือนใจ สำลีขาว","ตำแหน่ง: ผู้อำนวยการโรงเรียน"],"district":"ลาดกระบัง","address":"307 แขวงลำปลาทิว เขตลาดกระบัง","capacity":50,"tel":["0830126464"],"facilities":["ไฟฟ้า","ประปา","ห้องน้ำ","สื่อสาร","การเดินทาง","จัดการขยะ"]},"geometry":{"type":"Point","coordinates":[100.79432,13.75058]}},{"type":"Feature","properties":{"title":"โรงเรียนสุเหร่าลำนายโส","info":["พื้นที่: 3200 ตร.ม.","ผู้ติดต่อ: นายอภิวัฒน์ เรืองมนตรี","ตำแหน่ง: ผู้อำนวยการโรงเรียน"],"district":"ลาดกระบัง","address":"64 ถ.เคหะร่มเกล้า 64 แขวงลาดกระบัง เขตลาดกระบัง","capacity":100,"tel":["0852452345"],"facilities":["ไฟฟ้า","ประปา","ห้องน้ำ","สื่อสาร","การเดินทาง","จัดการขยะ","สิ่งอำนวยความสะดวกกลุ่มเปราะบาง"]},"geometry":{"type":"Point","coordinates":[100.79432,13.75058]}},{"type":"Feature","properties":{"title":"โรงเรียนวัดช่องลม","info":["พื้นที่: 10000","ผู้ติดต่อ: นางสาวลินดา","ตำแหน่ง: เจ้าพนักงาน"],"district":"ยานนาวา","address":"29 ถ.พระราม แขวงช่องนนทรี เขตยานนาวา","capacity":100,"tel":["0909948776"],"facilities":["ไฟฟ้า","ประปา","ห้องน้ำ","สื่อสาร","การเดินทาง","จัดการขยะ"]},"geometry":{"type":"Point","coordinates":[100.53936,13.69431]}},{"type":"Feature","properties":{"title":"โรงเรียนวัดดอกไม้","info":["พื้นที่: 10000","ผู้ติดต่อ: นางสาวสุจิตรา","ตำแหน่ง: เจ้าพนักงาน"],"district":"ยานนาวา","address":"583 ถ.พระราม แขวงบางโพงพาง เขตยานนาวา","capacity":100,"tel":["0614032331"],"facilities":["ไฟฟ้า","ประปา","ห้องน้ำ","สื่อสาร","การเดินทาง","จัดการขยะ"]},"geometry":{"type":"Point","coordinates":[100.52544,13.68273]}},{"type":"Feature","properties":{"title":"โรงเรียนวัดหนองแขม","info":["พื้นที่: 11 ไร่ 1 งาน 63 ตร.ว.","ผู้ติดต่อ: นายยรรยง สุขเกษม","ตำแหน่ง: ผู้อำนวยการสถานศึกษา"],"district":"หนองแขม","address":"66 หมู่ 8 ถ.เลียบคลองฯ ฝั่งใต้ แขวงหนองแขม เขตหนองแขม","capacity":500,"tel":["089-119-5888"],"facilities":[]},"geometry":{"type":"Point","coordinates":[100.33946,13.67722]}},{"type":"Feature","properties":{"title":"โรงเรียนวัดศรีนวลธรรมวิมล","info":["พื้นที่: 7 ไร่ 2 งาน 74 ตร.ว.","ผู้ติดต่อ: ว่าที่พันตรีจำเริญ จันทร์เพ็ญ","ตำแหน่ง: ผู้อำนวยการสถานศึกษา"],"district":"หนองแขม","address":"189 ถ.บางบอน - ศรีนวลฯ แขวงหนองแขม เขตหนองแขม","capacity":500,"tel":["084-921-4666"],"facilities":[]},"geometry":{"type":"Point","coordinates":[100.34379,13.65714]}},{"type":"Feature","properties":{"title":"โรงเรียนประชาบำรุง","info":["พื้นที่: 6 ไ 3 งาน 49 ตร.ว.","ผู้ติดต่อ: นางสาวนงนภัส อยู่เลิศ","ตำแหน่ง: ผู้อำนวยการสถานศึกษา"],"district":"หนองแขม","address":"10 ถ.เลียบคลองฯ ฝั่งเหนือ แขวงหนองแขม เขตหนองแขม","capacity":200,"tel":["081-694-9564"],"facilities":[]},"geometry":{"type":"Point","coordinates":[100.36399,13.68707]}},{"type":"Feature","properties":{"title":"โรงเรียนวัดอุดมรังสี","info":["พื้นที่: 6 ไร่","ผู้ติดต่อ: นางบงกช หมีน้ำเงิน","ตำแหน่ง: ผู้อำนวยการสถานศึกษา"],"district":"หนองแขม","address":"28/1 ถ.เพชรเกษม แขวงหนองค้างพลู เขตหนองแขม","capacity":300,"tel":["085-604-4665"],"facilities":["ไฟฟ้า"]},"geometry":{"type":"Point","coordinates":[100.34937,13.70545]}},{"type":"Feature","properties":{"title":"โรงเรียนมนต์จรัสสิงห์อนุสรณ์","info":["พื้นที่: 2 ไร่ 2 งาน","ผู้ติดต่อ: นางสาวสมฤดี พละวุฑิโฒฑัย","ตำแหน่ง: ผู้อำนวยการสถานศึกษา"],"district":"หนองแขม","address":"16/1 หมู่ 9 ถ.พุทธมณฑลสาย 3 แขวงหนองค้างพลู เขตหนองแขม","capacity":200,"tel":["087-515-0862"],"facilities":[]},"geometry":{"type":"Point","coordinates":[100.35961,13.72598]}},{"type":"Feature","properties":{"title":"โรงเรียนบ้านขุนประเทศ","info":["พื้นที่: 6 ไร่ 1 งาน 41 ตร.ว.","ผู้ติดต่อ: นายวรวุฒิ พลเพชร","ตำแหน่ง: ผู้อำนวยการสถานศึกษา"],"district":"หนองแขม","address":"8 ซ.เพชรเกษม 110 แขวงหนองค้างพลู เขตหนองแขม","capacity":400,"tel":["081-687-3108"],"facilities":[]},"geometry":{"type":"Point","coordinates":[100.34326,13.7217]}},{"type":"Feature","properties":{"title":"โรงเรียนสุเหร่าทับช้างคลองบน","info":["พื้นที่: 2748","ผู้ติดต่อ: นางศรินรัตน์","ตำแหน่ง: ผู้อำนวยการสถาน"],"district":"สะพานสูง","address":"20 แขวงทับช้าง เขตสะพานสูง","capacity":100,"tel":["0-2368-2116"],"facilities":["ไฟฟ้า","ประปา","ห้องน้ำ","สื่อสาร","การเดินทาง","จัดการขยะ","สิ่งอำนวยความสะดวกกลุ่มเปราะบาง"]},"geometry":{"type":"Point","coordinates":[100.70056,13.75328]}},{"type":"Feature","properties":{"title":"โรงเรียนสุเหร่าซีรอ","info":["พื้นที่: 3510.18","ผู้ติดต่อ: นางสาวอภิสรา","ตำแหน่ง: ผู้อำนวยการสถาน"],"district":"สะพานสูง","address":"3 แขวงราษฎร์ เขตสะพานสูง","capacity":200,"tel":["0-2191-3653"],"facilities":["ไฟฟ้า","ประปา","ห้องน้ำ","สื่อสาร","การเดินทาง","จัดการขยะ","สิ่งอำนวยความสะดวกกลุ่มเปราะบาง"]},"geometry":{"type":"Point","coordinates":[100.70056,13.75328]}},{"type":"Feature","properties":{"title":"โรงเรียนสมโภชกรุงอนุสรณ์","info":["พื้นที่: 3507.02","ผู้ติดต่อ: นางสาวสมบูรณ์","ตำแหน่ง: ผู้อำนวยการสถาน"],"district":"สะพานสูง","address":"16 แขวงทับช้าง เขตสะพานสูง","capacity":500,"tel":["0-2368-2652"],"facilities":["ไฟฟ้า","ประปา","ห้องน้ำ","สื่อสาร","การเดินทาง","จัดการขยะ","สิ่งอำนวยความสะดวกกลุ่มเปราะบาง"]},"geometry":{"type":"Point","coordinates":[100.70056,13.75328]}},{"type":"Feature","properties":{"title":"โรงเรียนสามแยกคลองหลอแหล","info":["พื้นที่: 2886.6","ผู้ติดต่อ: นางสาวจันตรา ชื่นใจ","ตำแหน่ง: ผู้อำนวยการสถาน"],"district":"สะพานสูง","address":"19 แขวงราษฎร์ เขตสะพานสูง","capacity":700,"tel":["0-2517-8560"],"facilities":["ไฟฟ้า","ประปา","ห้องน้ำ","สื่อสาร","การเดินทาง","จัดการขยะ","สิ่งอำนวยความสะดวกกลุ่มเปราะบาง"]},"geometry":{"type":"Point","coordinates":[100.70056,13.75328]}},{"type":"Feature","properties":{"title":"โรงเรียนสุเหร่าลาดบัวขาว","info":["พื้นที่: 657.8","ผู้ติดต่อ: นายนิพนธ์ กองทุ่งมน","ตำแหน่ง: ผู้อำนวยการสถาน"],"district":"สะพานสูง","address":"63/1 แขวงราษฎร์ เขตสะพานสูง","capacity":200,"tel":["0-2184-7787"],"facilities":["ไฟฟ้า","ประปา","ห้องน้ำ","สื่อสาร","การเดินทาง","จัดการขยะ","สิ่งอำนวยความสะดวกกลุ่มเปราะบาง"]},"geometry":{"type":"Point","coordinates":[100.70056,13.75328]}},{"type":"Feature","properties":{"title":"โรงเรียนวัดลาดบัวขาว","info":["พื้นที่: 3390.28","ผู้ติดต่อ: นางปานจิต เอี่ยมเจริญ","ตำแหน่ง: ผู้อำนวยการสถาน"],"district":"สะพานสูง","address":"33/7 แขวงทับช้าง เขตสะพานสูง","capacity":200,"tel":["0-2373-8744"],"facilities":["ไฟฟ้า","ประปา","ห้องน้ำ","สื่อสาร","การเดินทาง","จัดการขยะ","สิ่งอำนวยความสะดวกกลุ่มเปราะบาง"]},"geometry":{"type":"Point","coordinates":[100.69639,13.75819]}},{"type":"Feature","properties":{"title":"ศูนย์ฝึกอาชีพกรุงเทพมหานคร","info":["ผู้ติดต่อ: นายสมศักดิ์","ตำแหน่ง: หัวหน้าฝ่ายพัฒนา"],"district":"สะพานสูง","address":"5 แขวงสะพานสูง เขตสะพานสูง","capacity":300,"tel":["0-2517-8560"],"facilities":["ไฟฟ้า","ประปา","ห้องน้ำ","สื่อสาร","การเดินทาง","จัดการขยะ","สิ่งอำนวยความสะดวกกลุ่มเปราะบาง"]},"geometry":{"type":"Point","coordinates":[100.70056,13.75328]}},{"type":"Feature","properties":{"title":"ศูนย์เยาวชนเขตสะพานสูง","info":["ผู้ติดต่อ: นายภัคใจ จันปุ่ม","ตำแหน่ง: หัวหน้าศูนย์เยาวชน"],"district":"สะพานสูง","address":"แขวงสะพานสูง เขตสะพานสูง","capacity":100,"tel":["0-2372-0577"],"facilities":["ไฟฟ้า","ประปา","ห้องน้ำ","สื่อสาร","การเดินทาง","จัดการขยะ","สิ่งอำนวยความสะดวกกลุ่มเปราะบาง"]},"geometry":{"type":"Point","coordinates":[100.70056,13.75328]}},{"type":"Feature","properties":{"title":"ศาลาการเปรียญ วัดปทุมคงคาราช วรวิหาร","info":["พื้นที่: 750 ตารางเมตร","ผู้ติดต่อ: พระพรหม เสนาบดี","ตำแหน่ง: เจ้าอาวาส"],"district":"สัมพันธวงศ์","address":"1620 ถ.ทรงวาด แขวงสัมพันธวงศ์ เขตสัมพันธวงศ์","capacity":200,"tel":["022333236"],"facilities":["ไฟฟ้า","ประปา","ห้องน้ำ","สื่อสาร","การเดินทาง","จัดการขยะ","สิ่งอำนวยความสะดวกกลุ่มเปราะบาง"]},"geometry":{"type":"Point","coordinates":[100.51115,13.73561]}},{"type":"Feature","properties":{"title":"โรงเรียนวัดหลักสี่","info":["พื้นที่: 7.70x19.90=153","ผู้ติดต่อ: นางดาราวรรณ ศรีกาญจนา","ตำแหน่ง: ผู้อำนวยการสถานศึกษา"],"district":"หลักสี่","address":"101 ซ.ชัยภัทร ถ.วิภาวดีรังสิต แขวงทุ่งสองห้อง เขตหลักสี่","capacity":45,"tel":["025737123"],"facilities":["ไฟฟ้า","ประปา","ห้องน้ำ","สื่อสาร","การเดินทาง","จัดการขยะ"]},"geometry":{"type":"Point","coordinates":[100.58245,13.88943]}},{"type":"Feature","properties":{"title":"โรงเรียนบางเขน (ห้องประชุมเฟื่องฟ้า)","info":["พื้นที่: 12x20=240","ผู้ติดต่อ: นางสาวพิมพ์ศา พิริยนวนันท์","ตำแหน่ง: ผู้อำนวยการสถานศึกษา"],"district":"หลักสี่","address":"106 ถ.กำแพงเพชร 6 แขวงตลาดบางเขน เขตหลักสี่","capacity":70,"tel":["029547869"],"facilities":["ไฟฟ้า","ประปา","ห้องน้ำ","สื่อสาร","การเดินทาง","จัดการขยะ"]},"geometry":{"type":"Point","coordinates":[100.5674,13.86101]}},{"type":"Feature","properties":{"title":"โรงเรียนการเคหะท่าทราย (อาคารอเนกประสงค์ ชั้น 2)","info":["พื้นที่: 8.40x40.80=342","ผู้ติดต่อ: นางสุธาสินี ขันธสอน","ตำแหน่ง: ผู้อำนวยการสถานศึกษา"],"district":"หลักสี่","address":"304/233 ถ.ประชาชื่น แขวงทุ่งสองห้อง เขตหลักสี่","capacity":100,"tel":["025899777"],"facilities":["ไฟฟ้า","ประปา","ห้องน้ำ","สื่อสาร","การเดินทาง","จัดการขยะ"]},"geometry":{"type":"Point","coordinates":[100.55405,13.87351]}},{"type":"Feature","properties":{"title":"โรงเรียนเคหะทุ่งสองห้องวิทยา 1 (โรงยิมเนเซียม)","info":["พื้นที่: 19.30x30=580","ผู้ติดต่อ: นายสมภพ นิลทคช","ตำแหน่ง: ผู้อำนวยการสถานศึกษา"],"district":"หลักสี่","address":"326 กำแพงเพชร 6 ซอย 7 ถ.กำแพงเพชร 6 แขวงทุ่งสองห้อง เขตหลักสี่","capacity":170,"tel":["025734835"],"facilities":["ไฟฟ้า","ประปา","ห้องน้ำ","สื่อสาร","การเดินทาง","จัดการขยะ"]},"geometry":{"type":"Point","coordinates":[100.58395,13.90063]}},{"type":"Feature","properties":{"title":"โรงเรียนเคหะทุ่งสองห้องวิทยา 2 (3 ห้อง)","info":["พื้นที่: 8x8=64x3=192","ผู้ติดต่อ: นางสาวธันยาณัฐ เกตุมี","ตำแหน่ง: ผู้อำนวยการสถานศึกษา"],"district":"หลักสี่","address":"314 ถ.กำแพงเพชร 6 แขวงทุ่งสองห้อง เขตหลักสี่","capacity":54,"tel":["025734836"],"facilities":["ไฟฟ้า","ประปา","ห้องน้ำ","สื่อสาร","การเดินทาง","จัดการขยะ"]},"geometry":{"type":"Point","coordinates":[100.57887,13.90252]}},{"type":"Feature","properties":{"title":"โรงเรียนทุ่งสองห้อง (อาคาร 3) (ห้องประชุม 1, 2)","info":["พื้นที่: 9.60x16=153 , 9.60x11=105","ผู้ติดต่อ: นายเดี่ยว ใจรักษา","ตำแหน่ง: พนักงานสถานที่"],"district":"หลักสี่","address":"207 ถ.แจ้งวัฒนะ แขวงทุ่งสองห้อง เขตหลักสี่","capacity":70,"tel":["025734908"],"facilities":["ไฟฟ้า","ประปา","ห้องน้ำ","สื่อสาร","การเดินทาง","จัดการขยะ"]},"geometry":{"type":"Point","coordinates":[100.5606,13.88524]}},{"type":"Feature","properties":{"title":"วัดหลักสี่ พระอารามหลวง","info":["พื้นที่: 15x30=450"],"district":"หลักสี่","address":"100 ถ.วิภาวดีรังสิต แขวงตลาดบางเขน เขตหลักสี่","capacity":130,"tel":["029822831"],"facilities":["ไฟฟ้า","ประปา","ห้องน้ำ","สื่อสาร","การเดินทาง","จัดการขยะ"]},"geometry":{"type":"Point","coordinates":[100.58236,13.88784]}},{"type":"Feature","properties":{"title":"ห้องเปรมประชากร ชั้น 3 สำนักงานเขตหลักสี่","info":["พื้นที่: 150","ผู้ติดต่อ: นางสาววีณา แก้วบาง","ตำแหน่ง: นักจัดการงานทั่วไปปฏิบัติการ"],"district":"หลักสี่","address":"999 ซ.แจ้งวัฒนะ 10 ถ.แจ้งวัฒนะ แขวงทุ่งสองห้อง เขตหลักสี่","capacity":40,"tel":["025734908"],"facilities":["ไฟฟ้า","ประปา","ห้องน้ำ","สื่อสาร","การเดินทาง","จัดการขยะ","สิ่งอำนวยความสะดวกกลุ่มเปราะบาง"]},"geometry":{"type":"Point","coordinates":[100.579,13.88766]}},{"type":"Feature","properties":{"title":"ศูนย์กีฬา เขตสาทร","info":["พื้นที่: 3 ไร่ 3 งาน 15 ตร.วา","ผู้ติดต่อ: นางรุ่งรัตน์ ศรีสุชาติ","ตำแหน่ง: หน.ฝ่ายพัฒนาชุมชนฯ"],"district":"สาทร","address":"ถ.ซ. นราธิวาส 17 แขวงทุ่งมหาเมฆ เขตสาทร","capacity":250,"tel":["08351539612"],"facilities":["ไฟฟ้า","ประปา","ห้องน้ำ","สื่อสาร","การเดินทาง","จัดการขยะ","สิ่งอำนวยความสะดวกกลุ่มเปราะบาง"]},"geometry":{"type":"Point","coordinates":[100.53458,13.71506]}},{"type":"Feature","properties":{"title":"ลานกีฬาสวนอยู่ดี","info":["พื้นที่: 1 ไร่ 2 งาน","ผู้ติดต่อ: นางรุ่งรัตน์ ศรีสุชาติ","ตำแหน่ง: หน.ฝ่ายพัฒนาชุมชนฯ"],"district":"สาทร","address":"ถ.เจริญราษฎร์ 5 แขวงยานนาวา เขตสาทร","capacity":230,"tel":["08351539612"],"facilities":["ไฟฟ้า","สื่อสาร","การเดินทาง","จัดการขยะ","สิ่งอำนวยความสะดวกกลุ่มเปราะบาง"]},"geometry":{"type":"Point","coordinates":[100.53354,13.71504]}},{"type":"Feature","properties":{"title":"ลานกีฬาบ้านแบบ","info":["พื้นที่: 1 งาน 15 ตร.วา","ผู้ติดต่อ: นางรุ่งรัตน์ ศรีสุชาติ","ตำแหน่ง: หน.ฝ่ายพัฒนาชุมชนฯ"],"district":"สาทร","address":"บ้านแบบ ถ.ซ.สาทร 19 แขวงยานนาวา เขตสาทร","capacity":150,"tel":["08351539612"],"facilities":["ไฟฟ้า","สื่อสาร","การเดินทาง","จัดการขยะ"]},"geometry":{"type":"Point","coordinates":[100.53354,13.71504]}},{"type":"Feature","properties":{"title":"มัสยิดอัลฮุสนา","info":["พื้นที่: 2,400 ตร.ม.","ผู้ติดต่อ: นายสมชาย โต๊ะยีหวัง","ตำแหน่ง: ประธานชุมชนอัลฮุสนา"],"district":"หนองจอก","address":"24 หมู่12 ชุมชนอัลฮุสนา ถ.มิตรไมตรี แขวงหนองจอก เขตหนองจอก","capacity":150,"tel":["099-756-1258"],"facilities":["ไฟฟ้า","ประปา","ห้องน้ำ","สื่อสาร","การเดินทาง","จัดการขยะ","สิ่งอำนวยความสะดวกกลุ่มเปราะบาง"]},"geometry":{"type":"Point","coordinates":[100.86304,13.85633]}},{"type":"Feature","properties":{"title":"โรงเรียนสอนศาสนาอัลฟาลาห์","info":["พื้นที่: 400 ตร.ม.","ผู้ติดต่อ: นายสมชาย รักษาเดช","ตำแหน่ง: ประธานชุมชนอัลฟาลาห์"],"district":"หนองจอก","address":"33/3 หมู่2 ชุมชนอัลฟาลาห์ ถ.คลองเก้า แขวงคลองสิบ เขตหนองจอก","capacity":50,"tel":["081-684-0559"],"facilities":["ไฟฟ้า","ประปา","ห้องน้ำ","สื่อสาร","การเดินทาง","จัดการขยะ","สิ่งอำนวยความสะดวกกลุ่มเปราะบาง"]},"geometry":{"type":"Point","coordinates":[100.86304,13.85633]}},{"type":"Feature","properties":{"title":"เอื้ออาทรแก้วประดับ","info":["พื้นที่: 40 ตร.ม.","ผู้ติดต่อ: นางสาวศิริภรณ์ โพธิ์ยา","ตำแหน่ง: ประธานชุมชน"],"district":"หนองจอก","address":"76 หมู่บ้านเอื้ออาทรแก้วประดับ ถ.สุวินทวงศ์ แขวงลำผักชี เขตหนองจอก","capacity":30,"tel":["099-289-2107"],"facilities":["ไฟฟ้า","ประปา","ห้องน้ำ","สื่อสาร","การเดินทาง","จัดการขยะ","สิ่งอำนวยความสะดวกกลุ่มเปราะบาง"]},"geometry":{"type":"Point","coordinates":[100.86304,13.85633]}},{"type":"Feature","properties":{"title":"แผ่นดินทองดารุ้ลนาซีฮะห์","info":["พื้นที่: 200 ตร.ม.","ผู้ติดต่อ: นายเฉลิมชน คงสมใจ","ตำแหน่ง: ประธานชุมชนแผ่นดินทองดารุ้ลนาซีฮะห์"],"district":"หนองจอก","address":"97 หมู่ 8 ชุมชนแผ่นดินทองดารุ้ลนาซีฮะห์ ถ.สุวินทวงศ์ แขวงลำผักชี เขตหนองจอก","capacity":80,"tel":["098-827-8544"],"facilities":["ไฟฟ้า","ประปา","ห้องน้ำ","สื่อสาร","การเดินทาง","จัดการขยะ","สิ่งอำนวยความสะดวกกลุ่มเปราะบาง"]},"geometry":{"type":"Point","coordinates":[100.86304,13.85633]}},{"type":"Feature","properties":{"title":"ศูนย์สร้างสุขทุกวัยหนองจอก","info":["พื้นที่: 1,432 ตร.ม.","ผู้ติดต่อ: นายสว่าง บุหลันเพ็ง","ตำแหน่ง: หัวหน้าศูนย์สร้างสุขทุกวัยหนองจอก"],"district":"สะพานสูง","address":"76 50 หมู่ 2 ถ.สุวินทวงศ์ แขวงกระทุ่มราย เขตหนองจอก","capacity":80,"tel":["02-548-3847 ถึง 8 /0819103423"],"facilities":["ไฟฟ้า","ประปา","ห้องน้ำ","สื่อสาร","การเดินทาง","จัดการขยะ","สิ่งอำนวยความสะดวกกลุ่มเปราะบาง"]},"geometry":{"type":"Point","coordinates":[100.68505,13.76985]}},{"type":"Feature","properties":{"title":"โรงเรียน คลองทรงกระเทียม","info":["พื้นที่: อาคาร 4 ชั้น 1 หลัง","ผู้ติดต่อ: นายชัยยุทธ คชรินทร์","ตำแหน่ง: ผู้อำนวยการโรงเรียน"],"district":"วังทองหลาง","address":"ถ.นาคนิวาส แขวงลาดพร้าว เขตลาดพร้าว","capacity":200,"tel":["02-5301313"],"facilities":["ไฟฟ้า","ประปา","ห้องน้ำ","สื่อสาร","การเดินทาง","จัดการขยะ","สิ่งอำนวยความสะดวกกลุ่มเปราะบาง"]},"geometry":{"type":"Point","coordinates":[100.60486,13.78867]}},{"type":"Feature","properties":{"title":"วัดยางพระอารมหลวง","info":[],"district":"สวนหลวง","address":"1197 ถ.อ่อนนุช23 แขวงอ่อนนุช เขตสวนหลวง","capacity":250,"tel":[],"facilities":["ไฟฟ้า","ประปา","ห้องน้ำ","สื่อสาร","การเดินทาง","จัดการขยะ","สิ่งอำนวยความสะดวกกลุ่มเปราะบาง"]},"geometry":{"type":"Point","coordinates":[100.64097,13.73555]}},{"type":"Feature","properties":{"title":"วัดปากบ่อ","info":["พื้นที่: 850","ผู้ติดต่อ: พระครูวรกิจจาทร","ตำแหน่ง: เจ้าอาวาส"],"district":"สวนหลวง","address":"333 ถ.อ่อนนุช35 แขวงอ่อนนุช เขตสวนหลวง","capacity":200,"tel":["0945652519"],"facilities":["ไฟฟ้า","ประปา","ห้องน้ำ","สื่อสาร","การเดินทาง","จัดการขยะ","สิ่งอำนวยความสะดวกกลุ่มเปราะบาง"]},"geometry":{"type":"Point","coordinates":[100.64097,13.73555]}},{"type":"Feature","properties":{"title":"โรงเรียนสายไหม (ทัศนารมย์อนุสรณ์)","info":["พื้นที่: 284","ผู้ติดต่อ: นางสาวพัชรินทร์ เทพสาร","ตำแหน่ง: ผู้อำนวยการสถานศึกษา"],"district":"สายไหม","address":"19/3 ถ.สายไหม แขวงสายไหม เขตสายไหม","capacity":96,"tel":["062-4914649"],"facilities":["ไฟฟ้า","ประปา","ห้องน้ำ","สื่อสาร","การเดินทาง","จัดการขยะ","สิ่งอำนวยความสะดวกกลุ่มเปราะบาง"]},"geometry":{"type":"Point","coordinates":[100.65983,13.93048]}},{"type":"Feature","properties":{"title":"โรงเรียน วัดหนองใหญ่","info":["พื้นที่: 170","ผู้ติดต่อ: นางปริษา ทองช่างเหล็ก","ตำแหน่ง: ผู้อำนวยการสถานศึกษา"],"district":"สายไหม","address":"1 ถ.สุขาภิบาล 5 แขวงสายไหม เขตสายไหม","capacity":40,"tel":["063-6246235"],"facilities":["ไฟฟ้า","ประปา","ห้องน้ำ","สื่อสาร","การเดินทาง","จัดการขยะ","สิ่งอำนวยความสะดวกกลุ่มเปราะบาง"]},"geometry":{"type":"Point","coordinates":[100.687,13.91857]}},{"type":"Feature","properties":{"title":"โรงเรียนประชา นุกูล (ขำสนิทอนุสรณ์)","info":["พื้นที่: 320","ผู้ติดต่อ: นายนพดล คำพุฒ","ตำแหน่ง: ผู้อำนวยการสถานศึกษา"],"district":"สายไหม","address":"116 ถ.สายไหม แขวงสายไหม เขตสายไหม","capacity":50,"tel":["0870110843"],"facilities":["ไฟฟ้า","ประปา","ห้องน้ำ","สื่อสาร","การเดินทาง","จัดการขยะ","สิ่งอำนวยความสะดวกกลุ่มเปราะบาง"]},"geometry":{"type":"Point","coordinates":[100.63605,13.91926]}},{"type":"Feature","properties":{"title":"โรงเรียนซอย แอนเน็กซ์ (กาญจนาภิเษก 2)","info":["พื้นที่: 144","ผู้ติดต่อ: นางประณัฐธิลักษณ์ จารุวัฒนะ","ตำแหน่ง: ผู้อำนวยการสถานศึกษา"],"district":"สายไหม","address":"745 ชุมชนแอนเน็กซ์ ถ.พหลโยธิน แขวงสายไหม เขตสายไหม","capacity":30,"tel":["0959563591"],"facilities":["ไฟฟ้า","ประปา","ห้องน้ำ","สื่อสาร","การเดินทาง","จัดการขยะ","สิ่งอำนวยความสะดวกกลุ่มเปราะบาง"]},"geometry":{"type":"Point","coordinates":[100.63883,13.93576]}},{"type":"Feature","properties":{"title":"โรงเรียนฤทธิยะวรรณาลัย","info":["พื้นที่: 13352 ตร.ม. (โรงยิมที่ว่าง ขนาด 40ม.*12 ม.)","ผู้ติดต่อ: นางสาวพรณิชา ชาตะพันธุ์","ตำแหน่ง: ผู้อำนวยการสถานศึกษา"],"district":"สายไหม","address":"171/3503 หมู่ 2 ถ.พหลโยธิน แขวงคลองถนน เขตสายไหม","capacity":200,"tel":["0863263771"],"facilities":["ไฟฟ้า","ประปา","ห้องน้ำ","สื่อสาร","การเดินทาง","จัดการขยะ","สิ่งอำนวยความสะดวกกลุ่มเปราะบาง"]},"geometry":{"type":"Point","coordinates":[100.62734,13.9144]}},{"type":"Feature","properties":{"title":"โรงเรียนวัดราษฎร์นิยมธรรม (พิบูลสงคราม)","info":["พื้นที่: 1120","ผู้ติดต่อ: นางสาวศศิธร ชาลีพรหม","ตำแหน่ง: ผู้อำนวยการสถานศึกษา"],"district":"สายไหม","address":"41 หมู่ 5 ถ.พหลโยธิน (ซอยพหลโยธิน 52) แขวงคลองถนน เขตสายไหม","capacity":100,"tel":["0813755346"],"facilities":["ไฟฟ้า","ประปา","ห้องน้ำ","สื่อสาร","การเดินทาง","จัดการขยะ","สิ่งอำนวยความสะดวกกลุ่มเปราะบาง"]},"geometry":{"type":"Point","coordinates":[100.62482,13.88663]}},{"type":"Feature","properties":{"title":"โรงเรียนออเงิน (อ่อนเหมอนุสรณ์)","info":["พื้นที่: 574 ตร.ม.(ห้องเรียนที่ว่างชั้น 5 ขนาด 8*8 ม.)","ผู้ติดต่อ: นางจีระนันท์ เชื้อนาค","ตำแหน่ง: ผู้อำนวยการสถานศึกษา"],"district":"สายไหม","address":"60 ถ.เพิ่มสิน แขวงออเงิน เขตสายไหม","capacity":50,"tel":["087-6830835"],"facilities":["ไฟฟ้า","ประปา","ห้องน้ำ","สื่อสาร","การเดินทาง","จัดการขยะ","สิ่งอำนวยความสะดวกกลุ่มเปราะบาง"]},"geometry":{"type":"Point","coordinates":[100.66558,13.90513]}},{"type":"Feature","properties":{"title":"โรงเรียนพรพระร่วงประสิทธิ์","info":["พื้นที่: 1216","ผู้ติดต่อ: นายรักชัย วงษ์แข","ตำแหน่ง: ผู้บริหารสถานศึกษา"],"district":"สายไหม","address":"110 ถ.สุขาภิบาล 5 ซอย 32 แขวงออเงิน เขตสายไหม","capacity":100,"tel":["0954845087"],"facilities":["ไฟฟ้า","ประปา","ห้องน้ำ","สื่อสาร","การเดินทาง","จัดการขยะ","สิ่งอำนวยความสะดวกกลุ่มเปราะบาง"]},"geometry":{"type":"Point","coordinates":[100.66214,13.88511]}},{"type":"Feature","properties":{"title":"โรงเรียนวัดเกาะสุวรรณาราม","info":["พื้นที่: 768","ผู้ติดต่อ: นางธรา สิรธำรงเลิศ","ตำแหน่ง: ผู้บริหารสถานศึกษา"],"district":"สายไหม","address":"1 แขวงคลองถนน เขตสายไหม","capacity":120,"tel":["0894987085"],"facilities":["ไฟฟ้า","ประปา","ห้องน้ำ","สื่อสาร","การเดินทาง","จัดการขยะ","สิ่งอำนวยความสะดวกกลุ่มเปราะบาง"]},"geometry":{"type":"Point","coordinates":[100.63397,13.90841]}},{"type":"Feature","properties":{"title":"โรงเรียนประชาราษร์บำเพ็ญ","info":["พื้นที่: 18624","ผู้ติดต่อ: นางพัสมณฑ์ รามสูต","ตำแหน่ง: ผู้อำนวยการสถานศึกษา"],"district":"ห้วยขวาง","address":"500 ถ.ประชาราษร์เพ็ญ แขวงสามเสนนอก เขตห้วยขวาง","capacity":90,"tel":["02-2773353"],"facilities":["ไฟฟ้า","ประปา","ห้องน้ำ","สื่อสาร"]},"geometry":{"type":"Point","coordinates":[100.5836,13.77639]}},{"type":"Feature","properties":{"title":"โรงเรียนพระราม 9 กาญจนาภิเษก","info":["พื้นที่: 8004","ผู้ติดต่อ: นางเสียงพิณธ์ ท้าวแพทย์","ตำแหน่ง: ผู้อำนวยการสถานศึกษา"],"district":"ห้วยขวาง","address":"542 ถ.พระราม 9 แขวงบางกะปิ เขตห้วยขวาง","capacity":60,"tel":["02-3193744"],"facilities":["ไฟฟ้า","ประปา","ห้องน้ำ","สื่อสาร"]},"geometry":{"type":"Point","coordinates":[100.59305,13.75952]}},{"type":"Feature","properties":{"title":"โรงเรียนวัดใหม่ช่องลม","info":["พื้นที่: 3172","ผู้ติดต่อ: นายสุรเดช บุญทน","ตำแหน่ง: ผู้อำนวยการสถานศึกษา"],"district":"ห้วยขวาง","address":"2024 ถ.เพชรบุรีตัดใหม่ แขวงบางกะปิ เขตห้วยขวาง","capacity":30,"tel":["02-3144311"],"facilities":["ไฟฟ้า","ประปา","ห้องน้ำ","สื่อสาร"]},"geometry":{"type":"Point","coordinates":[100.5745,13.7478]}}]}